Screenshot,image,Film,Scene #,Timestamp,Seconds,,,,
HARD-00022,"https://digitalscholarship.brynmawr.edu/pta/hard/hard-00022/tiles/full/300,169/0/default.jpg",Hard Eight (1996),1,0.00025463,22,,,,
HARD-00128,"https://digitalscholarship.brynmawr.edu/pta/hard/hard-00128/tiles/full/300,169/0/default.jpg",Hard Eight (1996),1,0.001018519,88,,,,
HARD-00130,"https://digitalscholarship.brynmawr.edu/pta/hard/hard-00130/tiles/full/300,169/0/default.jpg",Hard Eight (1996),1,0.001041667,90,,,,
HARD-00144,"https://digitalscholarship.brynmawr.edu/pta/hard/hard-00144/tiles/full/300,169/0/default.jpg",Hard Eight (1996),1,0.001203704,104,,,,
HARD-00215,"https://digitalscholarship.brynmawr.edu/pta/hard/hard-00213/tiles/full/300,169/0/default.jpg",Hard Eight (1996),1,0.0015625,135,,,,
HARD-00230,"https://digitalscholarship.brynmawr.edu/pta/hard/hard-00230/tiles/full/300,169/0/default.jpg",Hard Eight (1996),1,0.001736111,150,,,,
HARD-00245,"https://digitalscholarship.brynmawr.edu/pta/hard/hard-00245/tiles/full/300,169/0/default.jpg",Hard Eight (1996),1,0.001909722,165,,,,
HARD-00254,"https://digitalscholarship.brynmawr.edu/pta/hard/hard-00254/tiles/full/300,169/0/default.jpg",Hard Eight (1996),1,0.002013889,174,,,,
HARD-00545,"https://digitalscholarship.brynmawr.edu/pta/hard/hard-00545/tiles/full/300,169/0/default.jpg",Hard Eight (1996),1,0.003993056,345,,,,
HARD-00555,"https://digitalscholarship.brynmawr.edu/pta/hard/hard-00555/tiles/full/300,169/0/default.jpg",Hard Eight (1996),1,0.004108796,355,,,,
HARD-00605,"https://digitalscholarship.brynmawr.edu/pta/hard/hard-00605/tiles/full/300,169/0/default.jpg",Hard Eight (1996),1,0.004224537,365,,,,
HARD-00636,"https://digitalscholarship.brynmawr.edu/pta/hard/hard-00636/tiles/full/300,169/0/default.jpg",Hard Eight (1996),1,0.004583333,396,,,,
HARD-00642,"https://digitalscholarship.brynmawr.edu/pta/hard/hard-00642/tiles/full/300,169/0/default.jpg",Hard Eight (1996),1,0.004652778,402,,,,
HARD-00657,"https://digitalscholarship.brynmawr.edu/pta/hard/hard-00657/tiles/full/300,169/0/default.jpg",Hard Eight (1996),1,0.004826389,417,,,,
HARD-00702,"https://digitalscholarship.brynmawr.edu/pta/hard/hard-00702/tiles/full/300,169/0/default.jpg",Hard Eight (1996),1,0.004884259,422,,,,
HARD-00721,"https://digitalscholarship.brynmawr.edu/pta/hard/hard-00721/tiles/full/300,169/0/default.jpg",Hard Eight (1996),1,0.005104167,441,,,,
HARD-00724,"https://digitalscholarship.brynmawr.edu/pta/hard/hard-00724/tiles/full/300,169/0/default.jpg",Hard Eight (1996),1,0.005138889,444,,,,
HARD-00800,"https://digitalscholarship.brynmawr.edu/pta/hard/hard-00800/tiles/full/300,169/0/default.jpg",Hard Eight (1996),1,0.005555556,480,,,,
HARD-00815,"https://digitalscholarship.brynmawr.edu/pta/hard/hard-00815/tiles/full/300,169/0/default.jpg",Hard Eight (1996),1,0.005729167,495,,,,
HARD-00824,"https://digitalscholarship.brynmawr.edu/pta/hard/hard-00824/tiles/full/300,169/0/default.jpg",Hard Eight (1996),1,0.005833333,504,,,,
HARD-00828,"https://digitalscholarship.brynmawr.edu/pta/hard/hard-00828/tiles/full/300,169/0/default.jpg",Hard Eight (1996),1,0.00587963,508,,,,
HARD-00834,"https://digitalscholarship.brynmawr.edu/pta/hard/hard-00834/tiles/full/300,169/0/default.jpg",Hard Eight (1996),1,0.005949074,514,,,,
HARD-00904,"https://digitalscholarship.brynmawr.edu/pta/hard/hard-00904/tiles/full/300,169/0/default.jpg",Hard Eight (1996),2,0.006296296,544,,,,
HARD-00946,"https://digitalscholarship.brynmawr.edu/pta/hard/hard-00946/tiles/full/300,169/0/default.jpg",Hard Eight (1996),2,0.006782407,586,,,,
HARD-01000,"https://digitalscholarship.brynmawr.edu/pta/hard/hard-01000/tiles/full/300,169/0/default.jpg",Hard Eight (1996),2,0.006944444,600,,,,
HARD-01037,"https://digitalscholarship.brynmawr.edu/pta/hard/hard-01037/tiles/full/300,169/0/default.jpg",Hard Eight (1996),2,0.007372685,637,,,,
HARD-01148,"https://digitalscholarship.brynmawr.edu/pta/hard/hard-01148/tiles/full/300,169/0/default.jpg",Hard Eight (1996),2,0.008194444,708,,,,
HARD-01157,"https://digitalscholarship.brynmawr.edu/pta/hard/hard-01157/tiles/full/300,169/0/default.jpg",Hard Eight (1996),2,0.008298611,717,,,,
HARD-01204,"https://digitalscholarship.brynmawr.edu/pta/hard/hard-01204/tiles/full/300,169/0/default.jpg",Hard Eight (1996),2,0.00837963,724,,,,
HARD-01209,"https://digitalscholarship.brynmawr.edu/pta/hard/hard-01209/tiles/full/300,169/0/default.jpg",Hard Eight (1996),2,0.0084375,729,,,,
HARD-01214,"https://digitalscholarship.brynmawr.edu/pta/hard/hard-01214/tiles/full/300,169/0/default.jpg",Hard Eight (1996),2,0.00849537,734,,,,
HARD-01218,"https://digitalscholarship.brynmawr.edu/pta/hard/hard-01218/tiles/full/300,169/0/default.jpg",Hard Eight (1996),2,0.008541667,738,,,,
HARD-01221,"https://digitalscholarship.brynmawr.edu/pta/hard/hard-01221/tiles/full/300,169/0/default.jpg",Hard Eight (1996),2,0.008576389,741,,,,
HARD-01246,"https://digitalscholarship.brynmawr.edu/pta/hard/hard-01246/tiles/full/300,169/0/default.jpg",Hard Eight (1996),2,0.008865741,766,,,,
HARD-01255,"https://digitalscholarship.brynmawr.edu/pta/hard/hard-01255/tiles/full/300,169/0/default.jpg",Hard Eight (1996),2,0.008969907,775,,,,
HARD-01318,"https://digitalscholarship.brynmawr.edu/pta/hard/hard-01318/tiles/full/300,169/0/default.jpg",Hard Eight (1996),2,0.009236111,798,,,,
HARD-01320,"https://digitalscholarship.brynmawr.edu/pta/hard/hard-01320/tiles/full/300,169/0/default.jpg",Hard Eight (1996),2,0.009259259,800,,,,
HARD-01325,"https://digitalscholarship.brynmawr.edu/pta/hard/hard-01325/tiles/full/300,169/0/default.jpg",Hard Eight (1996),2,0.00931713,805,,,,
HARD-01328,"https://digitalscholarship.brynmawr.edu/pta/hard/hard-01328/tiles/full/300,169/0/default.jpg",Hard Eight (1996),2,0.009351852,808,,,,
HARD-01335,"https://digitalscholarship.brynmawr.edu/pta/hard/hard-01335/tiles/full/300,169/0/default.jpg",Hard Eight (1996),2,0.00943287,815,,,,
HARD-01345,"https://digitalscholarship.brynmawr.edu/pta/hard/hard-01345/tiles/full/300,169/0/default.jpg",Hard Eight (1996),2,0.009548611,825,,,,
HARD-01347,"https://digitalscholarship.brynmawr.edu/pta/hard/hard-01347/tiles/full/300,169/0/default.jpg",Hard Eight (1996),2,0.009571759,827,,,,
HARD-01354,"https://digitalscholarship.brynmawr.edu/pta/hard/hard-01354/tiles/full/300,169/0/default.jpg",Hard Eight (1996),2,0.009652778,834,,,,
HARD-01415,"https://digitalscholarship.brynmawr.edu/pta/hard/hard-01415/tiles/full/300,169/0/default.jpg",Hard Eight (1996),2,0.009895833,855,,,,
HARD-01419,"https://digitalscholarship.brynmawr.edu/pta/hard/hard-01419/tiles/full/300,169/0/default.jpg",Hard Eight (1996),2,0.00994213,859,,,,
HARD-01428,"https://digitalscholarship.brynmawr.edu/pta/hard/hard-01428/tiles/full/300,169/0/default.jpg",Hard Eight (1996),2,0.010046296,868,,,,
HARD-01431,"https://digitalscholarship.brynmawr.edu/pta/hard/hard-01431/tiles/full/300,169/0/default.jpg",Hard Eight (1996),2,0.010081019,871,,,,
HARD-01441,"https://digitalscholarship.brynmawr.edu/pta/hard/hard-01441/tiles/full/300,169/0/default.jpg",Hard Eight (1996),2,0.010196759,881,,,,
HARD-01446,"https://digitalscholarship.brynmawr.edu/pta/hard/hard-01446/tiles/full/300,169/0/default.jpg",Hard Eight (1996),2,0.01025463,886,,,,
HARD-01454,"https://digitalscholarship.brynmawr.edu/pta/hard/hard-01454/tiles/full/300,169/0/default.jpg",Hard Eight (1996),2,0.010347222,894,,,,
HARD-01522,"https://digitalscholarship.brynmawr.edu/pta/hard/hard-01522/tiles/full/300,169/0/default.jpg",Hard Eight (1996),2,0.010671296,922,,,,
HARD-01523,"https://digitalscholarship.brynmawr.edu/pta/hard/hard-01523/tiles/full/300,169/0/default.jpg",Hard Eight (1996),2,0.01068287,923,,,,
HARD-01535,"https://digitalscholarship.brynmawr.edu/pta/hard/hard-01535/tiles/full/300,169/0/default.jpg",Hard Eight (1996),2,0.010821759,935,,,,
HARD-01544,"https://digitalscholarship.brynmawr.edu/pta/hard/hard-01544/tiles/full/300,169/0/default.jpg",Hard Eight (1996),2,0.010925926,944,,,,
HARD-01552,"https://digitalscholarship.brynmawr.edu/pta/hard/hard-01552/tiles/full/300,169/0/default.jpg",Hard Eight (1996),2,0.011018519,952,,,,
HARD-01616,"https://digitalscholarship.brynmawr.edu/pta/hard/hard-01616/tiles/full/300,169/0/default.jpg",Hard Eight (1996),2,0.011296296,976,,,,
HARD-01618,"https://digitalscholarship.brynmawr.edu/pta/hard/hard-01618/tiles/full/300,169/0/default.jpg",Hard Eight (1996),2,0.011319444,978,,,,
HARD-01620,"https://digitalscholarship.brynmawr.edu/pta/hard/hard-01620/tiles/full/300,169/0/default.jpg",Hard Eight (1996),2,0.011342593,980,,,,
HARD-01638,"https://digitalscholarship.brynmawr.edu/pta/hard/hard-01638/tiles/full/300,169/0/default.jpg",Hard Eight (1996),2,0.011550926,998,,,,
HARD-01645,"https://digitalscholarship.brynmawr.edu/pta/hard/hard-01645/tiles/full/300,169/0/default.jpg",Hard Eight (1996),2,0.011631944,1005,,,,
HARD-01705,"https://digitalscholarship.brynmawr.edu/pta/hard/hard-01705/tiles/full/300,169/0/default.jpg",Hard Eight (1996),2,0.011863426,1025,,,,
HARD-01706,"https://digitalscholarship.brynmawr.edu/pta/hard/hard-01706/tiles/full/300,169/0/default.jpg",Hard Eight (1996),2,0.011875,1026,,,,
HARD-01709,"https://digitalscholarship.brynmawr.edu/pta/hard/hard-01709/tiles/full/300,169/0/default.jpg",Hard Eight (1996),2,0.011909722,1029,,,,
HARD-01717,"https://digitalscholarship.brynmawr.edu/pta/hard/hard-01717/tiles/full/300,169/0/default.jpg",Hard Eight (1996),2,0.012002315,1037,,,,
HARD-01723,"https://digitalscholarship.brynmawr.edu/pta/hard/hard-01723/tiles/full/300,169/0/default.jpg",Hard Eight (1996),2,0.012071759,1043,,,,
HARD-01740,"https://digitalscholarship.brynmawr.edu/pta/hard/hard-01740/tiles/full/300,169/0/default.jpg",Hard Eight (1996),2,0.012268519,1060,,,,
HARD-01758,"https://digitalscholarship.brynmawr.edu/pta/hard/hard-01758/tiles/full/300,169/0/default.jpg",Hard Eight (1996),2,0.012476852,1078,,,,
HARD-01814,"https://digitalscholarship.brynmawr.edu/pta/hard/hard-01814/tiles/full/300,169/0/default.jpg",Hard Eight (1996),2,0.012662037,1094,,,,
HARD-01824,"https://digitalscholarship.brynmawr.edu/pta/hard/hard-01824/tiles/full/300,169/0/default.jpg",Hard Eight (1996),2,0.012777778,1104,,,,
HARD-01902,"https://digitalscholarship.brynmawr.edu/pta/hard/hard-01902/tiles/full/300,169/0/default.jpg",Hard Eight (1996),2,0.013217593,1142,,,,
HARD-01915,"https://digitalscholarship.brynmawr.edu/pta/hard/hard-01915/tiles/full/300,169/0/default.jpg",Hard Eight (1996),2,0.013368056,1155,,,,
HARD-02008,"https://digitalscholarship.brynmawr.edu/pta/hard/hard-02008/tiles/full/300,169/0/default.jpg",Hard Eight (1996),2,0.013981481,1208,,,,
HARD-02014,"https://digitalscholarship.brynmawr.edu/pta/hard/hard-02014/tiles/full/300,169/0/default.jpg",Hard Eight (1996),2,0.014050926,1214,,,,
HARD-02052,"https://digitalscholarship.brynmawr.edu/pta/hard/hard-02052/tiles/full/300,169/0/default.jpg",Hard Eight (1996),2,0.014490741,1252,,,,
HARD-02104,"https://digitalscholarship.brynmawr.edu/pta/hard/hard-02104/tiles/full/300,169/0/default.jpg",Hard Eight (1996),2,0.01462963,1264,,,,
HARD-02106,"https://digitalscholarship.brynmawr.edu/pta/hard/hard-02106/tiles/full/300,169/0/default.jpg",Hard Eight (1996),2,0.014652778,1266,,,,
HARD-02127,"https://digitalscholarship.brynmawr.edu/pta/hard/hard-02127/tiles/full/300,169/0/default.jpg",Hard Eight (1996),2,0.014895833,1287,,,,
HARD-02133,"https://digitalscholarship.brynmawr.edu/pta/hard/hard-02133/tiles/full/300,169/0/default.jpg",Hard Eight (1996),3,0.014965278,1293,,,,
HARD-02137,"https://digitalscholarship.brynmawr.edu/pta/hard/hard-02137/tiles/full/300,169/0/default.jpg",Hard Eight (1996),3,0.015011574,1297,,,,
HARD-02150,"https://digitalscholarship.brynmawr.edu/pta/hard/hard-02150/tiles/full/300,169/0/default.jpg",Hard Eight (1996),3,0.015162037,1310,,,,
HARD-02214,"https://digitalscholarship.brynmawr.edu/pta/hard/hard-02214/tiles/full/300,169/0/default.jpg",Hard Eight (1996),3,0.015439815,1334,,,,
HARD-02220,"https://digitalscholarship.brynmawr.edu/pta/hard/hard-02220/tiles/full/300,169/0/default.jpg",Hard Eight (1996),3,0.015509259,1340,,,,
HARD-02223,"https://digitalscholarship.brynmawr.edu/pta/hard/hard-02223/tiles/full/300,169/0/default.jpg",Hard Eight (1996),3,0.015543981,1343,,,,
HARD-02235,"https://digitalscholarship.brynmawr.edu/pta/hard/hard-02235/tiles/full/300,169/0/default.jpg",Hard Eight (1996),3,0.01568287,1355,,,,
HARD-02238,"https://digitalscholarship.brynmawr.edu/pta/hard/hard-02238/tiles/full/300,169/0/default.jpg",Hard Eight (1996),3,0.015717593,1358,,,,
HARD-02308,"https://digitalscholarship.brynmawr.edu/pta/hard/hard-02308/tiles/full/300,169/0/default.jpg",Hard Eight (1996),3,0.016064815,1388,,,,
HARD-02315,"https://digitalscholarship.brynmawr.edu/pta/hard/hard-02315/tiles/full/300,169/0/default.jpg",Hard Eight (1996),3,0.016145833,1395,,,,
HARD-02322,"https://digitalscholarship.brynmawr.edu/pta/hard/hard-02322/tiles/full/300,169/0/default.jpg",Hard Eight (1996),3,0.016226852,1402,,,,
HARD-02401,"https://digitalscholarship.brynmawr.edu/pta/hard/hard-02401/tiles/full/300,169/0/default.jpg",Hard Eight (1996),3,0.016678241,1441,,,,
HARD-02409,"https://digitalscholarship.brynmawr.edu/pta/hard/hard-02409/tiles/full/300,169/0/default.jpg",Hard Eight (1996),3,0.016770833,1449,,,,
HARD-02411,"https://digitalscholarship.brynmawr.edu/pta/hard/hard-02411/tiles/full/300,169/0/default.jpg",Hard Eight (1996),3,0.016793981,1451,,,,
HARD-02425,"https://digitalscholarship.brynmawr.edu/pta/hard/hard-02425/tiles/full/300,169/0/default.jpg",Hard Eight (1996),3,0.016956019,1465,,,,
HARD-02429,"https://digitalscholarship.brynmawr.edu/pta/hard/hard-02429/tiles/full/300,169/0/default.jpg",Hard Eight (1996),3,0.017002315,1469,,,,
HARD-02437,"https://digitalscholarship.brynmawr.edu/pta/hard/hard-02437/tiles/full/300,169/0/default.jpg",Hard Eight (1996),3,0.017094907,1477,,,,
HARD-02440,"https://digitalscholarship.brynmawr.edu/pta/hard/hard-02440/tiles/full/300,169/0/default.jpg",Hard Eight (1996),3,0.01712963,1480,,,,
HARD-02459,"https://digitalscholarship.brynmawr.edu/pta/hard/hard-02459/tiles/full/300,169/0/default.jpg",Hard Eight (1996),3,0.017349537,1499,,,,
HARD-02500,"https://digitalscholarship.brynmawr.edu/pta/hard/hard-02500/tiles/full/300,169/0/default.jpg",Hard Eight (1996),3,0.017361111,1500,,,,
HARD-02506,"https://digitalscholarship.brynmawr.edu/pta/hard/hard-02506/tiles/full/300,169/0/default.jpg",Hard Eight (1996),3,0.017430556,1506,,,,
HARD-02539,"https://digitalscholarship.brynmawr.edu/pta/hard/hard-02539/tiles/full/300,169/0/default.jpg",Hard Eight (1996),3,0.0178125,1539,,,,
HARD-02558,"https://digitalscholarship.brynmawr.edu/pta/hard/hard-02558/tiles/full/300,169/0/default.jpg",Hard Eight (1996),3,0.018032407,1558,,,,
HARD-02617,"https://digitalscholarship.brynmawr.edu/pta/hard/hard-02617/tiles/full/300,169/0/default.jpg",Hard Eight (1996),3,0.018252315,1577,,,,
HARD-02638,"https://digitalscholarship.brynmawr.edu/pta/hard/hard-02638/tiles/full/300,169/0/default.jpg",Hard Eight (1996),3,0.01849537,1598,,,,
HARD-02641,"https://digitalscholarship.brynmawr.edu/pta/hard/hard-02641/tiles/full/300,169/0/default.jpg",Hard Eight (1996),3,0.018530093,1601,,,,
HARD-02708,"https://digitalscholarship.brynmawr.edu/pta/hard/hard-02708/tiles/full/300,169/0/default.jpg",Hard Eight (1996),3,0.018842593,1628,,,,
HARD-02717,"https://digitalscholarship.brynmawr.edu/pta/hard/hard-02717/tiles/full/300,169/0/default.jpg",Hard Eight (1996),3,0.018946759,1637,,,,
HARD-02826,"https://digitalscholarship.brynmawr.edu/pta/hard/hard-02826/tiles/full/300,169/0/default.jpg",Hard Eight (1996),3,0.01974537,1706,,,,
HARD-02840,"https://digitalscholarship.brynmawr.edu/pta/hard/hard-02840/tiles/full/300,169/0/default.jpg",Hard Eight (1996),3,0.019907407,1720,,,,
HARD-02845,"https://digitalscholarship.brynmawr.edu/pta/hard/hard-02845/tiles/full/300,169/0/default.jpg",Hard Eight (1996),3,0.019965278,1725,,,,
HARD-02851,"https://digitalscholarship.brynmawr.edu/pta/hard/hard-02851/tiles/full/300,169/0/default.jpg",Hard Eight (1996),3,0.020034722,1731,,,,
HARD-02913,"https://digitalscholarship.brynmawr.edu/pta/hard/hard-02913/tiles/full/300,169/0/default.jpg",Hard Eight (1996),3,0.020289352,1753,,,,
HARD-02941,"https://digitalscholarship.brynmawr.edu/pta/hard/hard-02941/tiles/full/300,169/0/default.jpg",Hard Eight (1996),3,0.020613426,1781,,,,
HARD-03006,"https://digitalscholarship.brynmawr.edu/pta/hard/hard-03006/tiles/full/300,169/0/default.jpg",Hard Eight (1996),3,0.020902778,1806,,,,
HARD-03021,"https://digitalscholarship.brynmawr.edu/pta/hard/hard-03021/tiles/full/300,169/0/default.jpg",Hard Eight (1996),3,0.021076389,1821,,,,
HARD-03032,"https://digitalscholarship.brynmawr.edu/pta/hard/hard-03032/tiles/full/300,169/0/default.jpg",Hard Eight (1996),3,0.021203704,1832,,,,
HARD-03046,"https://digitalscholarship.brynmawr.edu/pta/hard/hard-03046/tiles/full/300,169/0/default.jpg",Hard Eight (1996),3,0.021365741,1846,,,,
HARD-03048,"https://digitalscholarship.brynmawr.edu/pta/hard/hard-03048/tiles/full/300,169/0/default.jpg",Hard Eight (1996),4,0.021388889,1848,,,,
HARD-03101,"https://digitalscholarship.brynmawr.edu/pta/hard/hard-03101/tiles/full/300,169/0/default.jpg",Hard Eight (1996),4,0.021539352,1861,,,,
HARD-03105,"https://digitalscholarship.brynmawr.edu/pta/hard/hard-03105/tiles/full/300,169/0/default.jpg",Hard Eight (1996),4,0.021585648,1865,,,,
HARD-03111,"https://digitalscholarship.brynmawr.edu/pta/hard/hard-03111/tiles/full/300,169/0/default.jpg",Hard Eight (1996),4,0.021655093,1871,,,,
HARD-03117,"https://digitalscholarship.brynmawr.edu/pta/hard/hard-03117/tiles/full/300,169/0/default.jpg",Hard Eight (1996),4,0.021724537,1877,,,,
HARD-03133,"https://digitalscholarship.brynmawr.edu/pta/hard/hard-03133/tiles/full/300,169/0/default.jpg",Hard Eight (1996),4,0.021909722,1893,,,,
HARD-03142,"https://digitalscholarship.brynmawr.edu/pta/hard/hard-03142/tiles/full/300,169/0/default.jpg",Hard Eight (1996),4,0.022013889,1902,,,,
HARD-03150,"https://digitalscholarship.brynmawr.edu/pta/hard/hard-03150/tiles/full/300,169/0/default.jpg",Hard Eight (1996),4,0.022106481,1910,,,,
HARD-03154,"https://digitalscholarship.brynmawr.edu/pta/hard/hard-03154/tiles/full/300,169/0/default.jpg",Hard Eight (1996),4,0.022152778,1914,,,,
HARD-03158,"https://digitalscholarship.brynmawr.edu/pta/hard/hard-03158/tiles/full/300,169/0/default.jpg",Hard Eight (1996),4,0.022199074,1918,,,,
HARD-03202,"https://digitalscholarship.brynmawr.edu/pta/hard/hard-03202/tiles/full/300,169/0/default.jpg",Hard Eight (1996),4,0.02224537,1922,,,,
HARD-03220,"https://digitalscholarship.brynmawr.edu/pta/hard/hard-03220/tiles/full/300,169/0/default.jpg",Hard Eight (1996),4,0.022453704,1940,,,,
HARD-03239,"https://digitalscholarship.brynmawr.edu/pta/hard/hard-03239/tiles/full/300,169/0/default.jpg",Hard Eight (1996),4,0.022673611,1959,,,,
HARD-03358,"https://digitalscholarship.brynmawr.edu/pta/hard/hard-03358/tiles/full/300,169/0/default.jpg",Hard Eight (1996),4,0.023587963,2038,,,,
HARD-03359,"https://digitalscholarship.brynmawr.edu/pta/hard/hard-03359/tiles/full/300,169/0/default.jpg",Hard Eight (1996),4,0.027766204,2399,,,,
HARD-03407,"https://digitalscholarship.brynmawr.edu/pta/hard/hard-03407/tiles/full/300,169/0/default.jpg",Hard Eight (1996),4,0.02369213,2047,,,,
HARD-03412,"https://digitalscholarship.brynmawr.edu/pta/hard/hard-03412/tiles/full/300,169/0/default.jpg",Hard Eight (1996),4,0.02375,2052,,,,
HARD-03500,"https://digitalscholarship.brynmawr.edu/pta/hard/hard-03500/tiles/full/300,169/0/default.jpg",Hard Eight (1996),4,0.024305556,2100,,,,
HARD-03509,"https://digitalscholarship.brynmawr.edu/pta/hard/hard-03509/tiles/full/300,169/0/default.jpg",Hard Eight (1996),4,0.024409722,2109,,,,
HARD-03515,"https://digitalscholarship.brynmawr.edu/pta/hard/hard-03515/tiles/full/300,169/0/default.jpg",Hard Eight (1996),4,0.024479167,2115,,,,
HARD-03526,"https://digitalscholarship.brynmawr.edu/pta/hard/hard-03526/tiles/full/300,169/0/default.jpg",Hard Eight (1996),4,0.024606481,2126,,,,
HARD-03552,"https://digitalscholarship.brynmawr.edu/pta/hard/hard-03552/tiles/full/300,169/0/default.jpg",Hard Eight (1996),4,0.024907407,2152,,,,
HARD-03558,"https://digitalscholarship.brynmawr.edu/pta/hard/hard-03558/tiles/full/300,169/0/default.jpg",Hard Eight (1996),4,0.024976852,2158,,,,
HARD-03602,"https://digitalscholarship.brynmawr.edu/pta/hard/hard-03602/tiles/full/300,169/0/default.jpg",Hard Eight (1996),4,0.025023148,2162,,,,
HARD-03612,"https://digitalscholarship.brynmawr.edu/pta/hard/hard-03612/tiles/full/300,169/0/default.jpg",Hard Eight (1996),4,0.025138889,2172,,,,
HARD-03621,"https://digitalscholarship.brynmawr.edu/pta/hard/hard-03621/tiles/full/300,169/0/default.jpg",Hard Eight (1996),4,0.025243056,2181,,,,
HARD-03627,"https://digitalscholarship.brynmawr.edu/pta/hard/hard-03627/tiles/full/300,169/0/default.jpg",Hard Eight (1996),4,0.0253125,2187,,,,
HARD-03631,"https://digitalscholarship.brynmawr.edu/pta/hard/hard-03631/tiles/full/300,169/0/default.jpg",Hard Eight (1996),4,0.025358796,2191,,,,
HARD-03655,"https://digitalscholarship.brynmawr.edu/pta/hard/hard-03655/tiles/full/300,169/0/default.jpg",Hard Eight (1996),4,0.025636574,2215,,,,
HARD-03712,"https://digitalscholarship.brynmawr.edu/pta/hard/hard-03712/tiles/full/300,169/0/default.jpg",Hard Eight (1996),4,0.025833333,2232,,,,
HARD-03803,"https://digitalscholarship.brynmawr.edu/pta/hard/hard-03803/tiles/full/300,169/0/default.jpg",Hard Eight (1996),4,0.026423611,2283,,,,
HARD-03810,"https://digitalscholarship.brynmawr.edu/pta/hard/hard-03810/tiles/full/300,169/0/default.jpg",Hard Eight (1996),4,0.02650463,2290,,,,
HARD-03813,"https://digitalscholarship.brynmawr.edu/pta/hard/hard-03813/tiles/full/300,169/0/default.jpg",Hard Eight (1996),4,0.026539352,2293,,,,
HARD-03815,"https://digitalscholarship.brynmawr.edu/pta/hard/hard-03815/tiles/full/300,169/0/default.jpg",Hard Eight (1996),4,0.0265625,2295,,,,
HARD-03819,"https://digitalscholarship.brynmawr.edu/pta/hard/hard-03819/tiles/full/300,169/0/default.jpg",Hard Eight (1996),4,0.026608796,2299,,,,
HARD-03831,"https://digitalscholarship.brynmawr.edu/pta/hard/hard-03831/tiles/full/300,169/0/default.jpg",Hard Eight (1996),5,0.026747685,2311,,,,
HARD-03835,"https://digitalscholarship.brynmawr.edu/pta/hard/hard-03835/tiles/full/300,169/0/default.jpg",Hard Eight (1996),5,0.026793981,2315,,,,
HARD-03847,"https://digitalscholarship.brynmawr.edu/pta/hard/hard-03847/tiles/full/300,169/0/default.jpg",Hard Eight (1996),5,0.02693287,2327,,,,
HARD-03849,"https://digitalscholarship.brynmawr.edu/pta/hard/hard-03849/tiles/full/300,169/0/default.jpg",Hard Eight (1996),5,0.026956019,2329,,,,
HARD-03859,"https://digitalscholarship.brynmawr.edu/pta/hard/hard-03859/tiles/full/300,169/0/default.jpg",Hard Eight (1996),5,0.027071759,2339,,,,
HARD-03938,"https://digitalscholarship.brynmawr.edu/pta/hard/hard-03938/tiles/full/300,169/0/default.jpg",Hard Eight (1996),5,0.027523148,2378,,,,
HARD-03942,"https://digitalscholarship.brynmawr.edu/pta/hard/hard-03942/tiles/full/300,169/0/default.jpg",Hard Eight (1996),5,0.027569444,2382,,,,
HARD-04002,"https://digitalscholarship.brynmawr.edu/pta/hard/hard-04002/tiles/full/300,169/0/default.jpg",Hard Eight (1996),5,0.027800926,2402,,,,
HARD-04025,"https://digitalscholarship.brynmawr.edu/pta/hard/hard-04025/tiles/full/300,169/0/default.jpg",Hard Eight (1996),5,0.02806713,2425,,,,
HARD-04108,"https://digitalscholarship.brynmawr.edu/pta/hard/hard-04108/tiles/full/300,169/0/default.jpg",Hard Eight (1996),5,0.028564815,2468,,,,
HARD-04239,"https://digitalscholarship.brynmawr.edu/pta/hard/hard-04239/tiles/full/300,169/0/default.jpg",Hard Eight (1996),5,0.029618056,2559,,,,
HARD-04257,"https://digitalscholarship.brynmawr.edu/pta/hard/hard-04257/tiles/full/300,169/0/default.jpg",Hard Eight (1996),5,0.029826389,2577,,,,
HARD-04304,"https://digitalscholarship.brynmawr.edu/pta/hard/hard-04304/tiles/full/300,169/0/default.jpg",Hard Eight (1996),5,0.029907407,2584,,,,
HARD-04319,"https://digitalscholarship.brynmawr.edu/pta/hard/hard-04319/tiles/full/300,169/0/default.jpg",Hard Eight (1996),5,0.030081019,2599,,,,
HARD-04321,"https://digitalscholarship.brynmawr.edu/pta/hard/hard-04321/tiles/full/300,169/0/default.jpg",Hard Eight (1996),5,0.030104167,2601,,,,
HARD-04335,"https://digitalscholarship.brynmawr.edu/pta/hard/hard-04335/tiles/full/300,169/0/default.jpg",Hard Eight (1996),5,0.030266204,2615,,,,
HARD-04340,"https://digitalscholarship.brynmawr.edu/pta/hard/hard-04340/tiles/full/300,169/0/default.jpg",Hard Eight (1996),5,0.030324074,2620,,,,
HARD-04358,"https://digitalscholarship.brynmawr.edu/pta/hard/hard-04358/tiles/full/300,169/0/default.jpg",Hard Eight (1996),5,0.030532407,2638,,,,
HARD-04410,"https://digitalscholarship.brynmawr.edu/pta/hard/hard-04410/tiles/full/300,169/0/default.jpg",Hard Eight (1996),5,0.030671296,2650,,,,
HARD-04419,"https://digitalscholarship.brynmawr.edu/pta/hard/hard-04419/tiles/full/300,169/0/default.jpg",Hard Eight (1996),5,0.030775463,2659,,,,
HARD-04438,"https://digitalscholarship.brynmawr.edu/pta/hard/hard-04438/tiles/full/300,169/0/default.jpg",Hard Eight (1996),5,0.03099537,2678,,,,
HARD-04444,"https://digitalscholarship.brynmawr.edu/pta/hard/hard-04444/tiles/full/300,169/0/default.jpg",Hard Eight (1996),5,0.031064815,2684,,,,
HARD-04445,"https://digitalscholarship.brynmawr.edu/pta/hard/hard-04445/tiles/full/300,169/0/default.jpg",Hard Eight (1996),5,0.031076389,2685,,,,
HARD-04449,"https://digitalscholarship.brynmawr.edu/pta/hard/hard-04449/tiles/full/300,169/0/default.jpg",Hard Eight (1996),5,0.031122685,2689,,,,
HARD-04508,"https://digitalscholarship.brynmawr.edu/pta/hard/hard-04508/tiles/full/300,169/0/default.jpg",Hard Eight (1996),5,0.031342593,2708,,,,
HARD-04520,"https://digitalscholarship.brynmawr.edu/pta/hard/hard-04520/tiles/full/300,169/0/default.jpg",Hard Eight (1996),5,0.031481481,2720,,,,
HARD-04525,"https://digitalscholarship.brynmawr.edu/pta/hard/hard-04525/tiles/full/300,169/0/default.jpg",Hard Eight (1996),5,0.031539352,2725,,,,
HARD-04538,"https://digitalscholarship.brynmawr.edu/pta/hard/hard-04538/tiles/full/300,169/0/default.jpg",Hard Eight (1996),5,0.031689815,2738,,,,
HARD-04549,"https://digitalscholarship.brynmawr.edu/pta/hard/hard-04549/tiles/full/300,169/0/default.jpg",Hard Eight (1996),5,0.03181713,2749,,,,
HARD-04558,"https://digitalscholarship.brynmawr.edu/pta/hard/hard-04558/tiles/full/300,169/0/default.jpg",Hard Eight (1996),5,0.031921296,2758,,,,
HARD-04600,"https://digitalscholarship.brynmawr.edu/pta/hard/hard-04600/tiles/full/300,169/0/default.jpg",Hard Eight (1996),5,0.031944444,2760,,,,
HARD-04602,"https://digitalscholarship.brynmawr.edu/pta/hard/hard-04602/tiles/full/300,169/0/default.jpg",Hard Eight (1996),5,0.031967593,2762,,,,
HARD-04603,"https://digitalscholarship.brynmawr.edu/pta/hard/hard-04603/tiles/full/300,169/0/default.jpg",Hard Eight (1996),5,0.031979167,2763,,,,
HARD-04611,"https://digitalscholarship.brynmawr.edu/pta/hard/hard-04611/tiles/full/300,169/0/default.jpg",Hard Eight (1996),5,0.032071759,2771,,,,
HARD-04625,"https://digitalscholarship.brynmawr.edu/pta/hard/hard-04625/tiles/full/300,169/0/default.jpg",Hard Eight (1996),5,0.032233796,2785,,,,
HARD-04631,"https://digitalscholarship.brynmawr.edu/pta/hard/hard-04631/tiles/full/300,169/0/default.jpg",Hard Eight (1996),5,0.032303241,2791,,,,
HARD-04645,"https://digitalscholarship.brynmawr.edu/pta/hard/hard-04645/tiles/full/300,169/0/default.jpg",Hard Eight (1996),6,0.032465278,2805,,,,
HARD-04717,"https://digitalscholarship.brynmawr.edu/pta/hard/hard-04717/tiles/full/300,169/0/default.jpg",Hard Eight (1996),6,0.032835648,2837,,,,
HARD-04735,"https://digitalscholarship.brynmawr.edu/pta/hard/hard-04735/tiles/full/300,169/0/default.jpg",Hard Eight (1996),6,0.033043981,2855,,,,
HARD-04752,"https://digitalscholarship.brynmawr.edu/pta/hard/hard-04752/tiles/full/300,169/0/default.jpg",Hard Eight (1996),6,0.033240741,2872,,,,
HARD-04800,"https://digitalscholarship.brynmawr.edu/pta/hard/hard-04800/tiles/full/300,169/0/default.jpg",Hard Eight (1996),6,0.033333333,2880,,,,
HARD-04842,"https://digitalscholarship.brynmawr.edu/pta/hard/hard-04824/tiles/full/300,169/0/default.jpg",Hard Eight (1996),6,0.033819444,2922,,,,
HARD-04929,"https://digitalscholarship.brynmawr.edu/pta/hard/hard-04929/tiles/full/300,169/0/default.jpg",Hard Eight (1996),6,0.034363426,2969,,,,
HARD-04938,"https://digitalscholarship.brynmawr.edu/pta/hard/hard-04938/tiles/full/300,169/0/default.jpg",Hard Eight (1996),6,0.034467593,2978,,,,
HARD-05059,"https://digitalscholarship.brynmawr.edu/pta/hard/hard-05059/tiles/full/300,169/0/default.jpg",Hard Eight (1996),6,0.035405093,3059,,,,
HARD-05131,"https://digitalscholarship.brynmawr.edu/pta/hard/hard-05131/tiles/full/300,169/0/default.jpg",Hard Eight (1996),6,0.035775463,3091,,,,
HARD-05139,"https://digitalscholarship.brynmawr.edu/pta/hard/hard-05139/tiles/full/300,169/0/default.jpg",Hard Eight (1996),6,0.035868056,3099,,,,
HARD-05155,"https://digitalscholarship.brynmawr.edu/pta/hard/hard-05155/tiles/full/300,169/0/default.jpg",Hard Eight (1996),6,0.036053241,3115,,,,
HARD-05221,"https://digitalscholarship.brynmawr.edu/pta/hard/hard-05221/tiles/full/300,169/0/default.jpg",Hard Eight (1996),6,0.036354167,3141,,,,
HARD-05232,"https://digitalscholarship.brynmawr.edu/pta/hard/hard-05232/tiles/full/300,169/0/default.jpg",Hard Eight (1996),6,0.036481481,3152,,,,
HARD-05241,"https://digitalscholarship.brynmawr.edu/pta/hard/hard-05241/tiles/full/300,169/0/default.jpg",Hard Eight (1996),6,0.036585648,3161,,,,
HARD-05259,"https://digitalscholarship.brynmawr.edu/pta/hard/hard-05259/tiles/full/300,169/0/default.jpg",Hard Eight (1996),6,0.036793981,3179,,,,
HARD-05347,"https://digitalscholarship.brynmawr.edu/pta/hard/hard-05347/tiles/full/300,169/0/default.jpg",Hard Eight (1996),6,0.037349537,3227,,,,
HARD-05355,"https://digitalscholarship.brynmawr.edu/pta/hard/hard-05355/tiles/full/300,169/0/default.jpg",Hard Eight (1996),6,0.03744213,3235,,,,
HARD-05434,"https://digitalscholarship.brynmawr.edu/pta/hard/hard-05434/tiles/full/300,169/0/default.jpg",Hard Eight (1996),6,0.037893519,3274,,,,
HARD-05457,"https://digitalscholarship.brynmawr.edu/pta/hard/hard-05457/tiles/full/300,169/0/default.jpg",Hard Eight (1996),6,0.038159722,3297,,,,
HARD-05502,"https://digitalscholarship.brynmawr.edu/pta/hard/hard-05502/tiles/full/300,169/0/default.jpg",Hard Eight (1996),6,0.038217593,3302,,,,
HARD-05557,"https://digitalscholarship.brynmawr.edu/pta/hard/hard-05557/tiles/full/300,169/0/default.jpg",Hard Eight (1996),6,0.038854167,3357,,,,
HARD-05602,"https://digitalscholarship.brynmawr.edu/pta/hard/hard-05602/tiles/full/300,169/0/default.jpg",Hard Eight (1996),6,0.038912037,3362,,,,
HARD-05615,"https://digitalscholarship.brynmawr.edu/pta/hard/hard-05615/tiles/full/300,169/0/default.jpg",Hard Eight (1996),6,0.0390625,3375,,,,
HARD-05619,"https://digitalscholarship.brynmawr.edu/pta/hard/hard-05619/tiles/full/300,169/0/default.jpg",Hard Eight (1996),6,0.039108796,3379,,,,
HARD-05635,"https://digitalscholarship.brynmawr.edu/pta/hard/hard-05635/tiles/full/300,169/0/default.jpg",Hard Eight (1996),6,0.039293981,3395,,,,
HARD-05636,"https://digitalscholarship.brynmawr.edu/pta/hard/hard-05636/tiles/full/300,169/0/default.jpg",Hard Eight (1996),6,0.039305556,3396,,,,
HARD-05637,"https://digitalscholarship.brynmawr.edu/pta/hard/hard-05637/tiles/full/300,169/0/default.jpg",Hard Eight (1996),6,0.03931713,3397,,,,
HARD-05642,"https://digitalscholarship.brynmawr.edu/pta/hard/hard-05642/tiles/full/300,169/0/default.jpg",Hard Eight (1996),6,0.039375,3402,,,,
HARD-05648,"https://digitalscholarship.brynmawr.edu/pta/hard/hard-05648/tiles/full/300,169/0/default.jpg",Hard Eight (1996),6,0.039444444,3408,,,,
HARD-05658,"https://digitalscholarship.brynmawr.edu/pta/hard/hard-05658/tiles/full/300,169/0/default.jpg",Hard Eight (1996),6,0.039560185,3418,,,,
HARD-05702,"https://digitalscholarship.brynmawr.edu/pta/hard/hard-05702/tiles/full/300,169/0/default.jpg",Hard Eight (1996),6,0.039606481,3422,,,,
HARD-05828,"https://digitalscholarship.brynmawr.edu/pta/hard/hard-05828/tiles/full/300,169/0/default.jpg",Hard Eight (1996),6,0.040601852,3508,,,,
HARD-05843,"https://digitalscholarship.brynmawr.edu/pta/hard/hard-05843/tiles/full/300,169/0/default.jpg",Hard Eight (1996),6,0.040775463,3523,,,,
HARD-05850,"https://digitalscholarship.brynmawr.edu/pta/hard/hard-05850/tiles/full/300,169/0/default.jpg",Hard Eight (1996),6,0.040856481,3530,,,,
HARD-05855,"https://digitalscholarship.brynmawr.edu/pta/hard/hard-05855/tiles/full/300,169/0/default.jpg",Hard Eight (1996),6,0.040914352,3535,,,,
HARD-05919,"https://digitalscholarship.brynmawr.edu/pta/hard/hard-05919/tiles/full/300,169/0/default.jpg",Hard Eight (1996),6,0.04119213,3559,,,,
HARD-10012,"https://digitalscholarship.brynmawr.edu/pta/hard/hard-10012/tiles/full/300,169/0/default.jpg",Hard Eight (1996),6,0.041805556,3612,,,,
HARD-10028,"https://digitalscholarship.brynmawr.edu/pta/hard/hard-10028/tiles/full/300,169/0/default.jpg",Hard Eight (1996),6,0.041990741,3628,,,,
HARD-10029,"https://digitalscholarship.brynmawr.edu/pta/hard/hard-10029/tiles/full/300,169/0/default.jpg",Hard Eight (1996),6,0.042002315,3629,,,,
HARD-10032,"https://digitalscholarship.brynmawr.edu/pta/hard/hard-10032/tiles/full/300,169/0/default.jpg",Hard Eight (1996),6,0.042037037,3632,,,,
HARD-10039,"https://digitalscholarship.brynmawr.edu/pta/hard/hard-10039/tiles/full/300,169/0/default.jpg",Hard Eight (1996),6,0.042118056,3639,,,,
HARD-10058,"https://digitalscholarship.brynmawr.edu/pta/hard/hard-10058/tiles/full/300,169/0/default.jpg",Hard Eight (1996),6,0.042337963,3658,,,,
HARD-10221,"https://digitalscholarship.brynmawr.edu/pta/hard/hard-10221/tiles/full/300,169/0/default.jpg",Hard Eight (1996),6,0.043298611,3741,,,,
HARD-10240,"https://digitalscholarship.brynmawr.edu/pta/hard/hard-10240/tiles/full/300,169/0/default.jpg",Hard Eight (1996),6,0.043518519,3760,,,,
HARD-10245,"https://digitalscholarship.brynmawr.edu/pta/hard/hard-10245/tiles/full/300,169/0/default.jpg",Hard Eight (1996),6,0.043576389,3765,,,,
HARD-10252,"https://digitalscholarship.brynmawr.edu/pta/hard/hard-10252/tiles/full/300,169/0/default.jpg",Hard Eight (1996),6,0.043657407,3772,,,,
HARD-10326,"https://digitalscholarship.brynmawr.edu/pta/hard/hard-10326/tiles/full/300,169/0/default.jpg",Hard Eight (1996),6,0.044050926,3806,,,,
HARD-10330,"https://digitalscholarship.brynmawr.edu/pta/hard/hard-10330/tiles/full/300,169/0/default.jpg",Hard Eight (1996),6,0.044097222,3810,,,,
HARD-10340,"https://digitalscholarship.brynmawr.edu/pta/hard/hard-10340/tiles/full/300,169/0/default.jpg",Hard Eight (1996),6,0.044212963,3820,,,,
HARD-10420,"https://digitalscholarship.brynmawr.edu/pta/hard/hard-10420/tiles/full/300,169/0/default.jpg",Hard Eight (1996),6,0.044675926,3860,,,,
HARD-10433,"https://digitalscholarship.brynmawr.edu/pta/hard/hard-10433/tiles/full/300,169/0/default.jpg",Hard Eight (1996),6,0.044826389,3873,,,,
HARD-10442,"https://digitalscholarship.brynmawr.edu/pta/hard/hard-10442/tiles/full/300,169/0/default.jpg",Hard Eight (1996),6,0.044930556,3882,,,,
HARD-10445,"https://digitalscholarship.brynmawr.edu/pta/hard/hard-10445/tiles/full/300,169/0/default.jpg",Hard Eight (1996),6,0.044965278,3885,,,,
HARD-10620,"https://digitalscholarship.brynmawr.edu/pta/hard/hard-10620/tiles/full/300,169/0/default.jpg",Hard Eight (1996),7,0.046064815,3980,,,,
HARD-10624,"https://digitalscholarship.brynmawr.edu/pta/hard/hard-10624/tiles/full/300,169/0/default.jpg",Hard Eight (1996),7,0.046111111,3984,,,,
HARD-10636,"https://digitalscholarship.brynmawr.edu/pta/hard/hard-10636/tiles/full/300,169/0/default.jpg",Hard Eight (1996),7,0.04625,3996,,,,
HARD-10735,"https://digitalscholarship.brynmawr.edu/pta/hard/hard-10735/tiles/full/300,169/0/default.jpg",Hard Eight (1996),7,0.04693287,4055,,,,
HARD-10801,"https://digitalscholarship.brynmawr.edu/pta/hard/hard-10801/tiles/full/300,169/0/default.jpg",Hard Eight (1996),7,0.047233796,4081,,,,
HARD-10810,"https://digitalscholarship.brynmawr.edu/pta/hard/hard-10810/tiles/full/300,169/0/default.jpg",Hard Eight (1996),7,0.047337963,4090,,,,
HARD-10817,"https://digitalscholarship.brynmawr.edu/pta/hard/hard-10817/tiles/full/300,169/0/default.jpg",Hard Eight (1996),7,0.047418981,4097,,,,
HARD-10823,"https://digitalscholarship.brynmawr.edu/pta/hard/hard-10823/tiles/full/300,169/0/default.jpg",Hard Eight (1996),7,0.047488426,4103,,,,
HARD-10835,"https://digitalscholarship.brynmawr.edu/pta/hard/hard-10835/tiles/full/300,169/0/default.jpg",Hard Eight (1996),7,0.047627315,4115,,,,
HARD-10852,"https://digitalscholarship.brynmawr.edu/pta/hard/hard-10852/tiles/full/300,169/0/default.jpg",Hard Eight (1996),7,0.047824074,4132,,,,
HARD-10859,"https://digitalscholarship.brynmawr.edu/pta/hard/hard-10859/tiles/full/300,169/0/default.jpg",Hard Eight (1996),7,0.047905093,4139,,,,
HARD-10908,"https://digitalscholarship.brynmawr.edu/pta/hard/hard-10908/tiles/full/300,169/0/default.jpg",Hard Eight (1996),7,0.048009259,4148,,,,
HARD-10913,"https://digitalscholarship.brynmawr.edu/pta/hard/hard-10913/tiles/full/300,169/0/default.jpg",Hard Eight (1996),7,0.04806713,4153,,,,
HARD-10916,"https://digitalscholarship.brynmawr.edu/pta/hard/hard-10916/tiles/full/300,169/0/default.jpg",Hard Eight (1996),7,0.048101852,4156,,,,
HARD-10923,"https://digitalscholarship.brynmawr.edu/pta/hard/hard-10923/tiles/full/300,169/0/default.jpg",Hard Eight (1996),7,0.04818287,4163,,,,
HARD-10931,"https://digitalscholarship.brynmawr.edu/pta/hard/hard-10931/tiles/full/300,169/0/default.jpg",Hard Eight (1996),7,0.048275463,4171,,,,
HARD-10933,"https://digitalscholarship.brynmawr.edu/pta/hard/hard-10933/tiles/full/300,169/0/default.jpg",Hard Eight (1996),7,0.048298611,4173,,,,
HARD-10937,"https://digitalscholarship.brynmawr.edu/pta/hard/hard-10937/tiles/full/300,169/0/default.jpg",Hard Eight (1996),7,0.048344907,4177,,,,
HARD-10959,"https://digitalscholarship.brynmawr.edu/pta/hard/hard-10959/tiles/full/300,169/0/default.jpg",Hard Eight (1996),7,0.048599537,4199,,,,
HARD-11028,"https://digitalscholarship.brynmawr.edu/pta/hard/hard-11028/tiles/full/300,169/0/default.jpg",Hard Eight (1996),7,0.048935185,4228,,,,
HARD-11038,"https://digitalscholarship.brynmawr.edu/pta/hard/hard-11038/tiles/full/300,169/0/default.jpg",Hard Eight (1996),7,0.049050926,4238,,,,
HARD-11105,"https://digitalscholarship.brynmawr.edu/pta/hard/hard-11105/tiles/full/300,169/0/default.jpg",Hard Eight (1996),7,0.049363426,4265,,,,
HARD-11121,"https://digitalscholarship.brynmawr.edu/pta/hard/hard-11121/tiles/full/300,169/0/default.jpg",Hard Eight (1996),7,0.049548611,4281,,,,
HARD-11140,"https://digitalscholarship.brynmawr.edu/pta/hard/hard-11140/tiles/full/300,169/0/default.jpg",Hard Eight (1996),7,0.049768519,4300,,,,
HARD-11146,"https://digitalscholarship.brynmawr.edu/pta/hard/hard-11146/tiles/full/300,169/0/default.jpg",Hard Eight (1996),7,0.049837963,4306,,,,
HARD-11152,"https://digitalscholarship.brynmawr.edu/pta/hard/hard-11152/tiles/full/300,169/0/default.jpg",Hard Eight (1996),7,0.049907407,4312,,,,
HARD-11200,"https://digitalscholarship.brynmawr.edu/pta/hard/hard-11200/tiles/full/300,169/0/default.jpg",Hard Eight (1996),7,0.05,4320,,,,
HARD-11201,"https://digitalscholarship.brynmawr.edu/pta/hard/hard-11201/tiles/full/300,169/0/default.jpg",Hard Eight (1996),8,0.050011574,4321,,,,
HARD-11207,"https://digitalscholarship.brynmawr.edu/pta/hard/hard-11207/tiles/full/300,169/0/default.jpg",Hard Eight (1996),8,0.050081019,4327,,,,
HARD-11209,"https://digitalscholarship.brynmawr.edu/pta/hard/hard-11209/tiles/full/300,169/0/default.jpg",Hard Eight (1996),8,0.050104167,4329,,,,
HARD-11230,"https://digitalscholarship.brynmawr.edu/pta/hard/hard-11230/tiles/full/300,169/0/default.jpg",Hard Eight (1996),8,0.050347222,4350,,,,
HARD-11237,"https://digitalscholarship.brynmawr.edu/pta/hard/hard-11237/tiles/full/300,169/0/default.jpg",Hard Eight (1996),8,0.050428241,4357,,,,
HARD-11245,"https://digitalscholarship.brynmawr.edu/pta/hard/hard-11245/tiles/full/300,169/0/default.jpg",Hard Eight (1996),8,0.050520833,4365,,,,
HARD-11319,"https://digitalscholarship.brynmawr.edu/pta/hard/hard-11319/tiles/full/300,169/0/default.jpg",Hard Eight (1996),8,0.050914352,4399,,,,
HARD-11352,"https://digitalscholarship.brynmawr.edu/pta/hard/hard-11352/tiles/full/300,169/0/default.jpg",Hard Eight (1996),8,0.051296296,4432,,,,
HARD-11358,"https://digitalscholarship.brynmawr.edu/pta/hard/hard-11558/tiles/full/300,169/0/default.jpg",Hard Eight (1996),8,0.051365741,4438,,,,
HARD-11647,"https://digitalscholarship.brynmawr.edu/pta/hard/hard-11647/tiles/full/300,169/0/default.jpg",Hard Eight (1996),8,0.053321759,4607,,,,
HARD-11648,"https://digitalscholarship.brynmawr.edu/pta/hard/hard-11648/tiles/full/300,169/0/default.jpg",Hard Eight (1996),8,0.053333333,4608,,,,
HARD-11712,"https://digitalscholarship.brynmawr.edu/pta/hard/hard-11712/tiles/full/300,169/0/default.jpg",Hard Eight (1996),8,0.053611111,4632,,,,
HARD-11719,"https://digitalscholarship.brynmawr.edu/pta/hard/hard-11719/tiles/full/300,169/0/default.jpg",Hard Eight (1996),8,0.05369213,4639,,,,
HARD-11723,"https://digitalscholarship.brynmawr.edu/pta/hard/hard-11723/tiles/full/300,169/0/default.jpg",Hard Eight (1996),8,0.053738426,4643,,,,
HARD-11729,"https://digitalscholarship.brynmawr.edu/pta/hard/hard-11729/tiles/full/300,169/0/default.jpg",Hard Eight (1996),8,0.05380787,4649,,,,
HARD-11739,"https://digitalscholarship.brynmawr.edu/pta/hard/hard-11739/tiles/full/300,169/0/default.jpg",Hard Eight (1996),8,0.053923611,4659,,,,
HARD-11744,"https://digitalscholarship.brynmawr.edu/pta/hard/hard-11744/tiles/full/300,169/0/default.jpg",Hard Eight (1996),8,0.053981481,4664,,,,
HARD-11805,"https://digitalscholarship.brynmawr.edu/pta/hard/hard-11805/tiles/full/300,169/0/default.jpg",Hard Eight (1996),8,0.054224537,4685,,,,
HARD-11806,"https://digitalscholarship.brynmawr.edu/pta/hard/hard-11806/tiles/full/300,169/0/default.jpg",Hard Eight (1996),8,0.054236111,4686,,,,
HARD-11808,"https://digitalscholarship.brynmawr.edu/pta/hard/hard-11808/tiles/full/300,169/0/default.jpg",Hard Eight (1996),8,0.054259259,4688,,,,
HARD-11809,"https://digitalscholarship.brynmawr.edu/pta/hard/hard-11809/tiles/full/300,169/0/default.jpg",Hard Eight (1996),8,0.054270833,4689,,,,
HARD-11818,"https://digitalscholarship.brynmawr.edu/pta/hard/hard-11818/tiles/full/300,169/0/default.jpg",Hard Eight (1996),8,0.054375,4698,,,,
HARD-11859,"https://digitalscholarship.brynmawr.edu/pta/hard/hard-11859/tiles/full/300,169/0/default.jpg",Hard Eight (1996),8,0.054849537,4739,,,,
HARD-11902,"https://digitalscholarship.brynmawr.edu/pta/hard/hard-11902/tiles/full/300,169/0/default.jpg",Hard Eight (1996),8,0.054884259,4742,,,,
HARD-11928,"https://digitalscholarship.brynmawr.edu/pta/hard/hard-11928/tiles/full/300,169/0/default.jpg",Hard Eight (1996),8,0.055185185,4768,,,,
HARD-11934,"https://digitalscholarship.brynmawr.edu/pta/hard/hard-11934/tiles/full/300,169/0/default.jpg",Hard Eight (1996),8,0.05525463,4774,,,,
HARD-11936,"https://digitalscholarship.brynmawr.edu/pta/hard/hard-11936/tiles/full/300,169/0/default.jpg",Hard Eight (1996),8,0.055277778,4776,,,,
HARD-11945,"https://digitalscholarship.brynmawr.edu/pta/hard/hard-11945/tiles/full/300,169/0/default.jpg",Hard Eight (1996),8,0.055381944,4785,,,,
HARD-12000,"https://digitalscholarship.brynmawr.edu/pta/hard/hard-12000/tiles/full/300,169/0/default.jpg",Hard Eight (1996),8,0.055555556,4800,,,,
HARD-12016,"https://digitalscholarship.brynmawr.edu/pta/hard/hard-12016/tiles/full/300,169/0/default.jpg",Hard Eight (1996),8,0.055740741,4816,,,,
HARD-12047,"https://digitalscholarship.brynmawr.edu/pta/hard/hard-12047/tiles/full/300,169/0/default.jpg",Hard Eight (1996),8,0.056099537,4847,,,,
HARD-12054,"https://digitalscholarship.brynmawr.edu/pta/hard/hard-12054/tiles/full/300,169/0/default.jpg",Hard Eight (1996),8,0.056180556,4854,,,,
HARD-12107,"https://digitalscholarship.brynmawr.edu/pta/hard/hard-12107/tiles/full/300,169/0/default.jpg",Hard Eight (1996),8,0.056331019,4867,,,,
HARD-12118,"https://digitalscholarship.brynmawr.edu/pta/hard/hard-12118/tiles/full/300,169/0/default.jpg",Hard Eight (1996),8,0.056458333,4878,,,,
HARD-12215,"https://digitalscholarship.brynmawr.edu/pta/hard/hard-12215/tiles/full/300,169/0/default.jpg",Hard Eight (1996),8,0.057118056,4935,,,,
HARD-12253,"https://digitalscholarship.brynmawr.edu/pta/hard/hard-12253/tiles/full/300,169/0/default.jpg",Hard Eight (1996),8,0.05755787,4973,,,,
HARD-12256,"https://digitalscholarship.brynmawr.edu/pta/hard/hard-12256/tiles/full/300,169/0/default.jpg",Hard Eight (1996),8,0.057592593,4976,,,,
HARD-12345,"https://digitalscholarship.brynmawr.edu/pta/hard/hard-12345/tiles/full/300,169/0/default.jpg",Hard Eight (1996),8,0.058159722,5025,,,,
HARD-12526,"https://digitalscholarship.brynmawr.edu/pta/hard/hard-12526/tiles/full/300,169/0/default.jpg",Hard Eight (1996),8,0.059328704,5126,,,,
HARD-12530,"https://digitalscholarship.brynmawr.edu/pta/hard/hard-12530/tiles/full/300,169/0/default.jpg",Hard Eight (1996),8,0.059375,5130,,,,
HARD-12537,"https://digitalscholarship.brynmawr.edu/pta/hard/hard-12537/tiles/full/300,169/0/default.jpg",Hard Eight (1996),8,0.059456019,5137,,,,
HARD-12548,"https://digitalscholarship.brynmawr.edu/pta/hard/hard-12548/tiles/full/300,169/0/default.jpg",Hard Eight (1996),8,0.059583333,5148,,,,
HARD-12558,"https://digitalscholarship.brynmawr.edu/pta/hard/hard-12558/tiles/full/300,169/0/default.jpg",Hard Eight (1996),8,0.059699074,5158,,,,
HARD-12620,"https://digitalscholarship.brynmawr.edu/pta/hard/hard-12620/tiles/full/300,169/0/default.jpg",Hard Eight (1996),8,0.059953704,5180,,,,
HARD-12629,"https://digitalscholarship.brynmawr.edu/pta/hard/hard-12629/tiles/full/300,169/0/default.jpg",Hard Eight (1996),8,0.06005787,5189,,,,
HARD-12630,"https://digitalscholarship.brynmawr.edu/pta/hard/hard-12630/tiles/full/300,169/0/default.jpg",Hard Eight (1996),8,0.060069444,5190,,,,
HARD-12717,"https://digitalscholarship.brynmawr.edu/pta/hard/hard-12717/tiles/full/300,169/0/default.jpg",Hard Eight (1996),9,0.060613426,5237,,,,
HARD-12925,"https://digitalscholarship.brynmawr.edu/pta/hard/hard-12925/tiles/full/300,169/0/default.jpg",Hard Eight (1996),9,0.062094907,5365,,,,
HARD-12929,"https://digitalscholarship.brynmawr.edu/pta/hard/hard-12929/tiles/full/300,169/0/default.jpg",Hard Eight (1996),9,0.062141204,5369,,,,
HARD-12944,"https://digitalscholarship.brynmawr.edu/pta/hard/hard-12944/tiles/full/300,169/0/default.jpg",Hard Eight (1996),9,0.062314815,5384,,,,
HARD-13001,"https://digitalscholarship.brynmawr.edu/pta/hard/hard-13001/tiles/full/300,169/0/default.jpg",Hard Eight (1996),9,0.062511574,5401,,,,
HARD-13010,"https://digitalscholarship.brynmawr.edu/pta/hard/hard-13010/tiles/full/300,169/0/default.jpg",Hard Eight (1996),9,0.062615741,5410,,,,
HARD-13017,"https://digitalscholarship.brynmawr.edu/pta/hard/hard-13017/tiles/full/300,169/0/default.jpg",Hard Eight (1996),9,0.062696759,5417,,,,
HARD-13024,"https://digitalscholarship.brynmawr.edu/pta/hard/hard-13024/tiles/full/300,169/0/default.jpg",Hard Eight (1996),9,0.062777778,5424,,,,
HARD-13033,"https://digitalscholarship.brynmawr.edu/pta/hard/hard-13033/tiles/full/300,169/0/default.jpg",Hard Eight (1996),9,0.062881944,5433,,,,
HARD-13058,"https://digitalscholarship.brynmawr.edu/pta/hard/hard-13058/tiles/full/300,169/0/default.jpg",Hard Eight (1996),9,0.063171296,5458,,,,
HARD-13125,"https://digitalscholarship.brynmawr.edu/pta/hard/hard-13125/tiles/full/300,169/0/default.jpg",Hard Eight (1996),9,0.063483796,5485,,,,
HARD-13128,"https://digitalscholarship.brynmawr.edu/pta/hard/hard-13128/tiles/full/300,169/0/default.jpg",Hard Eight (1996),9,0.063518519,5488,,,,
HARD-13151,"https://digitalscholarship.brynmawr.edu/pta/hard/hard-13151/tiles/full/300,169/0/default.jpg",Hard Eight (1996),9,0.063784722,5511,,,,
HARD-13200,"https://digitalscholarship.brynmawr.edu/pta/hard/hard-13200/tiles/full/300,169/0/default.jpg",Hard Eight (1996),9,0.063888889,5520,,,,
HARD-13226,"https://digitalscholarship.brynmawr.edu/pta/hard/hard-13226/tiles/full/300,169/0/default.jpg",Hard Eight (1996),9,0.064189815,5546,,,,
HARD-13257,"https://digitalscholarship.brynmawr.edu/pta/hard/hard-13257/tiles/full/300,169/0/default.jpg",Hard Eight (1996),9,0.064548611,5577,,,,
HARD-13308,"https://digitalscholarship.brynmawr.edu/pta/hard/hard-13308/tiles/full/300,169/0/default.jpg",Hard Eight (1996),9,0.064675926,5588,,,,
HARD-13319,"https://digitalscholarship.brynmawr.edu/pta/hard/hard-13319/tiles/full/300,169/0/default.jpg",Hard Eight (1996),9,0.064803241,5599,,,,
HARD-13324,"https://digitalscholarship.brynmawr.edu/pta/hard/hard-13324/tiles/full/300,169/0/default.jpg",Hard Eight (1996),9,0.064861111,5604,,,,
HARD-13327,"https://digitalscholarship.brynmawr.edu/pta/hard/hard-13327/tiles/full/300,169/0/default.jpg",Hard Eight (1996),9,0.064895833,5607,,,,
HARD-13330,"https://digitalscholarship.brynmawr.edu/pta/hard/hard-13330/tiles/full/300,169/0/default.jpg",Hard Eight (1996),9,0.064930556,5610,,,,
HARD-13342,"https://digitalscholarship.brynmawr.edu/pta/hard/hard-13342/tiles/full/300,169/0/default.jpg",Hard Eight (1996),9,0.065069444,5622,,,,
HARD-13348,"https://digitalscholarship.brynmawr.edu/pta/hard/hard-13348/tiles/full/300,169/0/default.jpg",Hard Eight (1996),9,0.065138889,5628,,,,
HARD-13416,"https://digitalscholarship.brynmawr.edu/pta/hard/hard-13416/tiles/full/300,169/0/default.jpg",Hard Eight (1996),9,0.065462963,5656,,,,
HARD-13420,"https://digitalscholarship.brynmawr.edu/pta/hard/hard-13420/tiles/full/300,169/0/default.jpg",Hard Eight (1996),9,0.065509259,5660,,,,
HARD-13423,"https://digitalscholarship.brynmawr.edu/pta/hard/hard-13423/tiles/full/300,169/0/default.jpg",Hard Eight (1996),9,0.065543981,5663,,,,
HARD-13424,"https://digitalscholarship.brynmawr.edu/pta/hard/hard-13424/tiles/full/300,169/0/default.jpg",Hard Eight (1996),9,0.065555556,5664,,,,
HARD-13426,"https://digitalscholarship.brynmawr.edu/pta/hard/hard-13426/tiles/full/300,169/0/default.jpg",Hard Eight (1996),9,0.065578704,5666,,,,
HARD-13434,"https://digitalscholarship.brynmawr.edu/pta/hard/hard-13434/tiles/full/300,169/0/default.jpg",Hard Eight (1996),9,0.065671296,5674,,,,
HARD-13438,"https://digitalscholarship.brynmawr.edu/pta/hard/hard-13438/tiles/full/300,169/0/default.jpg",Hard Eight (1996),9,0.065717593,5678,,,,
HARD-13449,"https://digitalscholarship.brynmawr.edu/pta/hard/hard-13449/tiles/full/300,169/0/default.jpg",Hard Eight (1996),9,0.065844907,5689,,,,
HARD-13505,"https://digitalscholarship.brynmawr.edu/pta/hard/hard-13505/tiles/full/300,169/0/default.jpg",Hard Eight (1996),9,0.066030093,5705,,,,
HARD-13513,"https://digitalscholarship.brynmawr.edu/pta/hard/hard-13513/tiles/full/300,169/0/default.jpg",Hard Eight (1996),9,0.066122685,5713,,,,
HARD-13529,"https://digitalscholarship.brynmawr.edu/pta/hard/hard-13529/tiles/full/300,169/0/default.jpg",Hard Eight (1996),9,0.06630787,5729,,,,
HARD-13539,"https://digitalscholarship.brynmawr.edu/pta/hard/hard-13539/tiles/full/300,169/0/default.jpg",Hard Eight (1996),9,0.066423611,5739,,,,
HARD-13547,"https://digitalscholarship.brynmawr.edu/pta/hard/hard-13547/tiles/full/300,169/0/default.jpg",Hard Eight (1996),9,0.066516204,5747,,,,
HARD-13615,"https://digitalscholarship.brynmawr.edu/pta/hard/hard-13615/tiles/full/300,169/0/default.jpg",Hard Eight (1996),9,0.066840278,5775,,,,
HARD-13630,"https://digitalscholarship.brynmawr.edu/pta/hard/hard-13630/tiles/full/300,169/0/default.jpg",Hard Eight (1996),9,0.067013889,5790,,,,
HARD-13635,"https://digitalscholarship.brynmawr.edu/pta/hard/hard-13635/tiles/full/300,169/0/default.jpg",Hard Eight (1996),9,0.067071759,5795,,,,
HARD-13641,"https://digitalscholarship.brynmawr.edu/pta/hard/hard-13641/tiles/full/300,169/0/default.jpg",Hard Eight (1996),9,0.067141204,5801,,,,
HARD-13657,"https://digitalscholarship.brynmawr.edu/pta/hard/hard-13657/tiles/full/300,169/0/default.jpg",Hard Eight (1996),9,0.067326389,5817,,,,
HARD-13707,"https://digitalscholarship.brynmawr.edu/pta/hard/hard-13707/tiles/full/300,169/0/default.jpg",Hard Eight (1996),9,0.06744213,5827,,,,
HARD-13713,"https://digitalscholarship.brynmawr.edu/pta/hard/hard-13713/tiles/full/300,169/0/default.jpg",Hard Eight (1996),9,0.067511574,5833,,,,
BOOG-00033,"https://digitalscholarship.brynmawr.edu/pta/boog/boog-00033/tiles/full/300,169/0/default.jpg",Boogie Nights (1997),1,0.000381944,33,,,,
BOOG-00059,"https://digitalscholarship.brynmawr.edu/pta/boog/boog-00059/tiles/full/300,169/0/default.jpg",Boogie Nights (1997),1,0.00068287,59,,,,
BOOG-00107,"https://digitalscholarship.brynmawr.edu/pta/boog/boog-00107/tiles/full/300,169/0/default.jpg",Boogie Nights (1997),1,0.000775463,67,,,,
BOOG-00127,"https://digitalscholarship.brynmawr.edu/pta/boog/boog-00127/tiles/full/300,169/0/default.jpg",Boogie Nights (1997),1,0.001006944,87,,,,
BOOG-00148,"https://digitalscholarship.brynmawr.edu/pta/boog/boog-00148/tiles/full/300,169/0/default.jpg",Boogie Nights (1997),1,0.00125,108,,,,
BOOG-00237,"https://digitalscholarship.brynmawr.edu/pta/boog/boog-00237/tiles/full/300,169/0/default.jpg",Boogie Nights (1997),1,0.00181713,157,,,,
BOOG-00325,"https://digitalscholarship.brynmawr.edu/pta/boog/boog-00325/tiles/full/300,169/0/default.jpg",Boogie Nights (1997),1,0.002372685,205,,,,
BOOG-00348,"https://digitalscholarship.brynmawr.edu/pta/boog/boog-00348/tiles/full/300,169/0/default.jpg",Boogie Nights (1997),1,0.002638889,228,,,,
BOOG-00354,"https://digitalscholarship.brynmawr.edu/pta/boog/boog-00354/tiles/full/300,169/0/default.jpg",Boogie Nights (1997),1,0.002708333,234,,,,
BOOG-00359,"https://digitalscholarship.brynmawr.edu/pta/boog/boog-00359/tiles/full/300,169/0/default.jpg",Boogie Nights (1997),1,0.002766204,239,,,,
BOOG-00417,"https://digitalscholarship.brynmawr.edu/pta/boog/boog-00417/tiles/full/300,169/0/default.jpg",Boogie Nights (1997),1,0.002974537,257,,,,
BOOG-00434,"https://digitalscholarship.brynmawr.edu/pta/boog/boog-00434/tiles/full/300,169/0/default.jpg",Boogie Nights (1997),1,0.003171296,274,,,,
BOOG-00502,"https://digitalscholarship.brynmawr.edu/pta/boog/boog-00502/tiles/full/300,169/0/default.jpg",Boogie Nights (1997),2,0.00349537,302,,,,
BOOG-00506,"https://digitalscholarship.brynmawr.edu/pta/boog/boog-00506/tiles/full/300,169/0/default.jpg",Boogie Nights (1997),2,0.003541667,306,,,,
BOOG-00520,"https://digitalscholarship.brynmawr.edu/pta/boog/boog-00520/tiles/full/300,169/0/default.jpg",Boogie Nights (1997),2,0.003703704,320,,,,
BOOG-00522,"https://digitalscholarship.brynmawr.edu/pta/boog/boog-00522/tiles/full/300,169/0/default.jpg",Boogie Nights (1997),2,0.003726852,322,,,,
BOOG-00633,"https://digitalscholarship.brynmawr.edu/pta/boog/boog-00633/tiles/full/300,169/0/default.jpg",Boogie Nights (1997),2,0.004548611,393,,,,
BOOG-00747,"https://digitalscholarship.brynmawr.edu/pta/boog/boog-00747/tiles/full/300,169/0/default.jpg",Boogie Nights (1997),2,0.005405093,467,,,,
BOOG-00757,"https://digitalscholarship.brynmawr.edu/pta/boog/boog-00757/tiles/full/300,169/0/default.jpg",Boogie Nights (1997),2,0.005520833,477,,,,
BOOG-00809,"https://digitalscholarship.brynmawr.edu/pta/boog/boog-00809/tiles/full/300,169/0/default.jpg",Boogie Nights (1997),2,0.005659722,489,,,,
BOOG-00818,"https://digitalscholarship.brynmawr.edu/pta/boog/boog-00818/tiles/full/300,169/0/default.jpg",Boogie Nights (1997),3,0.005763889,498,,,,
BOOG-00824,"https://digitalscholarship.brynmawr.edu/pta/boog/boog-00824/tiles/full/300,169/0/default.jpg",Boogie Nights (1997),3,0.005833333,504,,,,
BOOG-00837,"https://digitalscholarship.brynmawr.edu/pta/boog/boog-00837/tiles/full/300,169/0/default.jpg",Boogie Nights (1997),3,0.005983796,517,,,,
BOOG-00854,"https://digitalscholarship.brynmawr.edu/pta/boog/boog-00854/tiles/full/300,169/0/default.jpg",Boogie Nights (1997),3,0.006180556,534,,,,
BOOG-00858,"https://digitalscholarship.brynmawr.edu/pta/boog/boog-00858/tiles/full/300,169/0/default.jpg",Boogie Nights (1997),3,0.006226852,538,,,,
BOOG-00859,"https://digitalscholarship.brynmawr.edu/pta/boog/boog-00859/tiles/full/300,169/0/default.jpg",Boogie Nights (1997),3,0.006238426,539,,,,
BOOG-00900,"https://digitalscholarship.brynmawr.edu/pta/boog/boog-00900/tiles/full/300,169/0/default.jpg",Boogie Nights (1997),3,0.00625,540,,,,
BOOG-00901,"https://digitalscholarship.brynmawr.edu/pta/boog/boog-00901/tiles/full/300,169/0/default.jpg",Boogie Nights (1997),3,0.006261574,541,,,,
BOOG-00907,"https://digitalscholarship.brynmawr.edu/pta/boog/boog-00907/tiles/full/300,169/0/default.jpg",Boogie Nights (1997),3,0.006331019,547,,,,
BOOG-00950,"https://digitalscholarship.brynmawr.edu/pta/boog/boog-00950/tiles/full/300,169/0/default.jpg",Boogie Nights (1997),3,0.006828704,590,,,,
BOOG-01039,"https://digitalscholarship.brynmawr.edu/pta/boog/boog-01039/tiles/full/300,169/0/default.jpg",Boogie Nights (1997),3,0.007395833,639,,,,
BOOG-01043,"https://digitalscholarship.brynmawr.edu/pta/boog/boog-01043/tiles/full/300,169/0/default.jpg",Boogie Nights (1997),3,0.00744213,643,,,,
BOOG-01111,"https://digitalscholarship.brynmawr.edu/pta/boog/boog-01111/tiles/full/300,169/0/default.jpg",Boogie Nights (1997),3,0.007766204,671,,,,
BOOG-01134,"https://digitalscholarship.brynmawr.edu/pta/boog/boog-01134/tiles/full/300,169/0/default.jpg",Boogie Nights (1997),3,0.008032407,694,,,,
BOOG-01203,"https://digitalscholarship.brynmawr.edu/pta/boog/boog-01203/tiles/full/300,169/0/default.jpg",Boogie Nights (1997),3,0.008368056,723,,,,
BOOG-01231,"https://digitalscholarship.brynmawr.edu/pta/boog/boog-01231/tiles/full/300,169/0/default.jpg",Boogie Nights (1997),3,0.00869213,751,,,,
BOOG-01247,"https://digitalscholarship.brynmawr.edu/pta/boog/boog-01247/tiles/full/300,169/0/default.jpg",Boogie Nights (1997),4,0.008877315,767,,,,
BOOG-01248,"https://digitalscholarship.brynmawr.edu/pta/boog/boog-01248/tiles/full/300,169/0/default.jpg",Boogie Nights (1997),4,0.008888889,768,,,,
BOOG-01249,"https://digitalscholarship.brynmawr.edu/pta/boog/boog-01249/tiles/full/300,169/0/default.jpg",Boogie Nights (1997),4,0.008900463,769,,,,
BOOG-01251,"https://digitalscholarship.brynmawr.edu/pta/boog/boog-01251/tiles/full/300,169/0/default.jpg",Boogie Nights (1997),4,0.008923611,771,,,,
BOOG-01304,"https://digitalscholarship.brynmawr.edu/pta/boog/boog-01304/tiles/full/300,169/0/default.jpg",Boogie Nights (1997),4,0.009074074,784,,,,
BOOG-01314,"https://digitalscholarship.brynmawr.edu/pta/boog/boog-01314/tiles/full/300,169/0/default.jpg",Boogie Nights (1997),4,0.009189815,794,,,,
BOOG-01336,"https://digitalscholarship.brynmawr.edu/pta/boog/boog-01336/tiles/full/300,169/0/default.jpg",Boogie Nights (1997),4,0.009444444,816,,,,
BOOG-01410,"https://digitalscholarship.brynmawr.edu/pta/boog/boog-01410/tiles/full/300,169/0/default.jpg",Boogie Nights (1997),4,0.009837963,850,,,,
BOOG-01413,"https://digitalscholarship.brynmawr.edu/pta/boog/boog-01413/tiles/full/300,169/0/default.jpg",Boogie Nights (1997),4,0.009872685,853,,,,
BOOG-01414,"https://digitalscholarship.brynmawr.edu/pta/boog/boog-01414/tiles/full/300,169/0/default.jpg",Boogie Nights (1997),4,0.009884259,854,,,,
BOOG-01416,"https://digitalscholarship.brynmawr.edu/pta/boog/boog-01416/tiles/full/300,169/0/default.jpg",Boogie Nights (1997),4,0.009907407,856,,,,
BOOG-01427,"https://digitalscholarship.brynmawr.edu/pta/boog/boog-01427/tiles/full/300,169/0/default.jpg",Boogie Nights (1997),4,0.010034722,867,,,,
BOOG-01435,"https://digitalscholarship.brynmawr.edu/pta/boog/boog-01435/tiles/full/300,169/0/default.jpg",Boogie Nights (1997),4,0.010127315,875,,,,
BOOG-01451,"https://digitalscholarship.brynmawr.edu/pta/boog/boog-01451/tiles/full/300,169/0/default.jpg",Boogie Nights (1997),4,0.0103125,891,,,,
BOOG-01531,"https://digitalscholarship.brynmawr.edu/pta/boog/boog-01531/tiles/full/300,169/0/default.jpg",Boogie Nights (1997),4,0.010775463,931,,,,
BOOG-01554,"https://digitalscholarship.brynmawr.edu/pta/boog/boog-01554/tiles/full/300,169/0/default.jpg",Boogie Nights (1997),4,0.011041667,954,,,,
BOOG-01606,"https://digitalscholarship.brynmawr.edu/pta/boog/boog-01606/tiles/full/300,169/0/default.jpg",Boogie Nights (1997),4,0.011180556,966,,,,
BOOG-01609,"https://digitalscholarship.brynmawr.edu/pta/boog/boog-01609/tiles/full/300,169/0/default.jpg",Boogie Nights (1997),4,0.011215278,969,,,,
BOOG-01633,"https://digitalscholarship.brynmawr.edu/pta/boog/boog-01633/tiles/full/300,169/0/default.jpg",Boogie Nights (1997),4,0.011493056,993,,,,
BOOG-01636,"https://digitalscholarship.brynmawr.edu/pta/boog/boog-01636/tiles/full/300,169/0/default.jpg",Boogie Nights (1997),4,0.011527778,996,,,,
BOOG-01638,"https://digitalscholarship.brynmawr.edu/pta/boog/boog-01638/tiles/full/300,169/0/default.jpg",Boogie Nights (1997),4,0.011550926,998,,,,
BOOG-01656,"https://digitalscholarship.brynmawr.edu/pta/boog/boog-01656/tiles/full/300,169/0/default.jpg",Boogie Nights (1997),4,0.011759259,1016,,,,
BOOG-01720,"https://digitalscholarship.brynmawr.edu/pta/boog/boog-01720/tiles/full/300,169/0/default.jpg",Boogie Nights (1997),4,0.012037037,1040,,,,
BOOG-01723,"https://digitalscholarship.brynmawr.edu/pta/boog/boog-01723/tiles/full/300,169/0/default.jpg",Boogie Nights (1997),4,0.012071759,1043,,,,
BOOG-01748,"https://digitalscholarship.brynmawr.edu/pta/boog/boog-01748/tiles/full/300,169/0/default.jpg",Boogie Nights (1997),4,0.012361111,1068,,,,
BOOG-01753,"https://digitalscholarship.brynmawr.edu/pta/boog/boog-01753/tiles/full/300,169/0/default.jpg",Boogie Nights (1997),5,0.012418981,1073,,,,
BOOG-01755,"https://digitalscholarship.brynmawr.edu/pta/boog/boog-01755/tiles/full/300,169/0/default.jpg",Boogie Nights (1997),5,0.01244213,1075,,,,
BOOG-01757,"https://digitalscholarship.brynmawr.edu/pta/boog/boog-01757/tiles/full/300,169/0/default.jpg",Boogie Nights (1997),5,0.012465278,1077,,,,
BOOG-01812,"https://digitalscholarship.brynmawr.edu/pta/boog/boog-01812/tiles/full/300,169/0/default.jpg",Boogie Nights (1997),5,0.012638889,1092,,,,
BOOG-01821,"https://digitalscholarship.brynmawr.edu/pta/boog/boog-01821/tiles/full/300,169/0/default.jpg",Boogie Nights (1997),5,0.012743056,1101,,,,
BOOG-01824,"https://digitalscholarship.brynmawr.edu/pta/boog/boog-01824/tiles/full/300,169/0/default.jpg",Boogie Nights (1997),5,0.012777778,1104,,,,
BOOG-01902,"https://digitalscholarship.brynmawr.edu/pta/boog/boog-01902/tiles/full/300,169/0/default.jpg",Boogie Nights (1997),5,0.013217593,1142,,,,
BOOG-01928,"https://digitalscholarship.brynmawr.edu/pta/boog/boog-01928/tiles/full/300,169/0/default.jpg",Boogie Nights (1997),5,0.013518519,1168,,,,
BOOG-01939,"https://digitalscholarship.brynmawr.edu/pta/boog/boog-01939/tiles/full/300,169/0/default.jpg",Boogie Nights (1997),5,0.013645833,1179,,,,
BOOG-01946,"https://digitalscholarship.brynmawr.edu/pta/boog/boog-01946/tiles/full/300,169/0/default.jpg",Boogie Nights (1997),5,0.013726852,1186,,,,
BOOG-01953,"https://digitalscholarship.brynmawr.edu/pta/boog/boog-01953/tiles/full/300,169/0/default.jpg",Boogie Nights (1997),5,0.01380787,1193,,,,
BOOG-02006,"https://digitalscholarship.brynmawr.edu/pta/boog/boog-02006/tiles/full/300,169/0/default.jpg",Boogie Nights (1997),5,0.013958333,1206,,,,
BOOG-02014,"https://digitalscholarship.brynmawr.edu/pta/boog/boog-02014/tiles/full/300,169/0/default.jpg",Boogie Nights (1997),5,0.014050926,1214,,,,
BOOG-02025,"https://digitalscholarship.brynmawr.edu/pta/boog/boog-02025/tiles/full/300,169/0/default.jpg",Boogie Nights (1997),5,0.014178241,1225,,,,
BOOG-02041,"https://digitalscholarship.brynmawr.edu/pta/boog/boog-02041/tiles/full/300,169/0/default.jpg",Boogie Nights (1997),5,0.014363426,1241,,,,
BOOG-02109,"https://digitalscholarship.brynmawr.edu/pta/boog/boog-02109/tiles/full/300,169/0/default.jpg",Boogie Nights (1997),5,0.0146875,1269,,,,
BOOG-02139,"https://digitalscholarship.brynmawr.edu/pta/boog/boog-02139/tiles/full/300,169/0/default.jpg",Boogie Nights (1997),5,0.015034722,1299,,,,
BOOG-02209,"https://digitalscholarship.brynmawr.edu/pta/boog/boog-02209/tiles/full/300,169/0/default.jpg",Boogie Nights (1997),5,0.015381944,1329,,,,
BOOG-02232,"https://digitalscholarship.brynmawr.edu/pta/boog/boog-02232/tiles/full/300,169/0/default.jpg",Boogie Nights (1997),5,0.015648148,1352,,,,
BOOG-02321,"https://digitalscholarship.brynmawr.edu/pta/boog/boog-02321/tiles/full/300,169/0/default.jpg",Boogie Nights (1997),5,0.016215278,1401,,,,
BOOG-02335,"https://digitalscholarship.brynmawr.edu/pta/boog/boog-02335/tiles/full/300,169/0/default.jpg",Boogie Nights (1997),5,0.016377315,1415,,,,
BOOG-02502,"https://digitalscholarship.brynmawr.edu/pta/boog/boog-02502/tiles/full/300,169/0/default.jpg",Boogie Nights (1997),5,0.017384259,1502,,,,
BOOG-02505,"https://digitalscholarship.brynmawr.edu/pta/boog/boog-02505/tiles/full/300,169/0/default.jpg",Boogie Nights (1997),5,0.017418981,1505,,,,
BOOG-02510,"https://digitalscholarship.brynmawr.edu/pta/boog/boog-02510/tiles/full/300,169/0/default.jpg",Boogie Nights (1997),5,0.017476852,1510,,,,
BOOG-02526,"https://digitalscholarship.brynmawr.edu/pta/boog/boog-02526/tiles/full/300,169/0/default.jpg",Boogie Nights (1997),5,0.017662037,1526,,,,
BOOG-02528,"https://digitalscholarship.brynmawr.edu/pta/boog/boog-02528/tiles/full/300,169/0/default.jpg",Boogie Nights (1997),5,0.017685185,1528,,,,
BOOG-02547,"https://digitalscholarship.brynmawr.edu/pta/boog/boog-02547/tiles/full/300,169/0/default.jpg",Boogie Nights (1997),6,0.017905093,1547,,,,
BOOG-02557,"https://digitalscholarship.brynmawr.edu/pta/boog/boog-02557/tiles/full/300,169/0/default.jpg",Boogie Nights (1997),6,0.018020833,1557,,,,
BOOG-02648,"https://digitalscholarship.brynmawr.edu/pta/boog/boog-02648/tiles/full/300,169/0/default.jpg",Boogie Nights (1997),6,0.018611111,1608,,,,
BOOG-02658,"https://digitalscholarship.brynmawr.edu/pta/boog/boog-02658/tiles/full/300,169/0/default.jpg",Boogie Nights (1997),6,0.018726852,1618,,,,
BOOG-02710,"https://digitalscholarship.brynmawr.edu/pta/boog/boog-02710/tiles/full/300,169/0/default.jpg",Boogie Nights (1997),6,0.018865741,1630,,,,
BOOG-02727,"https://digitalscholarship.brynmawr.edu/pta/boog/boog-02727/tiles/full/300,169/0/default.jpg",Boogie Nights (1997),6,0.0190625,1647,,,,
BOOG-02735,"https://digitalscholarship.brynmawr.edu/pta/boog/boog-02735/tiles/full/300,169/0/default.jpg",Boogie Nights (1997),6,0.019155093,1655,,,,
BOOG-02740,"https://digitalscholarship.brynmawr.edu/pta/boog/boog-02740/tiles/full/300,169/0/default.jpg",Boogie Nights (1997),6,0.019212963,1660,,,,
BOOG-02802,"https://digitalscholarship.brynmawr.edu/pta/boog/boog-02802/tiles/full/300,169/0/default.jpg",Boogie Nights (1997),6,0.019467593,1682,,,,
BOOG-02808,"https://digitalscholarship.brynmawr.edu/pta/boog/boog-02808/tiles/full/300,169/0/default.jpg",Boogie Nights (1997),6,0.019537037,1688,,,,
BOOG-02812,"https://digitalscholarship.brynmawr.edu/pta/boog/boog-02812/tiles/full/300,169/0/default.jpg",Boogie Nights (1997),6,0.019583333,1692,,,,
BOOG-02817,"https://digitalscholarship.brynmawr.edu/pta/boog/boog-02817/tiles/full/300,169/0/default.jpg",Boogie Nights (1997),6,0.019641204,1697,,,,
BOOG-02821,"https://digitalscholarship.brynmawr.edu/pta/boog/boog-02821/tiles/full/300,169/0/default.jpg",Boogie Nights (1997),6,0.0196875,1701,,,,
BOOG-02836,"https://digitalscholarship.brynmawr.edu/pta/boog/boog-02836/tiles/full/300,169/0/default.jpg",Boogie Nights (1997),6,0.019861111,1716,,,,
BOOG-02849,"https://digitalscholarship.brynmawr.edu/pta/boog/boog-02849/tiles/full/300,169/0/default.jpg",Boogie Nights (1997),6,0.020011574,1729,,,,
BOOG-02916,"https://digitalscholarship.brynmawr.edu/pta/boog/boog-02916/tiles/full/300,169/0/default.jpg",Boogie Nights (1997),6,0.020324074,1756,,,,
BOOG-03059,"https://digitalscholarship.brynmawr.edu/pta/boog/boog-03059/tiles/full/300,169/0/default.jpg",Boogie Nights (1997),6,0.021516204,1859,,,,
BOOG-03102,"https://digitalscholarship.brynmawr.edu/pta/boog/boog-03102/tiles/full/300,169/0/default.jpg",Boogie Nights (1997),6,0.021550926,1862,,,,
BOOG-03103,"https://digitalscholarship.brynmawr.edu/pta/boog/boog-03103/tiles/full/300,169/0/default.jpg",Boogie Nights (1997),6,0.0215625,1863,,,,
BOOG-03107,"https://digitalscholarship.brynmawr.edu/pta/boog/boog-03107/tiles/full/300,169/0/default.jpg",Boogie Nights (1997),7,0.021608796,1867,,,,
BOOG-03113,"https://digitalscholarship.brynmawr.edu/pta/boog/boog-03113/tiles/full/300,169/0/default.jpg",Boogie Nights (1997),7,0.021678241,1873,,,,
BOOG-03116,"https://digitalscholarship.brynmawr.edu/pta/boog/boog-03116/tiles/full/300,169/0/default.jpg",Boogie Nights (1997),7,0.021712963,1876,,,,
BOOG-03118,"https://digitalscholarship.brynmawr.edu/pta/boog/boog-03118/tiles/full/300,169/0/default.jpg",Boogie Nights (1997),7,0.021736111,1878,,,,
BOOG-03122,"https://digitalscholarship.brynmawr.edu/pta/boog/boog-03122/tiles/full/300,169/0/default.jpg",Boogie Nights (1997),7,0.021782407,1882,,,,
BOOG-03129,"https://digitalscholarship.brynmawr.edu/pta/boog/boog-03129/tiles/full/300,169/0/default.jpg",Boogie Nights (1997),7,0.021863426,1889,,,,
BOOG-03200,"https://digitalscholarship.brynmawr.edu/pta/boog/boog-03200/tiles/full/300,169/0/default.jpg",Boogie Nights (1997),7,0.022222222,1920,,,,
BOOG-03235,"https://digitalscholarship.brynmawr.edu/pta/boog/boog-03235/tiles/full/300,169/0/default.jpg",Boogie Nights (1997),7,0.022627315,1955,,,,
BOOG-03328,"https://digitalscholarship.brynmawr.edu/pta/boog/boog-03328/tiles/full/300,169/0/default.jpg",Boogie Nights (1997),7,0.022662037,1958,,,,
BOOG-03346,"https://digitalscholarship.brynmawr.edu/pta/boog/boog-03346/tiles/full/300,169/0/default.jpg",Boogie Nights (1997),7,0.023449074,2026,,,,
BOOG-03406,"https://digitalscholarship.brynmawr.edu/pta/boog/boog-03406/tiles/full/300,169/0/default.jpg",Boogie Nights (1997),7,0.023680556,2046,,,,
BOOG-03425,"https://digitalscholarship.brynmawr.edu/pta/boog/boog-03425/tiles/full/300,169/0/default.jpg",Boogie Nights (1997),7,0.023900463,2065,,,,
BOOG-03430,"https://digitalscholarship.brynmawr.edu/pta/boog/boog-03430/tiles/full/300,169/0/default.jpg",Boogie Nights (1997),7,0.023958333,2070,,,,
BOOG-03435,"https://digitalscholarship.brynmawr.edu/pta/boog/boog-03435/tiles/full/300,169/0/default.jpg",Boogie Nights (1997),7,0.024016204,2075,,,,
BOOG-03443,"https://digitalscholarship.brynmawr.edu/pta/boog/boog-03443/tiles/full/300,169/0/default.jpg",Boogie Nights (1997),7,0.024108796,2083,,,,
BOOG-03452,"https://digitalscholarship.brynmawr.edu/pta/boog/boog-03452/tiles/full/300,169/0/default.jpg",Boogie Nights (1997),7,0.024212963,2092,,,,
BOOG-03521,"https://digitalscholarship.brynmawr.edu/pta/boog/boog-03521/tiles/full/300,169/0/default.jpg",Boogie Nights (1997),7,0.024548611,2121,,,,
BOOG-03533,"https://digitalscholarship.brynmawr.edu/pta/boog/boog-03533/tiles/full/300,169/0/default.jpg",Boogie Nights (1997),7,0.0246875,2133,,,,
BOOG-03600,"https://digitalscholarship.brynmawr.edu/pta/boog/boog-03600/tiles/full/300,169/0/default.jpg",Boogie Nights (1997),7,0.025,2160,,,,
BOOG-03610,"https://digitalscholarship.brynmawr.edu/pta/boog/boog-03610/tiles/full/300,169/0/default.jpg",Boogie Nights (1997),7,0.025115741,2170,,,,
BOOG-03615,"https://digitalscholarship.brynmawr.edu/pta/boog/boog-03615/tiles/full/300,169/0/default.jpg",Boogie Nights (1997),7,0.025173611,2175,,,,
BOOG-03626,"https://digitalscholarship.brynmawr.edu/pta/boog/boog-03626/tiles/full/300,169/0/default.jpg",Boogie Nights (1997),8,0.025300926,2186,,,,
BOOG-03633,"https://digitalscholarship.brynmawr.edu/pta/boog/boog-03633/tiles/full/300,169/0/default.jpg",Boogie Nights (1997),8,0.025381944,2193,,,,
BOOG-03641,"https://digitalscholarship.brynmawr.edu/pta/boog/boog-03641/tiles/full/300,169/0/default.jpg",Boogie Nights (1997),8,0.025474537,2201,,,,
BOOG-03645,"https://digitalscholarship.brynmawr.edu/pta/boog/boog-03645/tiles/full/300,169/0/default.jpg",Boogie Nights (1997),8,0.025520833,2205,,,,
BOOG-03653,"https://digitalscholarship.brynmawr.edu/pta/boog/boog-03653/tiles/full/300,169/0/default.jpg",Boogie Nights (1997),8,0.025613426,2213,,,,
BOOG-03713,"https://digitalscholarship.brynmawr.edu/pta/boog/boog-03713/tiles/full/300,169/0/default.jpg",Boogie Nights (1997),8,0.025844907,2233,,,,
BOOG-03849,"https://digitalscholarship.brynmawr.edu/pta/boog/boog-03849/tiles/full/300,169/0/default.jpg",Boogie Nights (1997),8,0.026956019,2329,,,,
BOOG-03854,"https://digitalscholarship.brynmawr.edu/pta/boog/boog-03854/tiles/full/300,169/0/default.jpg",Boogie Nights (1997),8,0.027013889,2334,,,,
BOOG-03858,"https://digitalscholarship.brynmawr.edu/pta/boog/boog-03858/tiles/full/300,169/0/default.jpg",Boogie Nights (1997),8,0.027060185,2338,,,,
BOOG-03901,"https://digitalscholarship.brynmawr.edu/pta/boog/boog-03901/tiles/full/300,169/0/default.jpg",Boogie Nights (1997),8,0.027094907,2341,,,,
BOOG-03915,"https://digitalscholarship.brynmawr.edu/pta/boog/boog-03915/tiles/full/300,169/0/default.jpg",Boogie Nights (1997),8,0.027256944,2355,,,,
BOOG-03927,"https://digitalscholarship.brynmawr.edu/pta/boog/boog-03927/tiles/full/300,169/0/default.jpg",Boogie Nights (1997),8,0.027395833,2367,,,,
BOOG-03931,"https://digitalscholarship.brynmawr.edu/pta/boog/boog-03931/tiles/full/300,169/0/default.jpg",Boogie Nights (1997),8,0.02744213,2371,,,,
BOOG-03953,"https://digitalscholarship.brynmawr.edu/pta/boog/boog-03953/tiles/full/300,169/0/default.jpg",Boogie Nights (1997),8,0.027696759,2393,,,,
BOOG-04007,"https://digitalscholarship.brynmawr.edu/pta/boog/boog-04007/tiles/full/300,169/0/default.jpg",Boogie Nights (1997),8,0.027858796,2407,,,,
BOOG-04020,"https://digitalscholarship.brynmawr.edu/pta/boog/boog-04020/tiles/full/300,169/0/default.jpg",Boogie Nights (1997),8,0.028009259,2420,,,,
BOOG-04030,"https://digitalscholarship.brynmawr.edu/pta/boog/boog-04030/tiles/full/300,169/0/default.jpg",Boogie Nights (1997),8,0.028125,2430,,,,
BOOG-04035,"https://digitalscholarship.brynmawr.edu/pta/boog/boog-04035/tiles/full/300,169/0/default.jpg",Boogie Nights (1997),8,0.02818287,2435,,,,
BOOG-04037,"https://digitalscholarship.brynmawr.edu/pta/boog/boog-04037/tiles/full/300,169/0/default.jpg",Boogie Nights (1997),8,0.028206019,2437,,,,
BOOG-04042,"https://digitalscholarship.brynmawr.edu/pta/boog/boog-04042/tiles/full/300,169/0/default.jpg",Boogie Nights (1997),8,0.028263889,2442,,,,
BOOG-04045,"https://digitalscholarship.brynmawr.edu/pta/boog/boog-04045/tiles/full/300,169/0/default.jpg",Boogie Nights (1997),8,0.028298611,2445,,,,
BOOG-04056,"https://digitalscholarship.brynmawr.edu/pta/boog/boog-04056/tiles/full/300,169/0/default.jpg",Boogie Nights (1997),8,0.028425926,2456,,,,
BOOG-04108,"https://digitalscholarship.brynmawr.edu/pta/boog/boog-04108/tiles/full/300,169/0/default.jpg",Boogie Nights (1997),8,0.028564815,2468,,,,
BOOG-04111,"https://digitalscholarship.brynmawr.edu/pta/boog/boog-04111/tiles/full/300,169/0/default.jpg",Boogie Nights (1997),8,0.028599537,2471,,,,
BOOG-04118,"https://digitalscholarship.brynmawr.edu/pta/boog/boog-04118/tiles/full/300,169/0/default.jpg",Boogie Nights (1997),8,0.028680556,2478,,,,
BOOG-04121,"https://digitalscholarship.brynmawr.edu/pta/boog/boog-04121/tiles/full/300,169/0/default.jpg",Boogie Nights (1997),8,0.028715278,2481,,,,
BOOG-04130,"https://digitalscholarship.brynmawr.edu/pta/boog/boog-04130/tiles/full/300,169/0/default.jpg",Boogie Nights (1997),8,0.028819444,2490,,,,
BOOG-04203,"https://digitalscholarship.brynmawr.edu/pta/boog/boog-04203/tiles/full/300,169/0/default.jpg",Boogie Nights (1997),8,0.029201389,2523,,,,
BOOG-04206,"https://digitalscholarship.brynmawr.edu/pta/boog/boog-04206/tiles/full/300,169/0/default.jpg",Boogie Nights (1997),8,0.029236111,2526,,,,
BOOG-04230,"https://digitalscholarship.brynmawr.edu/pta/boog/boog-04230/tiles/full/300,169/0/default.jpg",Boogie Nights (1997),8,0.029513889,2550,,,,
BOOG-04304,"https://digitalscholarship.brynmawr.edu/pta/boog/boog-04304/tiles/full/300,169/0/default.jpg",Boogie Nights (1997),8,0.029907407,2584,,,,
BOOG-04329,"https://digitalscholarship.brynmawr.edu/pta/boog/boog-04329/tiles/full/300,169/0/default.jpg",Boogie Nights (1997),8,0.030196759,2609,,,,
BOOG-04331,"https://digitalscholarship.brynmawr.edu/pta/boog/boog-04331/tiles/full/300,169/0/default.jpg",Boogie Nights (1997),8,0.030219907,2611,,,,
BOOG-04401,"https://digitalscholarship.brynmawr.edu/pta/boog/boog-04401/tiles/full/300,169/0/default.jpg",Boogie Nights (1997),8,0.03056713,2641,,,,
BOOG-04404,"https://digitalscholarship.brynmawr.edu/pta/boog/boog-04404/tiles/full/300,169/0/default.jpg",Boogie Nights (1997),8,0.030601852,2644,,,,
BOOG-04423,"https://digitalscholarship.brynmawr.edu/pta/boog/boog-04423/tiles/full/300,169/0/default.jpg",Boogie Nights (1997),8,0.030821759,2663,,,,
BOOG-04428,"https://digitalscholarship.brynmawr.edu/pta/boog/boog-04428/tiles/full/300,169/0/default.jpg",Boogie Nights (1997),9,0.03087963,2668,,,,
BOOG-04434,"https://digitalscholarship.brynmawr.edu/pta/boog/boog-04434/tiles/full/300,169/0/default.jpg",Boogie Nights (1997),9,0.030949074,2674,,,,
BOOG-04441,"https://digitalscholarship.brynmawr.edu/pta/boog/boog-04441/tiles/full/300,169/0/default.jpg",Boogie Nights (1997),9,0.031030093,2681,,,,
BOOG-04451,"https://digitalscholarship.brynmawr.edu/pta/boog/boog-04451/tiles/full/300,169/0/default.jpg",Boogie Nights (1997),9,0.031145833,2691,,,,
BOOG-04513,"https://digitalscholarship.brynmawr.edu/pta/boog/boog-04513/tiles/full/300,169/0/default.jpg",Boogie Nights (1997),9,0.031400463,2713,,,,
BOOG-04530,"https://digitalscholarship.brynmawr.edu/pta/boog/boog-04530/tiles/full/300,169/0/default.jpg",Boogie Nights (1997),9,0.031597222,2730,,,,
BOOG-04534,"https://digitalscholarship.brynmawr.edu/pta/boog/boog-04534/tiles/full/300,169/0/default.jpg",Boogie Nights (1997),9,0.031643519,2734,,,,
BOOG-04547,"https://digitalscholarship.brynmawr.edu/pta/boog/boog-04547/tiles/full/300,169/0/default.jpg",Boogie Nights (1997),9,0.031793981,2747,,,,
BOOG-04607,"https://digitalscholarship.brynmawr.edu/pta/boog/boog-04607/tiles/full/300,169/0/default.jpg",Boogie Nights (1997),9,0.032025463,2767,,,,
BOOG-04622,"https://digitalscholarship.brynmawr.edu/pta/boog/boog-04622/tiles/full/300,169/0/default.jpg",Boogie Nights (1997),9,0.032199074,2782,,,,
BOOG-04641,"https://digitalscholarship.brynmawr.edu/pta/boog/boog-04641/tiles/full/300,169/0/default.jpg",Boogie Nights (1997),9,0.032418981,2801,,,,
BOOG-04705,"https://digitalscholarship.brynmawr.edu/pta/boog/boog-04705/tiles/full/300,169/0/default.jpg",Boogie Nights (1997),9,0.032696759,2825,,,,
BOOG-04710,"https://digitalscholarship.brynmawr.edu/pta/boog/boog-04710/tiles/full/300,169/0/default.jpg",Boogie Nights (1997),9,0.03275463,2830,,,,
BOOG-04717,"https://digitalscholarship.brynmawr.edu/pta/boog/boog-04717/tiles/full/300,169/0/default.jpg",Boogie Nights (1997),9,0.032835648,2837,,,,
BOOG-04727,"https://digitalscholarship.brynmawr.edu/pta/boog/boog-04727/tiles/full/300,169/0/default.jpg",Boogie Nights (1997),9,0.032951389,2847,,,,
BOOG-04752,"https://digitalscholarship.brynmawr.edu/pta/boog/boog-04752/tiles/full/300,169/0/default.jpg",Boogie Nights (1997),9,0.033240741,2872,,,,
BOOG-04809,"https://digitalscholarship.brynmawr.edu/pta/boog/boog-04809/tiles/full/300,169/0/default.jpg",Boogie Nights (1997),9,0.0334375,2889,,,,
BOOG-04832,"https://digitalscholarship.brynmawr.edu/pta/boog/boog-04832/tiles/full/300,169/0/default.jpg",Boogie Nights (1997),9,0.033703704,2912,,,,
BOOG-04857,"https://digitalscholarship.brynmawr.edu/pta/boog/boog-04857/tiles/full/300,169/0/default.jpg",Boogie Nights (1997),9,0.033993056,2937,,,,
BOOG-04911,"https://digitalscholarship.brynmawr.edu/pta/boog/boog-04911/tiles/full/300,169/0/default.jpg",Boogie Nights (1997),9,0.034155093,2951,,,,
BOOG-04925,"https://digitalscholarship.brynmawr.edu/pta/boog/boog-04925/tiles/full/300,169/0/default.jpg",Boogie Nights (1997),9,0.03431713,2965,,,,
BOOG-04931,"https://digitalscholarship.brynmawr.edu/pta/boog/boog-04931/tiles/full/300,169/0/default.jpg",Boogie Nights (1997),9,0.034386574,2971,,,,
BOOG-05025,"https://digitalscholarship.brynmawr.edu/pta/boog/boog-05025/tiles/full/300,169/0/default.jpg",Boogie Nights (1997),9,0.035011574,3025,,,,
BOOG-05032,"https://digitalscholarship.brynmawr.edu/pta/boog/boog-05032/tiles/full/300,169/0/default.jpg",Boogie Nights (1997),9,0.035092593,3032,,,,
BOOG-05036,"https://digitalscholarship.brynmawr.edu/pta/boog/boog-05036/tiles/full/300,169/0/default.jpg",Boogie Nights (1997),9,0.035138889,3036,,,,
BOOG-05045,"https://digitalscholarship.brynmawr.edu/pta/boog/boog-05045/tiles/full/300,169/0/default.jpg",Boogie Nights (1997),9,0.035243056,3045,,,,
BOOG-05047,"https://digitalscholarship.brynmawr.edu/pta/boog/boog-05047/tiles/full/300,169/0/default.jpg",Boogie Nights (1997),9,0.035266204,3047,,,,
BOOG-05100,"https://digitalscholarship.brynmawr.edu/pta/boog/boog-05100/tiles/full/300,169/0/default.jpg",Boogie Nights (1997),9,0.035416667,3060,,,,
BOOG-05131,"https://digitalscholarship.brynmawr.edu/pta/boog/boog-05131/tiles/full/300,169/0/default.jpg",Boogie Nights (1997),9,0.035775463,3091,,,,
BOOG-05143,"https://digitalscholarship.brynmawr.edu/pta/boog/boog-05143/tiles/full/300,169/0/default.jpg",Boogie Nights (1997),9,0.035914352,3103,,,,
BOOG-05157,"https://digitalscholarship.brynmawr.edu/pta/boog/boog-05157/tiles/full/300,169/0/default.jpg",Boogie Nights (1997),9,0.036076389,3117,,,,
BOOG-05203,"https://digitalscholarship.brynmawr.edu/pta/boog/boog-05203/tiles/full/300,169/0/default.jpg",Boogie Nights (1997),9,0.036145833,3123,,,,
BOOG-05214,"https://digitalscholarship.brynmawr.edu/pta/boog/boog-05214/tiles/full/300,169/0/default.jpg",Boogie Nights (1997),9,0.036273148,3134,,,,
BOOG-05237,"https://digitalscholarship.brynmawr.edu/pta/boog/boog-05237/tiles/full/300,169/0/default.jpg",Boogie Nights (1997),9,0.036539352,3157,,,,
BOOG-05254,"https://digitalscholarship.brynmawr.edu/pta/boog/boog-05254/tiles/full/300,169/0/default.jpg",Boogie Nights (1997),9,0.036736111,3174,,,,
BOOG-05302,"https://digitalscholarship.brynmawr.edu/pta/boog/boog-05302/tiles/full/300,169/0/default.jpg",Boogie Nights (1997),9,0.036828704,3182,,,,
BOOG-05316,"https://digitalscholarship.brynmawr.edu/pta/boog/boog-05316/tiles/full/300,169/0/default.jpg",Boogie Nights (1997),9,0.036990741,3196,,,,
BOOG-05329,"https://digitalscholarship.brynmawr.edu/pta/boog/boog-05329/tiles/full/300,169/0/default.jpg",Boogie Nights (1997),9,0.037141204,3209,,,,
BOOG-05418,"https://digitalscholarship.brynmawr.edu/pta/boog/boog-05418/tiles/full/300,169/0/default.jpg",Boogie Nights (1997),9,0.037708333,3258,,,,
BOOG-05444,"https://digitalscholarship.brynmawr.edu/pta/boog/boog-05444/tiles/full/300,169/0/default.jpg",Boogie Nights (1997),9,0.038009259,3284,,,,
BOOG-05458,"https://digitalscholarship.brynmawr.edu/pta/boog/boog-05458/tiles/full/300,169/0/default.jpg",Boogie Nights (1997),9,0.038171296,3298,,,,
BOOG-05509,"https://digitalscholarship.brynmawr.edu/pta/boog/boog-05509/tiles/full/300,169/0/default.jpg",Boogie Nights (1997),9,0.038298611,3309,,,,
BOOG-05511,"https://digitalscholarship.brynmawr.edu/pta/boog/boog-05511/tiles/full/300,169/0/default.jpg",Boogie Nights (1997),9,0.038321759,3311,,,,
BOOG-05521,"https://digitalscholarship.brynmawr.edu/pta/boog/boog-05521/tiles/full/300,169/0/default.jpg",Boogie Nights (1997),9,0.0384375,3321,,,,
BOOG-05525,"https://digitalscholarship.brynmawr.edu/pta/boog/boog-05525/tiles/full/300,169/0/default.jpg",Boogie Nights (1997),10,0.038483796,3325,,,,
BOOG-05530,"https://digitalscholarship.brynmawr.edu/pta/boog/boog-05530/tiles/full/300,169/0/default.jpg",Boogie Nights (1997),10,0.038541667,3330,,,,
BOOG-05532,"https://digitalscholarship.brynmawr.edu/pta/boog/boog-05532/tiles/full/300,169/0/default.jpg",Boogie Nights (1997),10,0.038564815,3332,,,,
BOOG-05533,"https://digitalscholarship.brynmawr.edu/pta/boog/boog-05533/tiles/full/300,169/0/default.jpg",Boogie Nights (1997),10,0.038576389,3333,,,,
BOOG-05534,"https://digitalscholarship.brynmawr.edu/pta/boog/boog-05534/tiles/full/300,169/0/default.jpg",Boogie Nights (1997),10,0.038587963,3334,,,,
BOOG-05537,"https://digitalscholarship.brynmawr.edu/pta/boog/boog-05537/tiles/full/300,169/0/default.jpg",Boogie Nights (1997),10,0.038622685,3337,,,,
BOOG-05544,"https://digitalscholarship.brynmawr.edu/pta/boog/boog-05544/tiles/full/300,169/0/default.jpg",Boogie Nights (1997),10,0.038703704,3344,,,,
BOOG-05550,"https://digitalscholarship.brynmawr.edu/pta/boog/boog-05550/tiles/full/300,169/0/default.jpg",Boogie Nights (1997),10,0.038773148,3350,,,,
BOOG-05551,"https://digitalscholarship.brynmawr.edu/pta/boog/boog-05551/tiles/full/300,169/0/default.jpg",Boogie Nights (1997),10,0.038784722,3351,,,,
BOOG-05600,"https://digitalscholarship.brynmawr.edu/pta/boog/boog-05600/tiles/full/300,169/0/default.jpg",Boogie Nights (1997),10,0.038888889,3360,,,,
BOOG-05603,"https://digitalscholarship.brynmawr.edu/pta/boog/boog-05603/tiles/full/300,169/0/default.jpg",Boogie Nights (1997),10,0.038923611,3363,,,,
BOOG-05616,"https://digitalscholarship.brynmawr.edu/pta/boog/boog-05616/tiles/full/300,169/0/default.jpg",Boogie Nights (1997),10,0.039074074,3376,,,,
BOOG-05623,"https://digitalscholarship.brynmawr.edu/pta/boog/boog-05623/tiles/full/300,169/0/default.jpg",Boogie Nights (1997),10,0.039155093,3383,,,,
BOOG-05635,"https://digitalscholarship.brynmawr.edu/pta/boog/boog-05635/tiles/full/300,169/0/default.jpg",Boogie Nights (1997),10,0.039293981,3395,,,,
BOOG-05641,"https://digitalscholarship.brynmawr.edu/pta/boog/boog-05641/tiles/full/300,169/0/default.jpg",Boogie Nights (1997),10,0.039363426,3401,,,,
BOOG-05652,"https://digitalscholarship.brynmawr.edu/pta/boog/boog-05652/tiles/full/300,169/0/default.jpg",Boogie Nights (1997),10,0.039490741,3412,,,,
BOOG-05708,"https://digitalscholarship.brynmawr.edu/pta/boog/boog-05708/tiles/full/300,169/0/default.jpg",Boogie Nights (1997),10,0.039675926,3428,,,,
BOOG-05716,"https://digitalscholarship.brynmawr.edu/pta/boog/boog-05716/tiles/full/300,169/0/default.jpg",Boogie Nights (1997),10,0.039768519,3436,,,,
BOOG-05720,"https://digitalscholarship.brynmawr.edu/pta/boog/boog-05720/tiles/full/300,169/0/default.jpg",Boogie Nights (1997),10,0.039814815,3440,,,,
BOOG-05735,"https://digitalscholarship.brynmawr.edu/pta/boog/boog-05735/tiles/full/300,169/0/default.jpg",Boogie Nights (1997),10,0.039988426,3455,,,,
BOOG-05739,"https://digitalscholarship.brynmawr.edu/pta/boog/boog-05739/tiles/full/300,169/0/default.jpg",Boogie Nights (1997),10,0.040034722,3459,,,,
BOOG-05742,"https://digitalscholarship.brynmawr.edu/pta/boog/boog-05742/tiles/full/300,169/0/default.jpg",Boogie Nights (1997),10,0.040069444,3462,,,,
BOOG-05746,"https://digitalscholarship.brynmawr.edu/pta/boog/boog-05746/tiles/full/300,169/0/default.jpg",Boogie Nights (1997),10,0.040115741,3466,,,,
BOOG-05811,"https://digitalscholarship.brynmawr.edu/pta/boog/boog-05811/tiles/full/300,169/0/default.jpg",Boogie Nights (1997),10,0.040405093,3491,,,,
BOOG-05815,"https://digitalscholarship.brynmawr.edu/pta/boog/boog-05815/tiles/full/300,169/0/default.jpg",Boogie Nights (1997),10,0.040451389,3495,,,,
BOOG-05817,"https://digitalscholarship.brynmawr.edu/pta/boog/boog-05817/tiles/full/300,169/0/default.jpg",Boogie Nights (1997),10,0.040474537,3497,,,,
BOOG-05820,"https://digitalscholarship.brynmawr.edu/pta/boog/boog-05820/tiles/full/300,169/0/default.jpg",Boogie Nights (1997),10,0.040509259,3500,,,,
BOOG-05821,"https://digitalscholarship.brynmawr.edu/pta/boog/boog-05821/tiles/full/300,169/0/default.jpg",Boogie Nights (1997),10,0.040520833,3501,,,,
BOOG-05826,"https://digitalscholarship.brynmawr.edu/pta/boog/boog-05826/tiles/full/300,169/0/default.jpg",Boogie Nights (1997),10,0.040578704,3506,,,,
BOOG-05829,"https://digitalscholarship.brynmawr.edu/pta/boog/boog-05829/tiles/full/300,169/0/default.jpg",Boogie Nights (1997),10,0.040613426,3509,,,,
BOOG-05830,"https://digitalscholarship.brynmawr.edu/pta/boog/boog-05830/tiles/full/300,169/0/default.jpg",Boogie Nights (1997),10,0.040625,3510,,,,
BOOG-05833,"https://digitalscholarship.brynmawr.edu/pta/boog/boog-05833/tiles/full/300,169/0/default.jpg",Boogie Nights (1997),10,0.040659722,3513,,,,
BOOG-05836,"https://digitalscholarship.brynmawr.edu/pta/boog/boog-05836/tiles/full/300,169/0/default.jpg",Boogie Nights (1997),10,0.040694444,3516,,,,
BOOG-05842,"https://digitalscholarship.brynmawr.edu/pta/boog/boog-05842/tiles/full/300,169/0/default.jpg",Boogie Nights (1997),10,0.040763889,3522,,,,
BOOG-05846,"https://digitalscholarship.brynmawr.edu/pta/boog/boog-05846/tiles/full/300,169/0/default.jpg",Boogie Nights (1997),10,0.040810185,3526,,,,
BOOG-05851,"https://digitalscholarship.brynmawr.edu/pta/boog/boog-05851/tiles/full/300,169/0/default.jpg",Boogie Nights (1997),10,0.040868056,3531,,,,
BOOG-05858,"https://digitalscholarship.brynmawr.edu/pta/boog/boog-05858/tiles/full/300,169/0/default.jpg",Boogie Nights (1997),10,0.040949074,3538,,,,
BOOG-05914,"https://digitalscholarship.brynmawr.edu/pta/boog/boog-05914/tiles/full/300,169/0/default.jpg",Boogie Nights (1997),10,0.041134259,3554,,,,
BOOG-05956,"https://digitalscholarship.brynmawr.edu/pta/boog/boog-05956/tiles/full/300,169/0/default.jpg",Boogie Nights (1997),10,0.04162037,3596,,,,
BOOG-10003,"https://digitalscholarship.brynmawr.edu/pta/boog/boog-10003/tiles/full/300,169/0/default.jpg",Boogie Nights (1997),10,0.041701389,3603,,,,
BOOG-10007,"https://digitalscholarship.brynmawr.edu/pta/boog/boog-10007/tiles/full/300,169/0/default.jpg",Boogie Nights (1997),10,0.041747685,3607,,,,
BOOG-10009,"https://digitalscholarship.brynmawr.edu/pta/boog/boog-10009/tiles/full/300,169/0/default.jpg",Boogie Nights (1997),11,0.041770833,3609,,,,
BOOG-10014,"https://digitalscholarship.brynmawr.edu/pta/boog/boog-10014/tiles/full/300,169/0/default.jpg",Boogie Nights (1997),11,0.041828704,3614,,,,
BOOG-10016,"https://digitalscholarship.brynmawr.edu/pta/boog/boog-10016/tiles/full/300,169/0/default.jpg",Boogie Nights (1997),11,0.041851852,3616,,,,
BOOG-10024,"https://digitalscholarship.brynmawr.edu/pta/boog/boog-10024/tiles/full/300,169/0/default.jpg",Boogie Nights (1997),11,0.041944444,3624,,,,
BOOG-10038,"https://digitalscholarship.brynmawr.edu/pta/boog/boog-10038/tiles/full/300,169/0/default.jpg",Boogie Nights (1997),11,0.042106481,3638,,,,
BOOG-10043,"https://digitalscholarship.brynmawr.edu/pta/boog/boog-10043/tiles/full/300,169/0/default.jpg",Boogie Nights (1997),11,0.042164352,3643,,,,
BOOG-10133,"https://digitalscholarship.brynmawr.edu/pta/boog/boog-10133/tiles/full/300,169/0/default.jpg",Boogie Nights (1997),11,0.042743056,3693,,,,
BOOG-10138,"https://digitalscholarship.brynmawr.edu/pta/boog/boog-10138/tiles/full/300,169/0/default.jpg",Boogie Nights (1997),11,0.042800926,3698,,,,
BOOG-10144,"https://digitalscholarship.brynmawr.edu/pta/boog/boog-10144/tiles/full/300,169/0/default.jpg",Boogie Nights (1997),11,0.04287037,3704,,,,
BOOG-10153,"https://digitalscholarship.brynmawr.edu/pta/boog/boog-10153/tiles/full/300,169/0/default.jpg",Boogie Nights (1997),11,0.042974537,3713,,,,
BOOG-10155,"https://digitalscholarship.brynmawr.edu/pta/boog/boog-10155/tiles/full/300,169/0/default.jpg",Boogie Nights (1997),11,0.042997685,3715,,,,
BOOG-10200,"https://digitalscholarship.brynmawr.edu/pta/boog/boog-10200/tiles/full/300,169/0/default.jpg",Boogie Nights (1997),11,0.043055556,3720,,,,
BOOG-10220,"https://digitalscholarship.brynmawr.edu/pta/boog/boog-10220/tiles/full/300,169/0/default.jpg",Boogie Nights (1997),11,0.043287037,3740,,,,
BOOG-10230,"https://digitalscholarship.brynmawr.edu/pta/boog/boog-10230/tiles/full/300,169/0/default.jpg",Boogie Nights (1997),11,0.043402778,3750,,,,
BOOG-10246,"https://digitalscholarship.brynmawr.edu/pta/boog/boog-10246/tiles/full/300,169/0/default.jpg",Boogie Nights (1997),11,0.043587963,3766,,,,
BOOG-10300,"https://digitalscholarship.brynmawr.edu/pta/boog/boog-10300/tiles/full/300,169/0/default.jpg",Boogie Nights (1997),11,0.04375,3780,,,,
BOOG-10303,"https://digitalscholarship.brynmawr.edu/pta/boog/boog-10303/tiles/full/300,169/0/default.jpg",Boogie Nights (1997),11,0.043784722,3783,,,,
BOOG-10309,"https://digitalscholarship.brynmawr.edu/pta/boog/boog-10309/tiles/full/300,169/0/default.jpg",Boogie Nights (1997),11,0.043854167,3789,,,,
BOOG-10310,"https://digitalscholarship.brynmawr.edu/pta/boog/boog-10310/tiles/full/300,169/0/default.jpg",Boogie Nights (1997),11,0.043865741,3790,,,,
BOOG-10312,"https://digitalscholarship.brynmawr.edu/pta/boog/boog-10312/tiles/full/300,169/0/default.jpg",Boogie Nights (1997),11,0.043888889,3792,,,,
BOOG-10324,"https://digitalscholarship.brynmawr.edu/pta/boog/boog-10324/tiles/full/300,169/0/default.jpg",Boogie Nights (1997),11,0.044027778,3804,,,,
BOOG-10330,"https://digitalscholarship.brynmawr.edu/pta/boog/boog-10330/tiles/full/300,169/0/default.jpg",Boogie Nights (1997),11,0.044097222,3810,,,,
BOOG-10338,"https://digitalscholarship.brynmawr.edu/pta/boog/boog-10338/tiles/full/300,169/0/default.jpg",Boogie Nights (1997),11,0.044189815,3818,,,,
BOOG-10349,"https://digitalscholarship.brynmawr.edu/pta/boog/boog-10349/tiles/full/300,169/0/default.jpg",Boogie Nights (1997),11,0.04431713,3829,,,,
BOOG-10404,"https://digitalscholarship.brynmawr.edu/pta/boog/boog-10404/tiles/full/300,169/0/default.jpg",Boogie Nights (1997),11,0.044490741,3844,,,,
BOOG-10415,"https://digitalscholarship.brynmawr.edu/pta/boog/boog-10415/tiles/full/300,169/0/default.jpg",Boogie Nights (1997),11,0.044618056,3855,,,,
BOOG-10425,"https://digitalscholarship.brynmawr.edu/pta/boog/boog-10425/tiles/full/300,169/0/default.jpg",Boogie Nights (1997),11,0.044733796,3865,,,,
BOOG-10438,"https://digitalscholarship.brynmawr.edu/pta/boog/boog-10438/tiles/full/300,169/0/default.jpg",Boogie Nights (1997),11,0.044884259,3878,,,,
BOOG-10450,"https://digitalscholarship.brynmawr.edu/pta/boog/boog-10450/tiles/full/300,169/0/default.jpg",Boogie Nights (1997),11,0.045023148,3890,,,,
BOOG-10453,"https://digitalscholarship.brynmawr.edu/pta/boog/boog-10453/tiles/full/300,169/0/default.jpg",Boogie Nights (1997),11,0.04505787,3893,,,,
BOOG-10456,"https://digitalscholarship.brynmawr.edu/pta/boog/boog-10456/tiles/full/300,169/0/default.jpg",Boogie Nights (1997),11,0.045092593,3896,,,,
BOOG-10503,"https://digitalscholarship.brynmawr.edu/pta/boog/boog-10503/tiles/full/300,169/0/default.jpg",Boogie Nights (1997),11,0.045173611,3903,,,,
BOOG-10517,"https://digitalscholarship.brynmawr.edu/pta/boog/boog-10517/tiles/full/300,169/0/default.jpg",Boogie Nights (1997),11,0.045335648,3917,,,,
BOOG-10530,"https://digitalscholarship.brynmawr.edu/pta/boog/boog-10530/tiles/full/300,169/0/default.jpg",Boogie Nights (1997),11,0.045486111,3930,,,,
BOOG-10538,"https://digitalscholarship.brynmawr.edu/pta/boog/boog-10538/tiles/full/300,169/0/default.jpg",Boogie Nights (1997),11,0.045578704,3938,,,,
BOOG-10546,"https://digitalscholarship.brynmawr.edu/pta/boog/boog-10546/tiles/full/300,169/0/default.jpg",Boogie Nights (1997),11,0.045671296,3946,,,,
BOOG-10558,"https://digitalscholarship.brynmawr.edu/pta/boog/boog-10558/tiles/full/300,169/0/default.jpg",Boogie Nights (1997),12,0.045810185,3958,,,,
BOOG-10608,"https://digitalscholarship.brynmawr.edu/pta/boog/boog-10608/tiles/full/300,169/0/default.jpg",Boogie Nights (1997),12,0.045925926,3968,,,,
BOOG-10627,"https://digitalscholarship.brynmawr.edu/pta/boog/boog-10627/tiles/full/300,169/0/default.jpg",Boogie Nights (1997),12,0.046145833,3987,,,,
BOOG-10633,"https://digitalscholarship.brynmawr.edu/pta/boog/boog-10633/tiles/full/300,169/0/default.jpg",Boogie Nights (1997),12,0.046215278,3993,,,,
BOOG-10703,"https://digitalscholarship.brynmawr.edu/pta/boog/boog-10703/tiles/full/300,169/0/default.jpg",Boogie Nights (1997),12,0.0465625,4023,,,,
BOOG-10719,"https://digitalscholarship.brynmawr.edu/pta/boog/boog-10719/tiles/full/300,169/0/default.jpg",Boogie Nights (1997),12,0.046747685,4039,,,,
BOOG-10743,"https://digitalscholarship.brynmawr.edu/pta/boog/boog-10743/tiles/full/300,169/0/default.jpg",Boogie Nights (1997),12,0.047025463,4063,,,,
BOOG-10753,"https://digitalscholarship.brynmawr.edu/pta/boog/boog-10753/tiles/full/300,169/0/default.jpg",Boogie Nights (1997),12,0.047141204,4073,,,,
BOOG-10809,"https://digitalscholarship.brynmawr.edu/pta/boog/boog-10809/tiles/full/300,169/0/default.jpg",Boogie Nights (1997),12,0.047326389,4089,,,,
BOOG-10841,"https://digitalscholarship.brynmawr.edu/pta/boog/boog-10841/tiles/full/300,169/0/default.jpg",Boogie Nights (1997),12,0.047696759,4121,,,,
BOOG-10905,"https://digitalscholarship.brynmawr.edu/pta/boog/boog-10905/tiles/full/300,169/0/default.jpg",Boogie Nights (1997),12,0.047974537,4145,,,,
BOOG-10914,"https://digitalscholarship.brynmawr.edu/pta/boog/boog-10914/tiles/full/300,169/0/default.jpg",Boogie Nights (1997),13,0.048078704,4154,,,,
BOOG-10919,"https://digitalscholarship.brynmawr.edu/pta/boog/boog-10919/tiles/full/300,169/0/default.jpg",Boogie Nights (1997),13,0.048136574,4159,,,,
BOOG-11012,"https://digitalscholarship.brynmawr.edu/pta/boog/boog-11012/tiles/full/300,169/0/default.jpg",Boogie Nights (1997),13,0.04875,4212,,,,
BOOG-11037,"https://digitalscholarship.brynmawr.edu/pta/boog/boog-11037/tiles/full/300,169/0/default.jpg",Boogie Nights (1997),13,0.049039352,4237,,,,
BOOG-11041,"https://digitalscholarship.brynmawr.edu/pta/boog/boog-11041/tiles/full/300,169/0/default.jpg",Boogie Nights (1997),13,0.049085648,4241,,,,
BOOG-11051,"https://digitalscholarship.brynmawr.edu/pta/boog/boog-11051/tiles/full/300,169/0/default.jpg",Boogie Nights (1997),13,0.049201389,4251,,,,
BOOG-11121,"https://digitalscholarship.brynmawr.edu/pta/boog/boog-11121/tiles/full/300,169/0/default.jpg",Boogie Nights (1997),13,0.049548611,4281,,,,
BOOG-11127,"https://digitalscholarship.brynmawr.edu/pta/boog/boog-11127/tiles/full/300,169/0/default.jpg",Boogie Nights (1997),13,0.049618056,4287,,,,
BOOG-11144,"https://digitalscholarship.brynmawr.edu/pta/boog/boog-11144/tiles/full/300,169/0/default.jpg",Boogie Nights (1997),13,0.049814815,4304,,,,
BOOG-11157,"https://digitalscholarship.brynmawr.edu/pta/boog/boog-11157/tiles/full/300,169/0/default.jpg",Boogie Nights (1997),13,0.049965278,4317,,,,
BOOG-11218,"https://digitalscholarship.brynmawr.edu/pta/boog/boog-11218/tiles/full/300,169/0/default.jpg",Boogie Nights (1997),13,0.050208333,4338,,,,
BOOG-11332,"https://digitalscholarship.brynmawr.edu/pta/boog/boog-11332/tiles/full/300,169/0/default.jpg",Boogie Nights (1997),13,0.051064815,4412,,,,
BOOG-11405,"https://digitalscholarship.brynmawr.edu/pta/boog/boog-11405/tiles/full/300,169/0/default.jpg",Boogie Nights (1997),13,0.051446759,4445,,,,
BOOG-11536,"https://digitalscholarship.brynmawr.edu/pta/boog/boog-11536/tiles/full/300,169/0/default.jpg",Boogie Nights (1997),13,0.0525,4536,,,,
BOOG-11541,"https://digitalscholarship.brynmawr.edu/pta/boog/boog-11541/tiles/full/300,169/0/default.jpg",Boogie Nights (1997),14,0.05255787,4541,,,,
BOOG-11553,"https://digitalscholarship.brynmawr.edu/pta/boog/boog-11553/tiles/full/300,169/0/default.jpg",Boogie Nights (1997),14,0.052696759,4553,,,,
BOOG-11558,"https://digitalscholarship.brynmawr.edu/pta/boog/boog-11558/tiles/full/300,169/0/default.jpg",Boogie Nights (1997),14,0.05275463,4558,,,,
BOOG-11725,"https://digitalscholarship.brynmawr.edu/pta/boog/boog-11725/tiles/full/300,169/0/default.jpg",Boogie Nights (1997),14,0.053761574,4645,,,,
BOOG-11823,"https://digitalscholarship.brynmawr.edu/pta/boog/boog-11823/tiles/full/300,169/0/default.jpg",Boogie Nights (1997),14,0.05443287,4703,,,,
BOOG-11839,"https://digitalscholarship.brynmawr.edu/pta/boog/boog-11839/tiles/full/300,169/0/default.jpg",Boogie Nights (1997),14,0.054618056,4719,,,,
BOOG-11908,"https://digitalscholarship.brynmawr.edu/pta/boog/boog-11908/tiles/full/300,169/0/default.jpg",Boogie Nights (1997),14,0.054953704,4748,,,,
BOOG-11916,"https://digitalscholarship.brynmawr.edu/pta/boog/boog-11916/tiles/full/300,169/0/default.jpg",Boogie Nights (1997),14,0.055046296,4756,,,,
BOOG-11932,"https://digitalscholarship.brynmawr.edu/pta/boog/boog-11932/tiles/full/300,169/0/default.jpg",Boogie Nights (1997),14,0.055231481,4772,,,,
BOOG-12022,"https://digitalscholarship.brynmawr.edu/pta/boog/boog-12022/tiles/full/300,169/0/default.jpg",Boogie Nights (1997),14,0.055810185,4822,,,,
BOOG-12046,"https://digitalscholarship.brynmawr.edu/pta/boog/boog-12046/tiles/full/300,169/0/default.jpg",Boogie Nights (1997),14,0.056087963,4846,,,,
BOOG-12101,"https://digitalscholarship.brynmawr.edu/pta/boog/boog-12101/tiles/full/300,169/0/default.jpg",Boogie Nights (1997),14,0.056261574,4861,,,,
BOOG-12123,"https://digitalscholarship.brynmawr.edu/pta/boog/boog-12123/tiles/full/300,169/0/default.jpg",Boogie Nights (1997),14,0.056516204,4883,,,,
BOOG-12137,"https://digitalscholarship.brynmawr.edu/pta/boog/boog-12137/tiles/full/300,169/0/default.jpg",Boogie Nights (1997),14,0.056678241,4897,,,,
BOOG-12245,"https://digitalscholarship.brynmawr.edu/pta/boog/boog-12245/tiles/full/300,169/0/default.jpg",Boogie Nights (1997),14,0.057465278,4965,,,,
BOOG-12338,"https://digitalscholarship.brynmawr.edu/pta/boog/boog-12338/tiles/full/300,169/0/default.jpg",Boogie Nights (1997),14,0.058078704,5018,,,,
BOOG-12415,"https://digitalscholarship.brynmawr.edu/pta/boog/boog-12415/tiles/full/300,169/0/default.jpg",Boogie Nights (1997),14,0.058506944,5055,,,,
BOOG-12417,"https://digitalscholarship.brynmawr.edu/pta/boog/boog-12417/tiles/full/300,169/0/default.jpg",Boogie Nights (1997),14,0.058530093,5057,,,,
BOOG-12431,"https://digitalscholarship.brynmawr.edu/pta/boog/boog-12431/tiles/full/300,169/0/default.jpg",Boogie Nights (1997),14,0.05869213,5071,,,,
BOOG-12432,"https://digitalscholarship.brynmawr.edu/pta/boog/boog-12432/tiles/full/300,169/0/default.jpg",Boogie Nights (1997),15,0.058703704,5072,,,,
BOOG-12441,"https://digitalscholarship.brynmawr.edu/pta/boog/boog-12441/tiles/full/300,169/0/default.jpg",Boogie Nights (1997),15,0.05880787,5081,,,,
BOOG-12511,"https://digitalscholarship.brynmawr.edu/pta/boog/boog-12511/tiles/full/300,169/0/default.jpg",Boogie Nights (1997),15,0.059155093,5111,,,,
BOOG-12529,"https://digitalscholarship.brynmawr.edu/pta/boog/boog-12529/tiles/full/300,169/0/default.jpg",Boogie Nights (1997),15,0.059363426,5129,,,,
BOOG-12627,"https://digitalscholarship.brynmawr.edu/pta/boog/boog-12627/tiles/full/300,169/0/default.jpg",Boogie Nights (1997),15,0.060034722,5187,,,,
BOOG-12707,"https://digitalscholarship.brynmawr.edu/pta/boog/boog-12707/tiles/full/300,169/0/default.jpg",Boogie Nights (1997),15,0.060497685,5227,,,,
BOOG-12759,"https://digitalscholarship.brynmawr.edu/pta/boog/boog-12759/tiles/full/300,169/0/default.jpg",Boogie Nights (1997),15,0.061099537,5279,,,,
BOOG-12842,"https://digitalscholarship.brynmawr.edu/pta/boog/boog-12842/tiles/full/300,169/0/default.jpg",Boogie Nights (1997),15,0.061597222,5322,,,,
BOOG-12848,"https://digitalscholarship.brynmawr.edu/pta/boog/boog-12848/tiles/full/300,169/0/default.jpg",Boogie Nights (1997),15,0.061666667,5328,,,,
BOOG-12857,"https://digitalscholarship.brynmawr.edu/pta/boog/boog-12857/tiles/full/300,169/0/default.jpg",Boogie Nights (1997),15,0.061770833,5337,,,,
BOOG-12920,"https://digitalscholarship.brynmawr.edu/pta/boog/boog-12920/tiles/full/300,169/0/default.jpg",Boogie Nights (1997),15,0.062037037,5360,,,,
BOOG-12923,"https://digitalscholarship.brynmawr.edu/pta/boog/boog-12923/tiles/full/300,169/0/default.jpg",Boogie Nights (1997),15,0.062071759,5363,,,,
BOOG-12924,"https://digitalscholarship.brynmawr.edu/pta/boog/boog-12924/tiles/full/300,169/0/default.jpg",Boogie Nights (1997),15,0.062083333,5364,,,,
BOOG-12947,"https://digitalscholarship.brynmawr.edu/pta/boog/boog-12947/tiles/full/300,169/0/default.jpg",Boogie Nights (1997),15,0.062349537,5387,,,,
BOOG-13019,"https://digitalscholarship.brynmawr.edu/pta/boog/boog-13019/tiles/full/300,169/0/default.jpg",Boogie Nights (1997),15,0.062719907,5419,,,,
BOOG-13217,"https://digitalscholarship.brynmawr.edu/pta/boog/boog-13217/tiles/full/300,169/0/default.jpg",Boogie Nights (1997),15,0.064085648,5537,,,,
BOOG-13226,"https://digitalscholarship.brynmawr.edu/pta/boog/boog-13226/tiles/full/300,169/0/default.jpg",Boogie Nights (1997),15,0.064189815,5546,,,,
BOOG-13227,"https://digitalscholarship.brynmawr.edu/pta/boog/boog-13227/tiles/full/300,169/0/default.jpg",Boogie Nights (1997),15,0.064201389,5547,,,,
BOOG-13228,"https://digitalscholarship.brynmawr.edu/pta/boog/boog-13228/tiles/full/300,169/0/default.jpg",Boogie Nights (1997),15,0.064212963,5548,,,,
BOOG-13230,"https://digitalscholarship.brynmawr.edu/pta/boog/boog-13230/tiles/full/300,169/0/default.jpg",Boogie Nights (1997),15,0.064236111,5550,,,,
BOOG-13233,"https://digitalscholarship.brynmawr.edu/pta/boog/boog-13233/tiles/full/300,169/0/default.jpg",Boogie Nights (1997),15,0.064270833,5553,,,,
BOOG-13238,"https://digitalscholarship.brynmawr.edu/pta/boog/boog-13238/tiles/full/300,169/0/default.jpg",Boogie Nights (1997),15,0.064328704,5558,,,,
BOOG-13302,"https://digitalscholarship.brynmawr.edu/pta/boog/boog-13302/tiles/full/300,169/0/default.jpg",Boogie Nights (1997),15,0.064606481,5582,,,,
BOOG-13320,"https://digitalscholarship.brynmawr.edu/pta/boog/boog-13320/tiles/full/300,169/0/default.jpg",Boogie Nights (1997),15,0.064814815,5600,,,,
BOOG-13345,"https://digitalscholarship.brynmawr.edu/pta/boog/boog-13345/tiles/full/300,169/0/default.jpg",Boogie Nights (1997),15,0.065104167,5625,,,,
BOOG-13350,"https://digitalscholarship.brynmawr.edu/pta/boog/boog-13350/tiles/full/300,169/0/default.jpg",Boogie Nights (1997),15,0.065162037,5630,,,,
BOOG-13359,"https://digitalscholarship.brynmawr.edu/pta/boog/boog-13359/tiles/full/300,169/0/default.jpg",Boogie Nights (1997),15,0.065266204,5639,,,,
BOOG-13435,"https://digitalscholarship.brynmawr.edu/pta/boog/boog-13435/tiles/full/300,169/0/default.jpg",Boogie Nights (1997),15,0.06568287,5675,,,,
BOOG-13445,"https://digitalscholarship.brynmawr.edu/pta/boog/boog-13445/tiles/full/300,169/0/default.jpg",Boogie Nights (1997),16,0.065798611,5685,,,,
BOOG-13507,"https://digitalscholarship.brynmawr.edu/pta/boog/boog-13507/tiles/full/300,169/0/default.jpg",Boogie Nights (1997),16,0.066053241,5707,,,,
BOOG-13519,"https://digitalscholarship.brynmawr.edu/pta/boog/boog-13519/tiles/full/300,169/0/default.jpg",Boogie Nights (1997),16,0.06619213,5719,,,,
BOOG-13523,"https://digitalscholarship.brynmawr.edu/pta/boog/boog-13523/tiles/full/300,169/0/default.jpg",Boogie Nights (1997),16,0.066238426,5723,,,,
BOOG-13611,"https://digitalscholarship.brynmawr.edu/pta/boog/boog-13611/tiles/full/300,169/0/default.jpg",Boogie Nights (1997),16,0.066793981,5771,,,,
BOOG-13638,"https://digitalscholarship.brynmawr.edu/pta/boog/boog-13638/tiles/full/300,169/0/default.jpg",Boogie Nights (1997),16,0.067106481,5798,,,,
BOOG-13705,"https://digitalscholarship.brynmawr.edu/pta/boog/boog-13705/tiles/full/300,169/0/default.jpg",Boogie Nights (1997),16,0.067418981,5825,,,,
BOOG-13746,"https://digitalscholarship.brynmawr.edu/pta/boog/boog-13746/tiles/full/300,169/0/default.jpg",Boogie Nights (1997),16,0.067893519,5866,,,,
BOOG-13758,"https://digitalscholarship.brynmawr.edu/pta/boog/boog-13758/tiles/full/300,169/0/default.jpg",Boogie Nights (1997),16,0.068032407,5878,,,,
BOOG-13817,"https://digitalscholarship.brynmawr.edu/pta/boog/boog-13817/tiles/full/300,169/0/default.jpg",Boogie Nights (1997),16,0.068252315,5897,,,,
BOOG-13849,"https://digitalscholarship.brynmawr.edu/pta/boog/boog-13849/tiles/full/300,169/0/default.jpg",Boogie Nights (1997),16,0.068622685,5929,,,,
BOOG-13858,"https://digitalscholarship.brynmawr.edu/pta/boog/boog-13858/tiles/full/300,169/0/default.jpg",Boogie Nights (1997),16,0.068726852,5938,,,,
BOOG-13902,"https://digitalscholarship.brynmawr.edu/pta/boog/boog-13902/tiles/full/300,169/0/default.jpg",Boogie Nights (1997),16,0.068773148,5942,,,,
BOOG-13912,"https://digitalscholarship.brynmawr.edu/pta/boog/boog-13912/tiles/full/300,169/0/default.jpg",Boogie Nights (1997),17,0.068888889,5952,,,,
BOOG-13916,"https://digitalscholarship.brynmawr.edu/pta/boog/boog-13916/tiles/full/300,169/0/default.jpg",Boogie Nights (1997),17,0.068935185,5956,,,,
BOOG-13952,"https://digitalscholarship.brynmawr.edu/pta/boog/boog-13952/tiles/full/300,169/0/default.jpg",Boogie Nights (1997),17,0.069351852,5992,,,,
BOOG-14013,"https://digitalscholarship.brynmawr.edu/pta/boog/boog-14013/tiles/full/300,169/0/default.jpg",Boogie Nights (1997),17,0.069594907,6013,,,,
BOOG-14019,"https://digitalscholarship.brynmawr.edu/pta/boog/boog-14019/tiles/full/300,169/0/default.jpg",Boogie Nights (1997),17,0.069664352,6019,,,,
BOOG-14023,"https://digitalscholarship.brynmawr.edu/pta/boog/boog-14023/tiles/full/300,169/0/default.jpg",Boogie Nights (1997),17,0.069710648,6023,,,,
BOOG-14034,"https://digitalscholarship.brynmawr.edu/pta/boog/boog-14034/tiles/full/300,169/0/default.jpg",Boogie Nights (1997),17,0.069837963,6034,,,,
BOOG-14103,"https://digitalscholarship.brynmawr.edu/pta/boog/boog-14103/tiles/full/300,169/0/default.jpg",Boogie Nights (1997),17,0.070173611,6063,,,,
BOOG-14144,"https://digitalscholarship.brynmawr.edu/pta/boog/boog-14144/tiles/full/300,169/0/default.jpg",Boogie Nights (1997),17,0.070648148,6104,,,,
BOOG-14148,"https://digitalscholarship.brynmawr.edu/pta/boog/boog-14148/tiles/full/300,169/0/default.jpg",Boogie Nights (1997),17,0.070694444,6108,,,,
BOOG-14200,"https://digitalscholarship.brynmawr.edu/pta/boog/boog-14200/tiles/full/300,169/0/default.jpg",Boogie Nights (1997),17,0.070833333,6120,,,,
BOOG-14201,"https://digitalscholarship.brynmawr.edu/pta/boog/boog-14201/tiles/full/300,169/0/default.jpg",Boogie Nights (1997),17,0.070844907,6121,,,,
BOOG-14206,"https://digitalscholarship.brynmawr.edu/pta/boog/boog-14206/tiles/full/300,169/0/default.jpg",Boogie Nights (1997),17,0.070902778,6126,,,,
BOOG-14209,"https://digitalscholarship.brynmawr.edu/pta/boog/boog-14209/tiles/full/300,169/0/default.jpg",Boogie Nights (1997),17,0.0709375,6129,,,,
BOOG-14239,"https://digitalscholarship.brynmawr.edu/pta/boog/boog-14239/tiles/full/300,169/0/default.jpg",Boogie Nights (1997),17,0.071284722,6159,,,,
BOOG-14244,"https://digitalscholarship.brynmawr.edu/pta/boog/boog-14244/tiles/full/300,169/0/default.jpg",Boogie Nights (1997),17,0.071342593,6164,,,,
BOOG-14248,"https://digitalscholarship.brynmawr.edu/pta/boog/boog-14248/tiles/full/300,169/0/default.jpg",Boogie Nights (1997),17,0.071388889,6168,,,,
BOOG-14256,"https://digitalscholarship.brynmawr.edu/pta/boog/boog-14256/tiles/full/300,169/0/default.jpg",Boogie Nights (1997),17,0.071481481,6176,,,,
BOOG-14308,"https://digitalscholarship.brynmawr.edu/pta/boog/boog-14308/tiles/full/300,169/0/default.jpg",Boogie Nights (1997),17,0.07162037,6188,,,,
BOOG-14313,"https://digitalscholarship.brynmawr.edu/pta/boog/boog-14313/tiles/full/300,169/0/default.jpg",Boogie Nights (1997),17,0.071678241,6193,,,,
BOOG-14317,"https://digitalscholarship.brynmawr.edu/pta/boog/boog-14317/tiles/full/300,169/0/default.jpg",Boogie Nights (1997),17,0.071724537,6197,,,,
BOOG-14324,"https://digitalscholarship.brynmawr.edu/pta/boog/boog-14324/tiles/full/300,169/0/default.jpg",Boogie Nights (1997),17,0.071805556,6204,,,,
BOOG-14325,"https://digitalscholarship.brynmawr.edu/pta/boog/boog-14325/tiles/full/300,169/0/default.jpg",Boogie Nights (1997),17,0.07181713,6205,,,,
BOOG-14328,"https://digitalscholarship.brynmawr.edu/pta/boog/boog-14328/tiles/full/300,169/0/default.jpg",Boogie Nights (1997),17,0.071851852,6208,,,,
BOOG-14329,"https://digitalscholarship.brynmawr.edu/pta/boog/boog-14329/tiles/full/300,169/0/default.jpg",Boogie Nights (1997),17,0.071863426,6209,,,,
BOOG-14331,"https://digitalscholarship.brynmawr.edu/pta/boog/boog-14331/tiles/full/300,169/0/default.jpg",Boogie Nights (1997),17,0.071886574,6211,,,,
BOOG-14333,"https://digitalscholarship.brynmawr.edu/pta/boog/boog-14333/tiles/full/300,169/0/default.jpg",Boogie Nights (1997),17,0.071909722,6213,,,,
BOOG-14336,"https://digitalscholarship.brynmawr.edu/pta/boog/boog-14336/tiles/full/300,169/0/default.jpg",Boogie Nights (1997),17,0.071944444,6216,,,,
BOOG-14341,"https://digitalscholarship.brynmawr.edu/pta/boog/boog-14341/tiles/full/300,169/0/default.jpg",Boogie Nights (1997),17,0.072002315,6221,,,,
BOOG-14344,"https://digitalscholarship.brynmawr.edu/pta/boog/boog-14344/tiles/full/300,169/0/default.jpg",Boogie Nights (1997),17,0.072037037,6224,,,,
BOOG-14347,"https://digitalscholarship.brynmawr.edu/pta/boog/boog-14347/tiles/full/300,169/0/default.jpg",Boogie Nights (1997),17,0.072071759,6227,,,,
BOOG-14358,"https://digitalscholarship.brynmawr.edu/pta/boog/boog-14358/tiles/full/300,169/0/default.jpg",Boogie Nights (1997),17,0.072199074,6238,,,,
BOOG-14401,"https://digitalscholarship.brynmawr.edu/pta/boog/boog-14401/tiles/full/300,169/0/default.jpg",Boogie Nights (1997),17,0.072233796,6241,,,,
BOOG-14407,"https://digitalscholarship.brynmawr.edu/pta/boog/boog-14407/tiles/full/300,169/0/default.jpg",Boogie Nights (1997),17,0.072303241,6247,,,,
BOOG-14413,"https://digitalscholarship.brynmawr.edu/pta/boog/boog-14413/tiles/full/300,169/0/default.jpg",Boogie Nights (1997),17,0.072372685,6253,,,,
BOOG-14438,"https://digitalscholarship.brynmawr.edu/pta/boog/boog-14438/tiles/full/300,169/0/default.jpg",Boogie Nights (1997),17,0.072662037,6278,,,,
BOOG-14452,"https://digitalscholarship.brynmawr.edu/pta/boog/boog-14452/tiles/full/300,169/0/default.jpg",Boogie Nights (1997),17,0.072824074,6292,,,,
BOOG-14454,"https://digitalscholarship.brynmawr.edu/pta/boog/boog-14454/tiles/full/300,169/0/default.jpg",Boogie Nights (1997),17,0.072847222,6294,,,,
BOOG-14500,"https://digitalscholarship.brynmawr.edu/pta/boog/boog-14500/tiles/full/300,169/0/default.jpg",Boogie Nights (1997),17,0.072916667,6300,,,,
BOOG-14508,"https://digitalscholarship.brynmawr.edu/pta/boog/boog-14508/tiles/full/300,169/0/default.jpg",Boogie Nights (1997),17,0.073009259,6308,,,,
BOOG-14515,"https://digitalscholarship.brynmawr.edu/pta/boog/boog-14515/tiles/full/300,169/0/default.jpg",Boogie Nights (1997),17,0.073090278,6315,,,,
BOOG-14558,"https://digitalscholarship.brynmawr.edu/pta/boog/boog-14558/tiles/full/300,169/0/default.jpg",Boogie Nights (1997),17,0.073587963,6358,,,,
BOOG-14559,"https://digitalscholarship.brynmawr.edu/pta/boog/boog-14559/tiles/full/300,169/0/default.jpg",Boogie Nights (1997),17,0.073599537,6359,,,,
BOOG-14610,"https://digitalscholarship.brynmawr.edu/pta/boog/boog-14610/tiles/full/300,169/0/default.jpg",Boogie Nights (1997),17,0.073726852,6370,,,,
BOOG-14618,"https://digitalscholarship.brynmawr.edu/pta/boog/boog-14618/tiles/full/300,169/0/default.jpg",Boogie Nights (1997),17,0.073819444,6378,,,,
BOOG-14640,"https://digitalscholarship.brynmawr.edu/pta/boog/boog-14640/tiles/full/300,169/0/default.jpg",Boogie Nights (1997),17,0.074074074,6400,,,,
BOOG-14646,"https://digitalscholarship.brynmawr.edu/pta/boog/boog-14646/tiles/full/300,169/0/default.jpg",Boogie Nights (1997),17,0.074143519,6406,,,,
BOOG-14733,"https://digitalscholarship.brynmawr.edu/pta/boog/boog-14733/tiles/full/300,169/0/default.jpg",Boogie Nights (1997),17,0.0746875,6453,,,,
BOOG-14738,"https://digitalscholarship.brynmawr.edu/pta/boog/boog-14738/tiles/full/300,169/0/default.jpg",Boogie Nights (1997),17,0.07474537,6458,,,,
BOOG-14851,"https://digitalscholarship.brynmawr.edu/pta/boog/boog-14851/tiles/full/300,169/0/default.jpg",Boogie Nights (1997),18,0.075590278,6531,,,,
BOOG-14858,"https://digitalscholarship.brynmawr.edu/pta/boog/boog-14858/tiles/full/300,169/0/default.jpg",Boogie Nights (1997),18,0.075671296,6538,,,,
BOOG-14911,"https://digitalscholarship.brynmawr.edu/pta/boog/boog-14911/tiles/full/300,169/0/default.jpg",Boogie Nights (1997),18,0.075821759,6551,,,,
BOOG-14937,"https://digitalscholarship.brynmawr.edu/pta/boog/boog-14937/tiles/full/300,169/0/default.jpg",Boogie Nights (1997),18,0.076122685,6577,,,,
BOOG-14946,"https://digitalscholarship.brynmawr.edu/pta/boog/boog-14946/tiles/full/300,169/0/default.jpg",Boogie Nights (1997),18,0.076226852,6586,,,,
BOOG-14951,"https://digitalscholarship.brynmawr.edu/pta/boog/boog-14951/tiles/full/300,169/0/default.jpg",Boogie Nights (1997),18,0.076284722,6591,,,,
BOOG-15000,"https://digitalscholarship.brynmawr.edu/pta/boog/boog-15000/tiles/full/300,169/0/default.jpg",Boogie Nights (1997),18,0.076388889,6600,,,,
BOOG-15014,"https://digitalscholarship.brynmawr.edu/pta/boog/boog-15014/tiles/full/300,169/0/default.jpg",Boogie Nights (1997),18,0.076550926,6614,,,,
BOOG-15033,"https://digitalscholarship.brynmawr.edu/pta/boog/boog-15033/tiles/full/300,169/0/default.jpg",Boogie Nights (1997),18,0.076770833,6633,,,,
BOOG-15043,"https://digitalscholarship.brynmawr.edu/pta/boog/boog-15043/tiles/full/300,169/0/default.jpg",Boogie Nights (1997),18,0.076886574,6643,,,,
BOOG-15153,"https://digitalscholarship.brynmawr.edu/pta/boog/boog-15153/tiles/full/300,169/0/default.jpg",Boogie Nights (1997),18,0.077696759,6713,,,,
BOOG-15206,"https://digitalscholarship.brynmawr.edu/pta/boog/boog-15206/tiles/full/300,169/0/default.jpg",Boogie Nights (1997),18,0.077847222,6726,,,,
BOOG-15314,"https://digitalscholarship.brynmawr.edu/pta/boog/boog-15314/tiles/full/300,169/0/default.jpg",Boogie Nights (1997),18,0.078634259,6794,,,,
BOOG-15318,"https://digitalscholarship.brynmawr.edu/pta/boog/boog-15318/tiles/full/300,169/0/default.jpg",Boogie Nights (1997),19,0.078680556,6798,,,,
BOOG-15408,"https://digitalscholarship.brynmawr.edu/pta/boog/boog-15408/tiles/full/300,169/0/default.jpg",Boogie Nights (1997),19,0.079259259,6848,,,,
BOOG-15437,"https://digitalscholarship.brynmawr.edu/pta/boog/boog-15437/tiles/full/300,169/0/default.jpg",Boogie Nights (1997),19,0.079594907,6877,,,,
BOOG-15458,"https://digitalscholarship.brynmawr.edu/pta/boog/boog-15458/tiles/full/300,169/0/default.jpg",Boogie Nights (1997),19,0.079837963,6898,,,,
BOOG-15523,"https://digitalscholarship.brynmawr.edu/pta/boog/boog-15523/tiles/full/300,169/0/default.jpg",Boogie Nights (1997),19,0.080127315,6923,,,,
BOOG-15540,"https://digitalscholarship.brynmawr.edu/pta/boog/boog-15540/tiles/full/300,169/0/default.jpg",Boogie Nights (1997),19,0.080324074,6940,,,,
BOOG-15546,"https://digitalscholarship.brynmawr.edu/pta/boog/boog-15546/tiles/full/300,169/0/default.jpg",Boogie Nights (1997),19,0.080393519,6946,,,,
BOOG-15602,"https://digitalscholarship.brynmawr.edu/pta/boog/boog-15602/tiles/full/300,169/0/default.jpg",Boogie Nights (1997),19,0.080578704,6962,,,,
BOOG-15647,"https://digitalscholarship.brynmawr.edu/pta/boog/boog-15647/tiles/full/300,169/0/default.jpg",Boogie Nights (1997),19,0.081099537,7007,,,,
BOOG-15658,"https://digitalscholarship.brynmawr.edu/pta/boog/boog-15658/tiles/full/300,169/0/default.jpg",Boogie Nights (1997),19,0.081226852,7018,,,,
BOOG-15702,"https://digitalscholarship.brynmawr.edu/pta/boog/boog-15702/tiles/full/300,169/0/default.jpg",Boogie Nights (1997),19,0.081273148,7022,,,,
BOOG-15731,"https://digitalscholarship.brynmawr.edu/pta/boog/boog-15731/tiles/full/300,169/0/default.jpg",Boogie Nights (1997),19,0.081608796,7051,,,,
BOOG-15832,"https://digitalscholarship.brynmawr.edu/pta/boog/boog-15832/tiles/full/300,169/0/default.jpg",Boogie Nights (1997),19,0.082314815,7112,,,,
BOOG-15838,"https://digitalscholarship.brynmawr.edu/pta/boog/boog-15838/tiles/full/300,169/0/default.jpg",Boogie Nights (1997),19,0.082384259,7118,,,,
BOOG-15859,"https://digitalscholarship.brynmawr.edu/pta/boog/boog-15859/tiles/full/300,169/0/default.jpg",Boogie Nights (1997),19,0.082627315,7139,,,,
BOOG-15913,"https://digitalscholarship.brynmawr.edu/pta/boog/boog-15913/tiles/full/300,169/0/default.jpg",Boogie Nights (1997),19,0.082789352,7153,,,,
BOOG-15924,"https://digitalscholarship.brynmawr.edu/pta/boog/boog-15924/tiles/full/300,169/0/default.jpg",Boogie Nights (1997),19,0.082916667,7164,,,,
BOOG-15953,"https://digitalscholarship.brynmawr.edu/pta/boog/boog-15953/tiles/full/300,169/0/default.jpg",Boogie Nights (1997),19,0.083252315,7193,,,,
BOOG-15957,"https://digitalscholarship.brynmawr.edu/pta/boog/boog-15957/tiles/full/300,169/0/default.jpg",Boogie Nights (1997),19,0.083298611,7197,,,,
BOOG-20009,"https://digitalscholarship.brynmawr.edu/pta/boog/boog-20009/tiles/full/300,169/0/default.jpg",Boogie Nights (1997),19,0.0834375,7209,,,,
BOOG-20022,"https://digitalscholarship.brynmawr.edu/pta/boog/boog-20022/tiles/full/300,169/0/default.jpg",Boogie Nights (1997),19,0.083587963,7222,,,,
BOOG-20023,"https://digitalscholarship.brynmawr.edu/pta/boog/boog-20023/tiles/full/300,169/0/default.jpg",Boogie Nights (1997),19,0.083599537,7223,,,,
BOOG-20028,"https://digitalscholarship.brynmawr.edu/pta/boog/boog-20028/tiles/full/300,169/0/default.jpg",Boogie Nights (1997),19,0.083657407,7228,,,,
BOOG-20031,"https://digitalscholarship.brynmawr.edu/pta/boog/boog-20031/tiles/full/300,169/0/default.jpg",Boogie Nights (1997),19,0.08369213,7231,,,,
BOOG-20034,"https://digitalscholarship.brynmawr.edu/pta/boog/boog-20034/tiles/full/300,169/0/default.jpg",Boogie Nights (1997),19,0.083726852,7234,,,,
BOOG-20042,"https://digitalscholarship.brynmawr.edu/pta/boog/boog-20042/tiles/full/300,169/0/default.jpg",Boogie Nights (1997),19,0.083819444,7242,,,,
BOOG-20054,"https://digitalscholarship.brynmawr.edu/pta/boog/boog-20054/tiles/full/300,169/0/default.jpg",Boogie Nights (1997),19,0.083958333,7254,,,,
BOOG-20059,"https://digitalscholarship.brynmawr.edu/pta/boog/boog-20059/tiles/full/300,169/0/default.jpg",Boogie Nights (1997),19,0.084016204,7259,,,,
BOOG-20103,"https://digitalscholarship.brynmawr.edu/pta/boog/boog-20103/tiles/full/300,169/0/default.jpg",Boogie Nights (1997),19,0.0840625,7263,,,,
BOOG-20112,"https://digitalscholarship.brynmawr.edu/pta/boog/boog-20112/tiles/full/300,169/0/default.jpg",Boogie Nights (1997),19,0.084166667,7272,,,,
BOOG-20115,"https://digitalscholarship.brynmawr.edu/pta/boog/boog-20115/tiles/full/300,169/0/default.jpg",Boogie Nights (1997),19,0.084201389,7275,,,,
BOOG-20127,"https://digitalscholarship.brynmawr.edu/pta/boog/boog-20127/tiles/full/300,169/0/default.jpg",Boogie Nights (1997),19,0.084340278,7287,,,,
BOOG-20149,"https://digitalscholarship.brynmawr.edu/pta/boog/boog-20149/tiles/full/300,169/0/default.jpg",Boogie Nights (1997),19,0.084594907,7309,,,,
BOOG-20206,"https://digitalscholarship.brynmawr.edu/pta/boog/boog-20206/tiles/full/300,169/0/default.jpg",Boogie Nights (1997),19,0.084791667,7326,,,,
BOOG-20225,"https://digitalscholarship.brynmawr.edu/pta/boog/boog-20225/tiles/full/300,169/0/default.jpg",Boogie Nights (1997),19,0.085011574,7345,,,,
BOOG-20230,"https://digitalscholarship.brynmawr.edu/pta/boog/boog-20230/tiles/full/300,169/0/default.jpg",Boogie Nights (1997),19,0.085069444,7350,,,,
BOOG-20249,"https://digitalscholarship.brynmawr.edu/pta/boog/boog-20249/tiles/full/300,169/0/default.jpg",Boogie Nights (1997),19,0.085289352,7369,,,,
BOOG-20320,"https://digitalscholarship.brynmawr.edu/pta/boog/boog-20320/tiles/full/300,169/0/default.jpg",Boogie Nights (1997),19,0.085648148,7400,,,,
BOOG-20347,"https://digitalscholarship.brynmawr.edu/pta/boog/boog-20347/tiles/full/300,169/0/default.jpg",Boogie Nights (1997),19,0.085960648,7427,,,,
BOOG-20349,"https://digitalscholarship.brynmawr.edu/pta/boog/boog-20349/tiles/full/300,169/0/default.jpg",Boogie Nights (1997),19,0.085983796,7429,,,,
BOOG-20351,"https://digitalscholarship.brynmawr.edu/pta/boog/boog-20351/tiles/full/300,169/0/default.jpg",Boogie Nights (1997),19,0.086006944,7431,,,,
BOOG-20353,"https://digitalscholarship.brynmawr.edu/pta/boog/boog-20353/tiles/full/300,169/0/default.jpg",Boogie Nights (1997),19,0.086053241,7435,,,,
BOOG-20358,"https://digitalscholarship.brynmawr.edu/pta/boog/boog-20358/tiles/full/300,169/0/default.jpg",Boogie Nights (1997),19,0.086087963,7438,,,,
BOOG-20404,"https://digitalscholarship.brynmawr.edu/pta/boog/boog-20404/tiles/full/300,169/0/default.jpg",Boogie Nights (1997),19,0.086157407,7444,,,,
BOOG-20410,"https://digitalscholarship.brynmawr.edu/pta/boog/boog-20410/tiles/full/300,169/0/default.jpg",Boogie Nights (1997),19,0.086226852,7450,,,,
BOOG-20413,"https://digitalscholarship.brynmawr.edu/pta/boog/boog-20413/tiles/full/300,169/0/default.jpg",Boogie Nights (1997),19,0.086261574,7453,,,,
BOOG-20414,"https://digitalscholarship.brynmawr.edu/pta/boog/boog-20414/tiles/full/300,169/0/default.jpg",Boogie Nights (1997),19,0.086273148,7454,,,,
BOOG-20415,"https://digitalscholarship.brynmawr.edu/pta/boog/boog-20415/tiles/full/300,169/0/default.jpg",Boogie Nights (1997),19,0.086284722,7455,,,,
BOOG-20423,"https://digitalscholarship.brynmawr.edu/pta/boog/boog-20423/tiles/full/300,169/0/default.jpg",Boogie Nights (1997),19,0.086377315,7463,,,,
BOOG-20429,"https://digitalscholarship.brynmawr.edu/pta/boog/boog-20429/tiles/full/300,169/0/default.jpg",Boogie Nights (1997),19,0.086446759,7469,,,,
BOOG-20438,"https://digitalscholarship.brynmawr.edu/pta/boog/boog-20438/tiles/full/300,169/0/default.jpg",Boogie Nights (1997),19,0.086550926,7478,,,,
BOOG-20440,"https://digitalscholarship.brynmawr.edu/pta/boog/boog-20440/tiles/full/300,169/0/default.jpg",Boogie Nights (1997),19,0.086574074,7480,,,,
BOOG-20441,"https://digitalscholarship.brynmawr.edu/pta/boog/boog-20441/tiles/full/300,169/0/default.jpg",Boogie Nights (1997),19,0.086585648,7481,,,,
BOOG-20443,"https://digitalscholarship.brynmawr.edu/pta/boog/boog-20443/tiles/full/300,169/0/default.jpg",Boogie Nights (1997),19,0.086608796,7483,,,,
BOOG-20452,"https://digitalscholarship.brynmawr.edu/pta/boog/boog-20452/tiles/full/300,169/0/default.jpg",Boogie Nights (1997),19,0.086712963,7492,,,,
BOOG-20500,"https://digitalscholarship.brynmawr.edu/pta/boog/boog-20500/tiles/full/300,169/0/default.jpg",Boogie Nights (1997),19,0.086805556,7500,,,,
BOOG-20516,"https://digitalscholarship.brynmawr.edu/pta/boog/boog-20516/tiles/full/300,169/0/default.jpg",Boogie Nights (1997),19,0.086990741,7516,,,,
BOOG-20520,"https://digitalscholarship.brynmawr.edu/pta/boog/boog-20520/tiles/full/300,169/0/default.jpg",Boogie Nights (1997),19,0.087037037,7520,,,,
BOOG-20521,"https://digitalscholarship.brynmawr.edu/pta/boog/boog-20521/tiles/full/300,169/0/default.jpg",Boogie Nights (1997),20,0.087048611,7521,,,,
BOOG-20525,"https://digitalscholarship.brynmawr.edu/pta/boog/boog-20525/tiles/full/300,169/0/default.jpg",Boogie Nights (1997),20,0.087094907,7525,,,,
BOGG-20527,"https://digitalscholarship.brynmawr.edu/pta/boog/boog-20527/tiles/full/300,169/0/default.jpg",Boogie Nights (1997),20,0.087118056,7527,,,,
BOOG-20528,"https://digitalscholarship.brynmawr.edu/pta/boog/boog-20528/tiles/full/300,169/0/default.jpg",Boogie Nights (1997),20,0.08712963,7528,,,,
BOOG-20529,"https://digitalscholarship.brynmawr.edu/pta/boog/boog-20529/tiles/full/300,169/0/default.jpg",Boogie Nights (1997),20,0.087141204,7529,,,,
BOOG-20540,"https://digitalscholarship.brynmawr.edu/pta/boog/boog-20540/tiles/full/300,169/0/default.jpg",Boogie Nights (1997),20,0.087268519,7540,,,,
BOOG-20645,"https://digitalscholarship.brynmawr.edu/pta/boog/boog-20645/tiles/full/300,169/0/default.jpg",Boogie Nights (1997),20,0.088020833,7605,,,,
BOOG-20654,"https://digitalscholarship.brynmawr.edu/pta/boog/boog-20654/tiles/full/300,169/0/default.jpg",Boogie Nights (1997),20,0.088125,7614,,,,
BOOG-20702,"https://digitalscholarship.brynmawr.edu/pta/boog/boog-20702/tiles/full/300,169/0/default.jpg",Boogie Nights (1997),20,0.088217593,7622,,,,
BOOG-20703,"https://digitalscholarship.brynmawr.edu/pta/boog/boog-20703/tiles/full/300,169/0/default.jpg",Boogie Nights (1997),20,0.088229167,7623,,,,
BOOG-20724,"https://digitalscholarship.brynmawr.edu/pta/boog/boog-20724/tiles/full/300,169/0/default.jpg",Boogie Nights (1997),20,0.088472222,7644,,,,
BOOG-20739,"https://digitalscholarship.brynmawr.edu/pta/boog/boog-20739/tiles/full/300,169/0/default.jpg",Boogie Nights (1997),20,0.088645833,7659,,,,
BOOG-20752,"https://digitalscholarship.brynmawr.edu/pta/boog/boog-20752/tiles/full/300,169/0/default.jpg",Boogie Nights (1997),20,0.088796296,7672,,,,
BOOG-20801,"https://digitalscholarship.brynmawr.edu/pta/boog/boog-20801/tiles/full/300,169/0/default.jpg",Boogie Nights (1997),20,0.088900463,7681,,,,
BOOG-20808,"https://digitalscholarship.brynmawr.edu/pta/boog/boog-20808/tiles/full/300,169/0/default.jpg",Boogie Nights (1997),20,0.088981481,7688,,,,
BOOG-20820,"https://digitalscholarship.brynmawr.edu/pta/boog/boog-20820/tiles/full/300,169/0/default.jpg",Boogie Nights (1997),20,0.08912037,7700,,,,
BOOG-20832,"https://digitalscholarship.brynmawr.edu/pta/boog/boog-20832/tiles/full/300,169/0/default.jpg",Boogie Nights (1997),20,0.089259259,7712,,,,
BOOG-20837,"https://digitalscholarship.brynmawr.edu/pta/boog/boog-20837/tiles/full/300,169/0/default.jpg",Boogie Nights (1997),20,0.08931713,7717,,,,
BOOG-20850,"https://digitalscholarship.brynmawr.edu/pta/boog/boog-20850/tiles/full/300,169/0/default.jpg",Boogie Nights (1997),20,0.089467593,7730,,,,
BOOG-20857,"https://digitalscholarship.brynmawr.edu/pta/boog/boog-20857/tiles/full/300,169/0/default.jpg",Boogie Nights (1997),20,0.089548611,7737,,,,
BOOG-20910,"https://digitalscholarship.brynmawr.edu/pta/boog/boog-20910/tiles/full/300,169/0/default.jpg",Boogie Nights (1997),20,0.089699074,7750,,,,
BOOG-20926,"https://digitalscholarship.brynmawr.edu/pta/boog/boog-20926/tiles/full/300,169/0/default.jpg",Boogie Nights (1997),20,0.089884259,7766,,,,
BOOG-20934,"https://digitalscholarship.brynmawr.edu/pta/boog/boog-20934/tiles/full/300,169/0/default.jpg",Boogie Nights (1997),20,0.089976852,7774,,,,
BOOG-21004,"https://digitalscholarship.brynmawr.edu/pta/boog/boog-21004/tiles/full/300,169/0/default.jpg",Boogie Nights (1997),20,0.090324074,7804,,,,
BOOG-21011,"https://digitalscholarship.brynmawr.edu/pta/boog/boog-21011/tiles/full/300,169/0/default.jpg",Boogie Nights (1997),20,0.090405093,7811,,,,
BOOG-21016,"https://digitalscholarship.brynmawr.edu/pta/boog/boog-21016/tiles/full/300,169/0/default.jpg",Boogie Nights (1997),20,0.090462963,7816,,,,
BOOG-21024,"https://digitalscholarship.brynmawr.edu/pta/boog/boog-21024/tiles/full/300,169/0/default.jpg",Boogie Nights (1997),20,0.090555556,7824,,,,
BOOG-21029,"https://digitalscholarship.brynmawr.edu/pta/boog/boog-21029/tiles/full/300,169/0/default.jpg",Boogie Nights (1997),20,0.090613426,7829,,,,
BOOG-21037,"https://digitalscholarship.brynmawr.edu/pta/boog/boog-21037/tiles/full/300,169/0/default.jpg",Boogie Nights (1997),20,0.090706019,7837,,,,
BOOG-21051,"https://digitalscholarship.brynmawr.edu/pta/boog/boog-21051/tiles/full/300,169/0/default.jpg",Boogie Nights (1997),20,0.090868056,7851,,,,
BOOG-21101,"https://digitalscholarship.brynmawr.edu/pta/boog/boog-21101/tiles/full/300,169/0/default.jpg",Boogie Nights (1997),20,0.090983796,7861,,,,
BOOG-21109,"https://digitalscholarship.brynmawr.edu/pta/boog/boog-21109/tiles/full/300,169/0/default.jpg",Boogie Nights (1997),20,0.091076389,7869,,,,
BOOG-21113,"https://digitalscholarship.brynmawr.edu/pta/boog/boog-21113/tiles/full/300,169/0/default.jpg",Boogie Nights (1997),20,0.091122685,7873,,,,
BOOG-21122,"https://digitalscholarship.brynmawr.edu/pta/boog/boog-21122/tiles/full/300,169/0/default.jpg",Boogie Nights (1997),20,0.091226852,7882,,,,
BOOG-21129,"https://digitalscholarship.brynmawr.edu/pta/boog/boog-21129/tiles/full/300,169/0/default.jpg",Boogie Nights (1997),20,0.09130787,7889,,,,
BOOG-21139,"https://digitalscholarship.brynmawr.edu/pta/boog/boog-21139/tiles/full/300,169/0/default.jpg",Boogie Nights (1997),20,0.091423611,7899,,,,
BOOG-21220,"https://digitalscholarship.brynmawr.edu/pta/boog/boog-21220/tiles/full/300,169/0/default.jpg",Boogie Nights (1997),20,0.091898148,7940,,,,
BOOG-21221,"https://digitalscholarship.brynmawr.edu/pta/boog/boog-21221/tiles/full/300,169/0/default.jpg",Boogie Nights (1997),20,0.091909722,7941,,,,
BOOG-21222,"https://digitalscholarship.brynmawr.edu/pta/boog/boog-21222/tiles/full/300,169/0/default.jpg",Boogie Nights (1997),20,0.091921296,7942,,,,
BOOG-21321,"https://digitalscholarship.brynmawr.edu/pta/boog/boog-21321/tiles/full/300,169/0/default.jpg",Boogie Nights (1997),20,0.092604167,8001,,,,
BOOG-21343,"https://digitalscholarship.brynmawr.edu/pta/boog/boog-21343/tiles/full/300,169/0/default.jpg",Boogie Nights (1997),20,0.092858796,8023,,,,
BOOG-21423,"https://digitalscholarship.brynmawr.edu/pta/boog/boog-21423/tiles/full/300,169/0/default.jpg",Boogie Nights (1997),20,0.093321759,8063,,,,
BOOG-21432,"https://digitalscholarship.brynmawr.edu/pta/boog/boog-21432/tiles/full/300,169/0/default.jpg",Boogie Nights (1997),20,0.093425926,8072,,,,
BOOG-21445,"https://digitalscholarship.brynmawr.edu/pta/boog/boog-21445/tiles/full/300,169/0/default.jpg",Boogie Nights (1997),20,0.093576389,8085,,,,
BOOG-21508,"https://digitalscholarship.brynmawr.edu/pta/boog/boog-21508/tiles/full/300,169/0/default.jpg",Boogie Nights (1997),20,0.093842593,8108,,,,
BOOG-21530,"https://digitalscholarship.brynmawr.edu/pta/boog/boog-21530/tiles/full/300,169/0/default.jpg",Boogie Nights (1997),20,0.094097222,8130,,,,
BOOG-21531,"https://digitalscholarship.brynmawr.edu/pta/boog/boog-21531/tiles/full/300,169/0/default.jpg",Boogie Nights (1997),20,0.094108796,8131,,,,
BOOG-21533,"https://digitalscholarship.brynmawr.edu/pta/boog/boog-21533/tiles/full/300,169/0/default.jpg",Boogie Nights (1997),20,0.094131944,8133,,,,
BOOG-21534,"https://digitalscholarship.brynmawr.edu/pta/boog/boog-21534/tiles/full/300,169/0/default.jpg",Boogie Nights (1997),20,0.094143519,8134,,,,
BOOG-21537,"https://digitalscholarship.brynmawr.edu/pta/boog/boog-21537/tiles/full/300,169/0/default.jpg",Boogie Nights (1997),20,0.094178241,8137,,,,
BOOG-21538,"https://digitalscholarship.brynmawr.edu/pta/boog/boog-21538/tiles/full/300,169/0/default.jpg",Boogie Nights (1997),20,0.094189815,8138,,,,
BOOG-21541,"https://digitalscholarship.brynmawr.edu/pta/boog/boog-21541/tiles/full/300,169/0/default.jpg",Boogie Nights (1997),20,0.094224537,8141,,,,
BOOG-21545,"https://digitalscholarship.brynmawr.edu/pta/boog/boog-21545/tiles/full/300,169/0/default.jpg",Boogie Nights (1997),20,0.094270833,8145,,,,
BOOG-21550,"https://digitalscholarship.brynmawr.edu/pta/boog/boog-21550/tiles/full/300,169/0/default.jpg",Boogie Nights (1997),20,0.094328704,8150,,,,
BOOG-21602,"https://digitalscholarship.brynmawr.edu/pta/boog/boog-21602/tiles/full/300,169/0/default.jpg",Boogie Nights (1997),20,0.094467593,8162,,,,
BOOG-21625,"https://digitalscholarship.brynmawr.edu/pta/boog/boog-21625/tiles/full/300,169/0/default.jpg",Boogie Nights (1997),20,0.094733796,8185,,,,
BOOG-21626,"https://digitalscholarship.brynmawr.edu/pta/boog/boog-21626/tiles/full/300,169/0/default.jpg",Boogie Nights (1997),20,0.09474537,8186,,,,
BOOG-21632,"https://digitalscholarship.brynmawr.edu/pta/boog/boog-21632/tiles/full/300,169/0/default.jpg",Boogie Nights (1997),20,0.094814815,8192,,,,
BOOG-21639,"https://digitalscholarship.brynmawr.edu/pta/boog/boog-21639/tiles/full/300,169/0/default.jpg",Boogie Nights (1997),20,0.094895833,8199,,,,
BOOG-21645,"https://digitalscholarship.brynmawr.edu/pta/boog/boog-21645/tiles/full/300,169/0/default.jpg",Boogie Nights (1997),20,0.094965278,8205,,,,
BOOG-21647,"https://digitalscholarship.brynmawr.edu/pta/boog/boog-21647/tiles/full/300,169/0/default.jpg",Boogie Nights (1997),20,0.094988426,8207,,,,
BOOG-21652,"https://digitalscholarship.brynmawr.edu/pta/boog/boog-21652/tiles/full/300,169/0/default.jpg",Boogie Nights (1997),20,0.095046296,8212,,,,
BOOG-21654,"https://digitalscholarship.brynmawr.edu/pta/boog/boog-21654/tiles/full/300,169/0/default.jpg",Boogie Nights (1997),20,0.095069444,8214,,,,
BOOG-21700,"https://digitalscholarship.brynmawr.edu/pta/boog/boog-21700/tiles/full/300,169/0/default.jpg",Boogie Nights (1997),20,0.095138889,8220,,,,
BOOG-21702,"https://digitalscholarship.brynmawr.edu/pta/boog/boog-21702/tiles/full/300,169/0/default.jpg",Boogie Nights (1997),20,0.095162037,8222,,,,
BOOG-21704,"https://digitalscholarship.brynmawr.edu/pta/boog/boog-21704/tiles/full/300,169/0/default.jpg",Boogie Nights (1997),20,0.095185185,8224,,,,
BOOG-21719,"https://digitalscholarship.brynmawr.edu/pta/boog/boog-21719/tiles/full/300,169/0/default.jpg",Boogie Nights (1997),20,0.095358796,8239,,,,
BOOG-21728,"https://digitalscholarship.brynmawr.edu/pta/boog/boog-21728/tiles/full/300,169/0/default.jpg",Boogie Nights (1997),20,0.095462963,8248,,,,
BOOG-21729,"https://digitalscholarship.brynmawr.edu/pta/boog/boog-21729/tiles/full/300,169/0/default.jpg",Boogie Nights (1997),20,0.095474537,8249,,,,
BOOG-21748,"https://digitalscholarship.brynmawr.edu/pta/boog/boog-21748/tiles/full/300,169/0/default.jpg",Boogie Nights (1997),21,0.095694444,8268,,,,
BOOG-21804,"https://digitalscholarship.brynmawr.edu/pta/boog/boog-21804/tiles/full/300,169/0/default.jpg",Boogie Nights (1997),21,0.09587963,8284,,,,
BOOG-21823,"https://digitalscholarship.brynmawr.edu/pta/boog/boog-21823/tiles/full/300,169/0/default.jpg",Boogie Nights (1997),21,0.096099537,8303,,,,
BOOG-21917,"https://digitalscholarship.brynmawr.edu/pta/boog/boog-21917/tiles/full/300,169/0/default.jpg",Boogie Nights (1997),21,0.096724537,8357,,,,
BOOG-21944,"https://digitalscholarship.brynmawr.edu/pta/boog/boog-21944/tiles/full/300,169/0/default.jpg",Boogie Nights (1997),21,0.097037037,8384,,,,
BOOG-21952,"https://digitalscholarship.brynmawr.edu/pta/boog/boog-21952/tiles/full/300,169/0/default.jpg",Boogie Nights (1997),21,0.09712963,8392,,,,
BOOG-22010,"https://digitalscholarship.brynmawr.edu/pta/boog/boog-22010/tiles/full/300,169/0/default.jpg",Boogie Nights (1997),21,0.097337963,8410,,,,
BOOG-22024,"https://digitalscholarship.brynmawr.edu/pta/boog/boog-22024/tiles/full/300,169/0/default.jpg",Boogie Nights (1997),21,0.0975,8424,,,,
BOOG-22040,"https://digitalscholarship.brynmawr.edu/pta/boog/boog-22040/tiles/full/300,169/0/default.jpg",Boogie Nights (1997),21,0.097685185,8440,,,,
BOOG-22044,"https://digitalscholarship.brynmawr.edu/pta/boog/boog-22044/tiles/full/300,169/0/default.jpg",Boogie Nights (1997),21,0.097731481,8444,,,,
BOOG-22101,"https://digitalscholarship.brynmawr.edu/pta/boog/boog-22101/tiles/full/300,169/0/default.jpg",Boogie Nights (1997),21,0.097928241,8461,,,,
BOOG-22106,"https://digitalscholarship.brynmawr.edu/pta/boog/boog-22106/tiles/full/300,169/0/default.jpg",Boogie Nights (1997),21,0.097986111,8466,,,,
BOOG-22131,"https://digitalscholarship.brynmawr.edu/pta/boog/boog-22131/tiles/full/300,169/0/default.jpg",Boogie Nights (1997),21,0.098275463,8491,,,,
BOOG-22218,"https://digitalscholarship.brynmawr.edu/pta/boog/boog-22218/tiles/full/300,169/0/default.jpg",Boogie Nights (1997),21,0.098819444,8538,,,,
BOOG-22225,"https://digitalscholarship.brynmawr.edu/pta/boog/boog-22225/tiles/full/300,169/0/default.jpg",Boogie Nights (1997),21,0.098900463,8545,,,,
BOOG-22236,"https://digitalscholarship.brynmawr.edu/pta/boog/boog-22236/tiles/full/300,169/0/default.jpg",Boogie Nights (1997),21,0.099027778,8556,,,,
BOOG-22248,"https://digitalscholarship.brynmawr.edu/pta/boog/boog-22248/tiles/full/300,169/0/default.jpg",Boogie Nights (1997),22,0.099166667,8568,,,,
BOOG-22257,"https://digitalscholarship.brynmawr.edu/pta/boog/boog-22257/tiles/full/300,169/0/default.jpg",Boogie Nights (1997),22,0.099270833,8577,,,,
BOOG-22318,"https://digitalscholarship.brynmawr.edu/pta/boog/boog-22318/tiles/full/300,169/0/default.jpg",Boogie Nights (1997),22,0.099513889,8598,,,,
BOOG-22330,"https://digitalscholarship.brynmawr.edu/pta/boog/boog-22330/tiles/full/300,169/0/default.jpg",Boogie Nights (1997),22,0.099652778,8610,,,,
BOOG-22345,"https://digitalscholarship.brynmawr.edu/pta/boog/boog-22345/tiles/full/300,169/0/default.jpg",Boogie Nights (1997),22,0.099826389,8625,,,,
BOOG-22410,"https://digitalscholarship.brynmawr.edu/pta/boog/boog-22410/tiles/full/300,169/0/default.jpg",Boogie Nights (1997),22,0.100115741,8650,,,,
BOOG-22425,"https://digitalscholarship.brynmawr.edu/pta/boog/boog-22425/tiles/full/300,169/0/default.jpg",Boogie Nights (1997),22,0.100289352,8665,,,,
BOOG-22445,"https://digitalscholarship.brynmawr.edu/pta/boog/boog-22445/tiles/full/300,169/0/default.jpg",Boogie Nights (1997),22,0.100520833,8685,,,,
BOOG-22517,"https://digitalscholarship.brynmawr.edu/pta/boog/boog-22517/tiles/full/300,169/0/default.jpg",Boogie Nights (1997),22,0.100891204,8717,,,,
BOOG-22521,"https://digitalscholarship.brynmawr.edu/pta/boog/boog-22521/tiles/full/300,169/0/default.jpg",Boogie Nights (1997),22,0.1009375,8721,,,,
BOOG-22638,"https://digitalscholarship.brynmawr.edu/pta/boog/boog-22638/tiles/full/300,169/0/default.jpg",Boogie Nights (1997),22,0.101828704,8798,,,,
BOOG-22709,"https://digitalscholarship.brynmawr.edu/pta/boog/boog-22709/tiles/full/300,169/0/default.jpg",Boogie Nights (1997),22,0.1021875,8829,,,,
BOOG-22738,"https://digitalscholarship.brynmawr.edu/pta/boog/boog-22738/tiles/full/300,169/0/default.jpg",Boogie Nights (1997),22,0.102523148,8858,,,,
BOOG-22740,"https://digitalscholarship.brynmawr.edu/pta/boog/boog-22740/tiles/full/300,169/0/default.jpg",Boogie Nights (1997),23,0.102546296,8860,,,,
BOOG-23005,"https://digitalscholarship.brynmawr.edu/pta/boog/boog-23005/tiles/full/300,169/0/default.jpg",Boogie Nights (1997),23,0.104224537,9005,,,,
BOOG-23525,"https://digitalscholarship.brynmawr.edu/pta/boog/boog-23525/tiles/full/300,169/0/default.jpg",Boogie Nights (1997),23,0.107928241,9325,,,,
MAGN-00031,"https://ptannotated.com/iiif/magn/magn-00031/tiles/full/300,169/0/default.jpg",Magnolia (1999),1,0.000358796,31,,,,
MAGN-00040,"https://ptannotated.com/iiif/magn/magn-00040/tiles/full/300,169/0/default.jpg",Magnolia (1999),1,0.000462963,40,,,,
MAGN-00044,"https://ptannotated.com/iiif/magn/magn-00044/tiles/full/300,169/0/default.jpg",Magnolia (1999),1,0.000509259,44,,,,
MAGN-00054,"https://ptannotated.com/iiif/magn/magn-00054/tiles/full/300,169/0/default.jpg",Magnolia (1999),1,0.000625,54,,,,
MAGN-00056,"https://ptannotated.com/iiif/magn/magn-00056/tiles/full/300,169/0/default.jpg",Magnolia (1999),1,0.000648148,56,,,,
MAGN-00059,"https://ptannotated.com/iiif/magn/magn-00059/tiles/full/300,169/0/default.jpg",Magnolia (1999),1,0.00068287,59,,,,
MAGN-00106,"https://ptannotated.com/iiif/magn/magn-00106/tiles/full/300,169/0/default.jpg",Magnolia (1999),1,0.000763889,66,,,,
MAGN-00112,"https://ptannotated.com/iiif/magn/magn-00112/tiles/full/300,169/0/default.jpg",Magnolia (1999),1,0.000833333,72,,,,
MAGN-00117,"https://ptannotated.com/iiif/magn/magn-00117/tiles/full/300,169/0/default.jpg",Magnolia (1999),1,0.000891204,77,,,,
MAGN-00124,"https://ptannotated.com/iiif/magn/magn-00124/tiles/full/300,169/0/default.jpg",Magnolia (1999),1,0.000972222,84,,,,
MAGN-00128,"https://ptannotated.com/iiif/magn/magn-00128/tiles/full/300,169/0/default.jpg",Magnolia (1999),1,0.001018519,88,,,,
MAGN-00130,"https://ptannotated.com/iiif/magn/magn-00130/tiles/full/300,169/0/default.jpg",Magnolia (1999),1,0.001041667,90,,,,
MAGN-00134,"https://ptannotated.com/iiif/magn/magn-00134/tiles/full/300,169/0/default.jpg",Magnolia (1999),1,0.001087963,94,,,,
MAGN-00137,"https://ptannotated.com/iiif/magn/magn-00137/tiles/full/300,169/0/default.jpg",Magnolia (1999),1,0.001122685,97,,,,
MAGN-00144,"https://ptannotated.com/iiif/magn/magn-00144/tiles/full/300,169/0/default.jpg",Magnolia (1999),1,0.001203704,104,,,,
MAGN-00148,"https://ptannotated.com/iiif/magn/magn-00148/tiles/full/300,169/0/default.jpg",Magnolia (1999),1,0.00125,108,,,,
MAGN-00149,"https://ptannotated.com/iiif/magn/magn-00149/tiles/full/300,169/0/default.jpg",Magnolia (1999),1,0.001261574,109,,,,
MAGN-00151,"https://ptannotated.com/iiif/magn/magn-00151/tiles/full/300,169/0/default.jpg",Magnolia (1999),1,0.001284722,111,,,,
MAGN-00153,"https://ptannotated.com/iiif/magn/magn-00153/tiles/full/300,169/0/default.jpg",Magnolia (1999),1,0.00130787,113,,,,
MAGN-00206,"https://ptannotated.com/iiif/magn/magn-00206/tiles/full/300,169/0/default.jpg",Magnolia (1999),1,0.001458333,126,,,,
MAGN-00223,"https://ptannotated.com/iiif/magn/magn-00223/tiles/full/300,169/0/default.jpg",Magnolia (1999),1,0.001655093,143,,,,
MAGN-00227,"https://ptannotated.com/iiif/magn/magn-00227/tiles/full/300,169/0/default.jpg",Magnolia (1999),1,0.001701389,147,,,,
MAGN-00229,"https://ptannotated.com/iiif/magn/magn-00229/tiles/full/300,169/0/default.jpg",Magnolia (1999),1,0.001724537,149,,,,
MAGN-00232,"https://ptannotated.com/iiif/magn/magn-00232/tiles/full/300,169/0/default.jpg",Magnolia (1999),1,0.001759259,152,,,,
MAGN-00234,"https://ptannotated.com/iiif/magn/magn-00234/tiles/full/300,169/0/default.jpg",Magnolia (1999),1,0.001782407,154,,,,
MAGN-00235,"https://ptannotated.com/iiif/magn/magn-00235/tiles/full/300,169/0/default.jpg",Magnolia (1999),1,0.001793981,155,,,,
MAGN-00241,"https://ptannotated.com/iiif/magn/magn-00241/tiles/full/300,169/0/default.jpg",Magnolia (1999),1,0.001863426,161,,,,
MAGN-00246,"https://ptannotated.com/iiif/magn/magn-00246/tiles/full/300,169/0/default.jpg",Magnolia (1999),1,0.001921296,166,,,,
MAGN-00250,"https://ptannotated.com/iiif/magn/magn-00250/tiles/full/300,169/0/default.jpg",Magnolia (1999),1,0.001967593,170,,,,
MAGN-00254,"https://ptannotated.com/iiif/magn/magn-00254/tiles/full/300,169/0/default.jpg",Magnolia (1999),1,0.002013889,174,,,,
MAGN-00301,"https://ptannotated.com/iiif/magn/magn-00301/tiles/full/300,169/0/default.jpg",Magnolia (1999),1,0.002094907,181,,,,
MAGN-00314,"https://ptannotated.com/iiif/magn/magn-00314/tiles/full/300,169/0/default.jpg",Magnolia (1999),1,0.00224537,194,,,,
MAGN-00322,"https://ptannotated.com/iiif/magn/magn-00322/tiles/full/300,169/0/default.jpg",Magnolia (1999),1,0.002337963,202,,,,
MAGN-00323,"https://ptannotated.com/iiif/magn/magn-00323/tiles/full/300,169/0/default.jpg",Magnolia (1999),1,0.002349537,203,,,,
MAGN-00324,"https://ptannotated.com/iiif/magn/magn-00324/tiles/full/300,169/0/default.jpg",Magnolia (1999),1,0.002361111,204,,,,
MAGN-00327,"https://ptannotated.com/iiif/magn/magn-00327/tiles/full/300,169/0/default.jpg",Magnolia (1999),1,0.002395833,207,,,,
MAGN-00336,"https://ptannotated.com/iiif/magn/magn-00336/tiles/full/300,169/0/default.jpg",Magnolia (1999),1,0.0025,216,,,,
MAGN-00338,"https://ptannotated.com/iiif/magn/magn-00338/tiles/full/300,169/0/default.jpg",Magnolia (1999),1,0.002523148,218,,,,
MAGN-00347,"https://ptannotated.com/iiif/magn/magn-00347/tiles/full/300,169/0/default.jpg",Magnolia (1999),1,0.002627315,227,,,,
MAGN-00354,"https://ptannotated.com/iiif/magn/magn-00354/tiles/full/300,169/0/default.jpg",Magnolia (1999),1,0.002708333,234,,,,
MAGN-00359,"https://ptannotated.com/iiif/magn/magn-00359/tiles/full/300,169/0/default.jpg",Magnolia (1999),1,0.002766204,239,,,,
MAGN-00401,"https://ptannotated.com/iiif/magn/magn-00401/tiles/full/300,169/0/default.jpg",Magnolia (1999),1,0.002789352,241,,,,
MAGN-00402,"https://ptannotated.com/iiif/magn/magn-00402/tiles/full/300,169/0/default.jpg",Magnolia (1999),1,0.002800926,242,,,,
MAGN-00409,"https://ptannotated.com/iiif/magn/magn-00409/tiles/full/300,169/0/default.jpg",Magnolia (1999),1,0.002881944,249,,,,
MAGN-00418,"https://ptannotated.com/iiif/magn/magn-00418/tiles/full/300,169/0/default.jpg",Magnolia (1999),1,0.002986111,258,,,,
MAGN-00434,"https://ptannotated.com/iiif/magn/magn-00434/tiles/full/300,169/0/default.jpg",Magnolia (1999),1,0.003171296,274,,,,
MAGN-00443,"https://ptannotated.com/iiif/magn/magn-00443/tiles/full/300,169/0/default.jpg",Magnolia (1999),1,0.003275463,283,,,,
MAGN-00451,"https://ptannotated.com/iiif/magn/magn-00451/tiles/full/300,169/0/default.jpg",Magnolia (1999),1,0.003368056,291,,,,
MAGN-00458,"https://ptannotated.com/iiif/magn/magn-00458/tiles/full/300,169/0/default.jpg",Magnolia (1999),1,0.003449074,298,,,,
MAGN-00507,"https://ptannotated.com/iiif/magn/magn-00507/tiles/full/300,169/0/default.jpg",Magnolia (1999),1,0.003553241,307,,,,
MAGN-00531,"https://ptannotated.com/iiif/magn/magn-00531/tiles/full/300,169/0/default.jpg",Magnolia (1999),1,0.003831019,331,,,,
MAGN-00540,"https://ptannotated.com/iiif/magn/magn-00540/tiles/full/300,169/0/default.jpg",Magnolia (1999),1,0.003935185,340,,,,
MAGN-00548,"https://ptannotated.com/iiif/magn/magn-00548/tiles/full/300,169/0/default.jpg",Magnolia (1999),1,0.004027778,348,,,,
MAGN-00601,"https://ptannotated.com/iiif/magn/magn-00601/tiles/full/300,169/0/default.jpg",Magnolia (1999),1,0.004178241,361,,,,
MAGN-00627,"https://ptannotated.com/iiif/magn/magn-00627/tiles/full/300,169/0/default.jpg",Magnolia (1999),1,0.004479167,387,,,,
MAGN-00630,"https://ptannotated.com/iiif/magn/magn-00630/tiles/full/300,169/0/default.jpg",Magnolia (1999),1,0.004513889,390,,,,
MAGN-00635,"https://ptannotated.com/iiif/magn/magn-00635/tiles/full/300,169/0/default.jpg",Magnolia (1999),2,0.004571759,395,,,,
MAGN-00642,"https://ptannotated.com/iiif/magn/magn-00642/tiles/full/300,169/0/default.jpg",Magnolia (1999),2,0.004652778,402,,,,
MAGN-00714,"https://ptannotated.com/iiif/magn/magn-00714/tiles/full/300,169/0/default.jpg",Magnolia (1999),2,0.005023148,434,,,,
MAGN-00723,"https://ptannotated.com/iiif/magn/magn-00723/tiles/full/300,169/0/default.jpg",Magnolia (1999),2,0.005127315,443,,,,
MAGN-00725,"https://ptannotated.com/iiif/magn/magn-00725/tiles/full/300,169/0/default.jpg",Magnolia (1999),2,0.005150463,445,,,,
MAGN-00727,"https://ptannotated.com/iiif/magn/magn-00727/tiles/full/300,169/0/default.jpg",Magnolia (1999),2,0.005173611,447,,,,
MAGN-00731,"https://ptannotated.com/iiif/magn/magn-00731/tiles/full/300,169/0/default.jpg",Magnolia (1999),2,0.005219907,451,,,,
MAGN-00734,"https://ptannotated.com/iiif/magn/magn-00734/tiles/full/300,169/0/default.jpg",Magnolia (1999),2,0.00525463,454,,,,
MAGN-00740,"https://ptannotated.com/iiif/magn/magn-00740/tiles/full/300,169/0/default.jpg",Magnolia (1999),2,0.005324074,460,,,,
MAGN-00746,"https://ptannotated.com/iiif/magn/magn-00746/tiles/full/300,169/0/default.jpg",Magnolia (1999),2,0.005393519,466,,,,
MAGN-00751,"https://ptannotated.com/iiif/magn/magn-00751/tiles/full/300,169/0/default.jpg",Magnolia (1999),2,0.005451389,471,,,,
MAGN-00758,"https://ptannotated.com/iiif/magn/magn-00758/tiles/full/300,169/0/default.jpg",Magnolia (1999),2,0.005532407,478,,,,
MAGN-00800,"https://ptannotated.com/iiif/magn/magn-00800/tiles/full/300,169/0/default.jpg",Magnolia (1999),2,0.005555556,480,,,,
MAGN-00807,"https://ptannotated.com/iiif/magn/magn-00807/tiles/full/300,169/0/default.jpg",Magnolia (1999),2,0.005636574,487,,,,
MAGN-00812,"https://ptannotated.com/iiif/magn/magn-00812/tiles/full/300,169/0/default.jpg",Magnolia (1999),2,0.005694444,492,,,,
MAGN-00816,"https://ptannotated.com/iiif/magn/magn-00816/tiles/full/300,169/0/default.jpg",Magnolia (1999),2,0.005740741,496,,,,
MAGN-00821,"https://ptannotated.com/iiif/magn/magn-00821/tiles/full/300,169/0/default.jpg",Magnolia (1999),2,0.005798611,501,,,,
MAGN-00838,"https://ptannotated.com/iiif/magn/magn-00838/tiles/full/300,169/0/default.jpg",Magnolia (1999),2,0.00599537,518,,,,
MAGN-00846,"https://ptannotated.com/iiif/magn/magn-00846/tiles/full/300,169/0/default.jpg",Magnolia (1999),2,0.006087963,526,,,,
MAGN-00854,"https://ptannotated.com/iiif/magn/magn-00854/tiles/full/300,169/0/default.jpg",Magnolia (1999),2,0.006180556,534,,,,
MAGN-00902,"https://ptannotated.com/iiif/magn/magn-00902/tiles/full/300,169/0/default.jpg",Magnolia (1999),2,0.006273148,542,,,,
MAGN-00905,"https://ptannotated.com/iiif/magn/magn-00905/tiles/full/300,169/0/default.jpg",Magnolia (1999),2,0.00630787,545,,,,
MAGN-00910,"https://ptannotated.com/iiif/magn/magn-00910/tiles/full/300,169/0/default.jpg",Magnolia (1999),2,0.006365741,550,,,,
MAGN-00912,"https://ptannotated.com/iiif/magn/magn-00912/tiles/full/300,169/0/default.jpg",Magnolia (1999),2,0.006388889,552,,,,
MAGN-00918,"https://ptannotated.com/iiif/magn/magn-00918/tiles/full/300,169/0/default.jpg",Magnolia (1999),2,0.006458333,558,,,,
MAGN-00926,"https://ptannotated.com/iiif/magn/magn-00926/tiles/full/300,169/0/default.jpg",Magnolia (1999),2,0.006550926,566,,,,
MAGN-00931,"https://ptannotated.com/iiif/magn/magn-00931/tiles/full/300,169/0/default.jpg",Magnolia (1999),2,0.006608796,571,,,,
MAGN-00937,"https://ptannotated.com/iiif/magn/magn-00937/tiles/full/300,169/0/default.jpg",Magnolia (1999),2,0.006678241,577,,,,
MAGN-00940,"https://ptannotated.com/iiif/magn/magn-00940/tiles/full/300,169/0/default.jpg",Magnolia (1999),2,0.006712963,580,,,,
MAGN-00942,"https://ptannotated.com/iiif/magn/magn-00942/tiles/full/300,169/0/default.jpg",Magnolia (1999),2,0.006736111,582,,,,
MAGN-00949,"https://ptannotated.com/iiif/magn/magn-00949/tiles/full/300,169/0/default.jpg",Magnolia (1999),2,0.00681713,589,,,,
MAGN-00951,"https://ptannotated.com/iiif/magn/magn-00951/tiles/full/300,169/0/default.jpg",Magnolia (1999),2,0.006840278,591,,,,
MAGN-00954,"https://ptannotated.com/iiif/magn/magn-00954/tiles/full/300,169/0/default.jpg",Magnolia (1999),2,0.006875,594,,,,
MAGN-00956,"https://ptannotated.com/iiif/magn/magn-00956/tiles/full/300,169/0/default.jpg",Magnolia (1999),2,0.006898148,596,,,,
MAGN-00959,"https://ptannotated.com/iiif/magn/magn-00959/tiles/full/300,169/0/default.jpg",Magnolia (1999),2,0.00693287,599,,,,
MAGN-01001,"https://ptannotated.com/iiif/magn/magn-01001/tiles/full/300,169/0/default.jpg",Magnolia (1999),2,0.006956019,601,,,,
MAGN-01006,"https://ptannotated.com/iiif/magn/magn-01006/tiles/full/300,169/0/default.jpg",Magnolia (1999),2,0.007013889,606,,,,
MAGN-01007,"https://ptannotated.com/iiif/magn/magn-01007/tiles/full/300,169/0/default.jpg",Magnolia (1999),2,0.007025463,607,,,,
MAGN-01010,"https://ptannotated.com/iiif/magn/magn-01010/tiles/full/300,169/0/default.jpg",Magnolia (1999),2,0.007060185,610,,,,
MAGN-01017,"https://ptannotated.com/iiif/magn/magn-01017/tiles/full/300,169/0/default.jpg",Magnolia (1999),2,0.007141204,617,,,,
MAGN-01019,"https://ptannotated.com/iiif/magn/magn-01019/tiles/full/300,169/0/default.jpg",Magnolia (1999),2,0.007164352,619,,,,
MAGN-01022,"https://ptannotated.com/iiif/magn/magn-01022/tiles/full/300,169/0/default.jpg",Magnolia (1999),2,0.007199074,622,,,,
MAGN-01025,"https://ptannotated.com/iiif/magn/magn-01025/tiles/full/300,169/0/default.jpg",Magnolia (1999),2,0.007233796,625,,,,
MAGN-01039,"https://ptannotated.com/iiif/magn/magn-01039/tiles/full/300,169/0/default.jpg",Magnolia (1999),2,0.007280093,629,,,,
MAGN-01042,"https://ptannotated.com/iiif/magn/magn-01042/tiles/full/300,169/0/default.jpg",Magnolia (1999),2,0.007430556,642,,,,
MAGN-01053,"https://ptannotated.com/iiif/magn/magn-01053/tiles/full/300,169/0/default.jpg",Magnolia (1999),2,0.00755787,653,,,,
MAGN-01111,"https://ptannotated.com/iiif/magn/magn-01111/tiles/full/300,169/0/default.jpg",Magnolia (1999),2,0.007766204,671,,,,
MAGN-01123,"https://ptannotated.com/iiif/magn/magn-01123/tiles/full/300,169/0/default.jpg",Magnolia (1999),2,0.007905093,683,,,,
MAGN-01124,"https://ptannotated.com/iiif/magn/magn-01124/tiles/full/300,169/0/default.jpg",Magnolia (1999),2,0.007916667,684,,,,
MAGN-01138,"https://ptannotated.com/iiif/magn/magn-01138/tiles/full/300,169/0/default.jpg",Magnolia (1999),2,0.008078704,698,,,,
MAGN-01153,"https://ptannotated.com/iiif/magn/magn-01153/tiles/full/300,169/0/default.jpg",Magnolia (1999),2,0.008252315,713,,,,
MAGN-01222,"https://ptannotated.com/iiif/magn/magn-01222/tiles/full/300,169/0/default.jpg",Magnolia (1999),2,0.008587963,742,,,,
MAGN-01223,"https://ptannotated.com/iiif/magn/magn-01223/tiles/full/300,169/0/default.jpg",Magnolia (1999),2,0.008599537,743,,,,
MAGN-01243,"https://ptannotated.com/iiif/magn/magn-01243/tiles/full/300,169/0/default.jpg",Magnolia (1999),2,0.008831019,763,,,,
MAGN-01303,"https://ptannotated.com/iiif/magn/magn-01303/tiles/full/300,169/0/default.jpg",Magnolia (1999),3,0.0090625,783,,,,
MAGN-01316,"https://ptannotated.com/iiif/magn/magn-01316/tiles/full/300,169/0/default.jpg",Magnolia (1999),3,0.009212963,796,,,,
MAGN-01335,"https://ptannotated.com/iiif/magn/magn-01335/tiles/full/300,169/0/default.jpg",Magnolia (1999),3,0.00943287,815,,,,
MAGN-01454,"https://ptannotated.com/iiif/magn/magn-01454/tiles/full/300,169/0/default.jpg",Magnolia (1999),3,0.010347222,894,,,,
MAGN-01501,"https://ptannotated.com/iiif/magn/magn-01501/tiles/full/300,169/0/default.jpg",Magnolia (1999),3,0.010428241,901,,,,
MAGN-01502,"https://ptannotated.com/iiif/magn/magn-01502/tiles/full/300,169/0/default.jpg",Magnolia (1999),3,0.010439815,902,,,,
MAGN-01515,"https://ptannotated.com/iiif/magn/magn-01515/tiles/full/300,169/0/default.jpg",Magnolia (1999),3,0.010590278,915,,,,
MAGN-01518,"https://ptannotated.com/iiif/magn/magn-01518/tiles/full/300,169/0/default.jpg",Magnolia (1999),3,0.010625,918,,,,
MAGN-01524,"https://ptannotated.com/iiif/magn/magn-01524/tiles/full/300,169/0/default.jpg",Magnolia (1999),3,0.010694444,924,,,,
MAGN-01527,"https://ptannotated.com/iiif/magn/magn-01527/tiles/full/300,169/0/default.jpg",Magnolia (1999),3,0.010729167,927,,,,
MAGN-01543,"https://ptannotated.com/iiif/magn/magn-01543/tiles/full/300,169/0/default.jpg",Magnolia (1999),3,0.010914352,943,,,,
MAGN-01554,"https://ptannotated.com/iiif/magn/magn-01554/tiles/full/300,169/0/default.jpg",Magnolia (1999),3,0.011041667,954,,,,
MAGN-01600,"https://ptannotated.com/iiif/magn/magn-01600/tiles/full/300,169/0/default.jpg",Magnolia (1999),3,0.011111111,960,,,,
MAGN-01604,"https://ptannotated.com/iiif/magn/magn-01604/tiles/full/300,169/0/default.jpg",Magnolia (1999),3,0.011157407,964,,,,
MAGN-01623,"https://ptannotated.com/iiif/magn/magn-01623/tiles/full/300,169/0/default.jpg",Magnolia (1999),3,0.011377315,983,,,,
MAGN-01625,"https://ptannotated.com/iiif/magn/magn-01625/tiles/full/300,169/0/default.jpg",Magnolia (1999),3,0.011400463,985,,,,
MAGN-01639,"https://ptannotated.com/iiif/magn/magn-01639/tiles/full/300,169/0/default.jpg",Magnolia (1999),3,0.0115625,999,,,,
MAGN-01645,"https://ptannotated.com/iiif/magn/magn-01645/tiles/full/300,169/0/default.jpg",Magnolia (1999),3,0.011631944,1005,,,,
MAGN-01652,"https://ptannotated.com/iiif/magn/magn-01652/tiles/full/300,169/0/default.jpg",Magnolia (1999),4,0.011712963,1012,,,,
MAGN-01656,"https://ptannotated.com/iiif/magn/magn-01656/tiles/full/300,169/0/default.jpg",Magnolia (1999),4,0.011759259,1016,,,,
MAGN-01706,"https://ptannotated.com/iiif/magn/magn-01706/tiles/full/300,169/0/default.jpg",Magnolia (1999),4,0.011875,1026,,,,
MAGN-01801,"https://ptannotated.com/iiif/magn/magn-01801/tiles/full/300,169/0/default.jpg",Magnolia (1999),4,0.012511574,1081,,,,
MAGN-01809,"https://ptannotated.com/iiif/magn/magn-01809/tiles/full/300,169/0/default.jpg",Magnolia (1999),4,0.012604167,1089,,,,
MAGN-01830,"https://ptannotated.com/iiif/magn/magn-01830/tiles/full/300,169/0/default.jpg",Magnolia (1999),4,0.012847222,1110,,,,
MAGN-01837,"https://ptannotated.com/iiif/magn/magn-01837/tiles/full/300,169/0/default.jpg",Magnolia (1999),4,0.012928241,1117,,,,
MAGN-01858,"https://ptannotated.com/iiif/magn/magn-01858/tiles/full/300,169/0/default.jpg",Magnolia (1999),4,0.013171296,1138,,,,
MAGN-01923,"https://ptannotated.com/iiif/magn/magn-01923/tiles/full/300,169/0/default.jpg",Magnolia (1999),4,0.013460648,1163,,,,
MAGN-01929,"https://ptannotated.com/iiif/magn/magn-01929/tiles/full/300,169/0/default.jpg",Magnolia (1999),4,0.013530093,1169,,,,
MAGN-02036,"https://ptannotated.com/iiif/magn/magn-02036/tiles/full/300,169/0/default.jpg",Magnolia (1999),4,0.014305556,1236,,,,
MAGN-02058,"https://ptannotated.com/iiif/magn/magn-02058/tiles/full/300,169/0/default.jpg",Magnolia (1999),4,0.014560185,1258,,,,
MAGN-02143,"https://ptannotated.com/iiif/magn/magn-02143/tiles/full/300,169/0/default.jpg",Magnolia (1999),4,0.015081019,1303,,,,
MAGN-02353,"https://ptannotated.com/iiif/magn/magn-02353/tiles/full/300,169/0/default.jpg",Magnolia (1999),4,0.016585648,1433,,,,
MAGN-02358,"https://ptannotated.com/iiif/magn/magn-02358/tiles/full/300,169/0/default.jpg",Magnolia (1999),4,0.016643519,1438,,,,
MAGN-02410,"https://ptannotated.com/iiif/magn/magn-02410/tiles/full/300,169/0/default.jpg",Magnolia (1999),4,0.016782407,1450,,,,
MAGN-02447,"https://ptannotated.com/iiif/magn/magn-02447/tiles/full/300,169/0/default.jpg",Magnolia (1999),5,0.017210648,1487,,,,
MAGN-02537,"https://ptannotated.com/iiif/magn/magn-02537/tiles/full/300,169/0/default.jpg",Magnolia (1999),5,0.017789352,1537,,,,
MAGN-02550,"https://ptannotated.com/iiif/magn/magn-02550/tiles/full/300,169/0/default.jpg",Magnolia (1999),5,0.017939815,1550,,,,
MAGN-02551,"https://ptannotated.com/iiif/magn/magn-02551/tiles/full/300,169/0/default.jpg",Magnolia (1999),5,0.017951389,1551,,,,
MAGN-02607,"https://ptannotated.com/iiif/magn/magn-02607/tiles/full/300,169/0/default.jpg",Magnolia (1999),5,0.018136574,1567,,,,
MAGN-02642,"https://ptannotated.com/iiif/magn/magn-02642/tiles/full/300,169/0/default.jpg",Magnolia (1999),5,0.018541667,1602,,,,
MAGN-02707,"https://ptannotated.com/iiif/magn/magn-02707/tiles/full/300,169/0/default.jpg",Magnolia (1999),5,0.018831019,1627,,,,
MAGN-02722,"https://ptannotated.com/iiif/magn/magn-02722/tiles/full/300,169/0/default.jpg",Magnolia (1999),5,0.01900463,1642,,,,
MAGN-02737,"https://ptannotated.com/iiif/magn/magn-02737/tiles/full/300,169/0/default.jpg",Magnolia (1999),5,0.019178241,1657,,,,
MAGN-02755,"https://ptannotated.com/iiif/magn/magn-02755/tiles/full/300,169/0/default.jpg",Magnolia (1999),5,0.019386574,1675,,,,
MAGN-02830,"https://ptannotated.com/iiif/magn/magn-02830/tiles/full/300,169/0/default.jpg",Magnolia (1999),5,0.019791667,1710,,,,
MAGN-02838,"https://ptannotated.com/iiif/magn/magn-02838/tiles/full/300,169/0/default.jpg",Magnolia (1999),5,0.019884259,1718,,,,
MAGN-02853,"https://ptannotated.com/iiif/magn/magn-02853/tiles/full/300,169/0/default.jpg",Magnolia (1999),5,0.02005787,1733,,,,
MAGN-02909,"https://ptannotated.com/iiif/magn/magn-02909/tiles/full/300,169/0/default.jpg",Magnolia (1999),5,0.020243056,1749,,,,
MAGN-02916,"https://ptannotated.com/iiif/magn/magn-02916/tiles/full/300,169/0/default.jpg",Magnolia (1999),5,0.020324074,1756,,,,
MAGN-02934,"https://ptannotated.com/iiif/magn/magn-02934/tiles/full/300,169/0/default.jpg",Magnolia (1999),5,0.020532407,1774,,,,
MAGN-03005,"https://ptannotated.com/iiif/magn/magn-03005/tiles/full/300,169/0/default.jpg",Magnolia (1999),5,0.020891204,1805,,,,
MAGN-03116,"https://ptannotated.com/iiif/magn/magn-03116/tiles/full/300,169/0/default.jpg",Magnolia (1999),5,0.021712963,1876,,,,
MAGN-03125,"https://ptannotated.com/iiif/magn/magn-03125/tiles/full/300,169/0/default.jpg",Magnolia (1999),5,0.02181713,1885,,,,
MAGN-03140,"https://ptannotated.com/iiif/magn/magn-03140/tiles/full/300,169/0/default.jpg",Magnolia (1999),6,0.021990741,1900,,,,
MAGN-03201,"https://ptannotated.com/iiif/magn/magn-03201/tiles/full/300,169/0/default.jpg",Magnolia (1999),6,0.022233796,1921,,,,
MAGN-03248,"https://ptannotated.com/iiif/magn/magn-03248/tiles/full/300,169/0/default.jpg",Magnolia (1999),6,0.022777778,1968,,,,
MAGN-03255,"https://ptannotated.com/iiif/magn/magn-03255/tiles/full/300,169/0/default.jpg",Magnolia (1999),6,0.022858796,1975,,,,
MAGN-03303,"https://ptannotated.com/iiif/magn/magn-03303/tiles/full/300,169/0/default.jpg",Magnolia (1999),6,0.022951389,1983,,,,
MAGN-03346,"https://ptannotated.com/iiif/magn/magn-03346/tiles/full/300,169/0/default.jpg",Magnolia (1999),6,0.023449074,2026,,,,
MAGN-03455,"https://ptannotated.com/iiif/magn/magn-03455/tiles/full/300,169/0/default.jpg",Magnolia (1999),6,0.024247685,2095,,,,
MAGN-03516,"https://ptannotated.com/iiif/magn/magn-03516/tiles/full/300,169/0/default.jpg",Magnolia (1999),6,0.024490741,2116,,,,
MAGN-03518,"https://ptannotated.com/iiif/magn/magn-03518/tiles/full/300,169/0/default.jpg",Magnolia (1999),6,0.024513889,2118,,,,
MAGN-03520,"https://ptannotated.com/iiif/magn/magn-03520/tiles/full/300,169/0/default.jpg",Magnolia (1999),6,0.024537037,2120,,,,
MAGN-03522,"https://ptannotated.com/iiif/magn/magn-03522/tiles/full/300,169/0/default.jpg",Magnolia (1999),6,0.024560185,2122,,,,
MAGN-03531,"https://ptannotated.com/iiif/magn/magn-03531/tiles/full/300,169/0/default.jpg",Magnolia (1999),6,0.024664352,2131,,,,
MAGN-03534,"https://ptannotated.com/iiif/magn/magn-03534/tiles/full/300,169/0/default.jpg",Magnolia (1999),6,0.024699074,2134,,,,
MAGN-03558,"https://ptannotated.com/iiif/magn/magn-03558/tiles/full/300,169/0/default.jpg",Magnolia (1999),6,0.024976852,2158,,,,
MAGN-03648,"https://ptannotated.com/iiif/magn/magn-03648/tiles/full/300,169/0/default.jpg",Magnolia (1999),6,0.025555556,2208,,,,
MAGN-03810,"https://ptannotated.com/iiif/magn/magn-03810/tiles/full/300,169/0/default.jpg",Magnolia (1999),6,0.02650463,2290,,,,
MAGN-03812,"https://ptannotated.com/iiif/magn/magn-03812/tiles/full/300,169/0/default.jpg",Magnolia (1999),6,0.026527778,2292,,,,
MAGN-03813,"https://ptannotated.com/iiif/magn/magn-03813/tiles/full/300,169/0/default.jpg",Magnolia (1999),7,0.026539352,2293,,,,
MAGN-03816,"https://ptannotated.com/iiif/magn/magn-03816/tiles/full/300,169/0/default.jpg",Magnolia (1999),7,0.026574074,2296,,,,
MAGN-03818,"https://ptannotated.com/iiif/magn/magn-03818/tiles/full/300,169/0/default.jpg",Magnolia (1999),7,0.026597222,2298,,,,
MAGN-03821,"https://ptannotated.com/iiif/magn/magn-03821/tiles/full/300,169/0/default.jpg",Magnolia (1999),7,0.026631944,2301,,,,
MAGN-03824,"https://ptannotated.com/iiif/magn/magn-03824/tiles/full/300,169/0/default.jpg",Magnolia (1999),7,0.026666667,2304,,,,
MAGN-03847,"https://ptannotated.com/iiif/magn/magn-03847/tiles/full/300,169/0/default.jpg",Magnolia (1999),7,0.02693287,2327,,,,
MAGN-03856,"https://ptannotated.com/iiif/magn/magn-03856/tiles/full/300,169/0/default.jpg",Magnolia (1999),7,0.027037037,2336,,,,
MAGN-03939,"https://ptannotated.com/iiif/magn/magn-03939/tiles/full/300,169/0/default.jpg",Magnolia (1999),7,0.027534722,2379,,,,
MAGN-03952,"https://ptannotated.com/iiif/magn/magn-03952/tiles/full/300,169/0/default.jpg",Magnolia (1999),7,0.027685185,2392,,,,
MAGN-03955,"https://ptannotated.com/iiif/magn/magn-03955/tiles/full/300,169/0/default.jpg",Magnolia (1999),7,0.027719907,2395,,,,
MAGN-04030,"https://ptannotated.com/iiif/magn/magn-04030/tiles/full/300,169/0/default.jpg",Magnolia (1999),7,0.028125,2430,,,,
MAGN-04129,"https://ptannotated.com/iiif/magn/magn-04129/tiles/full/300,169/0/default.jpg",Magnolia (1999),7,0.02880787,2489,,,,
MAGN-04131,"https://ptannotated.com/iiif/magn/magn-04131/tiles/full/300,169/0/default.jpg",Magnolia (1999),7,0.028831019,2491,,,,
MAGN-04148,"https://ptannotated.com/iiif/magn/magn-04148/tiles/full/300,169/0/default.jpg",Magnolia (1999),7,0.029027778,2508,,,,
MAGN-04207,"https://ptannotated.com/iiif/magn/magn-04207/tiles/full/300,169/0/default.jpg",Magnolia (1999),7,0.029247685,2527,,,,
MAGN-04213,"https://ptannotated.com/iiif/magn/magn-04213/tiles/full/300,169/0/default.jpg",Magnolia (1999),8,0.02931713,2533,,,,
MAGN-04245,"https://ptannotated.com/iiif/magn/magn-04245/tiles/full/300,169/0/default.jpg",Magnolia (1999),8,0.0296875,2565,,,,
MAGN-04248,"https://ptannotated.com/iiif/magn/magn-04248/tiles/full/300,169/0/default.jpg",Magnolia (1999),8,0.029722222,2568,,,,
MAGN-04307,"https://ptannotated.com/iiif/magn/magn-04307/tiles/full/300,169/0/default.jpg",Magnolia (1999),8,0.02994213,2587,,,,
MAGN-04319,"https://ptannotated.com/iiif/magn/magn-04319/tiles/full/300,169/0/default.jpg",Magnolia (1999),8,0.030081019,2599,,,,
MAGN-04327,"https://ptannotated.com/iiif/magn/magn-04327/tiles/full/300,169/0/default.jpg",Magnolia (1999),8,0.030173611,2607,,,,
MAGN-04335,"https://ptannotated.com/iiif/magn/magn-04335/tiles/full/300,169/0/default.jpg",Magnolia (1999),8,0.030266204,2615,,,,
MAGN-04402,"https://ptannotated.com/iiif/magn/magn-04402/tiles/full/300,169/0/default.jpg",Magnolia (1999),8,0.030578704,2642,,,,
MAGN-04426,"https://ptannotated.com/iiif/magn/magn-04426/tiles/full/300,169/0/default.jpg",Magnolia (1999),8,0.030856481,2666,,,,
MAGN-04446,"https://ptannotated.com/iiif/magn/magn-04446/tiles/full/300,169/0/default.jpg",Magnolia (1999),8,0.031087963,2686,,,,
MAGN-04505,"https://ptannotated.com/iiif/magn/magn-04505/tiles/full/300,169/0/default.jpg",Magnolia (1999),8,0.03130787,2705,,,,
MAGN-04526,"https://ptannotated.com/iiif/magn/magn-04526/tiles/full/300,169/0/default.jpg",Magnolia (1999),8,0.031550926,2726,,,,
MAGN-04535,"https://ptannotated.com/iiif/magn/magn-04535/tiles/full/300,169/0/default.jpg",Magnolia (1999),8,0.031655093,2735,,,,
MAGN-04540,"https://ptannotated.com/iiif/magn/magn-04540/tiles/full/300,169/0/default.jpg",Magnolia (1999),8,0.031712963,2740,,,,
MAGN-04600,"https://ptannotated.com/iiif/magn/magn-04600/tiles/full/300,169/0/default.jpg",Magnolia (1999),8,0.031944444,2760,,,,
MAGN-04603,"https://ptannotated.com/iiif/magn/magn-04603/tiles/full/300,169/0/default.jpg",Magnolia (1999),8,0.031979167,2763,,,,
MAGN-04632,"https://ptannotated.com/iiif/magn/magn-04632/tiles/full/300,169/0/default.jpg",Magnolia (1999),8,0.032314815,2792,,,,
MAGN-04647,"https://ptannotated.com/iiif/magn/magn-04647/tiles/full/300,169/0/default.jpg",Magnolia (1999),8,0.032488426,2807,,,,
MAGN-04707,"https://ptannotated.com/iiif/magn/magn-04707/tiles/full/300,169/0/default.jpg",Magnolia (1999),8,0.032719907,2827,,,,
MAGN-04710,"https://ptannotated.com/iiif/magn/magn-04710/tiles/full/300,169/0/default.jpg",Magnolia (1999),8,0.03275463,2830,,,,
MAGN-04735,"https://ptannotated.com/iiif/magn/magn-04735/tiles/full/300,169/0/default.jpg",Magnolia (1999),8,0.033043981,2855,,,,
MAGN-04741,"https://ptannotated.com/iiif/magn/magn-04741/tiles/full/300,169/0/default.jpg",Magnolia (1999),8,0.033113426,2861,,,,
MAGN-04748,"https://ptannotated.com/iiif/magn/magn-04748/tiles/full/300,169/0/default.jpg",Magnolia (1999),8,0.033194444,2868,,,,
MAGN-04805,"https://ptannotated.com/iiif/magn/magn-04805/tiles/full/300,169/0/default.jpg",Magnolia (1999),8,0.033391204,2885,,,,
MAGN-04808,"https://ptannotated.com/iiif/magn/magn-04808/tiles/full/300,169/0/default.jpg",Magnolia (1999),8,0.033425926,2888,,,,
MAGN-04813,"https://ptannotated.com/iiif/magn/magn-04813/tiles/full/300,169/0/default.jpg",Magnolia (1999),8,0.033483796,2893,,,,
MAGN-04817,"https://ptannotated.com/iiif/magn/magn-04817/tiles/full/300,169/0/default.jpg",Magnolia (1999),8,0.033530093,2897,,,,
MAGN-04818,"https://ptannotated.com/iiif/magn/magn-04818/tiles/full/300,169/0/default.jpg",Magnolia (1999),8,0.033541667,2898,,,,
MAGN-04821,"https://ptannotated.com/iiif/magn/magn-04821/tiles/full/300,169/0/default.jpg",Magnolia (1999),8,0.033576389,2901,,,,
MAGN-04827,"https://ptannotated.com/iiif/magn/magn-04827/tiles/full/300,169/0/default.jpg",Magnolia (1999),8,0.033645833,2907,,,,
MAGN-04832,"https://ptannotated.com/iiif/magn/magn-04832/tiles/full/300,169/0/default.jpg",Magnolia (1999),8,0.033703704,2912,,,,
MAGN-04838,"https://ptannotated.com/iiif/magn/magn-04838/tiles/full/300,169/0/default.jpg",Magnolia (1999),8,0.033773148,2918,,,,
MAGN-04846,"https://ptannotated.com/iiif/magn/magn-04846/tiles/full/300,169/0/default.jpg",Magnolia (1999),8,0.033865741,2926,,,,
MAGN-04903,"https://ptannotated.com/iiif/magn/magn-04903/tiles/full/300,169/0/default.jpg",Magnolia (1999),8,0.0340625,2943,,,,
MAGN-04908,"https://ptannotated.com/iiif/magn/magn-04908/tiles/full/300,169/0/default.jpg",Magnolia (1999),8,0.03412037,2948,,,,
MAGN-04926,"https://ptannotated.com/iiif/magn/magn-04926/tiles/full/300,169/0/default.jpg",Magnolia (1999),8,0.034328704,2966,,,,
MAGN-05022,"https://ptannotated.com/iiif/magn/magn-05022/tiles/full/300,169/0/default.jpg",Magnolia (1999),8,0.034976852,3022,,,,
MAGN-05025,"https://ptannotated.com/iiif/magn/magn-05025/tiles/full/300,169/0/default.jpg",Magnolia (1999),9,0.035011574,3025,,,,
MAGN-05035,"https://ptannotated.com/iiif/magn/magn-05035/tiles/full/300,169/0/default.jpg",Magnolia (1999),9,0.035127315,3035,,,,
MAGN-05042,"https://ptannotated.com/iiif/magn/magn-05042/tiles/full/300,169/0/default.jpg",Magnolia (1999),9,0.035208333,3042,,,,
MAGN-05046,"https://ptannotated.com/iiif/magn/magn-05046/tiles/full/300,169/0/default.jpg",Magnolia (1999),9,0.03525463,3046,,,,
MAGN-05107,"https://ptannotated.com/iiif/magn/magn-05107/tiles/full/300,169/0/default.jpg",Magnolia (1999),9,0.035497685,3067,,,,
MAGN-05149,"https://ptannotated.com/iiif/magn/magn-05149/tiles/full/300,169/0/default.jpg",Magnolia (1999),9,0.035983796,3109,,,,
MAGN-05152,"https://ptannotated.com/iiif/magn/magn-05152/tiles/full/300,169/0/default.jpg",Magnolia (1999),9,0.036018519,3112,,,,
MAGN-05156,"https://ptannotated.com/iiif/magn/magn-05156/tiles/full/300,169/0/default.jpg",Magnolia (1999),9,0.036064815,3116,,,,
MAGN-05159,"https://ptannotated.com/iiif/magn/magn-05159/tiles/full/300,169/0/default.jpg",Magnolia (1999),9,0.036099537,3119,,,,
MAGN-05258,"https://ptannotated.com/iiif/magn/magn-05258/tiles/full/300,169/0/default.jpg",Magnolia (1999),9,0.036782407,3178,,,,
MAGN-05336,"https://ptannotated.com/iiif/magn/magn-05336/tiles/full/300,169/0/default.jpg",Magnolia (1999),9,0.037222222,3216,,,,
MAGN-05341,"https://ptannotated.com/iiif/magn/magn-05341/tiles/full/300,169/0/default.jpg",Magnolia (1999),9,0.037280093,3221,,,,
MAGN-05350,"https://ptannotated.com/iiif/magn/magn-05350/tiles/full/300,169/0/default.jpg",Magnolia (1999),9,0.037384259,3230,,,,
MAGN-05401,"https://ptannotated.com/iiif/magn/magn-05401/tiles/full/300,169/0/default.jpg",Magnolia (1999),9,0.037511574,3241,,,,
MAGN-05420,"https://ptannotated.com/iiif/magn/magn-05420/tiles/full/300,169/0/default.jpg",Magnolia (1999),9,0.037731481,3260,,,,
MAGN-05429,"https://ptannotated.com/iiif/magn/magn-05429/tiles/full/300,169/0/default.jpg",Magnolia (1999),9,0.037835648,3269,,,,
MAGN-05444,"https://ptannotated.com/iiif/magn/magn-05444/tiles/full/300,169/0/default.jpg",Magnolia (1999),9,0.038009259,3284,,,,
MAGN-05456,"https://ptannotated.com/iiif/magn/magn-05456/tiles/full/300,169/0/default.jpg",Magnolia (1999),9,0.038148148,3296,,,,
MAGN-05509,"https://ptannotated.com/iiif/magn/magn-05509/tiles/full/300,169/0/default.jpg",Magnolia (1999),9,0.038298611,3309,,,,
MAGN-05516,"https://ptannotated.com/iiif/magn/magn-05516/tiles/full/300,169/0/default.jpg",Magnolia (1999),9,0.03837963,3316,,,,
MAGN-05521,"https://ptannotated.com/iiif/magn/magn-05521/tiles/full/300,169/0/default.jpg",Magnolia (1999),9,0.0384375,3321,,,,
MAGN-05530,"https://ptannotated.com/iiif/magn/magn-05530/tiles/full/300,169/0/default.jpg",Magnolia (1999),9,0.038541667,3330,,,,
MAGN-05551,"https://ptannotated.com/iiif/magn/magn-05551/tiles/full/300,169/0/default.jpg",Magnolia (1999),9,0.038784722,3351,,,,
MAGN-05604,"https://ptannotated.com/iiif/magn/magn-05604/tiles/full/300,169/0/default.jpg",Magnolia (1999),9,0.038935185,3364,,,,
MAGN-05607,"https://ptannotated.com/iiif/magn/magn-05607/tiles/full/300,169/0/default.jpg",Magnolia (1999),9,0.038969907,3367,,,,
MAGN-05626,"https://ptannotated.com/iiif/magn/magn-05626/tiles/full/300,169/0/default.jpg",Magnolia (1999),9,0.039189815,3386,,,,
MAGN-05630,"https://ptannotated.com/iiif/magn/magn-05630/tiles/full/300,169/0/default.jpg",Magnolia (1999),9,0.039236111,3390,,,,
MAGN-05637,"https://ptannotated.com/iiif/magn/magn-05637/tiles/full/300,169/0/default.jpg",Magnolia (1999),9,0.03931713,3397,,,,
MAGN-05642,"https://ptannotated.com/iiif/magn/magn-05642/tiles/full/300,169/0/default.jpg",Magnolia (1999),9,0.039375,3402,,,,
MAGN-05651,"https://ptannotated.com/iiif/magn/magn-05651/tiles/full/300,169/0/default.jpg",Magnolia (1999),9,0.039479167,3411,,,,
MAGN-05653,"https://ptannotated.com/iiif/magn/magn-05653/tiles/full/300,169/0/default.jpg",Magnolia (1999),9,0.039502315,3413,,,,
MAGN-05702,"https://ptannotated.com/iiif/magn/magn-05702/tiles/full/300,169/0/default.jpg",Magnolia (1999),9,0.039606481,3422,,,,
MAGN-05717,"https://ptannotated.com/iiif/magn/magn-05717/tiles/full/300,169/0/default.jpg",Magnolia (1999),9,0.039780093,3437,,,,
MAGN-05718,"https://ptannotated.com/iiif/magn/magn-05718/tiles/full/300,169/0/default.jpg",Magnolia (1999),9,0.039791667,3438,,,,
MAGN-05728,"https://ptannotated.com/iiif/magn/magn-05728/tiles/full/300,169/0/default.jpg",Magnolia (1999),9,0.039907407,3448,,,,
MAGN-05730,"https://ptannotated.com/iiif/magn/magn-05730/tiles/full/300,169/0/default.jpg",Magnolia (1999),9,0.039930556,3450,,,,
MAGN-05738,"https://ptannotated.com/iiif/magn/magn-05738/tiles/full/300,169/0/default.jpg",Magnolia (1999),9,0.040023148,3458,,,,
MAGN-10008,"https://ptannotated.com/iiif/magn/magn-10008/tiles/full/300,169/0/default.jpg",Magnolia (1999),9,0.041759259,3608,,,,
MAGN-10015,"https://ptannotated.com/iiif/magn/magn-10015/tiles/full/300,169/0/default.jpg",Magnolia (1999),9,0.041840278,3615,,,,
MAGN-10040,"https://ptannotated.com/iiif/magn/magn-10040/tiles/full/300,169/0/default.jpg",Magnolia (1999),9,0.04212963,3640,,,,
MAGN-10046,"https://ptannotated.com/iiif/magn/magn-10046/tiles/full/300,169/0/default.jpg",Magnolia (1999),9,0.042199074,3646,,,,
MAGN-10059,"https://ptannotated.com/iiif/magn/magn-10059/tiles/full/300,169/0/default.jpg",Magnolia (1999),9,0.042349537,3659,,,,
MAGN-10117,"https://ptannotated.com/iiif/magn/magn-10117/tiles/full/300,169/0/default.jpg",Magnolia (1999),9,0.04255787,3677,,,,
MAGN-10137,"https://ptannotated.com/iiif/magn/magn-10137/tiles/full/300,169/0/default.jpg",Magnolia (1999),9,0.042789352,3697,,,,
MAGN-10140,"https://ptannotated.com/iiif/magn/magn-10140/tiles/full/300,169/0/default.jpg",Magnolia (1999),9,0.042824074,3700,,,,
MAGN-10150,"https://ptannotated.com/iiif/magn/magn-10150/tiles/full/300,169/0/default.jpg",Magnolia (1999),9,0.042939815,3710,,,,
MAGN-10154,"https://ptannotated.com/iiif/magn/magn-10154/tiles/full/300,169/0/default.jpg",Magnolia (1999),9,0.042986111,3714,,,,
MAGN-10157,"https://ptannotated.com/iiif/magn/magn-10157/tiles/full/300,169/0/default.jpg",Magnolia (1999),9,0.043020833,3717,,,,
MAGN-10158,"https://ptannotated.com/iiif/magn/magn-10158/tiles/full/300,169/0/default.jpg",Magnolia (1999),9,0.043032407,3718,,,,
MAGN-10205,"https://ptannotated.com/iiif/magn/magn-10205/tiles/full/300,169/0/default.jpg",Magnolia (1999),9,0.043113426,3725,,,,
MAGN-10218,"https://ptannotated.com/iiif/magn/magn-10218/tiles/full/300,169/0/default.jpg",Magnolia (1999),9,0.043263889,3738,,,,
MAGN-10222,"https://ptannotated.com/iiif/magn/magn-10222/tiles/full/300,169/0/default.jpg",Magnolia (1999),9,0.043310185,3742,,,,
MAGN-10225,"https://ptannotated.com/iiif/magn/magn-10225/tiles/full/300,169/0/default.jpg",Magnolia (1999),9,0.043344907,3745,,,,
MAGN-10240,"https://ptannotated.com/iiif/magn/magn-10240/tiles/full/300,169/0/default.jpg",Magnolia (1999),9,0.043518519,3760,,,,
MAGN-10250,"https://ptannotated.com/iiif/magn/magn-10250/tiles/full/300,169/0/default.jpg",Magnolia (1999),9,0.043634259,3770,,,,
MAGN-10336,"https://ptannotated.com/iiif/magn/magn-10336/tiles/full/300,169/0/default.jpg",Magnolia (1999),9,0.044166667,3816,,,,
MAGN-10341,"https://ptannotated.com/iiif/magn/magn-10341/tiles/full/300,169/0/default.jpg",Magnolia (1999),9,0.044224537,3821,,,,
MAGN-10346,"https://ptannotated.com/iiif/magn/magn-10346/tiles/full/300,169/0/default.jpg",Magnolia (1999),9,0.044282407,3826,,,,
MAGN-10351,"https://ptannotated.com/iiif/magn/magn-10351/tiles/full/300,169/0/default.jpg",Magnolia (1999),9,0.044340278,3831,,,,
MAGN-10400,"https://ptannotated.com/iiif/magn/magn-10400/tiles/full/300,169/0/default.jpg",Magnolia (1999),9,0.044444444,3840,,,,
MAGN-10415,"https://ptannotated.com/iiif/magn/magn-10415/tiles/full/300,169/0/default.jpg",Magnolia (1999),9,0.044618056,3855,,,,
MAGN-10422,"https://ptannotated.com/iiif/magn/magn-10422/tiles/full/300,169/0/default.jpg",Magnolia (1999),9,0.044699074,3862,,,,
MAGN-10428,"https://ptannotated.com/iiif/magn/magn-10428/tiles/full/300,169/0/default.jpg",Magnolia (1999),9,0.044768519,3868,,,,
MAGN-10430,"https://ptannotated.com/iiif/magn/magn-10430/tiles/full/300,169/0/default.jpg",Magnolia (1999),9,0.044791667,3870,,,,
MAGN-10439,"https://ptannotated.com/iiif/magn/magn-10439/tiles/full/300,169/0/default.jpg",Magnolia (1999),9,0.044895833,3879,,,,
MAGN-10443,"https://ptannotated.com/iiif/magn/magn-10443/tiles/full/300,169/0/default.jpg",Magnolia (1999),9,0.04494213,3883,,,,
MAGN-10447,"https://ptannotated.com/iiif/magn/magn-10447/tiles/full/300,169/0/default.jpg",Magnolia (1999),9,0.044988426,3887,,,,
MAGN-10449,"https://ptannotated.com/iiif/magn/magn-10449/tiles/full/300,169/0/default.jpg",Magnolia (1999),9,0.045011574,3889,,,,
MAGN-10521,"https://ptannotated.com/iiif/magn/magn-10521/tiles/full/300,169/0/default.jpg",Magnolia (1999),9,0.045381944,3921,,,,
MAGN-10523,"https://ptannotated.com/iiif/magn/magn-10523/tiles/full/300,169/0/default.jpg",Magnolia (1999),9,0.045405093,3923,,,,
MAGN-10533,"https://ptannotated.com/iiif/magn/magn-10533/tiles/full/300,169/0/default.jpg",Magnolia (1999),9,0.045520833,3933,,,,
MAGN-10537,"https://ptannotated.com/iiif/magn/magn-10537/tiles/full/300,169/0/default.jpg",Magnolia (1999),9,0.04556713,3937,,,,
MAGN-10543,"https://ptannotated.com/iiif/magn/magn-10543/tiles/full/300,169/0/default.jpg",Magnolia (1999),9,0.045636574,3943,,,,
MAGN-10546,"https://ptannotated.com/iiif/magn/magn-10546/tiles/full/300,169/0/default.jpg",Magnolia (1999),9,0.045671296,3946,,,,
MAGN-10600,"https://ptannotated.com/iiif/magn/magn-10600/tiles/full/300,169/0/default.jpg",Magnolia (1999),9,0.045833333,3960,,,,
MAGN-10604,"https://ptannotated.com/iiif/magn/magn-10604/tiles/full/300,169/0/default.jpg",Magnolia (1999),9,0.04587963,3964,,,,
MAGN-10612,"https://ptannotated.com/iiif/magn/magn-10612/tiles/full/300,169/0/default.jpg",Magnolia (1999),9,0.045972222,3972,,,,
MAGN-10620,"https://ptannotated.com/iiif/magn/magn-10620/tiles/full/300,169/0/default.jpg",Magnolia (1999),9,0.046064815,3980,,,,
MAGN-10624,"https://ptannotated.com/iiif/magn/magn-10624/tiles/full/300,169/0/default.jpg",Magnolia (1999),9,0.046111111,3984,,,,
MAGN-10628,"https://ptannotated.com/iiif/magn/magn-10628/tiles/full/300,169/0/default.jpg",Magnolia (1999),9,0.046157407,3988,,,,
MAGN-10631,"https://ptannotated.com/iiif/magn/magn-10631/tiles/full/300,169/0/default.jpg",Magnolia (1999),9,0.04619213,3991,,,,
MAGN-10636,"https://ptannotated.com/iiif/magn/magn-10636/tiles/full/300,169/0/default.jpg",Magnolia (1999),10,0.04625,3996,,,,
MAGN-10642,"https://ptannotated.com/iiif/magn/magn-10642/tiles/full/300,169/0/default.jpg",Magnolia (1999),10,0.046319444,4002,,,,
MAGN-10648,"https://ptannotated.com/iiif/magn/magn-10648/tiles/full/300,169/0/default.jpg",Magnolia (1999),10,0.046388889,4008,,,,
MAGN-10650,"https://ptannotated.com/iiif/magn/magn-10650/tiles/full/300,169/0/default.jpg",Magnolia (1999),10,0.046412037,4010,,,,
MAGN-10652,"https://ptannotated.com/iiif/magn/magn-10652/tiles/full/300,169/0/default.jpg",Magnolia (1999),10,0.046435185,4012,,,,
MAGN-10655,"https://ptannotated.com/iiif/magn/magn-10655/tiles/full/300,169/0/default.jpg",Magnolia (1999),10,0.046469907,4015,,,,
MAGN-10657,"https://ptannotated.com/iiif/magn/magn-10657/tiles/full/300,169/0/default.jpg",Magnolia (1999),10,0.046493056,4017,,,,
MAGN-10711,"https://ptannotated.com/iiif/magn/magn-10711/tiles/full/300,169/0/default.jpg",Magnolia (1999),10,0.046655093,4031,,,,
MAGN-10714,"https://ptannotated.com/iiif/magn/magn-10714/tiles/full/300,169/0/default.jpg",Magnolia (1999),10,0.046689815,4034,,,,
MAGN-10717,"https://ptannotated.com/iiif/magn/magn-10717/tiles/full/300,169/0/default.jpg",Magnolia (1999),10,0.046724537,4037,,,,
MAGN-10720,"https://ptannotated.com/iiif/magn/magn-10720/tiles/full/300,169/0/default.jpg",Magnolia (1999),10,0.046759259,4040,,,,
MAGN-10728,"https://ptannotated.com/iiif/magn/magn-10728/tiles/full/300,169/0/default.jpg",Magnolia (1999),10,0.046851852,4048,,,,
MAGN-10730,"https://ptannotated.com/iiif/magn/magn-10730/tiles/full/300,169/0/default.jpg",Magnolia (1999),10,0.046875,4050,,,,
MAGN-10732,"https://ptannotated.com/iiif/magn/magn-10732/tiles/full/300,169/0/default.jpg",Magnolia (1999),10,0.046898148,4052,,,,
MAGN-10740,"https://ptannotated.com/iiif/magn/magn-10740/tiles/full/300,169/0/default.jpg",Magnolia (1999),10,0.046990741,4060,,,,
MAGN-10743,"https://ptannotated.com/iiif/magn/magn-10743/tiles/full/300,169/0/default.jpg",Magnolia (1999),10,0.047025463,4063,,,,
MAGN-10751,"https://ptannotated.com/iiif/magn/magn-10751/tiles/full/300,169/0/default.jpg",Magnolia (1999),10,0.047118056,4071,,,,
MAGN-10755,"https://ptannotated.com/iiif/magn/magn-10755/tiles/full/300,169/0/default.jpg",Magnolia (1999),10,0.047164352,4075,,,,
MAGN-10759,"https://ptannotated.com/iiif/magn/magn-10759/tiles/full/300,169/0/default.jpg",Magnolia (1999),10,0.047210648,4079,,,,
MAGN-10803,"https://ptannotated.com/iiif/magn/magn-10803/tiles/full/300,169/0/default.jpg",Magnolia (1999),10,0.047256944,4083,,,,
MAGN-10807,"https://ptannotated.com/iiif/magn/magn-10807/tiles/full/300,169/0/default.jpg",Magnolia (1999),10,0.047303241,4087,,,,
MAGN-10823,"https://ptannotated.com/iiif/magn/magn-10823/tiles/full/300,169/0/default.jpg",Magnolia (1999),10,0.047488426,4103,,,,
MAGN-10824,"https://ptannotated.com/iiif/magn/magn-10824/tiles/full/300,169/0/default.jpg",Magnolia (1999),10,0.0475,4104,,,,
MAGN-10833,"https://ptannotated.com/iiif/magn/magn-10833/tiles/full/300,169/0/default.jpg",Magnolia (1999),10,0.047604167,4113,,,,
MAGN-10835,"https://ptannotated.com/iiif/magn/magn-10835/tiles/full/300,169/0/default.jpg",Magnolia (1999),10,0.047627315,4115,,,,
MAGN-10836,"https://ptannotated.com/iiif/magn/magn-10836/tiles/full/300,169/0/default.jpg",Magnolia (1999),10,0.047638889,4116,,,,
MAGN-10842,"https://ptannotated.com/iiif/magn/magn-10842/tiles/full/300,169/0/default.jpg",Magnolia (1999),10,0.047708333,4122,,,,
MAGN-10846,"https://ptannotated.com/iiif/magn/magn-10846/tiles/full/300,169/0/default.jpg",Magnolia (1999),10,0.04775463,4126,,,,
MAGN-10849,"https://ptannotated.com/iiif/magn/magn-10849/tiles/full/300,169/0/default.jpg",Magnolia (1999),10,0.047789352,4129,,,,
MAGN-10854,"https://ptannotated.com/iiif/magn/magn-10854/tiles/full/300,169/0/default.jpg",Magnolia (1999),10,0.047847222,4134,,,,
MAGN-10907,"https://ptannotated.com/iiif/magn/magn-10907/tiles/full/300,169/0/default.jpg",Magnolia (1999),10,0.047997685,4147,,,,
MAGN-10911,"https://ptannotated.com/iiif/magn/magn-10911/tiles/full/300,169/0/default.jpg",Magnolia (1999),10,0.048043981,4151,,,,
MAGN-10917,"https://ptannotated.com/iiif/magn/magn-10917/tiles/full/300,169/0/default.jpg",Magnolia (1999),10,0.048113426,4157,,,,
MAGN-10958,"https://ptannotated.com/iiif/magn/magn-10958/tiles/full/300,169/0/default.jpg",Magnolia (1999),10,0.048587963,4198,,,,
MAGN-11027,"https://ptannotated.com/iiif/magn/magn-11027/tiles/full/300,169/0/default.jpg",Magnolia (1999),10,0.048923611,4227,,,,
MAGN-11034,"https://ptannotated.com/iiif/magn/magn-11034/tiles/full/300,169/0/default.jpg",Magnolia (1999),10,0.04900463,4234,,,,
MAGN-11118,"https://ptannotated.com/iiif/magn/magn-11118/tiles/full/300,169/0/default.jpg",Magnolia (1999),10,0.049513889,4278,,,,
MAGN-11124,"https://ptannotated.com/iiif/magn/magn-11124/tiles/full/300,169/0/default.jpg",Magnolia (1999),10,0.049583333,4284,,,,
MAGN-11151,"https://ptannotated.com/iiif/magn/magn-11151/tiles/full/300,169/0/default.jpg",Magnolia (1999),10,0.049930556,4314,,,,
MAGN-11157,"https://ptannotated.com/iiif/magn/magn-11157/tiles/full/300,169/0/default.jpg",Magnolia (1999),10,0.049965278,4317,,,,
MAGN-11214,"https://ptannotated.com/iiif/magn/magn-11214/tiles/full/300,169/0/default.jpg",Magnolia (1999),10,0.050162037,4334,,,,
MAGN-11236,"https://ptannotated.com/iiif/magn/magn-11236/tiles/full/300,169/0/default.jpg",Magnolia (1999),10,0.050416667,4356,,,,
MAGN-11237,"https://ptannotated.com/iiif/magn/magn-11237/tiles/full/300,169/0/default.jpg",Magnolia (1999),10,0.050428241,4357,,,,
MAGN-11252,"https://ptannotated.com/iiif/magn/magn-11252/tiles/full/300,169/0/default.jpg",Magnolia (1999),10,0.050601852,4372,,,,
MAGN-11313,"https://ptannotated.com/iiif/magn/magn-11313/tiles/full/300,169/0/default.jpg",Magnolia (1999),10,0.050844907,4393,,,,
MAGN-11317,"https://ptannotated.com/iiif/magn/magn-11317/tiles/full/300,169/0/default.jpg",Magnolia (1999),10,0.050891204,4397,,,,
MAGN-11332,"https://ptannotated.com/iiif/magn/magn-11332/tiles/full/300,169/0/default.jpg",Magnolia (1999),10,0.051064815,4412,,,,
MAGN-11346,"https://ptannotated.com/iiif/magn/magn-11346/tiles/full/300,169/0/default.jpg",Magnolia (1999),10,0.051226852,4426,,,,
MAGN-11356,"https://ptannotated.com/iiif/magn/magn-11356/tiles/full/300,169/0/default.jpg",Magnolia (1999),10,0.051342593,4436,,,,
MAGN-11358,"https://ptannotated.com/iiif/magn/magn-11358/tiles/full/300,169/0/default.jpg",Magnolia (1999),10,0.051365741,4438,,,,
MAGN-11423,"https://ptannotated.com/iiif/magn/magn-11423/tiles/full/300,169/0/default.jpg",Magnolia (1999),10,0.051655093,4463,,,,
MAGN-11446,"https://ptannotated.com/iiif/magn/magn-11446/tiles/full/300,169/0/default.jpg",Magnolia (1999),10,0.051921296,4486,,,,
MAGN-11542,"https://ptannotated.com/iiif/magn/magn-11542/tiles/full/300,169/0/default.jpg",Magnolia (1999),10,0.052569444,4542,,,,
MAGN-11624,"https://ptannotated.com/iiif/magn/magn-11624/tiles/full/300,169/0/default.jpg",Magnolia (1999),10,0.053055556,4584,,,,
MAGN-11628,"https://ptannotated.com/iiif/magn/magn-11628/tiles/full/300,169/0/default.jpg",Magnolia (1999),10,0.053101852,4588,,,,
MAGN-11641,"https://ptannotated.com/iiif/magn/magn-11641/tiles/full/300,169/0/default.jpg",Magnolia (1999),10,0.053252315,4601,,,,
MAGN-11712,"https://ptannotated.com/iiif/magn/magn-11712/tiles/full/300,169/0/default.jpg",Magnolia (1999),10,0.053611111,4632,,,,
MAGN-11718,"https://ptannotated.com/iiif/magn/magn-11718/tiles/full/300,169/0/default.jpg",Magnolia (1999),11,0.053657407,4636,,,,
MAGN-11733,"https://ptannotated.com/iiif/magn/magn-11733/tiles/full/300,169/0/default.jpg",Magnolia (1999),11,0.053854167,4653,,,,
MAGN-11814,"https://ptannotated.com/iiif/magn/magn-11814/tiles/full/300,169/0/default.jpg",Magnolia (1999),11,0.054328704,4694,,,,
MAGN-11827,"https://ptannotated.com/iiif/magn/magn-11827/tiles/full/300,169/0/default.jpg",Magnolia (1999),11,0.054479167,4707,,,,
MAGN-11846,"https://ptannotated.com/iiif/magn/magn-11846/tiles/full/300,169/0/default.jpg",Magnolia (1999),11,0.054699074,4726,,,,
MAGN-11850,"https://ptannotated.com/iiif/magn/magn-11850/tiles/full/300,169/0/default.jpg",Magnolia (1999),11,0.05474537,4730,,,,
MAGN-11858,"https://ptannotated.com/iiif/magn/magn-11858/tiles/full/300,169/0/default.jpg",Magnolia (1999),11,0.054837963,4738,,,,
MAGN-11924,"https://ptannotated.com/iiif/magn/magn-11924/tiles/full/300,169/0/default.jpg",Magnolia (1999),11,0.055138889,4764,,,,
MAGN-12048,"https://ptannotated.com/iiif/magn/magn-12048/tiles/full/300,169/0/default.jpg",Magnolia (1999),11,0.056111111,4848,,,,
MAGN-12155,"https://ptannotated.com/iiif/magn/magn-12155/tiles/full/300,169/0/default.jpg",Magnolia (1999),11,0.056886574,4915,,,,
MAGN-12214,"https://ptannotated.com/iiif/magn/magn-12214/tiles/full/300,169/0/default.jpg",Magnolia (1999),11,0.057106481,4934,,,,
MAGN-12216,"https://ptannotated.com/iiif/magn/magn-12216/tiles/full/300,169/0/default.jpg",Magnolia (1999),11,0.05712963,4936,,,,
MAGN-12230,"https://ptannotated.com/iiif/magn/magn-12230/tiles/full/300,169/0/default.jpg",Magnolia (1999),11,0.057291667,4950,,,,
MAGN-12241,"https://ptannotated.com/iiif/magn/magn-12241/tiles/full/300,169/0/default.jpg",Magnolia (1999),11,0.057418981,4961,,,,
MAGN-12247,"https://ptannotated.com/iiif/magn/magn-12247/tiles/full/300,169/0/default.jpg",Magnolia (1999),11,0.057488426,4967,,,,
MAGN-12258,"https://ptannotated.com/iiif/magn/magn-12258/tiles/full/300,169/0/default.jpg",Magnolia (1999),11,0.057615741,4978,,,,
MAGN-12300,"https://ptannotated.com/iiif/magn/magn-12300/tiles/full/300,169/0/default.jpg",Magnolia (1999),11,0.057638889,4980,,,,
MAGN-12319,"https://ptannotated.com/iiif/magn/magn-12319/tiles/full/300,169/0/default.jpg",Magnolia (1999),11,0.057858796,4999,,,,
MAGN-12324,"https://ptannotated.com/iiif/magn/magn-12324/tiles/full/300,169/0/default.jpg",Magnolia (1999),11,0.057916667,5004,,,,
MAGN-12326,"https://ptannotated.com/iiif/magn/magn-12326/tiles/full/300,169/0/default.jpg",Magnolia (1999),11,0.057939815,5006,,,,
MAGN-12335,"https://ptannotated.com/iiif/magn/magn-12335/tiles/full/300,169/0/default.jpg",Magnolia (1999),11,0.058043981,5015,,,,
MAGN-12338,"https://ptannotated.com/iiif/magn/magn-12338/tiles/full/300,169/0/default.jpg",Magnolia (1999),11,0.058078704,5018,,,,
MAGN-12348,"https://ptannotated.com/iiif/magn/magn-12348/tiles/full/300,169/0/default.jpg",Magnolia (1999),11,0.058194444,5028,,,,
MAGN-12400,"https://ptannotated.com/iiif/magn/magn-12400/tiles/full/300,169/0/default.jpg",Magnolia (1999),11,0.058333333,5040,,,,
MAGN-12402,"https://ptannotated.com/iiif/magn/magn-12402/tiles/full/300,169/0/default.jpg",Magnolia (1999),11,0.058356481,5042,,,,
MAGN-12428,"https://ptannotated.com/iiif/magn/magn-12428/tiles/full/300,169/0/default.jpg",Magnolia (1999),11,0.058657407,5068,,,,
MAGN-12437,"https://ptannotated.com/iiif/magn/magn-12437/tiles/full/300,169/0/default.jpg",Magnolia (1999),11,0.058761574,5077,,,,
MAGN-12458,"https://ptannotated.com/iiif/magn/magn-12458/tiles/full/300,169/0/default.jpg",Magnolia (1999),11,0.05900463,5098,,,,
MAGN-12507,"https://ptannotated.com/iiif/magn/magn-12507/tiles/full/300,169/0/default.jpg",Magnolia (1999),11,0.059108796,5107,,,,
MAGN-12510,"https://ptannotated.com/iiif/magn/magn-12510/tiles/full/300,169/0/default.jpg",Magnolia (1999),11,0.059143519,5110,,,,
MAGN-12522,"https://ptannotated.com/iiif/magn/magn-12522/tiles/full/300,169/0/default.jpg",Magnolia (1999),11,0.059282407,5122,,,,
MAGN-12527,"https://ptannotated.com/iiif/magn/magn-12527/tiles/full/300,169/0/default.jpg",Magnolia (1999),11,0.059340278,5127,,,,
MAGN-12548,"https://ptannotated.com/iiif/magn/magn-12548/tiles/full/300,169/0/default.jpg",Magnolia (1999),11,0.059583333,5148,,,,
MAGN-12604,"https://ptannotated.com/iiif/magn/magn-12604/tiles/full/300,169/0/default.jpg",Magnolia (1999),11,0.059768519,5164,,,,
MAGN-12633,"https://ptannotated.com/iiif/magn/magn-12633/tiles/full/300,169/0/default.jpg",Magnolia (1999),11,0.060104167,5193,,,,
MAGN-12649,"https://ptannotated.com/iiif/magn/magn-12649/tiles/full/300,169/0/default.jpg",Magnolia (1999),11,0.060289352,5209,,,,
MAGN-12708,"https://ptannotated.com/iiif/magn/magn-12708/tiles/full/300,169/0/default.jpg",Magnolia (1999),11,0.060509259,5228,,,,
MAGN-12741,"https://ptannotated.com/iiif/magn/magn-12741/tiles/full/300,169/0/default.jpg",Magnolia (1999),11,0.060891204,5261,,,,
MAGN-12809,"https://ptannotated.com/iiif/magn/magn-12809/tiles/full/300,169/0/default.jpg",Magnolia (1999),11,0.061215278,5289,,,,
MAGN-12823,"https://ptannotated.com/iiif/magn/magn-12823/tiles/full/300,169/0/default.jpg",Magnolia (1999),11,0.061377315,5303,,,,
MAGN-12849,"https://ptannotated.com/iiif/magn/magn-12849/tiles/full/300,169/0/default.jpg",Magnolia (1999),11,0.061678241,5329,,,,
MAGN-13121,"https://ptannotated.com/iiif/magn/magn-13121/tiles/full/300,169/0/default.jpg",Magnolia (1999),11,0.0634375,5481,,,,
MAGN-13133,"https://ptannotated.com/iiif/magn/magn-13133/tiles/full/300,169/0/default.jpg",Magnolia (1999),11,0.063576389,5493,,,,
MAGN-13141,"https://ptannotated.com/iiif/magn/magn-13141/tiles/full/300,169/0/default.jpg",Magnolia (1999),11,0.063668981,5501,,,,
MAGN-13203,"https://ptannotated.com/iiif/magn/magn-13203/tiles/full/300,169/0/default.jpg",Magnolia (1999),11,0.063923611,5523,,,,
MAGN-13217,"https://ptannotated.com/iiif/magn/magn-13217/tiles/full/300,169/0/default.jpg",Magnolia (1999),11,0.064085648,5537,,,,
MAGN-13221,"https://ptannotated.com/iiif/magn/magn-13221/tiles/full/300,169/0/default.jpg",Magnolia (1999),11,0.064131944,5541,,,,
MAGN-13231,"https://ptannotated.com/iiif/magn/magn-13231/tiles/full/300,169/0/default.jpg",Magnolia (1999),11,0.064247685,5551,,,,
MAGN-13236,"https://ptannotated.com/iiif/magn/magn-13236/tiles/full/300,169/0/default.jpg",Magnolia (1999),11,0.064305556,5556,,,,
MAGN-13303,"https://ptannotated.com/iiif/magn/magn-13303/tiles/full/300,169/0/default.jpg",Magnolia (1999),11,0.064618056,5583,,,,
MAGN-13314,"https://ptannotated.com/iiif/magn/magn-13314/tiles/full/300,169/0/default.jpg",Magnolia (1999),11,0.06474537,5594,,,,
MAGN-13404,"https://ptannotated.com/iiif/magn/magn-13404/tiles/full/300,169/0/default.jpg",Magnolia (1999),11,0.065324074,5644,,,,
MAGN-13411,"https://ptannotated.com/iiif/magn/magn-13411/tiles/full/300,169/0/default.jpg",Magnolia (1999),11,0.065405093,5651,,,,
MAGN-13419,"https://ptannotated.com/iiif/magn/magn-13419/tiles/full/300,169/0/default.jpg",Magnolia (1999),11,0.065497685,5659,,,,
MAGN-13424,"https://ptannotated.com/iiif/magn/magn-13424/tiles/full/300,169/0/default.jpg",Magnolia (1999),11,0.065555556,5664,,,,
MAGN-13430,"https://ptannotated.com/iiif/magn/magn-13430/tiles/full/300,169/0/default.jpg",Magnolia (1999),11,0.065625,5670,,,,
MAGN-13436,"https://ptannotated.com/iiif/magn/magn-13436/tiles/full/300,169/0/default.jpg",Magnolia (1999),11,0.065694444,5676,,,,
MAGN-13444,"https://ptannotated.com/iiif/magn/magn-13444/tiles/full/300,169/0/default.jpg",Magnolia (1999),11,0.065787037,5684,,,,
MAGN-13453,"https://ptannotated.com/iiif/magn/magn-13453/tiles/full/300,169/0/default.jpg",Magnolia (1999),11,0.065891204,5693,,,,
MAGN-13459,"https://ptannotated.com/iiif/magn/magn-13459/tiles/full/300,169/0/default.jpg",Magnolia (1999),11,0.065960648,5699,,,,
MAGN-13531,"https://ptannotated.com/iiif/magn/magn-13531/tiles/full/300,169/0/default.jpg",Magnolia (1999),11,0.066331019,5731,,,,
MAGN-13613,"https://ptannotated.com/iiif/magn/magn-13613/tiles/full/300,169/0/default.jpg",Magnolia (1999),11,0.06681713,5773,,,,
MAGN-13617,"https://ptannotated.com/iiif/magn/magn-13617/tiles/full/300,169/0/default.jpg",Magnolia (1999),11,0.066863426,5777,,,,
MAGN-13618,"https://ptannotated.com/iiif/magn/magn-13618/tiles/full/300,169/0/default.jpg",Magnolia (1999),11,0.066875,5778,,,,
MAGN-13639,"https://ptannotated.com/iiif/magn/magn-13639/tiles/full/300,169/0/default.jpg",Magnolia (1999),11,0.067118056,5799,,,,
MAGN-13704,"https://ptannotated.com/iiif/magn/magn-13704/tiles/full/300,169/0/default.jpg",Magnolia (1999),11,0.067407407,5824,,,,
MAGN-13717,"https://ptannotated.com/iiif/magn/magn-13717/tiles/full/300,169/0/default.jpg",Magnolia (1999),11,0.06755787,5837,,,,
MAGN-13724,"https://ptannotated.com/iiif/magn/magn-13724/tiles/full/300,169/0/default.jpg",Magnolia (1999),11,0.067638889,5844,,,,
MAGN-13728,"https://ptannotated.com/iiif/magn/magn-13728/tiles/full/300,169/0/default.jpg",Magnolia (1999),11,0.067685185,5848,,,,
MAGN-13736,"https://ptannotated.com/iiif/magn/magn-13736/tiles/full/300,169/0/default.jpg",Magnolia (1999),11,0.067777778,5856,,,,
MAGN-13737,"https://ptannotated.com/iiif/magn/magn-13737/tiles/full/300,169/0/default.jpg",Magnolia (1999),11,0.067789352,5857,,,,
MAGN-13739,"https://ptannotated.com/iiif/magn/magn-13739/tiles/full/300,169/0/default.jpg",Magnolia (1999),11,0.0678125,5859,,,,
MAGN-13741,"https://ptannotated.com/iiif/magn/magn-13741/tiles/full/300,169/0/default.jpg",Magnolia (1999),11,0.067835648,5861,,,,
MAGN-13743,"https://ptannotated.com/iiif/magn/magn-13743/tiles/full/300,169/0/default.jpg",Magnolia (1999),11,0.067858796,5863,,,,
MAGN-13843,"https://ptannotated.com/iiif/magn/magn-13843/tiles/full/300,169/0/default.jpg",Magnolia (1999),11,0.068553241,5923,,,,
MAGN-13852,"https://ptannotated.com/iiif/magn/magn-13852/tiles/full/300,169/0/default.jpg",Magnolia (1999),11,0.068657407,5932,,,,
MAGN-13853,"https://ptannotated.com/iiif/magn/magn-13853/tiles/full/300,169/0/default.jpg",Magnolia (1999),11,0.068668981,5933,,,,
MAGN-13855,"https://ptannotated.com/iiif/magn/magn-13855/tiles/full/300,169/0/default.jpg",Magnolia (1999),11,0.06869213,5935,,,,
MAGN-13858,"https://ptannotated.com/iiif/magn/magn-13858/tiles/full/300,169/0/default.jpg",Magnolia (1999),11,0.068726852,5938,,,,
MAGN-13912,"https://ptannotated.com/iiif/magn/magn-13912/tiles/full/300,169/0/default.jpg",Magnolia (1999),11,0.068888889,5952,,,,
MAGN-13928,"https://ptannotated.com/iiif/magn/magn-13928/tiles/full/300,169/0/default.jpg",Magnolia (1999),11,0.069074074,5968,,,,
MAGN-13939,"https://ptannotated.com/iiif/magn/magn-13939/tiles/full/300,169/0/default.jpg",Magnolia (1999),11,0.069201389,5979,,,,
MAGN-13946,"https://ptannotated.com/iiif/magn/magn-13946/tiles/full/300,169/0/default.jpg",Magnolia (1999),11,0.069282407,5986,,,,
MAGN-13955,"https://ptannotated.com/iiif/magn/magn-13955/tiles/full/300,169/0/default.jpg",Magnolia (1999),11,0.069386574,5995,,,,
MAGN-13958,"https://ptannotated.com/iiif/magn/magn-13958/tiles/full/300,169/0/default.jpg",Magnolia (1999),11,0.069421296,5998,,,,
MAGN-14010,"https://ptannotated.com/iiif/magn/magn-14010/tiles/full/300,169/0/default.jpg",Magnolia (1999),11,0.069560185,6010,,,,
MAGN-14025,"https://ptannotated.com/iiif/magn/magn-14025/tiles/full/300,169/0/default.jpg",Magnolia (1999),11,0.069733796,6025,,,,
MAGN-14033,"https://ptannotated.com/iiif/magn/magn-14033/tiles/full/300,169/0/default.jpg",Magnolia (1999),11,0.069826389,6033,,,,
MAGN-14040,"https://ptannotated.com/iiif/magn/magn-14040/tiles/full/300,169/0/default.jpg",Magnolia (1999),11,0.069907407,6040,,,,
MAGN-14052,"https://ptannotated.com/iiif/magn/magn-14052/tiles/full/300,169/0/default.jpg",Magnolia (1999),11,0.070046296,6052,,,,
MAGN-14117,"https://ptannotated.com/iiif/magn/magn-14117/tiles/full/300,169/0/default.jpg",Magnolia (1999),11,0.070335648,6077,,,,
MAGN-14125,"https://ptannotated.com/iiif/magn/magn-14125/tiles/full/300,169/0/default.jpg",Magnolia (1999),11,0.070428241,6085,,,,
MAGN-14153,"https://ptannotated.com/iiif/magn/magn-14153/tiles/full/300,169/0/default.jpg",Magnolia (1999),12,0.070752315,6113,,,,
MAGN-14154,"https://ptannotated.com/iiif/magn/magn-14154/tiles/full/300,169/0/default.jpg",Magnolia (1999),12,0.070763889,6114,,,,
MAGN-14220,"https://ptannotated.com/iiif/magn/magn-14220/tiles/full/300,169/0/default.jpg",Magnolia (1999),12,0.071064815,6140,,,,
MAGN-14255,"https://ptannotated.com/iiif/magn/magn-14255/tiles/full/300,169/0/default.jpg",Magnolia (1999),12,0.071469907,6175,,,,
MAGN-14307,"https://ptannotated.com/iiif/magn/magn-14307/tiles/full/300,169/0/default.jpg",Magnolia (1999),12,0.071608796,6187,,,,
MAGN-14337,"https://ptannotated.com/iiif/magn/magn-14337/tiles/full/300,169/0/default.jpg",Magnolia (1999),12,0.071956019,6217,,,,
MAGN-14339,"https://ptannotated.com/iiif/magn/magn-14339/tiles/full/300,169/0/default.jpg",Magnolia (1999),12,0.071979167,6219,,,,
MAGN-14352,"https://ptannotated.com/iiif/magn/magn-14352/tiles/full/300,169/0/default.jpg",Magnolia (1999),12,0.07212963,6232,,,,
MAGN-14357,"https://ptannotated.com/iiif/magn/magn-14357/tiles/full/300,169/0/default.jpg",Magnolia (1999),12,0.0721875,6237,,,,
MAGN-14403,"https://ptannotated.com/iiif/magn/magn-14403/tiles/full/300,169/0/default.jpg",Magnolia (1999),12,0.072256944,6243,,,,
MAGN-14410,"https://ptannotated.com/iiif/magn/magn-14410/tiles/full/300,169/0/default.jpg",Magnolia (1999),12,0.072337963,6250,,,,
MAGN-14441,"https://ptannotated.com/iiif/magn/magn-14441/tiles/full/300,169/0/default.jpg",Magnolia (1999),12,0.072696759,6281,,,,
MAGN-14450,"https://ptannotated.com/iiif/magn/magn-14450/tiles/full/300,169/0/default.jpg",Magnolia (1999),12,0.072800926,6290,,,,
MAGN-14457,"https://ptannotated.com/iiif/magn/magn-14457/tiles/full/300,169/0/default.jpg",Magnolia (1999),12,0.072881944,6297,,,,
MAGN-14533,"https://ptannotated.com/iiif/magn/magn-14533/tiles/full/300,169/0/default.jpg",Magnolia (1999),12,0.073298611,6333,,,,
MAGN-14535,"https://ptannotated.com/iiif/magn/magn-14535/tiles/full/300,169/0/default.jpg",Magnolia (1999),12,0.073321759,6335,,,,
MAGN-14546,"https://ptannotated.com/iiif/magn/magn-14546/tiles/full/300,169/0/default.jpg",Magnolia (1999),12,0.073449074,6346,,,,
MAGN-14558,"https://ptannotated.com/iiif/magn/magn-14558/tiles/full/300,169/0/default.jpg",Magnolia (1999),12,0.073587963,6358,,,,
MAGN-14618,"https://ptannotated.com/iiif/magn/magn-14618/tiles/full/300,169/0/default.jpg",Magnolia (1999),12,0.073819444,6378,,,,
MAGN-14623,"https://ptannotated.com/iiif/magn/magn-14623/tiles/full/300,169/0/default.jpg",Magnolia (1999),12,0.073877315,6383,,,,
MAGN-14624,"https://ptannotated.com/iiif/magn/magn-14624/tiles/full/300,169/0/default.jpg",Magnolia (1999),12,0.073888889,6384,,,,
MAGN-14701,"https://ptannotated.com/iiif/magn/magn-14701/tiles/full/300,169/0/default.jpg",Magnolia (1999),12,0.07431713,6421,,,,
MAGN-14712,"https://ptannotated.com/iiif/magn/magn-14712/tiles/full/300,169/0/default.jpg",Magnolia (1999),12,0.074444444,6432,,,,
MAGN-14723,"https://ptannotated.com/iiif/magn/magn-14723/tiles/full/300,169/0/default.jpg",Magnolia (1999),12,0.074571759,6443,,,,
MAGN-14731,"https://ptannotated.com/iiif/magn/magn-14731/tiles/full/300,169/0/default.jpg",Magnolia (1999),12,0.074664352,6451,,,,
MAGN-14745,"https://ptannotated.com/iiif/magn/magn-14745/tiles/full/300,169/0/default.jpg",Magnolia (1999),12,0.074826389,6465,,,,
MAGN-14754,"https://ptannotated.com/iiif/magn/magn-14754/tiles/full/300,169/0/default.jpg",Magnolia (1999),12,0.074930556,6474,,,,
MAGN-14807,"https://ptannotated.com/iiif/magn/magn-14807/tiles/full/300,169/0/default.jpg",Magnolia (1999),12,0.075081019,6487,,,,
MAGN-14811,"https://ptannotated.com/iiif/magn/magn-14811/tiles/full/300,169/0/default.jpg",Magnolia (1999),12,0.075127315,6491,,,,
MAGN-14818,"https://ptannotated.com/iiif/magn/magn-14818/tiles/full/300,169/0/default.jpg",Magnolia (1999),12,0.075208333,6498,,,,
MAGN-14834,"https://ptannotated.com/iiif/magn/magn-14834/tiles/full/300,169/0/default.jpg",Magnolia (1999),12,0.075393519,6514,,,,
MAGN-14844,"https://ptannotated.com/iiif/magn/magn-14844/tiles/full/300,169/0/default.jpg",Magnolia (1999),12,0.075509259,6524,,,,
MAGN-14856,"https://ptannotated.com/iiif/magn/magn-14856/tiles/full/300,169/0/default.jpg",Magnolia (1999),12,0.075648148,6536,,,,
MAGN-14903,"https://ptannotated.com/iiif/magn/magn-14903/tiles/full/300,169/0/default.jpg",Magnolia (1999),12,0.075729167,6543,,,,
MAGN-14907,"https://ptannotated.com/iiif/magn/magn-14907/tiles/full/300,169/0/default.jpg",Magnolia (1999),12,0.075775463,6547,,,,
MAGN-14928,"https://ptannotated.com/iiif/magn/magn-14928/tiles/full/300,169/0/default.jpg",Magnolia (1999),12,0.076018519,6568,,,,
MAGN-14938,"https://ptannotated.com/iiif/magn/magn-14938/tiles/full/300,169/0/default.jpg",Magnolia (1999),12,0.076134259,6578,,,,
MAGN-14943,"https://ptannotated.com/iiif/magn/magn-14943/tiles/full/300,169/0/default.jpg",Magnolia (1999),12,0.07619213,6583,,,,
MAGN-14947,"https://ptannotated.com/iiif/magn/magn-14947/tiles/full/300,169/0/default.jpg",Magnolia (1999),12,0.076238426,6587,,,,
MAGN-15019,"https://ptannotated.com/iiif/magn/magn-15019/tiles/full/300,169/0/default.jpg",Magnolia (1999),12,0.076608796,6619,,,,
MAGN-15025,"https://ptannotated.com/iiif/magn/magn-15025/tiles/full/300,169/0/default.jpg",Magnolia (1999),12,0.076678241,6625,,,,
MAGN-15029,"https://ptannotated.com/iiif/magn/magn-15029/tiles/full/300,169/0/default.jpg",Magnolia (1999),12,0.076724537,6629,,,,
MAGN-15031,"https://ptannotated.com/iiif/magn/magn-15031/tiles/full/300,169/0/default.jpg",Magnolia (1999),12,0.076747685,6631,,,,
MAGN-15041,"https://ptannotated.com/iiif/magn/magn-15041/tiles/full/300,169/0/default.jpg",Magnolia (1999),12,0.076863426,6641,,,,
MAGN-15046,"https://ptannotated.com/iiif/magn/magn-15046/tiles/full/300,169/0/default.jpg",Magnolia (1999),12,0.076921296,6646,,,,
MAGN-15052,"https://ptannotated.com/iiif/magn/magn-15052/tiles/full/300,169/0/default.jpg",Magnolia (1999),12,0.076990741,6652,,,,
MAGN-15053,"https://ptannotated.com/iiif/magn/magn-15053/tiles/full/300,169/0/default.jpg",Magnolia (1999),12,0.077002315,6653,,,,
MAGN-15058,"https://ptannotated.com/iiif/magn/magn-15058/tiles/full/300,169/0/default.jpg",Magnolia (1999),12,0.077060185,6658,,,,
MAGN-15109,"https://ptannotated.com/iiif/magn/magn-15109/tiles/full/300,169/0/default.jpg",Magnolia (1999),12,0.0771875,6669,,,,
MAGN-15126,"https://ptannotated.com/iiif/magn/magn-15126/tiles/full/300,169/0/default.jpg",Magnolia (1999),12,0.077384259,6686,,,,
MAGN-15136,"https://ptannotated.com/iiif/magn/magn-15136/tiles/full/300,169/0/default.jpg",Magnolia (1999),12,0.0775,6696,,,,
MAGN-15144,"https://ptannotated.com/iiif/magn/magn-15144/tiles/full/300,169/0/default.jpg",Magnolia (1999),12,0.077592593,6704,,,,
MAGN-15153,"https://ptannotated.com/iiif/magn/magn-15153/tiles/full/300,169/0/default.jpg",Magnolia (1999),12,0.077696759,6713,,,,
MAGN-15156,"https://ptannotated.com/iiif/magn/magn-15156/tiles/full/300,169/0/default.jpg",Magnolia (1999),12,0.077731481,6716,,,,
MAGN-15206,"https://ptannotated.com/iiif/magn/magn-15206/tiles/full/300,169/0/default.jpg",Magnolia (1999),12,0.077847222,6726,,,,
MAGN-15214,"https://ptannotated.com/iiif/magn/magn-15214/tiles/full/300,169/0/default.jpg",Magnolia (1999),12,0.077939815,6734,,,,
MAGN-15219,"https://ptannotated.com/iiif/magn/magn-15219/tiles/full/300,169/0/default.jpg",Magnolia (1999),12,0.077997685,6739,,,,
MAGN-15230,"https://ptannotated.com/iiif/magn/magn-15230/tiles/full/300,169/0/default.jpg",Magnolia (1999),12,0.078125,6750,,,,
MAGN-15242,"https://ptannotated.com/iiif/magn/magn-15242/tiles/full/300,169/0/default.jpg",Magnolia (1999),12,0.078263889,6762,,,,
MAGN-15254,"https://ptannotated.com/iiif/magn/magn-15254/tiles/full/300,169/0/default.jpg",Magnolia (1999),12,0.078402778,6774,,,,
MAGN-15259,"https://ptannotated.com/iiif/magn/magn-15259/tiles/full/300,169/0/default.jpg",Magnolia (1999),12,0.078460648,6779,,,,
MAGN-15307,"https://ptannotated.com/iiif/magn/magn-15307/tiles/full/300,169/0/default.jpg",Magnolia (1999),12,0.078553241,6787,,,,
MAGN-15312,"https://ptannotated.com/iiif/magn/magn-15312/tiles/full/300,169/0/default.jpg",Magnolia (1999),12,0.078611111,6792,,,,
MAGN-15316,"https://ptannotated.com/iiif/magn/magn-15316/tiles/full/300,169/0/default.jpg",Magnolia (1999),12,0.078657407,6796,,,,
MAGN-15328,"https://ptannotated.com/iiif/magn/magn-15328/tiles/full/300,169/0/default.jpg",Magnolia (1999),12,0.078796296,6808,,,,
MAGN-15351,"https://ptannotated.com/iiif/magn/magn-15351/tiles/full/300,169/0/default.jpg",Magnolia (1999),12,0.0790625,6831,,,,
MAGN-15353,"https://ptannotated.com/iiif/magn/magn-15353/tiles/full/300,169/0/default.jpg",Magnolia (1999),12,0.079085648,6833,,,,
MAGN-15400,"https://ptannotated.com/iiif/magn/magn-15400/tiles/full/300,169/0/default.jpg",Magnolia (1999),13,0.079166667,6840,,,,
MAGN-15402,"https://ptannotated.com/iiif/magn/magn-15402/tiles/full/300,169/0/default.jpg",Magnolia (1999),13,0.079189815,6842,,,,
MAGN-15409,"https://ptannotated.com/iiif/magn/magn-15409/tiles/full/300,169/0/default.jpg",Magnolia (1999),13,0.079270833,6849,,,,
MAGN-15414,"https://ptannotated.com/iiif/magn/magn-15414/tiles/full/300,169/0/default.jpg",Magnolia (1999),13,0.079328704,6854,,,,
MAGN-15420,"https://ptannotated.com/iiif/magn/magn-15420/tiles/full/300,169/0/default.jpg",Magnolia (1999),13,0.079398148,6860,,,,
MAGN-15432,"https://ptannotated.com/iiif/magn/magn-15432/tiles/full/300,169/0/default.jpg",Magnolia (1999),13,0.079537037,6872,,,,
MAGN-15433,"https://ptannotated.com/iiif/magn/magn-15433/tiles/full/300,169/0/default.jpg",Magnolia (1999),13,0.079548611,6873,,,,
MAGN-15519,"https://ptannotated.com/iiif/magn/magn-15519/tiles/full/300,169/0/default.jpg",Magnolia (1999),13,0.080081019,6919,,,,
MAGN-15523,"https://ptannotated.com/iiif/magn/magn-15523/tiles/full/300,169/0/default.jpg",Magnolia (1999),13,0.080127315,6923,,,,
MAGN-15533,"https://ptannotated.com/iiif/magn/magn-15533/tiles/full/300,169/0/default.jpg",Magnolia (1999),13,0.080243056,6933,,,,
MAGN-15547,"https://ptannotated.com/iiif/magn/magn-15547/tiles/full/300,169/0/default.jpg",Magnolia (1999),13,0.080405093,6947,,,,
MAGN-15558,"https://ptannotated.com/iiif/magn/magn-15558/tiles/full/300,169/0/default.jpg",Magnolia (1999),13,0.080532407,6958,,,,
MAGN-15610,"https://ptannotated.com/iiif/magn/magn-15610/tiles/full/300,169/0/default.jpg",Magnolia (1999),13,0.080671296,6970,,,,
MAGN-15611,"https://ptannotated.com/iiif/magn/magn-15611/tiles/full/300,169/0/default.jpg",Magnolia (1999),13,0.08068287,6971,,,,
MAGN-15625,"https://ptannotated.com/iiif/magn/magn-15625/tiles/full/300,169/0/default.jpg",Magnolia (1999),13,0.080844907,6985,,,,
MAGN-15704,"https://ptannotated.com/iiif/magn/magn-15704/tiles/full/300,169/0/default.jpg",Magnolia (1999),13,0.081296296,7024,,,,
MAGN-15714,"https://ptannotated.com/iiif/magn/magn-15714/tiles/full/300,169/0/default.jpg",Magnolia (1999),13,0.081412037,7034,,,,
MAGN-15724,"https://ptannotated.com/iiif/magn/magn-15724/tiles/full/300,169/0/default.jpg",Magnolia (1999),13,0.081527778,7044,,,,
MAGN-15737,"https://ptannotated.com/iiif/magn/magn-15737/tiles/full/300,169/0/default.jpg",Magnolia (1999),13,0.081678241,7057,,,,
MAGN-15740,"https://ptannotated.com/iiif/magn/magn-15740/tiles/full/300,169/0/default.jpg",Magnolia (1999),13,0.081712963,7060,,,,
MAGN-15741,"https://ptannotated.com/iiif/magn/magn-15741/tiles/full/300,169/0/default.jpg",Magnolia (1999),13,0.081724537,7061,,,,
MAGN-15744,"https://ptannotated.com/iiif/magn/magn-15744/tiles/full/300,169/0/default.jpg",Magnolia (1999),13,0.081759259,7064,,,,
MAGN-15750,"https://ptannotated.com/iiif/magn/magn-15750/tiles/full/300,169/0/default.jpg",Magnolia (1999),13,0.081828704,7070,,,,
MAGN-15822,"https://ptannotated.com/iiif/magn/magn-15822/tiles/full/300,169/0/default.jpg",Magnolia (1999),13,0.082199074,7102,,,,
MAGN-15832,"https://ptannotated.com/iiif/magn/magn-15832/tiles/full/300,169/0/default.jpg",Magnolia (1999),13,0.082314815,7112,,,,
MAGN-15837,"https://ptannotated.com/iiif/magn/magn-15837/tiles/full/300,169/0/default.jpg",Magnolia (1999),13,0.082372685,7117,,,,
MAGN-15843,"https://ptannotated.com/iiif/magn/magn-15843/tiles/full/300,169/0/default.jpg",Magnolia (1999),13,0.08244213,7123,,,,
MAGN-15851,"https://ptannotated.com/iiif/magn/magn-15851/tiles/full/300,169/0/default.jpg",Magnolia (1999),13,0.082534722,7131,,,,
MAGN-15907,"https://ptannotated.com/iiif/magn/magn-15907/tiles/full/300,169/0/default.jpg",Magnolia (1999),13,0.082719907,7147,,,,
MAGN-15932,"https://ptannotated.com/iiif/magn/magn-15932/tiles/full/300,169/0/default.jpg",Magnolia (1999),13,0.083009259,7172,,,,
MAGN-15937,"https://ptannotated.com/iiif/magn/magn-15937/tiles/full/300,169/0/default.jpg",Magnolia (1999),13,0.08306713,7177,,,,
MAGN-15942,"https://ptannotated.com/iiif/magn/magn-15942/tiles/full/300,169/0/default.jpg",Magnolia (1999),13,0.083125,7182,,,,
MAGN-15951,"https://ptannotated.com/iiif/magn/magn-15951/tiles/full/300,169/0/default.jpg",Magnolia (1999),13,0.083229167,7191,,,,
MAGN-15959,"https://ptannotated.com/iiif/magn/magn-15959/tiles/full/300,169/0/default.jpg",Magnolia (1999),13,0.083321759,7199,,,,
MAGN-20018,"https://ptannotated.com/iiif/magn/magn-20018/tiles/full/300,169/0/default.jpg",Magnolia (1999),13,0.083541667,7218,,,,
MAGN-20023,"https://ptannotated.com/iiif/magn/magn-20023/tiles/full/300,169/0/default.jpg",Magnolia (1999),13,0.083599537,7223,,,,
MAGN-20026,"https://ptannotated.com/iiif/magn/magn-20026/tiles/full/300,169/0/default.jpg",Magnolia (1999),13,0.083634259,7226,,,,
MAGN-20058,"https://ptannotated.com/iiif/magn/magn-20058/tiles/full/300,169/0/default.jpg",Magnolia (1999),13,0.08400463,7258,,,,
MAGN-20108,"https://ptannotated.com/iiif/magn/magn-20108/tiles/full/300,169/0/default.jpg",Magnolia (1999),13,0.08412037,7268,,,,
MAGN-20129,"https://ptannotated.com/iiif/magn/magn-20129/tiles/full/300,169/0/default.jpg",Magnolia (1999),13,0.084363426,7289,,,,
MAGN-20137,"https://ptannotated.com/iiif/magn/magn-20137/tiles/full/300,169/0/default.jpg",Magnolia (1999),13,0.084456019,7297,,,,
MAGN-20144,"https://ptannotated.com/iiif/magn/magn-20144/tiles/full/300,169/0/default.jpg",Magnolia (1999),13,0.084537037,7304,,,,
MAGN-20204,"https://ptannotated.com/iiif/magn/magn-20204/tiles/full/300,169/0/default.jpg",Magnolia (1999),13,0.084768519,7324,,,,
MAGN-20240,"https://ptannotated.com/iiif/magn/magn-20240/tiles/full/300,169/0/default.jpg",Magnolia (1999),13,0.085185185,7360,,,,
MAGN-20258,"https://ptannotated.com/iiif/magn/magn-20258/tiles/full/300,169/0/default.jpg",Magnolia (1999),13,0.085393519,7378,,,,
MAGN-20301,"https://ptannotated.com/iiif/magn/magn-20301/tiles/full/300,169/0/default.jpg",Magnolia (1999),13,0.085428241,7381,,,,
MAGN-20350,"https://ptannotated.com/iiif/magn/magn-20350/tiles/full/300,169/0/default.jpg",Magnolia (1999),13,0.08599537,7430,,,,
MAGN-20427,"https://ptannotated.com/iiif/magn/magn-20427/tiles/full/300,169/0/default.jpg",Magnolia (1999),13,0.086423611,7467,,,,
MAGN-20434,"https://ptannotated.com/iiif/magn/magn-20434/tiles/full/300,169/0/default.jpg",Magnolia (1999),13,0.08650463,7474,,,,
MAGN-20450,"https://ptannotated.com/iiif/magn/magn-20450/tiles/full/300,169/0/default.jpg",Magnolia (1999),13,0.086689815,7490,,,,
MAGN-20547,"https://ptannotated.com/iiif/magn/magn-20547/tiles/full/300,169/0/default.jpg",Magnolia (1999),13,0.087349537,7547,,,,
MAGN-20557,"https://ptannotated.com/iiif/magn/magn-20557/tiles/full/300,169/0/default.jpg",Magnolia (1999),13,0.087465278,7557,,,,
MAGN-20606,"https://ptannotated.com/iiif/magn/magn-20606/tiles/full/300,169/0/default.jpg",Magnolia (1999),14,0.087569444,7566,,,,
MAGN-20616,"https://ptannotated.com/iiif/magn/magn-20616/tiles/full/300,169/0/default.jpg",Magnolia (1999),14,0.087685185,7576,,,,
MAGN-20630,"https://ptannotated.com/iiif/magn/magn-20630/tiles/full/300,169/0/default.jpg",Magnolia (1999),14,0.087847222,7590,,,,
MAGN-20647,"https://ptannotated.com/iiif/magn/magn-20647/tiles/full/300,169/0/default.jpg",Magnolia (1999),14,0.088043981,7607,,,,
MAGN-20738,"https://ptannotated.com/iiif/magn/magn-20738/tiles/full/300,169/0/default.jpg",Magnolia (1999),14,0.088634259,7658,,,,
MAGN-20851,"https://ptannotated.com/iiif/magn/magn-20851/tiles/full/300,169/0/default.jpg",Magnolia (1999),14,0.089479167,7731,,,,
MAGN-20947,"https://ptannotated.com/iiif/magn/magn-20947/tiles/full/300,169/0/default.jpg",Magnolia (1999),14,0.090127315,7787,,,,
MAGN-21016,"https://ptannotated.com/iiif/magn/magn-21016/tiles/full/300,169/0/default.jpg",Magnolia (1999),14,0.090462963,7816,,,,
MAGN-21051,"https://ptannotated.com/iiif/magn/magn-21051/tiles/full/300,169/0/default.jpg",Magnolia (1999),14,0.090868056,7851,,,,
MAGN-21303,"https://ptannotated.com/iiif/magn/magn-21303/tiles/full/300,169/0/default.jpg",Magnolia (1999),14,0.092395833,7983,,,,
MAGN-21315,"https://ptannotated.com/iiif/magn/magn-21315/tiles/full/300,169/0/default.jpg",Magnolia (1999),14,0.092534722,7995,,,,
MAGN-21447,"https://ptannotated.com/iiif/magn/magn-21447/tiles/full/300,169/0/default.jpg",Magnolia (1999),14,0.093599537,8087,,,,
MAGN-21452,"https://ptannotated.com/iiif/magn/magn-21452/tiles/full/300,169/0/default.jpg",Magnolia (1999),14,0.093657407,8092,,,,
MAGN-21507,"https://ptannotated.com/iiif/magn/magn-21507/tiles/full/300,169/0/default.jpg",Magnolia (1999),14,0.093831019,8107,,,,
MAGN-21519,"https://ptannotated.com/iiif/magn/magn-21519/tiles/full/300,169/0/default.jpg",Magnolia (1999),14,0.093969907,8119,,,,
MAGN-21540,"https://ptannotated.com/iiif/magn/magn-21540/tiles/full/300,169/0/default.jpg",Magnolia (1999),14,0.094212963,8140,,,,
MAGN-21549,"https://ptannotated.com/iiif/magn/magn-21549/tiles/full/300,169/0/default.jpg",Magnolia (1999),14,0.09431713,8149,,,,
MAGN-21557,"https://ptannotated.com/iiif/magn/magn-21557/tiles/full/300,169/0/default.jpg",Magnolia (1999),14,0.094409722,8157,,,,
MAGN-21601,"https://ptannotated.com/iiif/magn/magn-21601/tiles/full/300,169/0/default.jpg",Magnolia (1999),14,0.094456019,8161,,,,
MAGN-21609,"https://ptannotated.com/iiif/magn/magn-21609/tiles/full/300,169/0/default.jpg",Magnolia (1999),14,0.094548611,8169,,,,
MAGN-21615,"https://ptannotated.com/iiif/magn/magn-21615/tiles/full/300,169/0/default.jpg",Magnolia (1999),14,0.094618056,8175,,,,
MAGN-21626,"https://ptannotated.com/iiif/magn/magn-21626/tiles/full/300,169/0/default.jpg",Magnolia (1999),14,0.09474537,8186,,,,
MAGN-21636,"https://ptannotated.com/iiif/magn/magn-21636/tiles/full/300,169/0/default.jpg",Magnolia (1999),14,0.094861111,8196,,,,
MAGN-21644,"https://ptannotated.com/iiif/magn/magn-21644/tiles/full/300,169/0/default.jpg",Magnolia (1999),14,0.094953704,8204,,,,
MAGN-21647,"https://ptannotated.com/iiif/magn/magn-21647/tiles/full/300,169/0/default.jpg",Magnolia (1999),14,0.094988426,8207,,,,
MAGN-21655,"https://ptannotated.com/iiif/magn/magn-21655/tiles/full/300,169/0/default.jpg",Magnolia (1999),14,0.095081019,8215,,,,
MAGN-21701,"https://ptannotated.com/iiif/magn/magn-21701/tiles/full/300,169/0/default.jpg",Magnolia (1999),14,0.095150463,8221,,,,
MAGN-21702,"https://ptannotated.com/iiif/magn/magn-21702/tiles/full/300,169/0/default.jpg",Magnolia (1999),15,0.095162037,8222,,,,
MAGN-21715,"https://ptannotated.com/iiif/magn/magn-21715/tiles/full/300,169/0/default.jpg",Magnolia (1999),15,0.0953125,8235,,,,
MAGN-21717,"https://ptannotated.com/iiif/magn/magn-21717/tiles/full/300,169/0/default.jpg",Magnolia (1999),15,0.095335648,8237,,,,
MAGN-21724,"https://ptannotated.com/iiif/magn/magn-21724/tiles/full/300,169/0/default.jpg",Magnolia (1999),15,0.095416667,8244,,,,
MAGN-21733,"https://ptannotated.com/iiif/magn/magn-21733/tiles/full/300,169/0/default.jpg",Magnolia (1999),15,0.095520833,8253,,,,
MAGN-21740,"https://ptannotated.com/iiif/magn/magn-21740/tiles/full/300,169/0/default.jpg",Magnolia (1999),15,0.095601852,8260,,,,
MAGN-21749,"https://ptannotated.com/iiif/magn/magn-21749/tiles/full/300,169/0/default.jpg",Magnolia (1999),15,0.095706019,8269,,,,
MAGN-21753,"https://ptannotated.com/iiif/magn/magn-21753/tiles/full/300,169/0/default.jpg",Magnolia (1999),15,0.095752315,8273,,,,
MAGN-21805,"https://ptannotated.com/iiif/magn/magn-21805/tiles/full/300,169/0/default.jpg",Magnolia (1999),15,0.095891204,8285,,,,
MAGN-21814,"https://ptannotated.com/iiif/magn/magn-21814/tiles/full/300,169/0/default.jpg",Magnolia (1999),15,0.09599537,8294,,,,
MAGN-21825,"https://ptannotated.com/iiif/magn/magn-21825/tiles/full/300,169/0/default.jpg",Magnolia (1999),15,0.096122685,8305,,,,
MAGN-21826,"https://ptannotated.com/iiif/magn/magn-21826/tiles/full/300,169/0/default.jpg",Magnolia (1999),15,0.096134259,8306,,,,
MAGN-21851,"https://ptannotated.com/iiif/magn/magn-21851/tiles/full/300,169/0/default.jpg",Magnolia (1999),15,0.096423611,8331,,,,
MAGN-21858,"https://ptannotated.com/iiif/magn/magn-21858/tiles/full/300,169/0/default.jpg",Magnolia (1999),15,0.09650463,8338,,,,
MAGN-21913,"https://ptannotated.com/iiif/magn/magn-21913/tiles/full/300,169/0/default.jpg",Magnolia (1999),15,0.096678241,8353,,,,
MAGN-21949,"https://ptannotated.com/iiif/magn/magn-21949/tiles/full/300,169/0/default.jpg",Magnolia (1999),15,0.097094907,8389,,,,
MAGN-22016,"https://ptannotated.com/iiif/magn/magn-22016/tiles/full/300,169/0/default.jpg",Magnolia (1999),15,0.097407407,8416,,,,
MAGN-22033,"https://ptannotated.com/iiif/magn/magn-22033/tiles/full/300,169/0/default.jpg",Magnolia (1999),15,0.097604167,8433,,,,
MAGN-22042,"https://ptannotated.com/iiif/magn/magn-22042/tiles/full/300,169/0/default.jpg",Magnolia (1999),15,0.097708333,8442,,,,
MAGN-22103,"https://ptannotated.com/iiif/magn/magn-22103/tiles/full/300,169/0/default.jpg",Magnolia (1999),15,0.097951389,8463,,,,
MAGN-22116,"https://ptannotated.com/iiif/magn/magn-22116/tiles/full/300,169/0/default.jpg",Magnolia (1999),15,0.098101852,8476,,,,
MAGN-22135,"https://ptannotated.com/iiif/magn/magn-22135/tiles/full/300,169/0/default.jpg",Magnolia (1999),15,0.098321759,8495,,,,
MAGN-22140,"https://ptannotated.com/iiif/magn/magn-22140/tiles/full/300,169/0/default.jpg",Magnolia (1999),15,0.09837963,8500,,,,
MAGN-22203,"https://ptannotated.com/iiif/magn/magn-22203/tiles/full/300,169/0/default.jpg",Magnolia (1999),15,0.098645833,8523,,,,
MAGN-22209,"https://ptannotated.com/iiif/magn/magn-22209/tiles/full/300,169/0/default.jpg",Magnolia (1999),15,0.098715278,8529,,,,
MAGN-22223,"https://ptannotated.com/iiif/magn/magn-22223/tiles/full/300,169/0/default.jpg",Magnolia (1999),15,0.098877315,8543,,,,
MAGN-22231,"https://ptannotated.com/iiif/magn/magn-22231/tiles/full/300,169/0/default.jpg",Magnolia (1999),15,0.098969907,8551,,,,
MAGN-22238,"https://ptannotated.com/iiif/magn/magn-22238/tiles/full/300,169/0/default.jpg",Magnolia (1999),15,0.099050926,8558,,,,
MAGN-22245,"https://ptannotated.com/iiif/magn/magn-22245/tiles/full/300,169/0/default.jpg",Magnolia (1999),15,0.099131944,8565,,,,
MAGN-22246,"https://ptannotated.com/iiif/magn/magn-22246/tiles/full/300,169/0/default.jpg",Magnolia (1999),15,0.099143519,8566,,,,
MAGN-22248,"https://ptannotated.com/iiif/magn/magn-22248/tiles/full/300,169/0/default.jpg",Magnolia (1999),15,0.099166667,8568,,,,
MAGN-22250,"https://ptannotated.com/iiif/magn/magn-22250/tiles/full/300,169/0/default.jpg",Magnolia (1999),15,0.099189815,8570,,,,
MAGN-22254,"https://ptannotated.com/iiif/magn/magn-22254/tiles/full/300,169/0/default.jpg",Magnolia (1999),15,0.099236111,8574,,,,
MAGN-22302,"https://ptannotated.com/iiif/magn/magn-22302/tiles/full/300,169/0/default.jpg",Magnolia (1999),15,0.099328704,8582,,,,
MAGN-22305,"https://ptannotated.com/iiif/magn/magn-22305/tiles/full/300,169/0/default.jpg",Magnolia (1999),15,0.099363426,8585,,,,
MAGN-22308,"https://ptannotated.com/iiif/magn/magn-22308/tiles/full/300,169/0/default.jpg",Magnolia (1999),15,0.099398148,8588,,,,
MAGN-22316,"https://ptannotated.com/iiif/magn/magn-22316/tiles/full/300,169/0/default.jpg",Magnolia (1999),15,0.099490741,8596,,,,
MAGN-22335,"https://ptannotated.com/iiif/magn/magn-22335/tiles/full/300,169/0/default.jpg",Magnolia (1999),15,0.099710648,8615,,,,
MAGN-22424,"https://ptannotated.com/iiif/magn/magn-22424/tiles/full/300,169/0/default.jpg",Magnolia (1999),15,0.100277778,8664,,,,
MAGN-22442,"https://ptannotated.com/iiif/magn/magn-22442/tiles/full/300,169/0/default.jpg",Magnolia (1999),15,0.100486111,8682,,,,
MAGN-22444,"https://ptannotated.com/iiif/magn/magn-22444/tiles/full/300,169/0/default.jpg",Magnolia (1999),15,0.100509259,8684,,,,
MAGN-22502,"https://ptannotated.com/iiif/magn/magn-22502/tiles/full/300,169/0/default.jpg",Magnolia (1999),15,0.100717593,8702,,,,
MAGN-22520,"https://ptannotated.com/iiif/magn/magn-22520/tiles/full/300,169/0/default.jpg",Magnolia (1999),15,0.100925926,8720,,,,
MAGN-22534,"https://ptannotated.com/iiif/magn/magn-22534/tiles/full/300,169/0/default.jpg",Magnolia (1999),15,0.101087963,8734,,,,
MAGN-22549,"https://ptannotated.com/iiif/magn/magn-22549/tiles/full/300,169/0/default.jpg",Magnolia (1999),15,0.101261574,8749,,,,
MAGN-22608,"https://ptannotated.com/iiif/magn/magn-22608/tiles/full/300,169/0/default.jpg",Magnolia (1999),15,0.101481481,8768,,,,
MAGN-22705,"https://ptannotated.com/iiif/magn/magn-22705/tiles/full/300,169/0/default.jpg",Magnolia (1999),15,0.102141204,8825,,,,
MAGN-22748,"https://ptannotated.com/iiif/magn/magn-22748/tiles/full/300,169/0/default.jpg",Magnolia (1999),15,0.102638889,8868,,,,
MAGN-22834,"https://ptannotated.com/iiif/magn/magn-22834/tiles/full/300,169/0/default.jpg",Magnolia (1999),15,0.103171296,8914,,,,
MAGN-23003,"https://ptannotated.com/iiif/magn/magn-23003/tiles/full/300,169/0/default.jpg",Magnolia (1999),15,0.104201389,9003,,,,
MAGN-23008,"https://ptannotated.com/iiif/magn/magn-23008/tiles/full/300,169/0/default.jpg",Magnolia (1999),15,0.104259259,9008,,,,
MAGN-23022,"https://ptannotated.com/iiif/magn/magn-23022/tiles/full/300,169/0/default.jpg",Magnolia (1999),15,0.104421296,9022,,,,
MAGN-23034,"https://ptannotated.com/iiif/magn/magn-23034/tiles/full/300,169/0/default.jpg",Magnolia (1999),15,0.104560185,9034,,,,
MAGN-23042,"https://ptannotated.com/iiif/magn/magn-23042/tiles/full/300,169/0/default.jpg",Magnolia (1999),15,0.104652778,9042,,,,
MAGN-23107,"https://ptannotated.com/iiif/magn/magn-23107/tiles/full/300,169/0/default.jpg",Magnolia (1999),15,0.10494213,9067,,,,
MAGN-23131,"https://ptannotated.com/iiif/magn/magn-23131/tiles/full/300,169/0/default.jpg",Magnolia (1999),15,0.105219907,9091,,,,
MAGN-23205,"https://ptannotated.com/iiif/magn/magn-23205/tiles/full/300,169/0/default.jpg",Magnolia (1999),15,0.105613426,9125,,,,
MAGN-23329,"https://ptannotated.com/iiif/magn/magn-23329/tiles/full/300,169/0/default.jpg",Magnolia (1999),15,0.106585648,9209,,,,
MAGN-23404,"https://ptannotated.com/iiif/magn/magn-23404/tiles/full/300,169/0/default.jpg",Magnolia (1999),15,0.106990741,9244,,,,
MAGN-23430,"https://ptannotated.com/iiif/magn/magn-23430/tiles/full/300,169/0/default.jpg",Magnolia (1999),15,0.107291667,9270,,,,
MAGN-23442,"https://ptannotated.com/iiif/magn/magn-23442/tiles/full/300,169/0/default.jpg",Magnolia (1999),15,0.107430556,9282,,,,
MAGN-23447,"https://ptannotated.com/iiif/magn/magn-23447/tiles/full/300,169/0/default.jpg",Magnolia (1999),15,0.107488426,9287,,,,
MAGN-23452,"https://ptannotated.com/iiif/magn/magn-23452/tiles/full/300,169/0/default.jpg",Magnolia (1999),15,0.107546296,9292,,,,
MAGN-23459,"https://ptannotated.com/iiif/magn/magn-23459/tiles/full/300,169/0/default.jpg",Magnolia (1999),15,0.107627315,9299,,,,
MAGN-23509,"https://ptannotated.com/iiif/magn/magn-23509/tiles/full/300,169/0/default.jpg",Magnolia (1999),15,0.107743056,9309,,,,
MAGN-23524,"https://ptannotated.com/iiif/magn/magn-23524/tiles/full/300,169/0/default.jpg",Magnolia (1999),15,0.107916667,9324,,,,
MAGN-23541,"https://ptannotated.com/iiif/magn/magn-23541/tiles/full/300,169/0/default.jpg",Magnolia (1999),15,0.108113426,9341,,,,
MAGN-23557,"https://ptannotated.com/iiif/magn/magn-23557/tiles/full/300,169/0/default.jpg",Magnolia (1999),15,0.108298611,9357,,,,
MAGN-23633,"https://ptannotated.com/iiif/magn/magn-23633/tiles/full/300,169/0/default.jpg",Magnolia (1999),15,0.108715278,9393,,,,
MAGN-23657,"https://ptannotated.com/iiif/magn/magn-23657/tiles/full/300,169/0/default.jpg",Magnolia (1999),15,0.108993056,9417,,,,
MAGN-23702,"https://ptannotated.com/iiif/magn/magn-23702/tiles/full/300,169/0/default.jpg",Magnolia (1999),15,0.109050926,9422,,,,
MAGN-23711,"https://ptannotated.com/iiif/magn/magn-23711/tiles/full/300,169/0/default.jpg",Magnolia (1999),15,0.109155093,9431,,,,
MAGN-23919,"https://ptannotated.com/iiif/magn/magn-23919/tiles/full/300,169/0/default.jpg",Magnolia (1999),15,0.110636574,9559,,,,
MAGN-23923,"https://ptannotated.com/iiif/magn/magn-23923/tiles/full/300,169/0/default.jpg",Magnolia (1999),15,0.11068287,9563,,,,
MAGN-24016,"https://ptannotated.com/iiif/magn/magn-24016/tiles/full/300,169/0/default.jpg",Magnolia (1999),15,0.111296296,9616,,,,
MAGN-24037,"https://ptannotated.com/iiif/magn/magn-24037/tiles/full/300,169/0/default.jpg",Magnolia (1999),15,0.111539352,9637,,,,
MAGN-24045,"https://ptannotated.com/iiif/magn/magn-24045/tiles/full/300,169/0/default.jpg",Magnolia (1999),15,0.111631944,9645,,,,
MAGN-24105,"https://ptannotated.com/iiif/magn/magn-24105/tiles/full/300,169/0/default.jpg",Magnolia (1999),15,0.111863426,9665,,,,
MAGN-24108,"https://ptannotated.com/iiif/magn/magn-24108/tiles/full/300,169/0/default.jpg",Magnolia (1999),15,0.111898148,9668,,,,
MAGN-24115,"https://ptannotated.com/iiif/magn/magn-24115/tiles/full/300,169/0/default.jpg",Magnolia (1999),15,0.111979167,9675,,,,
MAGN-24121,"https://ptannotated.com/iiif/magn/magn-24121/tiles/full/300,169/0/default.jpg",Magnolia (1999),15,0.112048611,9681,,,,
MAGN-24124,"https://ptannotated.com/iiif/magn/magn-24124/tiles/full/300,169/0/default.jpg",Magnolia (1999),15,0.112083333,9684,,,,
MAGN-24138,"https://ptannotated.com/iiif/magn/magn-24138/tiles/full/300,169/0/default.jpg",Magnolia (1999),15,0.11224537,9698,,,,
MAGN-24156,"https://ptannotated.com/iiif/magn/magn-24156/tiles/full/300,169/0/default.jpg",Magnolia (1999),15,0.112453704,9716,,,,
MAGN-24221,"https://ptannotated.com/iiif/magn/magn-24221/tiles/full/300,169/0/default.jpg",Magnolia (1999),15,0.112743056,9741,,,,
MAGN-24233,"https://ptannotated.com/iiif/magn/magn-24233/tiles/full/300,169/0/default.jpg",Magnolia (1999),15,0.112881944,9753,,,,
MAGN-24246,"https://ptannotated.com/iiif/magn/magn-24246/tiles/full/300,169/0/default.jpg",Magnolia (1999),15,0.113032407,9766,,,,
MAGN-24255,"https://ptannotated.com/iiif/magn/magn-24255/tiles/full/300,169/0/default.jpg",Magnolia (1999),15,0.113136574,9775,,,,
MAGN-24305,"https://ptannotated.com/iiif/magn/magn-24305/tiles/full/300,169/0/default.jpg",Magnolia (1999),15,0.113252315,9785,,,,
MAGN-24324,"https://ptannotated.com/iiif/magn/magn-24324/tiles/full/300,169/0/default.jpg",Magnolia (1999),15,0.113472222,9804,,,,
MAGN-24330,"https://ptannotated.com/iiif/magn/magn-24330/tiles/full/300,169/0/default.jpg",Magnolia (1999),15,0.113541667,9810,,,,
MAGN-24333,"https://ptannotated.com/iiif/magn/magn-24333/tiles/full/300,169/0/default.jpg",Magnolia (1999),15,0.113576389,9813,,,,
MAGN-24334,"https://ptannotated.com/iiif/magn/magn-24334/tiles/full/300,169/0/default.jpg",Magnolia (1999),15,0.113587963,9814,,,,
MAGN-24337,"https://ptannotated.com/iiif/magn/magn-24337/tiles/full/300,169/0/default.jpg",Magnolia (1999),15,0.113622685,9817,,,,
MAGN-24355,"https://ptannotated.com/iiif/magn/magn-24355/tiles/full/300,169/0/default.jpg",Magnolia (1999),15,0.113831019,9835,,,,
MAGN-24411,"https://ptannotated.com/iiif/magn/magn-24411/tiles/full/300,169/0/default.jpg",Magnolia (1999),15,0.114016204,9851,,,,
MAGN-24421,"https://ptannotated.com/iiif/magn/magn-24421/tiles/full/300,169/0/default.jpg",Magnolia (1999),15,0.114131944,9861,,,,
MAGN-24437,"https://ptannotated.com/iiif/magn/magn-24437/tiles/full/300,169/0/default.jpg",Magnolia (1999),15,0.11431713,9877,,,,
MAGN-24441,"https://ptannotated.com/iiif/magn/magn-24441/tiles/full/300,169/0/default.jpg",Magnolia (1999),15,0.114363426,9881,,,,
MAGN-24446,"https://ptannotated.com/iiif/magn/magn-24446/tiles/full/300,169/0/default.jpg",Magnolia (1999),16,0.114421296,9886,,,,
MAGN-24459,"https://ptannotated.com/iiif/magn/magn-24459/tiles/full/300,169/0/default.jpg",Magnolia (1999),16,0.114571759,9899,,,,
MAGN-24502,"https://ptannotated.com/iiif/magn/magn-24502/tiles/full/300,169/0/default.jpg",Magnolia (1999),16,0.114606481,9902,,,,
MAGN-24506,"https://ptannotated.com/iiif/magn/magn-24506/tiles/full/300,169/0/default.jpg",Magnolia (1999),16,0.114652778,9906,,,,
MAGN-24519,"https://ptannotated.com/iiif/magn/magn-24519/tiles/full/300,169/0/default.jpg",Magnolia (1999),16,0.114803241,9919,,,,
MAGN-24522,"https://ptannotated.com/iiif/magn/magn-24522/tiles/full/300,169/0/default.jpg",Magnolia (1999),16,0.114837963,9922,,,,
MAGN-24531,"https://ptannotated.com/iiif/magn/magn-24531/tiles/full/300,169/0/default.jpg",Magnolia (1999),16,0.11494213,9931,,,,
MAGN-24536,"https://ptannotated.com/iiif/magn/magn-24536/tiles/full/300,169/0/default.jpg",Magnolia (1999),16,0.115,9936,,,,
MAGN-24546,"https://ptannotated.com/iiif/magn/magn-24546/tiles/full/300,169/0/default.jpg",Magnolia (1999),16,0.115115741,9946,,,,
MAGN-24550,"https://ptannotated.com/iiif/magn/magn-24550/tiles/full/300,169/0/default.jpg",Magnolia (1999),16,0.115162037,9950,,,,
MAGN-24551,"https://ptannotated.com/iiif/magn/magn-24551/tiles/full/300,169/0/default.jpg",Magnolia (1999),16,0.115173611,9951,,,,
MAGN-24552,"https://ptannotated.com/iiif/magn/magn-24552/tiles/full/300,169/0/default.jpg",Magnolia (1999),16,0.115185185,9952,,,,
MAGN-24554,"https://ptannotated.com/iiif/magn/magn-24554/tiles/full/300,169/0/default.jpg",Magnolia (1999),16,0.115208333,9954,,,,
MAGN-24602,"https://ptannotated.com/iiif/magn/magn-24602/tiles/full/300,169/0/default.jpg",Magnolia (1999),16,0.115300926,9962,,,,
MAGN-24616,"https://ptannotated.com/iiif/magn/magn-24616/tiles/full/300,169/0/default.jpg",Magnolia (1999),16,0.115462963,9976,,,,
MAGN-24620,"https://ptannotated.com/iiif/magn/magn-24620/tiles/full/300,169/0/default.jpg",Magnolia (1999),16,0.115509259,9980,,,,
MAGN-24631,"https://ptannotated.com/iiif/magn/magn-24631/tiles/full/300,169/0/default.jpg",Magnolia (1999),16,0.115636574,9991,,,,
MAGN-24633,"https://ptannotated.com/iiif/magn/magn-24633/tiles/full/300,169/0/default.jpg",Magnolia (1999),16,0.115659722,9993,,,,
MAGN-24634,"https://ptannotated.com/iiif/magn/magn-24634/tiles/full/300,169/0/default.jpg",Magnolia (1999),16,0.115671296,9994,,,,
MAGN-24640,"https://ptannotated.com/iiif/magn/magn-24640/tiles/full/300,169/0/default.jpg",Magnolia (1999),16,0.115740741,10000,,,,
MAGN-24647,"https://ptannotated.com/iiif/magn/magn-24647/tiles/full/300,169/0/default.jpg",Magnolia (1999),16,0.115821759,10007,,,,
MAGN-24712,"https://ptannotated.com/iiif/magn/magn-24712/tiles/full/300,169/0/default.jpg",Magnolia (1999),16,0.116111111,10032,,,,
MAGN-24731,"https://ptannotated.com/iiif/magn/magn-24731/tiles/full/300,169/0/default.jpg",Magnolia (1999),16,0.116331019,10051,,,,
MAGN-24736,"https://ptannotated.com/iiif/magn/magn-24736/tiles/full/300,169/0/default.jpg",Magnolia (1999),16,0.116388889,10056,,,,
MAGN-24739,"https://ptannotated.com/iiif/magn/magn-24739/tiles/full/300,169/0/default.jpg",Magnolia (1999),16,0.116423611,10059,,,,
MAGN-24750,"https://ptannotated.com/iiif/magn/magn-24750/tiles/full/300,169/0/default.jpg",Magnolia (1999),16,0.116550926,10070,,,,
MAGN-24807,"https://ptannotated.com/iiif/magn/magn-24807/tiles/full/300,169/0/default.jpg",Magnolia (1999),16,0.116747685,10087,,,,
MAGN-24809,"https://ptannotated.com/iiif/magn/magn-24809/tiles/full/300,169/0/default.jpg",Magnolia (1999),16,0.116770833,10089,,,,
MAGN-24814,"https://ptannotated.com/iiif/magn/magn-24814/tiles/full/300,169/0/default.jpg",Magnolia (1999),16,0.116828704,10094,,,,
MAGN-24823,"https://ptannotated.com/iiif/magn/magn-24823/tiles/full/300,169/0/default.jpg",Magnolia (1999),16,0.11693287,10103,,,,
MAGN-24831,"https://ptannotated.com/iiif/magn/magn-24831/tiles/full/300,169/0/default.jpg",Magnolia (1999),16,0.117025463,10111,,,,
MAGN-24834,"https://ptannotated.com/iiif/magn/magn-24834/tiles/full/300,169/0/default.jpg",Magnolia (1999),16,0.117060185,10114,,,,
MAGN-24838,"https://ptannotated.com/iiif/magn/magn-24838/tiles/full/300,169/0/default.jpg",Magnolia (1999),16,0.117106481,10118,,,,
MAGN-24840,"https://ptannotated.com/iiif/magn/magn-24840/tiles/full/300,169/0/default.jpg",Magnolia (1999),16,0.11712963,10120,,,,
MAGN-24845,"https://ptannotated.com/iiif/magn/magn-24845/tiles/full/300,169/0/default.jpg",Magnolia (1999),16,0.1171875,10125,,,,
MAGN-24851,"https://ptannotated.com/iiif/magn/magn-24851/tiles/full/300,169/0/default.jpg",Magnolia (1999),16,0.117256944,10131,,,,
MAGN-24854,"https://ptannotated.com/iiif/magn/magn-24854/tiles/full/300,169/0/default.jpg",Magnolia (1999),16,0.117291667,10134,,,,
MAGN-24859,"https://ptannotated.com/iiif/magn/magn-24859/tiles/full/300,169/0/default.jpg",Magnolia (1999),16,0.117291667,10134,,,,
MAGN-24910,"https://ptannotated.com/iiif/magn/magn-24910/tiles/full/300,169/0/default.jpg",Magnolia (1999),16,0.117476852,10150,,,,
MAGN-24915,"https://ptannotated.com/iiif/magn/magn-24915/tiles/full/300,169/0/default.jpg",Magnolia (1999),16,0.117534722,10155,,,,
MAGN-24917,"https://ptannotated.com/iiif/magn/magn-24917/tiles/full/300,169/0/default.jpg",Magnolia (1999),16,0.11755787,10157,,,,
MAGN-24918,"https://ptannotated.com/iiif/magn/magn-24918/tiles/full/300,169/0/default.jpg",Magnolia (1999),16,0.117569444,10158,,,,
MAGN-24922,"https://ptannotated.com/iiif/magn/magn-24922/tiles/full/300,169/0/default.jpg",Magnolia (1999),16,0.117615741,10162,,,,
MAGN-24926,"https://ptannotated.com/iiif/magn/magn-24926/tiles/full/300,169/0/default.jpg",Magnolia (1999),16,0.117662037,10166,,,,
MAGN-24930,"https://ptannotated.com/iiif/magn/magn-24930/tiles/full/300,169/0/default.jpg",Magnolia (1999),16,0.117708333,10170,,,,
MAGN-24942,"https://ptannotated.com/iiif/magn/magn-24942/tiles/full/300,169/0/default.jpg",Magnolia (1999),16,0.117847222,10182,,,,
MAGN-24945,"https://ptannotated.com/iiif/magn/magn-24945/tiles/full/300,169/0/default.jpg",Magnolia (1999),16,0.117881944,10185,,,,
MAGN-24948,"https://ptannotated.com/iiif/magn/magn-24948/tiles/full/300,169/0/default.jpg",Magnolia (1999),16,0.117916667,10188,,,,
MAGN-24949,"https://ptannotated.com/iiif/magn/magn-24949/tiles/full/300,169/0/default.jpg",Magnolia (1999),16,0.117928241,10189,,,,
MAGN-24954,"https://ptannotated.com/iiif/magn/magn-24954/tiles/full/300,169/0/default.jpg",Magnolia (1999),16,0.117986111,10194,,,,
MAGN-24955,"https://ptannotated.com/iiif/magn/magn-24955/tiles/full/300,169/0/default.jpg",Magnolia (1999),16,0.117997685,10195,,,,
MAGN-24956,"https://ptannotated.com/iiif/magn/magn-24956/tiles/full/300,169/0/default.jpg",Magnolia (1999),16,0.118009259,10196,,,,
MAGN-24958,"https://ptannotated.com/iiif/magn/magn-24958/tiles/full/300,169/0/default.jpg",Magnolia (1999),16,0.118032407,10198,,,,
MAGN-25009,"https://ptannotated.com/iiif/magn/magn-25009/tiles/full/300,169/0/default.jpg",Magnolia (1999),16,0.118159722,10209,,,,
MAGN-25029,"https://ptannotated.com/iiif/magn/magn-25029/tiles/full/300,169/0/default.jpg",Magnolia (1999),16,0.118391204,10229,,,,
MAGN-25030,"https://ptannotated.com/iiif/magn/magn-25030/tiles/full/300,169/0/default.jpg",Magnolia (1999),16,0.118402778,10230,,,,
MAGN-25040,"https://ptannotated.com/iiif/magn/magn-25040/tiles/full/300,169/0/default.jpg",Magnolia (1999),16,0.118518519,10240,,,,
MAGN-25042,"https://ptannotated.com/iiif/magn/magn-25042/tiles/full/300,169/0/default.jpg",Magnolia (1999),16,0.118541667,10242,,,,
MAGN-25044,"https://ptannotated.com/iiif/magn/magn-25044/tiles/full/300,169/0/default.jpg",Magnolia (1999),16,0.118564815,10244,,,,
MAGN-25048,"https://ptannotated.com/iiif/magn/magn-25048/tiles/full/300,169/0/default.jpg",Magnolia (1999),16,0.118611111,10248,,,,
MAGN-25112,"https://ptannotated.com/iiif/magn/magn-25112/tiles/full/300,169/0/default.jpg",Magnolia (1999),16,0.118888889,10272,,,,
MAGN-25119,"https://ptannotated.com/iiif/magn/magn-25119/tiles/full/300,169/0/default.jpg",Magnolia (1999),16,0.118969907,10279,,,,
MAGN-25133,"https://ptannotated.com/iiif/magn/magn-25133/tiles/full/300,169/0/default.jpg",Magnolia (1999),16,0.119131944,10293,,,,
MAGN-25223,"https://ptannotated.com/iiif/magn/magn-25223/tiles/full/300,169/0/default.jpg",Magnolia (1999),17,0.119710648,10343,,,,
MAGN-25227,"https://ptannotated.com/iiif/magn/magn-25227/tiles/full/300,169/0/default.jpg",Magnolia (1999),17,0.119756944,10347,,,,
MAGN-25231,"https://ptannotated.com/iiif/magn/magn-25231/tiles/full/300,169/0/default.jpg",Magnolia (1999),17,0.119803241,10351,,,,
MAGN-25233,"https://ptannotated.com/iiif/magn/magn-25233/tiles/full/300,169/0/default.jpg",Magnolia (1999),17,0.119826389,10353,,,,
MAGN-25249,"https://ptannotated.com/iiif/magn/magn-25249/tiles/full/300,169/0/default.jpg",Magnolia (1999),17,0.120011574,10369,,,,
MAGN-25258,"https://ptannotated.com/iiif/magn/magn-25258/tiles/full/300,169/0/default.jpg",Magnolia (1999),17,0.120115741,10378,,,,
MAGN-25306,"https://ptannotated.com/iiif/magn/magn-25306/tiles/full/300,169/0/default.jpg",Magnolia (1999),17,0.120208333,10386,,,,
MAGN-25315,"https://ptannotated.com/iiif/magn/magn-25315/tiles/full/300,169/0/default.jpg",Magnolia (1999),17,0.1203125,10395,,,,
MAGN-25324,"https://ptannotated.com/iiif/magn/magn-25324/tiles/full/300,169/0/default.jpg",Magnolia (1999),17,0.120416667,10404,,,,
MAGN-25337,"https://ptannotated.com/iiif/magn/magn-25337/tiles/full/300,169/0/default.jpg",Magnolia (1999),17,0.12056713,10417,,,,
MAGN-25347,"https://ptannotated.com/iiif/magn/magn-25347/tiles/full/300,169/0/default.jpg",Magnolia (1999),17,0.12068287,10427,,,,
MAGN-25402,"https://ptannotated.com/iiif/magn/magn-25402/tiles/full/300,169/0/default.jpg",Magnolia (1999),17,0.120856481,10442,,,,
MAGN-25407,"https://ptannotated.com/iiif/magn/magn-25407/tiles/full/300,169/0/default.jpg",Magnolia (1999),17,0.120914352,10447,,,,
MAGN-25426,"https://ptannotated.com/iiif/magn/magn-25426/tiles/full/300,169/0/default.jpg",Magnolia (1999),17,0.121134259,10466,,,,
MAGN-25442,"https://ptannotated.com/iiif/magn/magn-25442/tiles/full/300,169/0/default.jpg",Magnolia (1999),17,0.121319444,10482,,,,
MAGN-25458,"https://ptannotated.com/iiif/magn/magn-25458/tiles/full/300,169/0/default.jpg",Magnolia (1999),17,0.12150463,10498,,,,
MAGN-25504,"https://ptannotated.com/iiif/magn/magn-25504/tiles/full/300,169/0/default.jpg",Magnolia (1999),17,0.121574074,10504,,,,
MAGN-25520,"https://ptannotated.com/iiif/magn/magn-25520/tiles/full/300,169/0/default.jpg",Magnolia (1999),17,0.121759259,10520,,,,
MAGN-25524,"https://ptannotated.com/iiif/magn/magn-25524/tiles/full/300,169/0/default.jpg",Magnolia (1999),17,0.121805556,10524,,,,
MAGN-25559,"https://ptannotated.com/iiif/magn/magn-25559/tiles/full/300,169/0/default.jpg",Magnolia (1999),17,0.122210648,10559,,,,
MAGN-25603,"https://ptannotated.com/iiif/magn/magn-25603/tiles/full/300,169/0/default.jpg",Magnolia (1999),17,0.122256944,10563,,,,
MAGN-25608,"https://ptannotated.com/iiif/magn/magn-25608/tiles/full/300,169/0/default.jpg",Magnolia (1999),17,0.122314815,10568,,,,
MAGN-25624,"https://ptannotated.com/iiif/magn/magn-25624/tiles/full/300,169/0/default.jpg",Magnolia (1999),17,0.1225,10584,,,,
MAGN-25655,"https://ptannotated.com/iiif/magn/magn-25655/tiles/full/300,169/0/default.jpg",Magnolia (1999),17,0.122858796,10615,,,,
MAGN-25712,"https://ptannotated.com/iiif/magn/magn-25712/tiles/full/300,169/0/default.jpg",Magnolia (1999),17,0.123055556,10632,,,,
MAGN-25718,"https://ptannotated.com/iiif/magn/magn-25718/tiles/full/300,169/0/default.jpg",Magnolia (1999),17,0.123125,10638,,,,
MAGN-25751,"https://ptannotated.com/iiif/magn/magn-25751/tiles/full/300,169/0/default.jpg",Magnolia (1999),17,0.123506944,10671,,,,
MAGN-25804,"https://ptannotated.com/iiif/magn/magn-25804/tiles/full/300,169/0/default.jpg",Magnolia (1999),17,0.123657407,10684,,,,
MAGN-25851,"https://ptannotated.com/iiif/magn/magn-25851/tiles/full/300,169/0/default.jpg",Magnolia (1999),17,0.124201389,10731,,,,
MAGN-25929,"https://ptannotated.com/iiif/magn/magn-25929/tiles/full/300,169/0/default.jpg",Magnolia (1999),17,0.124641204,10769,,,,
MAGN-30021,"https://ptannotated.com/iiif/magn/magn-30021/tiles/full/300,169/0/default.jpg",Magnolia (1999),17,0.125243056,10821,,,,
MAGN-30058,"https://ptannotated.com/iiif/magn/magn-30058/tiles/full/300,169/0/default.jpg",Magnolia (1999),17,0.125671296,10858,,,,
MAGN-30059,"https://ptannotated.com/iiif/magn/magn-30059/tiles/full/300,169/0/default.jpg",Magnolia (1999),17,0.12568287,10859,,,,
MAGN-30101,"https://ptannotated.com/iiif/magn/magn-30101/tiles/full/300,169/0/default.jpg",Magnolia (1999),18,0.125706019,10861,,,,
MAGN-30820,"https://ptannotated.com/iiif/magn/magn-30820/tiles/full/300,169/0/default.jpg",Magnolia (1999),18,0.130787037,11300,,,,
PUNC-00039,"https://digitalscholarship.brynmawr.edu/pta/punc/punc-00039/tiles/full/300,169/0/default.jpg",Punch-Drunk Love (2002),1,0.000451389,39,,,,
PUNC-00144,"https://digitalscholarship.brynmawr.edu/pta/punc/punc-00144/tiles/full/300,169/0/default.jpg",Punch-Drunk Love (2002),1,0.001203704,104,,,,
PUNC-00149,"https://digitalscholarship.brynmawr.edu/pta/punc/punc-00149/tiles/full/300,169/0/default.jpg",Punch-Drunk Love (2002),1,0.001261574,109,,,,
PUNC-00156,"https://digitalscholarship.brynmawr.edu/pta/punc/punc-00156/tiles/full/300,169/0/default.jpg",Punch-Drunk Love (2002),1,0.001342593,116,,,,
PUNC-00208,"https://digitalscholarship.brynmawr.edu/pta/punc/punc-00208/tiles/full/300,169/0/default.jpg",Punch-Drunk Love (2002),1,0.001481481,128,,,,
PUNC-00212,"https://digitalscholarship.brynmawr.edu/pta/punc/punc-00212/tiles/full/300,169/0/default.jpg",Punch-Drunk Love (2002),1,0.001527778,132,,,,
PUNC-00230,"https://digitalscholarship.brynmawr.edu/pta/punc/punc-00230/tiles/full/300,169/0/default.jpg",Punch-Drunk Love (2002),1,0.001736111,150,,,,
PUNC-00238,"https://digitalscholarship.brynmawr.edu/pta/punc/punc-00238/tiles/full/300,169/0/default.jpg",Punch-Drunk Love (2002),1,0.001828704,158,,,,
PUNC-00240,"https://digitalscholarship.brynmawr.edu/pta/punc/punc-00240/tiles/full/300,169/0/default.jpg",Punch-Drunk Love (2002),1,0.001851852,160,,,,
PUNC-00242,"https://digitalscholarship.brynmawr.edu/pta/punc/punc-00242/tiles/full/300,169/0/default.jpg",Punch-Drunk Love (2002),1,0.001875,162,,,,
PUNC-00245,"https://digitalscholarship.brynmawr.edu/pta/punc/punc-00245/tiles/full/300,169/0/default.jpg",Punch-Drunk Love (2002),1,0.001909722,165,,,,
PUNC-00249,"https://digitalscholarship.brynmawr.edu/pta/punc/punc-00249/tiles/full/300,169/0/default.jpg",Punch-Drunk Love (2002),1,0.001956019,169,,,,
PUNC-00253,"https://digitalscholarship.brynmawr.edu/pta/punc/punc-00253/tiles/full/300,169/0/default.jpg",Punch-Drunk Love (2002),1,0.002002315,173,,,,
PUNC-00255,"https://digitalscholarship.brynmawr.edu/pta/punc/punc-00255/tiles/full/300,169/0/default.jpg",Punch-Drunk Love (2002),1,0.002025463,175,,,,
PUNC-00304,"https://digitalscholarship.brynmawr.edu/pta/punc/punc-00304/tiles/full/300,169/0/default.jpg",Punch-Drunk Love (2002),1,0.00212963,184,,,,
PUNC-00318,"https://digitalscholarship.brynmawr.edu/pta/punc/punc-00318/tiles/full/300,169/0/default.jpg",Punch-Drunk Love (2002),1,0.002291667,198,,,,
PUNC-00321,"https://digitalscholarship.brynmawr.edu/pta/punc/punc-00321/tiles/full/300,169/0/default.jpg",Punch-Drunk Love (2002),2,0.002326389,201,,,,
PUNC-00355,"https://digitalscholarship.brynmawr.edu/pta/punc/punc-00355/tiles/full/300,169/0/default.jpg",Punch-Drunk Love (2002),2,0.002719907,235,,,,
PUNC-00404,"https://digitalscholarship.brynmawr.edu/pta/punc/punc-00404/tiles/full/300,169/0/default.jpg",Punch-Drunk Love (2002),2,0.002824074,244,,,,
PUNC-00415,"https://digitalscholarship.brynmawr.edu/pta/punc/punc-00415/tiles/full/300,169/0/default.jpg",Punch-Drunk Love (2002),2,0.002951389,255,,,,
PUNC-00436,"https://digitalscholarship.brynmawr.edu/pta/punc/punc-00436/tiles/full/300,169/0/default.jpg",Punch-Drunk Love (2002),2,0.003194444,276,,,,
PUNC-00517,"https://digitalscholarship.brynmawr.edu/pta/punc/punc-00517/tiles/full/300,169/0/default.jpg",Punch-Drunk Love (2002),2,0.003668981,317,,,,
PUNC-00556,"https://digitalscholarship.brynmawr.edu/pta/punc/punc-00556/tiles/full/300,169/0/default.jpg",Punch-Drunk Love (2002),2,0.00412037,356,,,,
PUNC-00602,"https://digitalscholarship.brynmawr.edu/pta/punc/punc-00602/tiles/full/300,169/0/default.jpg",Punch-Drunk Love (2002),2,0.004189815,362,,,,
PUNC-00611,"https://digitalscholarship.brynmawr.edu/pta/punc/punc-00611/tiles/full/300,169/0/default.jpg",Punch-Drunk Love (2002),2,0.004293981,371,,,,
PUNC-00634,"https://digitalscholarship.brynmawr.edu/pta/punc/punc-00634/tiles/full/300,169/0/default.jpg",Punch-Drunk Love (2002),2,0.004560185,394,,,,
PUNC-00645,"https://digitalscholarship.brynmawr.edu/pta/punc/punc-00645/tiles/full/300,169/0/default.jpg",Punch-Drunk Love (2002),2,0.0046875,405,,,,
PUNC-00653,"https://digitalscholarship.brynmawr.edu/pta/punc/punc-00653/tiles/full/300,169/0/default.jpg",Punch-Drunk Love (2002),2,0.004780093,413,,,,
PUNC-00656,"https://digitalscholarship.brynmawr.edu/pta/punc/punc-00656/tiles/full/300,169/0/default.jpg",Punch-Drunk Love (2002),2,0.004814815,416,,,,
PUNC-00705,"https://digitalscholarship.brynmawr.edu/pta/punc/punc-00705/tiles/full/300,169/0/default.jpg",Punch-Drunk Love (2002),2,0.004918981,425,,,,
PUNC-00729,"https://digitalscholarship.brynmawr.edu/pta/punc/punc-00729/tiles/full/300,169/0/default.jpg",Punch-Drunk Love (2002),2,0.005196759,449,,,,
PUNC-00735,"https://digitalscholarship.brynmawr.edu/pta/punc/punc-00735/tiles/full/300,169/0/default.jpg",Punch-Drunk Love (2002),2,0.005266204,455,,,,
PUNC-00749,"https://digitalscholarship.brynmawr.edu/pta/punc/punc-00749/tiles/full/300,169/0/default.jpg",Punch-Drunk Love (2002),2,0.005428241,469,,,,
PUNC-00834,"https://digitalscholarship.brynmawr.edu/pta/punc/punc-00834/tiles/full/300,169/0/default.jpg",Punch-Drunk Love (2002),2,0.005949074,514,,,,
PUNC-00900,"https://digitalscholarship.brynmawr.edu/pta/punc/punc-00900/tiles/full/300,169/0/default.jpg",Punch-Drunk Love (2002),2,0.00625,540,,,,
PUNC-00905,"https://digitalscholarship.brynmawr.edu/pta/punc/punc-00905/tiles/full/300,169/0/default.jpg",Punch-Drunk Love (2002),2,0.00630787,545,,,,
PUNC-00907,"https://digitalscholarship.brynmawr.edu/pta/punc/punc-00907/tiles/full/300,169/0/default.jpg",Punch-Drunk Love (2002),2,0.006331019,547,,,,
PUNC-00917,"https://digitalscholarship.brynmawr.edu/pta/punc/punc-00917/tiles/full/300,169/0/default.jpg",Punch-Drunk Love (2002),2,0.006446759,557,,,,
PUNC-00942,"https://digitalscholarship.brynmawr.edu/pta/punc/punc-00942/tiles/full/300,169/0/default.jpg",Punch-Drunk Love (2002),2,0.006736111,582,,,,
PUNC-01009,"https://digitalscholarship.brynmawr.edu/pta/punc/punc-01009/tiles/full/300,169/0/default.jpg",Punch-Drunk Love (2002),3,0.007048611,609,,,,
PUNC-01023,"https://digitalscholarship.brynmawr.edu/pta/punc/punc-01023/tiles/full/300,169/0/default.jpg",Punch-Drunk Love (2002),3,0.007210648,623,,,,
PUNC-01046,"https://digitalscholarship.brynmawr.edu/pta/punc/punc-01046/tiles/full/300,169/0/default.jpg",Punch-Drunk Love (2002),3,0.007476852,646,,,,
PUNC-01047,"https://digitalscholarship.brynmawr.edu/pta/punc/punc-01047/tiles/full/300,169/0/default.jpg",Punch-Drunk Love (2002),4,0.007488426,647,,,,
PUNC-01058,"https://digitalscholarship.brynmawr.edu/pta/punc/punc-01058/tiles/full/300,169/0/default.jpg",Punch-Drunk Love (2002),4,0.007615741,658,,,,
PUNC-01121,"https://digitalscholarship.brynmawr.edu/pta/punc/punc-01121/tiles/full/300,169/0/default.jpg",Punch-Drunk Love (2002),4,0.007881944,681,,,,
PUNC-01202,"https://digitalscholarship.brynmawr.edu/pta/punc/punc-01202/tiles/full/300,169/0/default.jpg",Punch-Drunk Love (2002),4,0.008356481,722,,,,
PUNC-01238,"https://digitalscholarship.brynmawr.edu/pta/punc/punc-01238/tiles/full/300,169/0/default.jpg",Punch-Drunk Love (2002),4,0.008773148,758,,,,
PUNC-01303,"https://digitalscholarship.brynmawr.edu/pta/punc/punc-01303/tiles/full/300,169/0/default.jpg",Punch-Drunk Love (2002),4,0.0090625,783,,,,
PUNC-01309,"https://digitalscholarship.brynmawr.edu/pta/punc/punc-01309/tiles/full/300,169/0/default.jpg",Punch-Drunk Love (2002),4,0.009131944,789,,,,
PUNC-01347,"https://digitalscholarship.brynmawr.edu/pta/punc/punc-01347/tiles/full/300,169/0/default.jpg",Punch-Drunk Love (2002),4,0.009571759,827,,,,
PUNC-01350,"https://digitalscholarship.brynmawr.edu/pta/punc/punc-01350/tiles/full/300,169/0/default.jpg",Punch-Drunk Love (2002),4,0.009606481,830,,,,
PUNC-01355,"https://digitalscholarship.brynmawr.edu/pta/punc/punc-01355/tiles/full/300,169/0/default.jpg",Punch-Drunk Love (2002),4,0.009664352,835,,,,
PUNC-01410,"https://digitalscholarship.brynmawr.edu/pta/punc/punc-01410/tiles/full/300,169/0/default.jpg",Punch-Drunk Love (2002),4,0.009837963,850,,,,
PUNC-01419,"https://digitalscholarship.brynmawr.edu/pta/punc/punc-01419/tiles/full/300,169/0/default.jpg",Punch-Drunk Love (2002),4,0.00994213,859,,,,
PUNC-01424,"https://digitalscholarship.brynmawr.edu/pta/punc/punc-01424/tiles/full/300,169/0/default.jpg",Punch-Drunk Love (2002),4,0.01,864,,,,
PUNC-01451,"https://digitalscholarship.brynmawr.edu/pta/punc/punc-01451/tiles/full/300,169/0/default.jpg",Punch-Drunk Love (2002),4,0.0103125,891,,,,
PUNC-01545,"https://digitalscholarship.brynmawr.edu/pta/punc/punc-01545/tiles/full/300,169/0/default.jpg",Punch-Drunk Love (2002),4,0.0109375,945,,,,
PUNC-01554,"https://digitalscholarship.brynmawr.edu/pta/punc/punc-01554/tiles/full/300,169/0/default.jpg",Punch-Drunk Love (2002),5,0.011041667,954,,,,
PUNC-01603,"https://digitalscholarship.brynmawr.edu/pta/punc/punc-01603/tiles/full/300,169/0/default.jpg",Punch-Drunk Love (2002),5,0.011145833,963,,,,
PUNC-01620,"https://digitalscholarship.brynmawr.edu/pta/punc/punc-01620/tiles/full/300,169/0/default.jpg",Punch-Drunk Love (2002),5,0.011342593,980,,,,
PUNC-01704,"https://digitalscholarship.brynmawr.edu/pta/punc/punc-01704/tiles/full/300,169/0/default.jpg",Punch-Drunk Love (2002),5,0.011851852,1024,,,,
PUNC-01736,"https://digitalscholarship.brynmawr.edu/pta/punc/punc-01736/tiles/full/300,169/0/default.jpg",Punch-Drunk Love (2002),5,0.012222222,1056,,,,
PUNC-01830,"https://digitalscholarship.brynmawr.edu/pta/punc/punc-01830/tiles/full/300,169/0/default.jpg",Punch-Drunk Love (2002),5,0.012847222,1110,,,,
PUNC-01844,"https://digitalscholarship.brynmawr.edu/pta/punc/punc-01844/tiles/full/300,169/0/default.jpg",Punch-Drunk Love (2002),5,0.013009259,1124,,,,
PUNC-01853,"https://digitalscholarship.brynmawr.edu/pta/punc/punc-01853/tiles/full/300,169/0/default.jpg",Punch-Drunk Love (2002),5,0.013113426,1133,,,,
PUNC-01903,"https://digitalscholarship.brynmawr.edu/pta/punc/punc-01903/tiles/full/300,169/0/default.jpg",Punch-Drunk Love (2002),5,0.013229167,1143,,,,
PUNC-02034,"https://digitalscholarship.brynmawr.edu/pta/punc/punc-02034/tiles/full/300,169/0/default.jpg",Punch-Drunk Love (2002),5,0.014282407,1234,,,,
PUNC-02040,"https://digitalscholarship.brynmawr.edu/pta/punc/punc-02040/tiles/full/300,169/0/default.jpg",Punch-Drunk Love (2002),6,0.014351852,1240,,,,
PUNC-02055,"https://digitalscholarship.brynmawr.edu/pta/punc/punc-02055/tiles/full/300,169/0/default.jpg",Punch-Drunk Love (2002),6,0.014525463,1255,,,,
PUNC-02110,"https://digitalscholarship.brynmawr.edu/pta/punc/punc-02110/tiles/full/300,169/0/default.jpg",Punch-Drunk Love (2002),6,0.014699074,1270,,,,
PUNC-02112,"https://digitalscholarship.brynmawr.edu/pta/punc/punc-02112/tiles/full/300,169/0/default.jpg",Punch-Drunk Love (2002),6,0.014722222,1272,,,,
PUNC-02122,"https://digitalscholarship.brynmawr.edu/pta/punc/punc-02122/tiles/full/300,169/0/default.jpg",Punch-Drunk Love (2002),6,0.014837963,1282,,,,
PUNC-02127,"https://digitalscholarship.brynmawr.edu/pta/punc/punc-02127/tiles/full/300,169/0/default.jpg",Punch-Drunk Love (2002),6,0.014895833,1287,,,,
PUNC-02133,"https://digitalscholarship.brynmawr.edu/pta/punc/punc-02133/tiles/full/300,169/0/default.jpg",Punch-Drunk Love (2002),6,0.014965278,1293,,,,
PUNC-02135,"https://digitalscholarship.brynmawr.edu/pta/punc/punc-02135/tiles/full/300,169/0/default.jpg",Punch-Drunk Love (2002),6,0.014988426,1295,,,,
PUNC-02139,"https://digitalscholarship.brynmawr.edu/pta/punc/punc-02139/tiles/full/300,169/0/default.jpg",Punch-Drunk Love (2002),6,0.015034722,1299,,,,
PUNC-02147,"https://digitalscholarship.brynmawr.edu/pta/punc/punc-02147/tiles/full/300,169/0/default.jpg",Punch-Drunk Love (2002),6,0.015127315,1307,,,,
PUNC-02159,"https://digitalscholarship.brynmawr.edu/pta/punc/punc-02159/tiles/full/300,169/0/default.jpg",Punch-Drunk Love (2002),6,0.015266204,1319,,,,
PUNC-02208,"https://digitalscholarship.brynmawr.edu/pta/punc/punc-02208/tiles/full/300,169/0/default.jpg",Punch-Drunk Love (2002),6,0.01537037,1328,,,,
PUNC-02214,"https://digitalscholarship.brynmawr.edu/pta/punc/punc-02214/tiles/full/300,169/0/default.jpg",Punch-Drunk Love (2002),6,0.015439815,1334,,,,
PUNC-02220,"https://digitalscholarship.brynmawr.edu/pta/punc/punc-02220/tiles/full/300,169/0/default.jpg",Punch-Drunk Love (2002),6,0.015509259,1340,,,,
PUNC-02237,"https://digitalscholarship.brynmawr.edu/pta/punc/punc-02237/tiles/full/300,169/0/default.jpg",Punch-Drunk Love (2002),6,0.015706019,1357,,,,
PUNC-02241,"https://digitalscholarship.brynmawr.edu/pta/punc/punc-02241/tiles/full/300,169/0/default.jpg",Punch-Drunk Love (2002),7,0.015752315,1361,,,,
PUNC-02253,"https://digitalscholarship.brynmawr.edu/pta/punc/punc-02253/tiles/full/300,169/0/default.jpg",Punch-Drunk Love (2002),7,0.015891204,1373,,,,
PUNC-02259,"https://digitalscholarship.brynmawr.edu/pta/punc/punc-02259/tiles/full/300,169/0/default.jpg",Punch-Drunk Love (2002),7,0.015960648,1379,,,,
PUNC-02312,"https://digitalscholarship.brynmawr.edu/pta/punc/punc-02312/tiles/full/300,169/0/default.jpg",Punch-Drunk Love (2002),7,0.016111111,1392,,,,
PUNC-02330,"https://digitalscholarship.brynmawr.edu/pta/punc/punc-02330/tiles/full/300,169/0/default.jpg",Punch-Drunk Love (2002),7,0.016319444,1410,,,,
PUNC-02354,"https://digitalscholarship.brynmawr.edu/pta/punc/punc-02354/tiles/full/300,169/0/default.jpg",Punch-Drunk Love (2002),7,0.016597222,1434,,,,
PUNC-02423,"https://digitalscholarship.brynmawr.edu/pta/punc/punc-02423/tiles/full/300,169/0/default.jpg",Punch-Drunk Love (2002),7,0.01693287,1463,,,,
PUNC-02447,"https://digitalscholarship.brynmawr.edu/pta/punc/punc-02447/tiles/full/300,169/0/default.jpg",Punch-Drunk Love (2002),7,0.017210648,1487,,,,
PUNC-02507,"https://digitalscholarship.brynmawr.edu/pta/punc/punc-02507/tiles/full/300,169/0/default.jpg",Punch-Drunk Love (2002),7,0.01744213,1507,,,,
PUNC-02534,"https://digitalscholarship.brynmawr.edu/pta/punc/punc-02534/tiles/full/300,169/0/default.jpg",Punch-Drunk Love (2002),7,0.01775463,1534,,,,
PUNC-02554,"https://digitalscholarship.brynmawr.edu/pta/punc/punc-02554/tiles/full/300,169/0/default.jpg",Punch-Drunk Love (2002),7,0.017986111,1554,,,,
PUNC-02609,"https://digitalscholarship.brynmawr.edu/pta/punc/punc-02609/tiles/full/300,169/0/default.jpg",Punch-Drunk Love (2002),7,0.018159722,1569,,,,
PUNC-02615,"https://digitalscholarship.brynmawr.edu/pta/punc/punc-02615/tiles/full/300,169/0/default.jpg",Punch-Drunk Love (2002),7,0.018229167,1575,,,,
PUNC-02726,"https://digitalscholarship.brynmawr.edu/pta/punc/punc-02726/tiles/full/300,169/0/default.jpg",Punch-Drunk Love (2002),7,0.019050926,1646,,,,
PUNC-02738,"https://digitalscholarship.brynmawr.edu/pta/punc/punc-02738/tiles/full/300,169/0/default.jpg",Punch-Drunk Love (2002),7,0.019189815,1658,,,,
PUNC-02909,"https://digitalscholarship.brynmawr.edu/pta/punc/punc-02909/tiles/full/300,169/0/default.jpg",Punch-Drunk Love (2002),7,0.020243056,1749,,,,
PUNC-02913,"https://digitalscholarship.brynmawr.edu/pta/punc/punc-02913/tiles/full/300,169/0/default.jpg",Punch-Drunk Love (2002),7,0.020289352,1753,,,,
PUNC-02924,"https://digitalscholarship.brynmawr.edu/pta/punc/punc-02924/tiles/full/300,169/0/default.jpg",Punch-Drunk Love (2002),7,0.020416667,1764,,,,
PUNC-02929,"https://digitalscholarship.brynmawr.edu/pta/punc/punc-02929/tiles/full/300,169/0/default.jpg",Punch-Drunk Love (2002),7,0.020474537,1769,,,,
PUNC-02933,"https://digitalscholarship.brynmawr.edu/pta/punc/punc-02933/tiles/full/300,169/0/default.jpg",Punch-Drunk Love (2002),8,0.020520833,1773,,,,
PUNC-02940,"https://digitalscholarship.brynmawr.edu/pta/punc/punc-02940/tiles/full/300,169/0/default.jpg",Punch-Drunk Love (2002),8,0.020601852,1780,,,,
PUNC-02947,"https://digitalscholarship.brynmawr.edu/pta/punc/punc-02947/tiles/full/300,169/0/default.jpg",Punch-Drunk Love (2002),8,0.02068287,1787,,,,
PUNC-03003,"https://digitalscholarship.brynmawr.edu/pta/punc/punc-03003/tiles/full/300,169/0/default.jpg",Punch-Drunk Love (2002),8,0.020868056,1803,,,,
PUNC-03126,"https://digitalscholarship.brynmawr.edu/pta/punc/punc-03126/tiles/full/300,169/0/default.jpg",Punch-Drunk Love (2002),8,0.021828704,1886,,,,
PUNC-03140,"https://digitalscholarship.brynmawr.edu/pta/punc/punc-03140/tiles/full/300,169/0/default.jpg",Punch-Drunk Love (2002),8,0.021990741,1900,,,,
PUNC-03143,"https://digitalscholarship.brynmawr.edu/pta/punc/punc-03143/tiles/full/300,169/0/default.jpg",Punch-Drunk Love (2002),8,0.022025463,1903,,,,
PUNC-03150,"https://digitalscholarship.brynmawr.edu/pta/punc/punc-03150/tiles/full/300,169/0/default.jpg",Punch-Drunk Love (2002),8,0.022106481,1910,,,,
PUNC-03207,"https://digitalscholarship.brynmawr.edu/pta/punc/punc-03207/tiles/full/300,169/0/default.jpg",Punch-Drunk Love (2002),8,0.022303241,1927,,,,
PUNC-03211,"https://digitalscholarship.brynmawr.edu/pta/punc/punc-03211/tiles/full/300,169/0/default.jpg",Punch-Drunk Love (2002),8,0.022349537,1931,,,,
PUNC-03223,"https://digitalscholarship.brynmawr.edu/pta/punc/punc-03223/tiles/full/300,169/0/default.jpg",Punch-Drunk Love (2002),8,0.022488426,1943,,,,
PUNC-03234,"https://digitalscholarship.brynmawr.edu/pta/punc/punc-03234/tiles/full/300,169/0/default.jpg",Punch-Drunk Love (2002),8,0.022615741,1954,,,,
PUNC-03236,"https://digitalscholarship.brynmawr.edu/pta/punc/punc-03236/tiles/full/300,169/0/default.jpg",Punch-Drunk Love (2002),8,0.022638889,1956,,,,
PUNC-03244,"https://digitalscholarship.brynmawr.edu/pta/punc/punc-03244/tiles/full/300,169/0/default.jpg",Punch-Drunk Love (2002),8,0.022731481,1964,,,,
PUNC-03249,"https://digitalscholarship.brynmawr.edu/pta/punc/punc-03249/tiles/full/300,169/0/default.jpg",Punch-Drunk Love (2002),8,0.022789352,1969,,,,
PUNC-03253,"https://digitalscholarship.brynmawr.edu/pta/punc/punc-03253/tiles/full/300,169/0/default.jpg",Punch-Drunk Love (2002),8,0.022835648,1973,,,,
PUNC-03259,"https://digitalscholarship.brynmawr.edu/pta/punc/punc-03259/tiles/full/300,169/0/default.jpg",Punch-Drunk Love (2002),8,0.022905093,1979,,,,
PUNC-03304,"https://digitalscholarship.brynmawr.edu/pta/punc/punc-03304/tiles/full/300,169/0/default.jpg",Punch-Drunk Love (2002),8,0.022962963,1984,,,,
PUNC-03307,"https://digitalscholarship.brynmawr.edu/pta/punc/punc-03307/tiles/full/300,169/0/default.jpg",Punch-Drunk Love (2002),8,0.022997685,1987,,,,
PUNC-03314,"https://digitalscholarship.brynmawr.edu/pta/punc/punc-03314/tiles/full/300,169/0/default.jpg",Punch-Drunk Love (2002),8,0.023078704,1994,,,,
PUNC-03317,"https://digitalscholarship.brynmawr.edu/pta/punc/punc-03317/tiles/full/300,169/0/default.jpg",Punch-Drunk Love (2002),8,0.023113426,1997,,,,
PUNC-03336,"https://digitalscholarship.brynmawr.edu/pta/punc/punc-03336/tiles/full/300,169/0/default.jpg",Punch-Drunk Love (2002),8,0.023333333,2016,,,,
PUNC-03351,"https://digitalscholarship.brynmawr.edu/pta/punc/punc-03351/tiles/full/300,169/0/default.jpg",Punch-Drunk Love (2002),8,0.023506944,2031,,,,
PUNC-03402,"https://digitalscholarship.brynmawr.edu/pta/punc/punc-03402/tiles/full/300,169/0/default.jpg",Punch-Drunk Love (2002),8,0.023634259,2042,,,,
PUNC-03413,"https://digitalscholarship.brynmawr.edu/pta/punc/punc-03413/tiles/full/300,169/0/default.jpg",Punch-Drunk Love (2002),8,0.023761574,2053,,,,
PUNC-03414,"https://digitalscholarship.brynmawr.edu/pta/punc/punc-03414/tiles/full/300,169/0/default.jpg",Punch-Drunk Love (2002),9,0.023773148,2054,,,,
PUNC-03415,"https://digitalscholarship.brynmawr.edu/pta/punc/punc-03415/tiles/full/300,169/0/default.jpg",Punch-Drunk Love (2002),9,0.023784722,2055,,,,
PUNC-03421,"https://digitalscholarship.brynmawr.edu/pta/punc/punc-03421/tiles/full/300,169/0/default.jpg",Punch-Drunk Love (2002),9,0.023854167,2061,,,,
PUNC-03427,"https://digitalscholarship.brynmawr.edu/pta/punc/punc-03427/tiles/full/300,169/0/default.jpg",Punch-Drunk Love (2002),9,0.023923611,2067,,,,
PUNC-03429,"https://digitalscholarship.brynmawr.edu/pta/punc/punc-03429/tiles/full/300,169/0/default.jpg",Punch-Drunk Love (2002),9,0.023946759,2069,,,,
PUNC-03439,"https://digitalscholarship.brynmawr.edu/pta/punc/punc-03439/tiles/full/300,169/0/default.jpg",Punch-Drunk Love (2002),9,0.0240625,2079,,,,
PUNC-03441,"https://digitalscholarship.brynmawr.edu/pta/punc/punc-03441/tiles/full/300,169/0/default.jpg",Punch-Drunk Love (2002),9,0.024085648,2081,,,,
PUNC-03450,"https://digitalscholarship.brynmawr.edu/pta/punc/punc-03450/tiles/full/300,169/0/default.jpg",Punch-Drunk Love (2002),9,0.024189815,2090,,,,
PUNC-03453,"https://digitalscholarship.brynmawr.edu/pta/punc/punc-03453/tiles/full/300,169/0/default.jpg",Punch-Drunk Love (2002),9,0.024224537,2093,,,,
PUNC-03456,"https://digitalscholarship.brynmawr.edu/pta/punc/punc-03456/tiles/full/300,169/0/default.jpg",Punch-Drunk Love (2002),9,0.024259259,2096,,,,
PUNC-03500,"https://digitalscholarship.brynmawr.edu/pta/punc/punc-03500/tiles/full/300,169/0/default.jpg",Punch-Drunk Love (2002),9,0.024305556,2100,,,,
PUNC-03529,"https://digitalscholarship.brynmawr.edu/pta/punc/punc-03529/tiles/full/300,169/0/default.jpg",Punch-Drunk Love (2002),9,0.024641204,2129,,,,
PUNC-03530,"https://digitalscholarship.brynmawr.edu/pta/punc/punc-03530/tiles/full/300,169/0/default.jpg",Punch-Drunk Love (2002),9,0.024652778,2130,,,,
PUNC-03612,"https://digitalscholarship.brynmawr.edu/pta/punc/punc-03612/tiles/full/300,169/0/default.jpg",Punch-Drunk Love (2002),9,0.025138889,2172,,,,
PUNC-03614,"https://digitalscholarship.brynmawr.edu/pta/punc/punc-03614/tiles/full/300,169/0/default.jpg",Punch-Drunk Love (2002),9,0.025162037,2174,,,,
PUNC-03628,"https://digitalscholarship.brynmawr.edu/pta/punc/punc-03628/tiles/full/300,169/0/default.jpg",Punch-Drunk Love (2002),9,0.025324074,2188,,,,
PUNC-03637,"https://digitalscholarship.brynmawr.edu/pta/punc/punc-03637/tiles/full/300,169/0/default.jpg",Punch-Drunk Love (2002),9,0.025428241,2197,,,,
PUNC-03640,"https://digitalscholarship.brynmawr.edu/pta/punc/punc-03640/tiles/full/300,169/0/default.jpg",Punch-Drunk Love (2002),9,0.025462963,2200,,,,
PUNC-03645,"https://digitalscholarship.brynmawr.edu/pta/punc/punc-03645/tiles/full/300,169/0/default.jpg",Punch-Drunk Love (2002),9,0.025520833,2205,,,,
PUNC-03654,"https://digitalscholarship.brynmawr.edu/pta/punc/punc-03654/tiles/full/300,169/0/default.jpg",Punch-Drunk Love (2002),9,0.025625,2214,,,,
PUNC-03658,"https://digitalscholarship.brynmawr.edu/pta/punc/punc-03658/tiles/full/300,169/0/default.jpg",Punch-Drunk Love (2002),9,0.025671296,2218,,,,
PUNC-03725,"https://digitalscholarship.brynmawr.edu/pta/punc/punc-03725/tiles/full/300,169/0/default.jpg",Punch-Drunk Love (2002),9,0.025983796,2245,,,,
PUNC-03727,"https://digitalscholarship.brynmawr.edu/pta/punc/punc-03727/tiles/full/300,169/0/default.jpg",Punch-Drunk Love (2002),9,0.026006944,2247,,,,
PUNC-03731,"https://digitalscholarship.brynmawr.edu/pta/punc/punc-03731/tiles/full/300,169/0/default.jpg",Punch-Drunk Love (2002),9,0.026053241,2251,,,,
PUNC-03737,"https://digitalscholarship.brynmawr.edu/pta/punc/punc-03737/tiles/full/300,169/0/default.jpg",Punch-Drunk Love (2002),9,0.026122685,2257,,,,
PUNC-03740,"https://digitalscholarship.brynmawr.edu/pta/punc/punc-03740/tiles/full/300,169/0/default.jpg",Punch-Drunk Love (2002),9,0.026157407,2260,,,,
PUNC-03746,"https://digitalscholarship.brynmawr.edu/pta/punc/punc-03746/tiles/full/300,169/0/default.jpg",Punch-Drunk Love (2002),9,0.026226852,2266,,,,
PUNC-03752,"https://digitalscholarship.brynmawr.edu/pta/punc/punc-03752/tiles/full/300,169/0/default.jpg",Punch-Drunk Love (2002),9,0.026296296,2272,,,,
PUNC-03755,"https://digitalscholarship.brynmawr.edu/pta/punc/punc-03755/tiles/full/300,169/0/default.jpg",Punch-Drunk Love (2002),9,0.026331019,2275,,,,
PUNC-03803,"https://digitalscholarship.brynmawr.edu/pta/punc/punc-03803/tiles/full/300,169/0/default.jpg",Punch-Drunk Love (2002),9,0.026423611,2283,,,,
PUNC-03806,"https://digitalscholarship.brynmawr.edu/pta/punc/punc-03806/tiles/full/300,169/0/default.jpg",Punch-Drunk Love (2002),9,0.026458333,2286,,,,
PUNC-03808,"https://digitalscholarship.brynmawr.edu/pta/punc/punc-03808/tiles/full/300,169/0/default.jpg",Punch-Drunk Love (2002),9,0.026481481,2288,,,,
PUNC-03816,"https://digitalscholarship.brynmawr.edu/pta/punc/punc-03816/tiles/full/300,169/0/default.jpg",Punch-Drunk Love (2002),9,0.026574074,2296,,,,
PUNC-03817,"https://digitalscholarship.brynmawr.edu/pta/punc/punc-03817/tiles/full/300,169/0/default.jpg",Punch-Drunk Love (2002),9,0.026585648,2297,,,,
PUNC-03821,"https://digitalscholarship.brynmawr.edu/pta/punc/punc-03821/tiles/full/300,169/0/default.jpg",Punch-Drunk Love (2002),9,0.026631944,2301,,,,
PUNC-03829,"https://digitalscholarship.brynmawr.edu/pta/punc/punc-03829/tiles/full/300,169/0/default.jpg",Punch-Drunk Love (2002),9,0.026724537,2309,,,,
PUNC-03835,"https://digitalscholarship.brynmawr.edu/pta/punc/punc-03835/tiles/full/300,169/0/default.jpg",Punch-Drunk Love (2002),9,0.026793981,2315,,,,
PUNC-03842,"https://digitalscholarship.brynmawr.edu/pta/punc/punc-03842/tiles/full/300,169/0/default.jpg",Punch-Drunk Love (2002),9,0.026875,2322,,,,
PUNC-03843,"https://digitalscholarship.brynmawr.edu/pta/punc/punc-03843/tiles/full/300,169/0/default.jpg",Punch-Drunk Love (2002),9,0.026886574,2323,,,,
PUNC-03844,"https://digitalscholarship.brynmawr.edu/pta/punc/punc-03844/tiles/full/300,169/0/default.jpg",Punch-Drunk Love (2002),9,0.026898148,2324,,,,
PUNC-03851,"https://digitalscholarship.brynmawr.edu/pta/punc/punc-03851/tiles/full/300,169/0/default.jpg",Punch-Drunk Love (2002),9,0.026979167,2331,,,,
PUNC-03854,"https://digitalscholarship.brynmawr.edu/pta/punc/punc-03854/tiles/full/300,169/0/default.jpg",Punch-Drunk Love (2002),9,0.027013889,2334,,,,
PUNC-03900,"https://digitalscholarship.brynmawr.edu/pta/punc/punc-03900/tiles/full/300,169/0/default.jpg",Punch-Drunk Love (2002),9,0.027083333,2340,,,,
PUNC-03916,"https://digitalscholarship.brynmawr.edu/pta/punc/punc-03916/tiles/full/300,169/0/default.jpg",Punch-Drunk Love (2002),9,0.027268519,2356,,,,
PUNC-03923,"https://digitalscholarship.brynmawr.edu/pta/punc/punc-03923/tiles/full/300,169/0/default.jpg",Punch-Drunk Love (2002),9,0.027349537,2363,,,,
PUNC-03931,"https://digitalscholarship.brynmawr.edu/pta/punc/punc-03931/tiles/full/300,169/0/default.jpg",Punch-Drunk Love (2002),9,0.02744213,2371,,,,
PUNC-03933,"https://digitalscholarship.brynmawr.edu/pta/punc/punc-03933/tiles/full/300,169/0/default.jpg",Punch-Drunk Love (2002),9,0.027465278,2373,,,,
PUNC-03939,"https://digitalscholarship.brynmawr.edu/pta/punc/punc-03939/tiles/full/300,169/0/default.jpg",Punch-Drunk Love (2002),9,0.027534722,2379,,,,
PUNC-03949,"https://digitalscholarship.brynmawr.edu/pta/punc/punc-03949/tiles/full/300,169/0/default.jpg",Punch-Drunk Love (2002),9,0.027650463,2389,,,,
PUNC-03957,"https://digitalscholarship.brynmawr.edu/pta/punc/punc-03957/tiles/full/300,169/0/default.jpg",Punch-Drunk Love (2002),9,0.027743056,2397,,,,
PUNC-03959,"https://digitalscholarship.brynmawr.edu/pta/punc/punc-03959/tiles/full/300,169/0/default.jpg",Punch-Drunk Love (2002),9,0.027766204,2399,,,,
PUNC-04021,"https://digitalscholarship.brynmawr.edu/pta/punc/punc-04021/tiles/full/300,169/0/default.jpg",Punch-Drunk Love (2002),9,0.028020833,2421,,,,
PUNC-04025,"https://digitalscholarship.brynmawr.edu/pta/punc/punc-04025/tiles/full/300,169/0/default.jpg",Punch-Drunk Love (2002),9,0.02806713,2425,,,,
PUNC-04027,"https://digitalscholarship.brynmawr.edu/pta/punc/punc-04027/tiles/full/300,169/0/default.jpg",Punch-Drunk Love (2002),9,0.028090278,2427,,,,
PUNC-04038,"https://digitalscholarship.brynmawr.edu/pta/punc/punc-04038/tiles/full/300,169/0/default.jpg",Punch-Drunk Love (2002),9,0.028217593,2438,,,,
PUNC-04053,"https://digitalscholarship.brynmawr.edu/pta/punc/punc-04053/tiles/full/300,169/0/default.jpg",Punch-Drunk Love (2002),9,0.028391204,2453,,,,
PUNC-04102,"https://digitalscholarship.brynmawr.edu/pta/punc/punc-04102/tiles/full/300,169/0/default.jpg",Punch-Drunk Love (2002),9,0.02849537,2462,,,,
PUNC-04131,"https://digitalscholarship.brynmawr.edu/pta/punc/punc-04131/tiles/full/300,169/0/default.jpg",Punch-Drunk Love (2002),9,0.028831019,2491,,,,
PUNC-04142,"https://digitalscholarship.brynmawr.edu/pta/punc/punc-04142/tiles/full/300,169/0/default.jpg",Punch-Drunk Love (2002),9,0.028958333,2502,,,,
PUNC-04151,"https://digitalscholarship.brynmawr.edu/pta/punc/punc-04151/tiles/full/300,169/0/default.jpg",Punch-Drunk Love (2002),10,0.0290625,2511,,,,
PUNC-04156,"https://digitalscholarship.brynmawr.edu/pta/punc/punc-04156/tiles/full/300,169/0/default.jpg",Punch-Drunk Love (2002),10,0.02912037,2516,,,,
PUNC-04203,"https://digitalscholarship.brynmawr.edu/pta/punc/punc-04203/tiles/full/300,169/0/default.jpg",Punch-Drunk Love (2002),10,0.029201389,2523,,,,
PUNC-04213,"https://digitalscholarship.brynmawr.edu/pta/punc/punc-04213/tiles/full/300,169/0/default.jpg",Punch-Drunk Love (2002),10,0.02931713,2533,,,,
PUNC-04215,"https://digitalscholarship.brynmawr.edu/pta/punc/punc-04215/tiles/full/300,169/0/default.jpg",Punch-Drunk Love (2002),10,0.029340278,2535,,,,
PUNC-04220,"https://digitalscholarship.brynmawr.edu/pta/punc/punc-04220/tiles/full/300,169/0/default.jpg",Punch-Drunk Love (2002),10,0.029398148,2540,,,,
PUNC-04228,"https://digitalscholarship.brynmawr.edu/pta/punc/punc-04228/tiles/full/300,169/0/default.jpg",Punch-Drunk Love (2002),10,0.029490741,2548,,,,
PUNC-04238,"https://digitalscholarship.brynmawr.edu/pta/punc/punc-04238/tiles/full/300,169/0/default.jpg",Punch-Drunk Love (2002),10,0.029606481,2558,,,,
PUNC-04244,"https://digitalscholarship.brynmawr.edu/pta/punc/punc-04244/tiles/full/300,169/0/default.jpg",Punch-Drunk Love (2002),10,0.029675926,2564,,,,
PUNC-04255,"https://digitalscholarship.brynmawr.edu/pta/punc/punc-04255/tiles/full/300,169/0/default.jpg",Punch-Drunk Love (2002),10,0.029803241,2575,,,,
PUNC-04303,"https://digitalscholarship.brynmawr.edu/pta/punc/punc-04303/tiles/full/300,169/0/default.jpg",Punch-Drunk Love (2002),10,0.029895833,2583,,,,
PUNC-04308,"https://digitalscholarship.brynmawr.edu/pta/punc/punc-04308/tiles/full/300,169/0/default.jpg",Punch-Drunk Love (2002),10,0.029953704,2588,,,,
PUNC-04315,"https://digitalscholarship.brynmawr.edu/pta/punc/punc-04315/tiles/full/300,169/0/default.jpg",Punch-Drunk Love (2002),10,0.030034722,2595,,,,
PUNC-04324,"https://digitalscholarship.brynmawr.edu/pta/punc/punc-04324/tiles/full/300,169/0/default.jpg",Punch-Drunk Love (2002),10,0.030138889,2604,,,,
PUNC-04328,"https://digitalscholarship.brynmawr.edu/pta/punc/punc-04328/tiles/full/300,169/0/default.jpg",Punch-Drunk Love (2002),11,0.030185185,2608,,,,
PUNC-04336,"https://digitalscholarship.brynmawr.edu/pta/punc/punc-04336/tiles/full/300,169/0/default.jpg",Punch-Drunk Love (2002),11,0.030277778,2616,,,,
PUNC-04411,"https://digitalscholarship.brynmawr.edu/pta/punc/punc-04411/tiles/full/300,169/0/default.jpg",Punch-Drunk Love (2002),11,0.03068287,2651,,,,
PUNC-04422,"https://digitalscholarship.brynmawr.edu/pta/punc/punc-04422/tiles/full/300,169/0/default.jpg",Punch-Drunk Love (2002),11,0.030810185,2662,,,,
PUNC-04455,"https://digitalscholarship.brynmawr.edu/pta/punc/punc-04455/tiles/full/300,169/0/default.jpg",Punch-Drunk Love (2002),11,0.03119213,2695,,,,
PUNC-04609,"https://digitalscholarship.brynmawr.edu/pta/punc/punc-04609/tiles/full/300,169/0/default.jpg",Punch-Drunk Love (2002),11,0.032048611,2769,,,,
PUNC-04732,"https://digitalscholarship.brynmawr.edu/pta/punc/punc-04732/tiles/full/300,169/0/default.jpg",Punch-Drunk Love (2002),11,0.033009259,2852,,,,
PUNC-04742,"https://digitalscholarship.brynmawr.edu/pta/punc/punc-04742/tiles/full/300,169/0/default.jpg",Punch-Drunk Love (2002),11,0.033125,2862,,,,
PUNC-04744,"https://digitalscholarship.brynmawr.edu/pta/punc/punc-04744/tiles/full/300,169/0/default.jpg",Punch-Drunk Love (2002),11,0.033148148,2864,,,,
PUNC-04754,"https://digitalscholarship.brynmawr.edu/pta/punc/punc-04754/tiles/full/300,169/0/default.jpg",Punch-Drunk Love (2002),11,0.033263889,2874,,,,
PUNC-04803,"https://digitalscholarship.brynmawr.edu/pta/punc/punc-04803/tiles/full/300,169/0/default.jpg",Punch-Drunk Love (2002),11,0.033368056,2883,,,,
PUNC-04818,"https://digitalscholarship.brynmawr.edu/pta/punc/punc-04818/tiles/full/300,169/0/default.jpg",Punch-Drunk Love (2002),11,0.033541667,2898,,,,
PUNC-04904,"https://digitalscholarship.brynmawr.edu/pta/punc/punc-04904/tiles/full/300,169/0/default.jpg",Punch-Drunk Love (2002),11,0.034074074,2944,,,,
PUNC-04916,"https://digitalscholarship.brynmawr.edu/pta/punc/punc-04916/tiles/full/300,169/0/default.jpg",Punch-Drunk Love (2002),11,0.034212963,2956,,,,
PUNC-04939,"https://digitalscholarship.brynmawr.edu/pta/punc/punc-04939/tiles/full/300,169/0/default.jpg",Punch-Drunk Love (2002),11,0.034479167,2979,,,,
PUNC-05002,"https://digitalscholarship.brynmawr.edu/pta/punc/punc-05002/tiles/full/300,169/0/default.jpg",Punch-Drunk Love (2002),11,0.03474537,3002,,,,
PUNC-05015,"https://digitalscholarship.brynmawr.edu/pta/punc/punc-05015/tiles/full/300,169/0/default.jpg",Punch-Drunk Love (2002),11,0.034895833,3015,,,,
PUNC-05028,"https://digitalscholarship.brynmawr.edu/pta/punc/punc-05028/tiles/full/300,169/0/default.jpg",Punch-Drunk Love (2002),11,0.035046296,3028,,,,
PUNC-05029,"https://digitalscholarship.brynmawr.edu/pta/punc/punc-05029/tiles/full/300,169/0/default.jpg",Punch-Drunk Love (2002),11,0.03505787,3029,,,,
PUNC-05138,"https://digitalscholarship.brynmawr.edu/pta/punc/punc-05138/tiles/full/300,169/0/default.jpg",Punch-Drunk Love (2002),11,0.035856481,3098,,,,
PUNC-05158,"https://digitalscholarship.brynmawr.edu/pta/punc/punc-05158/tiles/full/300,169/0/default.jpg",Punch-Drunk Love (2002),11,0.036087963,3118,,,,
PUNC-05210,"https://digitalscholarship.brynmawr.edu/pta/punc/punc-05210/tiles/full/300,169/0/default.jpg",Punch-Drunk Love (2002),11,0.036226852,3130,,,,
PUNC-05223,"https://digitalscholarship.brynmawr.edu/pta/punc/punc-05223/tiles/full/300,169/0/default.jpg",Punch-Drunk Love (2002),11,0.036377315,3143,,,,
PUNC-05230,"https://digitalscholarship.brynmawr.edu/pta/punc/punc-05230/tiles/full/300,169/0/default.jpg",Punch-Drunk Love (2002),11,0.036458333,3150,,,,
PUNC-05304,"https://digitalscholarship.brynmawr.edu/pta/punc/punc-05304/tiles/full/300,169/0/default.jpg",Punch-Drunk Love (2002),11,0.036851852,3184,,,,
PUNC-05319,"https://digitalscholarship.brynmawr.edu/pta/punc/punc-05319/tiles/full/300,169/0/default.jpg",Punch-Drunk Love (2002),11,0.037025463,3199,,,,
PUNC-05323,"https://digitalscholarship.brynmawr.edu/pta/punc/punc-05323/tiles/full/300,169/0/default.jpg",Punch-Drunk Love (2002),11,0.037071759,3203,,,,
PUNC-05325,"https://digitalscholarship.brynmawr.edu/pta/punc/punc-05325/tiles/full/300,169/0/default.jpg",Punch-Drunk Love (2002),11,0.037094907,3205,,,,
PUNC-05329,"https://digitalscholarship.brynmawr.edu/pta/punc/punc-05329/tiles/full/300,169/0/default.jpg",Punch-Drunk Love (2002),11,0.037141204,3209,,,,
PUNC-05343,"https://digitalscholarship.brynmawr.edu/pta/punc/punc-05343/tiles/full/300,169/0/default.jpg",Punch-Drunk Love (2002),11,0.037303241,3223,,,,
PUNC-05345,"https://digitalscholarship.brynmawr.edu/pta/punc/punc-05345/tiles/full/300,169/0/default.jpg",Punch-Drunk Love (2002),11,0.037326389,3225,,,,
PUNC-05348,"https://digitalscholarship.brynmawr.edu/pta/punc/punc-05348/tiles/full/300,169/0/default.jpg",Punch-Drunk Love (2002),11,0.037361111,3228,,,,
PUNC-05354,"https://digitalscholarship.brynmawr.edu/pta/punc/punc-05354/tiles/full/300,169/0/default.jpg",Punch-Drunk Love (2002),11,0.037430556,3234,,,,
PUNC-05359,"https://digitalscholarship.brynmawr.edu/pta/punc/punc-05359/tiles/full/300,169/0/default.jpg",Punch-Drunk Love (2002),11,0.037488426,3239,,,,
PUNC-05407,"https://digitalscholarship.brynmawr.edu/pta/punc/punc-05407/tiles/full/300,169/0/default.jpg",Punch-Drunk Love (2002),11,0.037581019,3247,,,,
PUNC-05412,"https://digitalscholarship.brynmawr.edu/pta/punc/punc-05412/tiles/full/300,169/0/default.jpg",Punch-Drunk Love (2002),11,0.037638889,3252,,,,
PUNC-05425,"https://digitalscholarship.brynmawr.edu/pta/punc/punc-05425/tiles/full/300,169/0/default.jpg",Punch-Drunk Love (2002),11,0.037789352,3265,,,,
PUNC-05503,"https://digitalscholarship.brynmawr.edu/pta/punc/punc-05503/tiles/full/300,169/0/default.jpg",Punch-Drunk Love (2002),11,0.038229167,3303,,,,
PUNC-05504,"https://digitalscholarship.brynmawr.edu/pta/punc/punc-05504/tiles/full/300,169/0/default.jpg",Punch-Drunk Love (2002),12,0.038240741,3304,,,,
PUNC-05509,"https://digitalscholarship.brynmawr.edu/pta/punc/punc-05509/tiles/full/300,169/0/default.jpg",Punch-Drunk Love (2002),12,0.038298611,3309,,,,
PUNC-05512,"https://digitalscholarship.brynmawr.edu/pta/punc/punc-05512/tiles/full/300,169/0/default.jpg",Punch-Drunk Love (2002),12,0.038333333,3312,,,,
PUNC-05520,"https://digitalscholarship.brynmawr.edu/pta/punc/punc-05520/tiles/full/300,169/0/default.jpg",Punch-Drunk Love (2002),12,0.038425926,3320,,,,
PUNC-05527,"https://digitalscholarship.brynmawr.edu/pta/punc/punc-05527/tiles/full/300,169/0/default.jpg",Punch-Drunk Love (2002),12,0.038506944,3327,,,,
PUNC-05528,"https://digitalscholarship.brynmawr.edu/pta/punc/punc-05528/tiles/full/300,169/0/default.jpg",Punch-Drunk Love (2002),12,0.038518519,3328,,,,
PUNC-05531,"https://digitalscholarship.brynmawr.edu/pta/punc/punc-05531/tiles/full/300,169/0/default.jpg",Punch-Drunk Love (2002),12,0.038553241,3331,,,,
PUNC-05535,"https://digitalscholarship.brynmawr.edu/pta/punc/punc-05535/tiles/full/300,169/0/default.jpg",Punch-Drunk Love (2002),12,0.038599537,3335,,,,
PUNC-05538,"https://digitalscholarship.brynmawr.edu/pta/punc/punc-05538/tiles/full/300,169/0/default.jpg",Punch-Drunk Love (2002),12,0.038634259,3338,,,,
PUNC-05539,"https://digitalscholarship.brynmawr.edu/pta/punc/punc-05539/tiles/full/300,169/0/default.jpg",Punch-Drunk Love (2002),12,0.038645833,3339,,,,
PUNC-05546,"https://digitalscholarship.brynmawr.edu/pta/punc/punc-05546/tiles/full/300,169/0/default.jpg",Punch-Drunk Love (2002),12,0.038726852,3346,,,,
PUNC-05549,"https://digitalscholarship.brynmawr.edu/pta/punc/punc-05549/tiles/full/300,169/0/default.jpg",Punch-Drunk Love (2002),12,0.038761574,3349,,,,
PUNC-05550,"https://digitalscholarship.brynmawr.edu/pta/punc/punc-05550/tiles/full/300,169/0/default.jpg",Punch-Drunk Love (2002),12,0.038773148,3350,,,,
PUNC-05558,"https://digitalscholarship.brynmawr.edu/pta/punc/punc-05558/tiles/full/300,169/0/default.jpg",Punch-Drunk Love (2002),12,0.038865741,3358,,,,
PUNC-05602,"https://digitalscholarship.brynmawr.edu/pta/punc/punc-05602/tiles/full/300,169/0/default.jpg",Punch-Drunk Love (2002),12,0.038912037,3362,,,,
PUNC-05609,"https://digitalscholarship.brynmawr.edu/pta/punc/punc-05609/tiles/full/300,169/0/default.jpg",Punch-Drunk Love (2002),12,0.038993056,3369,,,,
PUNC-05622,"https://digitalscholarship.brynmawr.edu/pta/punc/punc-05622/tiles/full/300,169/0/default.jpg",Punch-Drunk Love (2002),12,0.039143519,3382,,,,
PUNC-05634,"https://digitalscholarship.brynmawr.edu/pta/punc/punc-05634/tiles/full/300,169/0/default.jpg",Punch-Drunk Love (2002),12,0.039282407,3394,,,,
PUNC-05636,"https://digitalscholarship.brynmawr.edu/pta/punc/punc-05636/tiles/full/300,169/0/default.jpg",Punch-Drunk Love (2002),12,0.039305556,3396,,,,
PUNC-05637,"https://digitalscholarship.brynmawr.edu/pta/punc/punc-05637/tiles/full/300,169/0/default.jpg",Punch-Drunk Love (2002),12,0.03931713,3397,,,,
PUNC-05640,"https://digitalscholarship.brynmawr.edu/pta/punc/punc-05640/tiles/full/300,169/0/default.jpg",Punch-Drunk Love (2002),12,0.039351852,3400,,,,
PUNC-05642,"https://digitalscholarship.brynmawr.edu/pta/punc/punc-05642/tiles/full/300,169/0/default.jpg",Punch-Drunk Love (2002),12,0.039375,3402,,,,
PUNC-05644,"https://digitalscholarship.brynmawr.edu/pta/punc/punc-05644/tiles/full/300,169/0/default.jpg",Punch-Drunk Love (2002),12,0.039398148,3404,,,,
PUNC-05647,"https://digitalscholarship.brynmawr.edu/pta/punc/punc-05647/tiles/full/300,169/0/default.jpg",Punch-Drunk Love (2002),12,0.03943287,3407,,,,
PUNC-05649,"https://digitalscholarship.brynmawr.edu/pta/punc/punc-05649/tiles/full/300,169/0/default.jpg",Punch-Drunk Love (2002),12,0.039456019,3409,,,,
PUNC-05651,"https://digitalscholarship.brynmawr.edu/pta/punc/punc-05651/tiles/full/300,169/0/default.jpg",Punch-Drunk Love (2002),12,0.039479167,3411,,,,
PUNC-05654,"https://digitalscholarship.brynmawr.edu/pta/punc/punc-05654/tiles/full/300,169/0/default.jpg",Punch-Drunk Love (2002),12,0.039513889,3414,,,,
PUNC-05655,"https://digitalscholarship.brynmawr.edu/pta/punc/punc-05655/tiles/full/300,169/0/default.jpg",Punch-Drunk Love (2002),12,0.039525463,3415,,,,
PUNC-05658,"https://digitalscholarship.brynmawr.edu/pta/punc/punc-05658/tiles/full/300,169/0/default.jpg",Punch-Drunk Love (2002),12,0.039560185,3418,,,,
PUNC-05659,"https://digitalscholarship.brynmawr.edu/pta/punc/punc-05659/tiles/full/300,169/0/default.jpg",Punch-Drunk Love (2002),12,0.039571759,3419,,,,
PUNC-05703,"https://digitalscholarship.brynmawr.edu/pta/punc/punc-05703/tiles/full/300,169/0/default.jpg",Punch-Drunk Love (2002),12,0.039618056,3423,,,,
PUNC-05705,"https://digitalscholarship.brynmawr.edu/pta/punc/punc-05705/tiles/full/300,169/0/default.jpg",Punch-Drunk Love (2002),12,0.039641204,3425,,,,
PUNC-05711,"https://digitalscholarship.brynmawr.edu/pta/punc/punc-05711/tiles/full/300,169/0/default.jpg",Punch-Drunk Love (2002),12,0.039710648,3431,,,,
PUNC-05714,"https://digitalscholarship.brynmawr.edu/pta/punc/punc-05714/tiles/full/300,169/0/default.jpg",Punch-Drunk Love (2002),12,0.03974537,3434,,,,
PUNC-05719,"https://digitalscholarship.brynmawr.edu/pta/punc/punc-05719/tiles/full/300,169/0/default.jpg",Punch-Drunk Love (2002),12,0.039803241,3439,,,,
PUNC-05721,"https://digitalscholarship.brynmawr.edu/pta/punc/punc-05721/tiles/full/300,169/0/default.jpg",Punch-Drunk Love (2002),12,0.039826389,3441,,,,
PUNC-05725,"https://digitalscholarship.brynmawr.edu/pta/punc/punc-05725/tiles/full/300,169/0/default.jpg",Punch-Drunk Love (2002),12,0.039872685,3445,,,,
PUNC-05728,"https://digitalscholarship.brynmawr.edu/pta/punc/punc-05728/tiles/full/300,169/0/default.jpg",Punch-Drunk Love (2002),12,0.039907407,3448,,,,
PUNC-05729,"https://digitalscholarship.brynmawr.edu/pta/punc/punc-05729/tiles/full/300,169/0/default.jpg",Punch-Drunk Love (2002),12,0.039918981,3449,,,,
PUNC-05733,"https://digitalscholarship.brynmawr.edu/pta/punc/punc-05733/tiles/full/300,169/0/default.jpg",Punch-Drunk Love (2002),12,0.039965278,3453,,,,
PUNC-05740,"https://digitalscholarship.brynmawr.edu/pta/punc/punc-05740/tiles/full/300,169/0/default.jpg",Punch-Drunk Love (2002),12,0.040046296,3460,,,,
PUNC-05744,"https://digitalscholarship.brynmawr.edu/pta/punc/punc-05744/tiles/full/300,169/0/default.jpg",Punch-Drunk Love (2002),12,0.040092593,3464,,,,
PUNC-05752,"https://digitalscholarship.brynmawr.edu/pta/punc/punc-05752/tiles/full/300,169/0/default.jpg",Punch-Drunk Love (2002),12,0.040185185,3472,,,,
PUNC-05756,"https://digitalscholarship.brynmawr.edu/pta/punc/punc-05756/tiles/full/300,169/0/default.jpg",Punch-Drunk Love (2002),13,0.040231481,3476,,,,
PUNC-05801,"https://digitalscholarship.brynmawr.edu/pta/punc/punc-05801/tiles/full/300,169/0/default.jpg",Punch-Drunk Love (2002),13,0.040289352,3481,,,,
PUNC-05820,"https://digitalscholarship.brynmawr.edu/pta/punc/punc-05820/tiles/full/300,169/0/default.jpg",Punch-Drunk Love (2002),13,0.040509259,3500,,,,
PUNC-05836,"https://digitalscholarship.brynmawr.edu/pta/punc/punc-05836/tiles/full/300,169/0/default.jpg",Punch-Drunk Love (2002),13,0.040694444,3516,,,,
PUNC-05846,"https://digitalscholarship.brynmawr.edu/pta/punc/punc-05846/tiles/full/300,169/0/default.jpg",Punch-Drunk Love (2002),13,0.040810185,3526,,,,
PUNC-05859,"https://digitalscholarship.brynmawr.edu/pta/punc/punc-05859/tiles/full/300,169/0/default.jpg",Punch-Drunk Love (2002),13,0.040960648,3539,,,,
PUNC-05907,"https://digitalscholarship.brynmawr.edu/pta/punc/punc-05907/tiles/full/300,169/0/default.jpg",Punch-Drunk Love (2002),13,0.041053241,3547,,,,
PUNC-05913,"https://digitalscholarship.brynmawr.edu/pta/punc/punc-05913/tiles/full/300,169/0/default.jpg",Punch-Drunk Love (2002),13,0.041122685,3553,,,,
PUNC-05914,"https://digitalscholarship.brynmawr.edu/pta/punc/punc-05914/tiles/full/300,169/0/default.jpg",Punch-Drunk Love (2002),13,0.041134259,3554,,,,
PUNC-05933,"https://digitalscholarship.brynmawr.edu/pta/punc/punc-05933/tiles/full/300,169/0/default.jpg",Punch-Drunk Love (2002),13,0.041354167,3573,,,,
PUNC-05938,"https://digitalscholarship.brynmawr.edu/pta/punc/punc-05938/tiles/full/300,169/0/default.jpg",Punch-Drunk Love (2002),13,0.041412037,3578,,,,
PUNC-05951,"https://digitalscholarship.brynmawr.edu/pta/punc/punc-05951/tiles/full/300,169/0/default.jpg",Punch-Drunk Love (2002),13,0.0415625,3591,,,,
PUNC-10011,"https://digitalscholarship.brynmawr.edu/pta/punc/punc-10011/tiles/full/300,169/0/default.jpg",Punch-Drunk Love (2002),13,0.041793981,3611,,,,
PUNC-10017,"https://digitalscholarship.brynmawr.edu/pta/punc/punc-10017/tiles/full/300,169/0/default.jpg",Punch-Drunk Love (2002),13,0.041863426,3617,,,,
PUNC-10021,"https://digitalscholarship.brynmawr.edu/pta/punc/punc-10021/tiles/full/300,169/0/default.jpg",Punch-Drunk Love (2002),13,0.041909722,3621,,,,
PUNC-10036,"https://digitalscholarship.brynmawr.edu/pta/punc/punc-10036/tiles/full/300,169/0/default.jpg",Punch-Drunk Love (2002),13,0.042083333,3636,,,,
PUNC-10052,"https://digitalscholarship.brynmawr.edu/pta/punc/punc-10052/tiles/full/300,169/0/default.jpg",Punch-Drunk Love (2002),13,0.042268519,3652,,,,
PUNC-10054,"https://digitalscholarship.brynmawr.edu/pta/punc/punc-10054/tiles/full/300,169/0/default.jpg",Punch-Drunk Love (2002),13,0.042291667,3654,,,,
PUNC-10106,"https://digitalscholarship.brynmawr.edu/pta/punc/punc-10106/tiles/full/300,169/0/default.jpg",Punch-Drunk Love (2002),13,0.042430556,3666,,,,
PUNC-10115,"https://digitalscholarship.brynmawr.edu/pta/punc/punc-10115/tiles/full/300,169/0/default.jpg",Punch-Drunk Love (2002),13,0.042534722,3675,,,,
PUNC-10116,"https://digitalscholarship.brynmawr.edu/pta/punc/punc-10116/tiles/full/300,169/0/default.jpg",Punch-Drunk Love (2002),13,0.042546296,3676,,,,
PUNC-10120,"https://digitalscholarship.brynmawr.edu/pta/punc/punc-10120/tiles/full/300,169/0/default.jpg",Punch-Drunk Love (2002),13,0.042592593,3680,,,,
PUNC-10132,"https://digitalscholarship.brynmawr.edu/pta/punc/punc-10132/tiles/full/300,169/0/default.jpg",Punch-Drunk Love (2002),13,0.042731481,3692,,,,
PUNC-10136,"https://digitalscholarship.brynmawr.edu/pta/punc/punc-10136/tiles/full/300,169/0/default.jpg",Punch-Drunk Love (2002),13,0.042777778,3696,,,,
PUNC-10141,"https://digitalscholarship.brynmawr.edu/pta/punc/punc-10141/tiles/full/300,169/0/default.jpg",Punch-Drunk Love (2002),13,0.042835648,3701,,,,
PUNC-10153,"https://digitalscholarship.brynmawr.edu/pta/punc/punc-10153/tiles/full/300,169/0/default.jpg",Punch-Drunk Love (2002),13,0.042974537,3713,,,,
PUNC-10200,"https://digitalscholarship.brynmawr.edu/pta/punc/punc-10200/tiles/full/300,169/0/default.jpg",Punch-Drunk Love (2002),14,0.043055556,3720,,,,
PUNC-10209,"https://digitalscholarship.brynmawr.edu/pta/punc/punc-10209/tiles/full/300,169/0/default.jpg",Punch-Drunk Love (2002),14,0.043159722,3729,,,,
PUNC-10227,"https://digitalscholarship.brynmawr.edu/pta/punc/punc-10227/tiles/full/300,169/0/default.jpg",Punch-Drunk Love (2002),14,0.043368056,3747,,,,
PUNC-10241,"https://digitalscholarship.brynmawr.edu/pta/punc/punc-10241/tiles/full/300,169/0/default.jpg",Punch-Drunk Love (2002),14,0.043530093,3761,,,,
PUNC-10256,"https://digitalscholarship.brynmawr.edu/pta/punc/punc-10256/tiles/full/300,169/0/default.jpg",Punch-Drunk Love (2002),14,0.043703704,3776,,,,
PUNC-10302,"https://digitalscholarship.brynmawr.edu/pta/punc/punc-10302/tiles/full/300,169/0/default.jpg",Punch-Drunk Love (2002),14,0.043773148,3782,,,,
PUNC-10313,"https://digitalscholarship.brynmawr.edu/pta/punc/punc-10313/tiles/full/300,169/0/default.jpg",Punch-Drunk Love (2002),14,0.043900463,3793,,,,
PUNC-10314,"https://digitalscholarship.brynmawr.edu/pta/punc/punc-10314/tiles/full/300,169/0/default.jpg",Punch-Drunk Love (2002),14,0.043912037,3794,,,,
PUNC-10326,"https://digitalscholarship.brynmawr.edu/pta/punc/punc-10326/tiles/full/300,169/0/default.jpg",Punch-Drunk Love (2002),14,0.044050926,3806,,,,
PUNC-10329,"https://digitalscholarship.brynmawr.edu/pta/punc/punc-10329/tiles/full/300,169/0/default.jpg",Punch-Drunk Love (2002),14,0.044085648,3809,,,,
PUNC-10338,"https://digitalscholarship.brynmawr.edu/pta/punc/punc-10338/tiles/full/300,169/0/default.jpg",Punch-Drunk Love (2002),14,0.044189815,3818,,,,
PUNC-10340,"https://digitalscholarship.brynmawr.edu/pta/punc/punc-10340/tiles/full/300,169/0/default.jpg",Punch-Drunk Love (2002),14,0.044212963,3820,,,,
PUNC-10423,"https://digitalscholarship.brynmawr.edu/pta/punc/punc-10423/tiles/full/300,169/0/default.jpg",Punch-Drunk Love (2002),14,0.044710648,3863,,,,
PUNC-10448,"https://digitalscholarship.brynmawr.edu/pta/punc/punc-10448/tiles/full/300,169/0/default.jpg",Punch-Drunk Love (2002),14,0.045,3888,,,,
PUNC-10516,"https://digitalscholarship.brynmawr.edu/pta/punc/punc-10516/tiles/full/300,169/0/default.jpg",Punch-Drunk Love (2002),14,0.045324074,3916,,,,
PUNC-10524,"https://digitalscholarship.brynmawr.edu/pta/punc/punc-10524/tiles/full/300,169/0/default.jpg",Punch-Drunk Love (2002),14,0.045416667,3924,,,,
PUNC-10552,"https://digitalscholarship.brynmawr.edu/pta/punc/punc-10552/tiles/full/300,169/0/default.jpg",Punch-Drunk Love (2002),14,0.045740741,3952,,,,
PUNC-10607,"https://digitalscholarship.brynmawr.edu/pta/punc/punc-10607/tiles/full/300,169/0/default.jpg",Punch-Drunk Love (2002),15,0.045914352,3967,,,,
PUNC-10617,"https://digitalscholarship.brynmawr.edu/pta/punc/punc-10617/tiles/full/300,169/0/default.jpg",Punch-Drunk Love (2002),15,0.046030093,3977,,,,
PUNC-10629,"https://digitalscholarship.brynmawr.edu/pta/punc/punc-10629/tiles/full/300,169/0/default.jpg",Punch-Drunk Love (2002),15,0.046168981,3989,,,,
PUNC-10637,"https://digitalscholarship.brynmawr.edu/pta/punc/punc-10637/tiles/full/300,169/0/default.jpg",Punch-Drunk Love (2002),15,0.046261574,3997,,,,
PUNC-10639,"https://digitalscholarship.brynmawr.edu/pta/punc/punc-10639/tiles/full/300,169/0/default.jpg",Punch-Drunk Love (2002),15,0.046284722,3999,,,,
PUNC-10641,"https://digitalscholarship.brynmawr.edu/pta/punc/punc-10641/tiles/full/300,169/0/default.jpg",Punch-Drunk Love (2002),15,0.04630787,4001,,,,
PUNC-10644,"https://digitalscholarship.brynmawr.edu/pta/punc/punc-10644/tiles/full/300,169/0/default.jpg",Punch-Drunk Love (2002),15,0.046342593,4004,,,,
PUNC-10645,"https://digitalscholarship.brynmawr.edu/pta/punc/punc-10645/tiles/full/300,169/0/default.jpg",Punch-Drunk Love (2002),15,0.046354167,4005,,,,
PUNC-10655,"https://digitalscholarship.brynmawr.edu/pta/punc/punc-10655/tiles/full/300,169/0/default.jpg",Punch-Drunk Love (2002),15,0.046469907,4015,,,,
PUNC-10716,"https://digitalscholarship.brynmawr.edu/pta/punc/punc-10716/tiles/full/300,169/0/default.jpg",Punch-Drunk Love (2002),15,0.046712963,4036,,,,
PUNC-10727,"https://digitalscholarship.brynmawr.edu/pta/punc/punc-10727/tiles/full/300,169/0/default.jpg",Punch-Drunk Love (2002),15,0.046840278,4047,,,,
PUNC-10749,"https://digitalscholarship.brynmawr.edu/pta/punc/punc-10749/tiles/full/300,169/0/default.jpg",Punch-Drunk Love (2002),15,0.047094907,4069,,,,
PUNC-10755,"https://digitalscholarship.brynmawr.edu/pta/punc/punc-10755/tiles/full/300,169/0/default.jpg",Punch-Drunk Love (2002),15,0.047164352,4075,,,,
PUNC-10806,"https://digitalscholarship.brynmawr.edu/pta/punc/punc-10806/tiles/full/300,169/0/default.jpg",Punch-Drunk Love (2002),15,0.047291667,4086,,,,
PUNC-10822,"https://digitalscholarship.brynmawr.edu/pta/punc/punc-10822/tiles/full/300,169/0/default.jpg",Punch-Drunk Love (2002),15,0.047476852,4102,,,,
PUNC-10844,"https://digitalscholarship.brynmawr.edu/pta/punc/punc-10844/tiles/full/300,169/0/default.jpg",Punch-Drunk Love (2002),15,0.047731481,4124,,,,
PUNC-10905,"https://digitalscholarship.brynmawr.edu/pta/punc/punc-10905/tiles/full/300,169/0/default.jpg",Punch-Drunk Love (2002),15,0.047974537,4145,,,,
PUNC-10915,"https://digitalscholarship.brynmawr.edu/pta/punc/punc-10915/tiles/full/300,169/0/default.jpg",Punch-Drunk Love (2002),15,0.048090278,4155,,,,
PUNC-10934,"https://digitalscholarship.brynmawr.edu/pta/punc/punc-10934/tiles/full/300,169/0/default.jpg",Punch-Drunk Love (2002),15,0.048310185,4174,,,,
PUNC-10952,"https://digitalscholarship.brynmawr.edu/pta/punc/punc-10952/tiles/full/300,169/0/default.jpg",Punch-Drunk Love (2002),15,0.048518519,4192,,,,
PUNC-10957,"https://digitalscholarship.brynmawr.edu/pta/punc/punc-10957/tiles/full/300,169/0/default.jpg",Punch-Drunk Love (2002),15,0.048576389,4197,,,,
PUNC-10959,"https://digitalscholarship.brynmawr.edu/pta/punc/punc-10959/tiles/full/300,169/0/default.jpg",Punch-Drunk Love (2002),15,0.048599537,4199,,,,
PUNC-11008,"https://digitalscholarship.brynmawr.edu/pta/punc/punc-11008/tiles/full/300,169/0/default.jpg",Punch-Drunk Love (2002),15,0.048703704,4208,,,,
PUNC-11117,"https://digitalscholarship.brynmawr.edu/pta/punc/punc-11117/tiles/full/300,169/0/default.jpg",Punch-Drunk Love (2002),15,0.049502315,4277,,,,
PUNC-11122,"https://digitalscholarship.brynmawr.edu/pta/punc/punc-11122/tiles/full/300,169/0/default.jpg",Punch-Drunk Love (2002),15,0.049560185,4282,,,,
PUNC-11144,"https://digitalscholarship.brynmawr.edu/pta/punc/punc-11144/tiles/full/300,169/0/default.jpg",Punch-Drunk Love (2002),15,0.049814815,4304,,,,
PUNC-11201,"https://digitalscholarship.brynmawr.edu/pta/punc/punc-11201/tiles/full/300,169/0/default.jpg",Punch-Drunk Love (2002),15,0.050011574,4321,,,,
PUNC-11211,"https://digitalscholarship.brynmawr.edu/pta/punc/punc-11211/tiles/full/300,169/0/default.jpg",Punch-Drunk Love (2002),15,0.050127315,4331,,,,
PUNC-11245,"https://digitalscholarship.brynmawr.edu/pta/punc/punc-11245/tiles/full/300,169/0/default.jpg",Punch-Drunk Love (2002),15,0.050520833,4365,,,,
PUNC-11318,"https://digitalscholarship.brynmawr.edu/pta/punc/punc-11318/tiles/full/300,169/0/default.jpg",Punch-Drunk Love (2002),15,0.050902778,4398,,,,
PUNC-11357,"https://digitalscholarship.brynmawr.edu/pta/punc/punc-11357/tiles/full/300,169/0/default.jpg",Punch-Drunk Love (2002),15,0.051354167,4437,,,,
PUNC-11403,"https://digitalscholarship.brynmawr.edu/pta/punc/punc-11403/tiles/full/300,169/0/default.jpg",Punch-Drunk Love (2002),15,0.051423611,4443,,,,
PUNC-11410,"https://digitalscholarship.brynmawr.edu/pta/punc/punc-11410/tiles/full/300,169/0/default.jpg",Punch-Drunk Love (2002),15,0.05150463,4450,,,,
PUNC-11431,"https://digitalscholarship.brynmawr.edu/pta/punc/punc-11431/tiles/full/300,169/0/default.jpg",Punch-Drunk Love (2002),15,0.051747685,4471,,,,
PUNC-11442,"https://digitalscholarship.brynmawr.edu/pta/punc/punc-11442/tiles/full/300,169/0/default.jpg",Punch-Drunk Love (2002),15,0.051875,4482,,,,
PUNC-11451,"https://digitalscholarship.brynmawr.edu/pta/punc/punc-11451/tiles/full/300,169/0/default.jpg",Punch-Drunk Love (2002),15,0.051979167,4491,,,,
PUNC-11502,"https://digitalscholarship.brynmawr.edu/pta/punc/punc-11502/tiles/full/300,169/0/default.jpg",Punch-Drunk Love (2002),16,0.052106481,4502,,,,
PUNC-11509,"https://digitalscholarship.brynmawr.edu/pta/punc/punc-11509/tiles/full/300,169/0/default.jpg",Punch-Drunk Love (2002),16,0.0521875,4509,,,,
PUNC-11511,"https://digitalscholarship.brynmawr.edu/pta/punc/punc-11511/tiles/full/300,169/0/default.jpg",Punch-Drunk Love (2002),16,0.052210648,4511,,,,
PUNC-11512,"https://digitalscholarship.brynmawr.edu/pta/punc/punc-11512/tiles/full/300,169/0/default.jpg",Punch-Drunk Love (2002),16,0.052222222,4512,,,,
PUNC-11513,"https://digitalscholarship.brynmawr.edu/pta/punc/punc-11513/tiles/full/300,169/0/default.jpg",Punch-Drunk Love (2002),16,0.052233796,4513,,,,
PUNC-11514,"https://digitalscholarship.brynmawr.edu/pta/punc/punc-11514/tiles/full/300,169/0/default.jpg",Punch-Drunk Love (2002),16,0.05224537,4514,,,,
PUNC-11516,"https://digitalscholarship.brynmawr.edu/pta/punc/punc-11516/tiles/full/300,169/0/default.jpg",Punch-Drunk Love (2002),16,0.052268519,4516,,,,
PUNC-11518,"https://digitalscholarship.brynmawr.edu/pta/punc/punc-11518/tiles/full/300,169/0/default.jpg",Punch-Drunk Love (2002),16,0.052291667,4518,,,,
PUNC-11520,"https://digitalscholarship.brynmawr.edu/pta/punc/punc-11520/tiles/full/300,169/0/default.jpg",Punch-Drunk Love (2002),16,0.052314815,4520,,,,
PUNC-11525,"https://digitalscholarship.brynmawr.edu/pta/punc/punc-11525/tiles/full/300,169/0/default.jpg",Punch-Drunk Love (2002),16,0.052372685,4525,,,,
PUNC-11528,"https://digitalscholarship.brynmawr.edu/pta/punc/punc-11528/tiles/full/300,169/0/default.jpg",Punch-Drunk Love (2002),16,0.052407407,4528,,,,
PUNC-11530,"https://digitalscholarship.brynmawr.edu/pta/punc/punc-11530/tiles/full/300,169/0/default.jpg",Punch-Drunk Love (2002),16,0.052430556,4530,,,,
PUNC-11531,"https://digitalscholarship.brynmawr.edu/pta/punc/punc-11531/tiles/full/300,169/0/default.jpg",Punch-Drunk Love (2002),16,0.05244213,4531,,,,
PUNC-11533,"https://digitalscholarship.brynmawr.edu/pta/punc/punc-11533/tiles/full/300,169/0/default.jpg",Punch-Drunk Love (2002),16,0.052465278,4533,,,,
PUNC-11534,"https://digitalscholarship.brynmawr.edu/pta/punc/punc-11534/tiles/full/300,169/0/default.jpg",Punch-Drunk Love (2002),16,0.052476852,4534,,,,
PUNC-11535,"https://digitalscholarship.brynmawr.edu/pta/punc/punc-11535/tiles/full/300,169/0/default.jpg",Punch-Drunk Love (2002),16,0.052488426,4535,,,,
PUNC-11537,"https://digitalscholarship.brynmawr.edu/pta/punc/punc-11537/tiles/full/300,169/0/default.jpg",Punch-Drunk Love (2002),16,0.052511574,4537,,,,
PUNC-11540,"https://digitalscholarship.brynmawr.edu/pta/punc/punc-11540/tiles/full/300,169/0/default.jpg",Punch-Drunk Love (2002),16,0.052546296,4540,,,,
PUNC-11541,"https://digitalscholarship.brynmawr.edu/pta/punc/punc-11541/tiles/full/300,169/0/default.jpg",Punch-Drunk Love (2002),16,0.05255787,4541,,,,
PUNC-11547,"https://digitalscholarship.brynmawr.edu/pta/punc/punc-11547/tiles/full/300,169/0/default.jpg",Punch-Drunk Love (2002),16,0.052627315,4547,,,,
PUNC-11551,"https://digitalscholarship.brynmawr.edu/pta/punc/punc-11551/tiles/full/300,169/0/default.jpg",Punch-Drunk Love (2002),16,0.052673611,4551,,,,
PUNC-11555,"https://digitalscholarship.brynmawr.edu/pta/punc/punc-11555/tiles/full/300,169/0/default.jpg",Punch-Drunk Love (2002),16,0.052673611,4551,,,,
PUNC-11600,"https://digitalscholarship.brynmawr.edu/pta/punc/punc-11600/tiles/full/300,169/0/default.jpg",Punch-Drunk Love (2002),16,0.052777778,4560,,,,
PUNC-11604,"https://digitalscholarship.brynmawr.edu/pta/punc/punc-11604/tiles/full/300,169/0/default.jpg",Punch-Drunk Love (2002),16,0.052824074,4564,,,,
PUNC-11609,"https://digitalscholarship.brynmawr.edu/pta/punc/punc-11609/tiles/full/300,169/0/default.jpg",Punch-Drunk Love (2002),16,0.052881944,4569,,,,
PUNC-11616,"https://digitalscholarship.brynmawr.edu/pta/punc/punc-11616/tiles/full/300,169/0/default.jpg",Punch-Drunk Love (2002),16,0.052962963,4576,,,,
PUNC-11642,"https://digitalscholarship.brynmawr.edu/pta/punc/punc-11642/tiles/full/300,169/0/default.jpg",Punch-Drunk Love (2002),16,0.053263889,4602,,,,
PUNC-11653,"https://digitalscholarship.brynmawr.edu/pta/punc/punc-11653/tiles/full/300,169/0/default.jpg",Punch-Drunk Love (2002),16,0.053391204,4613,,,,
PUNC-11707,"https://digitalscholarship.brynmawr.edu/pta/punc/punc-11707/tiles/full/300,169/0/default.jpg",Punch-Drunk Love (2002),16,0.053553241,4627,,,,
PUNC-11712,"https://digitalscholarship.brynmawr.edu/pta/punc/punc-11712/tiles/full/300,169/0/default.jpg",Punch-Drunk Love (2002),16,0.053611111,4632,,,,
PUNC-11713,"https://digitalscholarship.brynmawr.edu/pta/punc/punc-11713/tiles/full/300,169/0/default.jpg",Punch-Drunk Love (2002),16,0.053622685,4633,,,,
PUNC-11718,"https://digitalscholarship.brynmawr.edu/pta/punc/punc-11718/tiles/full/300,169/0/default.jpg",Punch-Drunk Love (2002),16,0.053680556,4638,,,,
PUNC-11725,"https://digitalscholarship.brynmawr.edu/pta/punc/punc-11725/tiles/full/300,169/0/default.jpg",Punch-Drunk Love (2002),16,0.053761574,4645,,,,
PUNC-11730,"https://digitalscholarship.brynmawr.edu/pta/punc/punc-11730/tiles/full/300,169/0/default.jpg",Punch-Drunk Love (2002),16,0.053819444,4650,,,,
PUNC-11732,"https://digitalscholarship.brynmawr.edu/pta/punc/punc-11732/tiles/full/300,169/0/default.jpg",Punch-Drunk Love (2002),16,0.053842593,4652,,,,
PUNC-11737,"https://digitalscholarship.brynmawr.edu/pta/punc/punc-11737/tiles/full/300,169/0/default.jpg",Punch-Drunk Love (2002),16,0.053900463,4657,,,,
PUNC-11738,"https://digitalscholarship.brynmawr.edu/pta/punc/punc-11738/tiles/full/300,169/0/default.jpg",Punch-Drunk Love (2002),16,0.053912037,4658,,,,
PUNC-11745,"https://digitalscholarship.brynmawr.edu/pta/punc/punc-11745/tiles/full/300,169/0/default.jpg",Punch-Drunk Love (2002),16,0.053993056,4665,,,,
PUNC-11746,"https://digitalscholarship.brynmawr.edu/pta/punc/punc-11746/tiles/full/300,169/0/default.jpg",Punch-Drunk Love (2002),16,0.05400463,4666,,,,
PUNC-11757,"https://digitalscholarship.brynmawr.edu/pta/punc/punc-11757/tiles/full/300,169/0/default.jpg",Punch-Drunk Love (2002),16,0.054131944,4677,,,,
PUNC-11805,"https://digitalscholarship.brynmawr.edu/pta/punc/punc-11805/tiles/full/300,169/0/default.jpg",Punch-Drunk Love (2002),16,0.054224537,4685,,,,
PUNC-11813,"https://digitalscholarship.brynmawr.edu/pta/punc/punc-11813/tiles/full/300,169/0/default.jpg",Punch-Drunk Love (2002),16,0.05431713,4693,,,,
PUNC-11814,"https://digitalscholarship.brynmawr.edu/pta/punc/punc-11814/tiles/full/300,169/0/default.jpg",Punch-Drunk Love (2002),16,0.054328704,4694,,,,
PUNC-11840,"https://digitalscholarship.brynmawr.edu/pta/punc/punc-11840/tiles/full/300,169/0/default.jpg",Punch-Drunk Love (2002),16,0.05462963,4720,,,,
PUNC-11853,"https://digitalscholarship.brynmawr.edu/pta/punc/punc-11853/tiles/full/300,169/0/default.jpg",Punch-Drunk Love (2002),16,0.054780093,4733,,,,
PUNC-11919,"https://digitalscholarship.brynmawr.edu/pta/punc/punc-11919/tiles/full/300,169/0/default.jpg",Punch-Drunk Love (2002),16,0.055081019,4759,,,,
PUNC-11926,"https://digitalscholarship.brynmawr.edu/pta/punc/punc-11926/tiles/full/300,169/0/default.jpg",Punch-Drunk Love (2002),16,0.055162037,4766,,,,
PUNC-11937,"https://digitalscholarship.brynmawr.edu/pta/punc/punc-11937/tiles/full/300,169/0/default.jpg",Punch-Drunk Love (2002),16,0.055289352,4777,,,,
PUNC-11952,"https://digitalscholarship.brynmawr.edu/pta/punc/punc-11952/tiles/full/300,169/0/default.jpg",Punch-Drunk Love (2002),16,0.055462963,4792,,,,
PUNC-11955,"https://digitalscholarship.brynmawr.edu/pta/punc/punc-11955/tiles/full/300,169/0/default.jpg",Punch-Drunk Love (2002),16,0.055497685,4795,,,,
PUNC-12002,"https://digitalscholarship.brynmawr.edu/pta/punc/punc-12002/tiles/full/300,169/0/default.jpg",Punch-Drunk Love (2002),16,0.055578704,4802,,,,
PUNC-12011,"https://digitalscholarship.brynmawr.edu/pta/punc/punc-12011/tiles/full/300,169/0/default.jpg",Punch-Drunk Love (2002),16,0.05568287,4811,,,,
PUNC-12014,"https://digitalscholarship.brynmawr.edu/pta/punc/punc-12014/tiles/full/300,169/0/default.jpg",Punch-Drunk Love (2002),16,0.055717593,4814,,,,
PUNC-12019,"https://digitalscholarship.brynmawr.edu/pta/punc/punc-12019/tiles/full/300,169/0/default.jpg",Punch-Drunk Love (2002),16,0.055775463,4819,,,,
PUNC-12021,"https://digitalscholarship.brynmawr.edu/pta/punc/punc-12021/tiles/full/300,169/0/default.jpg",Punch-Drunk Love (2002),16,0.055798611,4821,,,,
PUNC-12025,"https://digitalscholarship.brynmawr.edu/pta/punc/punc-12025/tiles/full/300,169/0/default.jpg",Punch-Drunk Love (2002),16,0.055844907,4825,,,,
PUNC-12039,"https://digitalscholarship.brynmawr.edu/pta/punc/punc-12039/tiles/full/300,169/0/default.jpg",Punch-Drunk Love (2002),16,0.056006944,4839,,,,
PUNC-12055,"https://digitalscholarship.brynmawr.edu/pta/punc/punc-12055/tiles/full/300,169/0/default.jpg",Punch-Drunk Love (2002),16,0.05619213,4855,,,,
PUNC-12112,"https://digitalscholarship.brynmawr.edu/pta/punc/punc-12112/tiles/full/300,169/0/default.jpg",Punch-Drunk Love (2002),17,0.056388889,4872,,,,
PUNC-12118,"https://digitalscholarship.brynmawr.edu/pta/punc/punc-12118/tiles/full/300,169/0/default.jpg",Punch-Drunk Love (2002),17,0.056458333,4878,,,,
PUNC-12123,"https://digitalscholarship.brynmawr.edu/pta/punc/punc-12123/tiles/full/300,169/0/default.jpg",Punch-Drunk Love (2002),17,0.056516204,4883,,,,
PUNC-12135,"https://digitalscholarship.brynmawr.edu/pta/punc/punc-12135/tiles/full/300,169/0/default.jpg",Punch-Drunk Love (2002),17,0.056655093,4895,,,,
PUNC-12146,"https://digitalscholarship.brynmawr.edu/pta/punc/punc-12146/tiles/full/300,169/0/default.jpg",Punch-Drunk Love (2002),17,0.056782407,4906,,,,
PUNC-12201,"https://digitalscholarship.brynmawr.edu/pta/punc/punc-12201/tiles/full/300,169/0/default.jpg",Punch-Drunk Love (2002),17,0.056956019,4921,,,,
PUNC-12212,"https://digitalscholarship.brynmawr.edu/pta/punc/punc-12212/tiles/full/300,169/0/default.jpg",Punch-Drunk Love (2002),17,0.057083333,4932,,,,
PUNC-12216,"https://digitalscholarship.brynmawr.edu/pta/punc/punc-12216/tiles/full/300,169/0/default.jpg",Punch-Drunk Love (2002),17,0.05712963,4936,,,,
PUNC-12226,"https://digitalscholarship.brynmawr.edu/pta/punc/punc-12226/tiles/full/300,169/0/default.jpg",Punch-Drunk Love (2002),17,0.05724537,4946,,,,
PUNC-12232,"https://digitalscholarship.brynmawr.edu/pta/punc/punc-12232/tiles/full/300,169/0/default.jpg",Punch-Drunk Love (2002),17,0.057314815,4952,,,,
PUNC-12250,"https://digitalscholarship.brynmawr.edu/pta/punc/punc-12250/tiles/full/300,169/0/default.jpg",Punch-Drunk Love (2002),17,0.057523148,4970,,,,
PUNC-12252,"https://digitalscholarship.brynmawr.edu/pta/punc/punc-12252/tiles/full/300,169/0/default.jpg",Punch-Drunk Love (2002),17,0.057546296,4972,,,,
PUNC-12332,"https://digitalscholarship.brynmawr.edu/pta/punc/punc-12332/tiles/full/300,169/0/default.jpg",Punch-Drunk Love (2002),17,0.058009259,5012,,,,
PUNC-12349,"https://digitalscholarship.brynmawr.edu/pta/punc/punc-12349/tiles/full/300,169/0/default.jpg",Punch-Drunk Love (2002),17,0.058206019,5029,,,,
PUNC-12358,"https://digitalscholarship.brynmawr.edu/pta/punc/punc-12358/tiles/full/300,169/0/default.jpg",Punch-Drunk Love (2002),17,0.058310185,5038,,,,
PUNC-12400,"https://digitalscholarship.brynmawr.edu/pta/punc/punc-12400/tiles/full/300,169/0/default.jpg",Punch-Drunk Love (2002),17,0.058333333,5040,,,,
PUNC-12408,"https://digitalscholarship.brynmawr.edu/pta/punc/punc-12408/tiles/full/300,169/0/default.jpg",Punch-Drunk Love (2002),17,0.058425926,5048,,,,
PUNC-12415,"https://digitalscholarship.brynmawr.edu/pta/punc/punc-12415/tiles/full/300,169/0/default.jpg",Punch-Drunk Love (2002),18,0.058506944,5055,,,,
PUNC-12423,"https://digitalscholarship.brynmawr.edu/pta/punc/punc-12423/tiles/full/300,169/0/default.jpg",Punch-Drunk Love (2002),18,0.058599537,5063,,,,
PUNC-12430,"https://digitalscholarship.brynmawr.edu/pta/punc/punc-12430/tiles/full/300,169/0/default.jpg",Punch-Drunk Love (2002),18,0.058680556,5070,,,,
PUNC-12441,"https://digitalscholarship.brynmawr.edu/pta/punc/punc-12441/tiles/full/300,169/0/default.jpg",Punch-Drunk Love (2002),18,0.05880787,5081,,,,
PUNC-12448,"https://digitalscholarship.brynmawr.edu/pta/punc/punc-12448/tiles/full/300,169/0/default.jpg",Punch-Drunk Love (2002),18,0.058888889,5088,,,,
PUNC-12457,"https://digitalscholarship.brynmawr.edu/pta/punc/punc-12457/tiles/full/300,169/0/default.jpg",Punch-Drunk Love (2002),18,0.058993056,5097,,,,
PUNC-12620,"https://digitalscholarship.brynmawr.edu/pta/punc/punc-12620/tiles/full/300,169/0/default.jpg",Punch-Drunk Love (2002),18,0.059953704,5180,,,,
PUNC-12635,"https://digitalscholarship.brynmawr.edu/pta/punc/punc-12635/tiles/full/300,169/0/default.jpg",Punch-Drunk Love (2002),18,0.060127315,5195,,,,
PUNC-12646,"https://digitalscholarship.brynmawr.edu/pta/punc/punc-12646/tiles/full/300,169/0/default.jpg",Punch-Drunk Love (2002),18,0.06025463,5206,,,,
PUNC-12652,"https://digitalscholarship.brynmawr.edu/pta/punc/punc-12652/tiles/full/300,169/0/default.jpg",Punch-Drunk Love (2002),18,0.060324074,5212,,,,
PUNC-12656,"https://digitalscholarship.brynmawr.edu/pta/punc/punc-12656/tiles/full/300,169/0/default.jpg",Punch-Drunk Love (2002),18,0.06037037,5216,,,,
PUNC-12705,"https://digitalscholarship.brynmawr.edu/pta/punc/punc-12705/tiles/full/300,169/0/default.jpg",Punch-Drunk Love (2002),18,0.060474537,5225,,,,
PUNC-12711,"https://digitalscholarship.brynmawr.edu/pta/punc/punc-12711/tiles/full/300,169/0/default.jpg",Punch-Drunk Love (2002),18,0.060543981,5231,,,,
PUNC-12723,"https://digitalscholarship.brynmawr.edu/pta/punc/punc-12723/tiles/full/300,169/0/default.jpg",Punch-Drunk Love (2002),18,0.06068287,5243,,,,
PUNC-12737,"https://digitalscholarship.brynmawr.edu/pta/punc/punc-12737/tiles/full/300,169/0/default.jpg",Punch-Drunk Love (2002),19,0.060844907,5257,,,,
PUNC-12834,"https://digitalscholarship.brynmawr.edu/pta/punc/punc-12834/tiles/full/300,169/0/default.jpg",Punch-Drunk Love (2002),19,0.06150463,5314,,,,
PUNC-12935,"https://digitalscholarship.brynmawr.edu/pta/punc/punc-12935/tiles/full/300,169/0/default.jpg",Punch-Drunk Love (2002),19,0.062210648,5375,,,,
PUNC-12948,"https://digitalscholarship.brynmawr.edu/pta/punc/punc-12948/tiles/full/300,169/0/default.jpg",Punch-Drunk Love (2002),19,0.062361111,5388,,,,
PUNC-13453,"https://digitalscholarship.brynmawr.edu/pta/punc/punc-13453/tiles/full/300,169/0/default.jpg",Punch-Drunk Love (2002),19,0.065891204,5693,,,,
TWBB-00031,"https://digitalscholarship.brynmawr.edu/pta/twbb/twbb-00031/tiles/full/300,169/0/default.jpg",There Will Be Blood (2007),1,0.000358796,31,,,,
TWBB-00049,"https://digitalscholarship.brynmawr.edu/pta/twbb/twbb-00049/tiles/full/300,169/0/default.jpg",There Will Be Blood (2007),1,0.00056713,49,,,,
TWBB-00057,"https://digitalscholarship.brynmawr.edu/pta/twbb/twbb-00057/tiles/full/300,169/0/default.jpg",There Will Be Blood (2007),2,0.000659722,57,,,,
TWBB-00144,"https://digitalscholarship.brynmawr.edu/pta/twbb/twbb-00144/tiles/full/300,169/0/default.jpg",There Will Be Blood (2007),2,0.001203704,104,,,,
TWBB-00206,"https://digitalscholarship.brynmawr.edu/pta/twbb/twbb-00206/tiles/full/300,169/0/default.jpg",There Will Be Blood (2007),2,0.001458333,126,,,,
TWBB-00213,"https://digitalscholarship.brynmawr.edu/pta/twbb/twbb-00213/tiles/full/300,169/0/default.jpg",There Will Be Blood (2007),2,0.001539352,133,,,,
TWBB-00224,"https://digitalscholarship.brynmawr.edu/pta/twbb/twbb-00224/tiles/full/300,169/0/default.jpg",There Will Be Blood (2007),2,0.001666667,144,,,,
TWBB-00239,"https://digitalscholarship.brynmawr.edu/pta/twbb/twbb-00239/tiles/full/300,169/0/default.jpg",There Will Be Blood (2007),2,0.001840278,159,,,,
TWBB-00246,"https://digitalscholarship.brynmawr.edu/pta/twbb/twbb-00246/tiles/full/300,169/0/default.jpg",There Will Be Blood (2007),2,0.001921296,166,,,,
TWBB-00346,"https://digitalscholarship.brynmawr.edu/pta/twbb/twbb-00346/tiles/full/300,169/0/default.jpg",There Will Be Blood (2007),2,0.002615741,226,,,,
TWBB-00415,"https://digitalscholarship.brynmawr.edu/pta/twbb/twbb-00415/tiles/full/300,169/0/default.jpg",There Will Be Blood (2007),2,0.002951389,255,,,,
TWBB-00442,"https://digitalscholarship.brynmawr.edu/pta/twbb/twbb-00442/tiles/full/300,169/0/default.jpg",There Will Be Blood (2007),2,0.003263889,282,,,,
TWBB-00446,"https://digitalscholarship.brynmawr.edu/pta/twbb/twbb-00446/tiles/full/300,169/0/default.jpg",There Will Be Blood (2007),2,0.003310185,286,,,,
TWBB-00453,"https://digitalscholarship.brynmawr.edu/pta/twbb/twbb-00453/tiles/full/300,169/0/default.jpg",There Will Be Blood (2007),2,0.003391204,293,,,,
TWBB-00549,"https://digitalscholarship.brynmawr.edu/pta/twbb/twbb-00549/tiles/full/300,169/0/default.jpg",There Will Be Blood (2007),2,0.004039352,349,,,,
TWBB-00609,"https://digitalscholarship.brynmawr.edu/pta/twbb/twbb-00609/tiles/full/300,169/0/default.jpg",There Will Be Blood (2007),2,0.004270833,369,,,,
TWBB-00624,"https://digitalscholarship.brynmawr.edu/pta/twbb/twbb-00624/tiles/full/300,169/0/default.jpg",There Will Be Blood (2007),2,0.004444444,384,,,,
TWBB-00634,"https://digitalscholarship.brynmawr.edu/pta/twbb/twbb-00634/tiles/full/300,169/0/default.jpg",There Will Be Blood (2007),2,0.004560185,394,,,,
TWBB-00644,"https://digitalscholarship.brynmawr.edu/pta/twbb/twbb-00644/tiles/full/300,169/0/default.jpg",There Will Be Blood (2007),2,0.004675926,404,,,,
TWBB-00649,"https://digitalscholarship.brynmawr.edu/pta/twbb/twbb-00649/tiles/full/300,169/0/default.jpg",There Will Be Blood (2007),2,0.004733796,409,,,,
TWBB-00703,"https://digitalscholarship.brynmawr.edu/pta/twbb/twbb-00703/tiles/full/300,169/0/default.jpg",There Will Be Blood (2007),2,0.004895833,423,,,,
TWBB-00713,"https://digitalscholarship.brynmawr.edu/pta/twbb/twbb-00713/tiles/full/300,169/0/default.jpg",There Will Be Blood (2007),3,0.005011574,433,,,,
TWBB-00745,"https://digitalscholarship.brynmawr.edu/pta/twbb/twbb-00745/tiles/full/300,169/0/default.jpg",There Will Be Blood (2007),3,0.005381944,465,,,,
TWBB-00800,"https://digitalscholarship.brynmawr.edu/pta/twbb/twbb-00800/tiles/full/300,169/0/default.jpg",There Will Be Blood (2007),3,0.005555556,480,,,,
TWBB-00819,"https://digitalscholarship.brynmawr.edu/pta/twbb/twbb-00819/tiles/full/300,169/0/default.jpg",There Will Be Blood (2007),3,0.005775463,499,,,,
TWBB-00827,"https://digitalscholarship.brynmawr.edu/pta/twbb/twbb-00827/tiles/full/300,169/0/default.jpg",There Will Be Blood (2007),3,0.005868056,507,,,,
TWBB-00848,"https://digitalscholarship.brynmawr.edu/pta/twbb/twbb-00848/tiles/full/300,169/0/default.jpg",There Will Be Blood (2007),3,0.006111111,528,,,,
TWBB-00849,"https://digitalscholarship.brynmawr.edu/pta/twbb/twbb-00849/tiles/full/300,169/0/default.jpg",There Will Be Blood (2007),3,0.006122685,529,,,,
TWBB-00903,"https://digitalscholarship.brynmawr.edu/pta/twbb/twbb-00903/tiles/full/300,169/0/default.jpg",There Will Be Blood (2007),3,0.006284722,543,,,,
TWBB-00922,"https://digitalscholarship.brynmawr.edu/pta/twbb/twbb-00922/tiles/full/300,169/0/default.jpg",There Will Be Blood (2007),3,0.00650463,562,,,,
TWBB-00930,"https://digitalscholarship.brynmawr.edu/pta/twbb/twbb-00930/tiles/full/300,169/0/default.jpg",There Will Be Blood (2007),3,0.006597222,570,,,,
TWBB-00937,"https://digitalscholarship.brynmawr.edu/pta/twbb/twbb-00937/tiles/full/300,169/0/default.jpg",There Will Be Blood (2007),3,0.006678241,577,,,,
TWBB-00939,"https://digitalscholarship.brynmawr.edu/pta/twbb/twbb-00939/tiles/full/300,169/0/default.jpg",There Will Be Blood (2007),3,0.006678241,577,,,,
TWBB-00941,"https://digitalscholarship.brynmawr.edu/pta/twbb/twbb-00941/tiles/full/300,169/0/default.jpg",There Will Be Blood (2007),3,0.006724537,581,,,,
TWBB-00948,"https://digitalscholarship.brynmawr.edu/pta/twbb/twbb-00948/tiles/full/300,169/0/default.jpg",There Will Be Blood (2007),3,0.006805556,588,,,,
TWBB-00958,"https://digitalscholarship.brynmawr.edu/pta/twbb/twbb-00958/tiles/full/300,169/0/default.jpg",There Will Be Blood (2007),3,0.006921296,598,,,,
TWBB-01051,"https://digitalscholarship.brynmawr.edu/pta/twbb/twbb-01051/tiles/full/300,169/0/default.jpg",There Will Be Blood (2007),3,0.007534722,651,,,,
TWBB-01116,"https://digitalscholarship.brynmawr.edu/pta/twbb/twbb-01116/tiles/full/300,169/0/default.jpg",There Will Be Blood (2007),3,0.007824074,676,,,,
TWBB-01130,"https://digitalscholarship.brynmawr.edu/pta/twbb/twbb-01130/tiles/full/300,169/0/default.jpg",There Will Be Blood (2007),3,0.007986111,690,,,,
TWBB-01135,"https://digitalscholarship.brynmawr.edu/pta/twbb/twbb-01135/tiles/full/300,169/0/default.jpg",There Will Be Blood (2007),3,0.008043981,695,,,,
TWBB-01144,"https://digitalscholarship.brynmawr.edu/pta/twbb/twbb-01144/tiles/full/300,169/0/default.jpg",There Will Be Blood (2007),3,0.008148148,704,,,,
TWBB-01152,"https://digitalscholarship.brynmawr.edu/pta/twbb/twbb-01152/tiles/full/300,169/0/default.jpg",There Will Be Blood (2007),3,0.008240741,712,,,,
TWBB-01204,"https://digitalscholarship.brynmawr.edu/pta/twbb/twbb-01204/tiles/full/300,169/0/default.jpg",There Will Be Blood (2007),3,0.00837963,724,,,,
TWBB-01211,"https://digitalscholarship.brynmawr.edu/pta/twbb/twbb-01211/tiles/full/300,169/0/default.jpg",There Will Be Blood (2007),3,0.008460648,731,,,,
TWBB-01237,"https://digitalscholarship.brynmawr.edu/pta/twbb/twbb-01237/tiles/full/300,169/0/default.jpg",There Will Be Blood (2007),3,0.008761574,757,,,,
TWBB-01245,"https://digitalscholarship.brynmawr.edu/pta/twbb/twbb-01245/tiles/full/300,169/0/default.jpg",There Will Be Blood (2007),3,0.008854167,765,,,,
TWBB-01252,"https://digitalscholarship.brynmawr.edu/pta/twbb/twbb-01252/tiles/full/300,169/0/default.jpg",There Will Be Blood (2007),3,0.008935185,772,,,,
TWBB-01258,"https://digitalscholarship.brynmawr.edu/pta/twbb/twbb-01258/tiles/full/300,169/0/default.jpg",There Will Be Blood (2007),3,0.00900463,778,,,,
TWBB-01311,"https://digitalscholarship.brynmawr.edu/pta/twbb/twbb-01311/tiles/full/300,169/0/default.jpg",There Will Be Blood (2007),3,0.009155093,791,,,,
TWBB-01317,"https://digitalscholarship.brynmawr.edu/pta/twbb/twbb-01317/tiles/full/300,169/0/default.jpg",There Will Be Blood (2007),3,0.009224537,797,,,,
TWBB-01320,"https://digitalscholarship.brynmawr.edu/pta/twbb/twbb-01320/tiles/full/300,169/0/default.jpg",There Will Be Blood (2007),3,0.009259259,800,,,,
TWBB-01331,"https://digitalscholarship.brynmawr.edu/pta/twbb/twbb-01331/tiles/full/300,169/0/default.jpg",There Will Be Blood (2007),3,0.009386574,811,,,,
TWBB-01336,"https://digitalscholarship.brynmawr.edu/pta/twbb/twbb-01336/tiles/full/300,169/0/default.jpg",There Will Be Blood (2007),3,0.009444444,816,,,,
TWBB-01342,"https://digitalscholarship.brynmawr.edu/pta/twbb/twbb-01342/tiles/full/300,169/0/default.jpg",There Will Be Blood (2007),3,0.009513889,822,,,,
TWBB-01406,"https://digitalscholarship.brynmawr.edu/pta/twbb/twbb-01406/tiles/full/300,169/0/default.jpg",There Will Be Blood (2007),3,0.009791667,846,,,,
TWBB-01422,"https://digitalscholarship.brynmawr.edu/pta/twbb/twbb-01422/tiles/full/300,169/0/default.jpg",There Will Be Blood (2007),3,0.009976852,862,,,,
TWBB-01425,"https://digitalscholarship.brynmawr.edu/pta/twbb/twbb-01425/tiles/full/300,169/0/default.jpg",There Will Be Blood (2007),3,0.010011574,865,,,,
TWBB-01504,"https://digitalscholarship.brynmawr.edu/pta/twbb/twbb-01504/tiles/full/300,169/0/default.jpg",There Will Be Blood (2007),4,0.010462963,904,,,,
TWBB-01552,"https://digitalscholarship.brynmawr.edu/pta/twbb/twbb-01552/tiles/full/300,169/0/default.jpg",There Will Be Blood (2007),4,0.011018519,952,,,,
TWBB-01608,"https://digitalscholarship.brynmawr.edu/pta/twbb/twbb-01608/tiles/full/300,169/0/default.jpg",There Will Be Blood (2007),4,0.011203704,968,,,,
TWBB-01639,"https://digitalscholarship.brynmawr.edu/pta/twbb/twbb-01639/tiles/full/300,169/0/default.jpg",There Will Be Blood (2007),4,0.011550926,998,,,,
TWBB-01654,"https://digitalscholarship.brynmawr.edu/pta/twbb/twbb-01654/tiles/full/300,169/0/default.jpg",There Will Be Blood (2007),4,0.011736111,1014,,,,
TWBB-01700,"https://digitalscholarship.brynmawr.edu/pta/twbb/twbb-01700/tiles/full/300,169/0/default.jpg",There Will Be Blood (2007),4,0.011805556,1020,,,,
TWBB-01702,"https://digitalscholarship.brynmawr.edu/pta/twbb/twbb-01702/tiles/full/300,169/0/default.jpg",There Will Be Blood (2007),4,0.011828704,1022,,,,
TWBB-01709,"https://digitalscholarship.brynmawr.edu/pta/twbb/twbb-01709/tiles/full/300,169/0/default.jpg",There Will Be Blood (2007),4,0.011909722,1029,,,,
TWBB-01726,"https://digitalscholarship.brynmawr.edu/pta/twbb/twbb-01726/tiles/full/300,169/0/default.jpg",There Will Be Blood (2007),4,0.012106481,1046,,,,
TWBB-01741,"https://digitalscholarship.brynmawr.edu/pta/twbb/twbb-01741/tiles/full/300,169/0/default.jpg",There Will Be Blood (2007),4,0.012280093,1061,,,,
TWBB-01749,"https://digitalscholarship.brynmawr.edu/pta/twbb/twbb-01749/tiles/full/300,169/0/default.jpg",There Will Be Blood (2007),4,0.012372685,1069,,,,
TWBB-01803,"https://digitalscholarship.brynmawr.edu/pta/twbb/twbb-01803/tiles/full/300,169/0/default.jpg",There Will Be Blood (2007),4,0.012534722,1083,,,,
TWBB-01804,"https://digitalscholarship.brynmawr.edu/pta/twbb/twbb-01804/tiles/full/300,169/0/default.jpg",There Will Be Blood (2007),4,0.012546296,1084,,,,
TWBB-01912,"https://digitalscholarship.brynmawr.edu/pta/twbb/twbb-01912/tiles/full/300,169/0/default.jpg",There Will Be Blood (2007),4,0.013333333,1152,,,,
TWBB-01917,"https://digitalscholarship.brynmawr.edu/pta/twbb/twbb-01917/tiles/full/300,169/0/default.jpg",There Will Be Blood (2007),4,0.013391204,1157,,,,
TWBB-01944,"https://digitalscholarship.brynmawr.edu/pta/twbb/twbb-01944/tiles/full/300,169/0/default.jpg",There Will Be Blood (2007),4,0.013703704,1184,,,,
TWBB-02005,"https://digitalscholarship.brynmawr.edu/pta/twbb/twbb-02005/tiles/full/300,169/0/default.jpg",There Will Be Blood (2007),4,0.013946759,1205,,,,
TWBB-02044,"https://digitalscholarship.brynmawr.edu/pta/twbb/twbb-02044/tiles/full/300,169/0/default.jpg",There Will Be Blood (2007),4,0.014398148,1244,,,,
TWBB-02151,"https://digitalscholarship.brynmawr.edu/pta/twbb/twbb-02151/tiles/full/300,169/0/default.jpg",There Will Be Blood (2007),4,0.015173611,1311,,,,
TWBB-02211,"https://digitalscholarship.brynmawr.edu/pta/twbb/twbb-02211/tiles/full/300,169/0/default.jpg",There Will Be Blood (2007),4,0.015405093,1331,,,,
TWBB-02217,"https://digitalscholarship.brynmawr.edu/pta/twbb/twbb-02217/tiles/full/300,169/0/default.jpg",There Will Be Blood (2007),4,0.015474537,1337,,,,
TWBB-02228,"https://digitalscholarship.brynmawr.edu/pta/twbb/twbb-02228/tiles/full/300,169/0/default.jpg",There Will Be Blood (2007),4,0.015601852,1348,,,,
TWBB-02232,"https://digitalscholarship.brynmawr.edu/pta/twbb/twbb-02232/tiles/full/300,169/0/default.jpg",There Will Be Blood (2007),4,0.015648148,1352,,,,
TWBB-02234,"https://digitalscholarship.brynmawr.edu/pta/twbb/twbb-02234/tiles/full/300,169/0/default.jpg",There Will Be Blood (2007),4,0.015671296,1354,,,,
TWBB-02305,"https://digitalscholarship.brynmawr.edu/pta/twbb/twbb-02305/tiles/full/300,169/0/default.jpg",There Will Be Blood (2007),4,0.016030093,1385,,,,
TWBB-02310,"https://digitalscholarship.brynmawr.edu/pta/twbb/twbb-02310/tiles/full/300,169/0/default.jpg",There Will Be Blood (2007),4,0.016087963,1390,,,,
TWBB-02317,"https://digitalscholarship.brynmawr.edu/pta/twbb/twbb-02317/tiles/full/300,169/0/default.jpg",There Will Be Blood (2007),4,0.016168981,1397,,,,
TWBB-02420,"https://digitalscholarship.brynmawr.edu/pta/twbb/twbb-02420/tiles/full/300,169/0/default.jpg",There Will Be Blood (2007),4,0.016898148,1460,,,,
TWBB-02439,"https://digitalscholarship.brynmawr.edu/pta/twbb/twbb-02439/tiles/full/300,169/0/default.jpg",There Will Be Blood (2007),4,0.017118056,1479,,,,
TWBB-02458,"https://digitalscholarship.brynmawr.edu/pta/twbb/twbb-02458/tiles/full/300,169/0/default.jpg",There Will Be Blood (2007),5,0.017337963,1498,,,,
TWBB-02527,"https://digitalscholarship.brynmawr.edu/pta/twbb/twbb-02527/tiles/full/300,169/0/default.jpg",There Will Be Blood (2007),5,0.018020833,1557,,,,
TWBB-02551,"https://digitalscholarship.brynmawr.edu/pta/twbb/twbb-02551/tiles/full/300,169/0/default.jpg",There Will Be Blood (2007),5,0.017604167,1521,,,,
TWBB-02600,"https://digitalscholarship.brynmawr.edu/pta/twbb/twbb-02600/tiles/full/300,169/0/default.jpg",There Will Be Blood (2007),5,0.018055556,1560,,,,
TWBB-02622,"https://digitalscholarship.brynmawr.edu/pta/twbb/twbb-02622/tiles/full/300,169/0/default.jpg",There Will Be Blood (2007),5,0.018310185,1582,,,,
TWBB-02629,"https://digitalscholarship.brynmawr.edu/pta/twbb/twbb-02629/tiles/full/300,169/0/default.jpg",There Will Be Blood (2007),5,0.018391204,1589,,,,
TWBB-02702,"https://digitalscholarship.brynmawr.edu/pta/twbb/twbb-02702/tiles/full/300,169/0/default.jpg",There Will Be Blood (2007),5,0.018773148,1622,,,,
TWBB-02711,"https://digitalscholarship.brynmawr.edu/pta/twbb/twbb-02711/tiles/full/300,169/0/default.jpg",There Will Be Blood (2007),5,0.018877315,1631,,,,
TWBB-02809,"https://digitalscholarship.brynmawr.edu/pta/twbb/twbb-02809/tiles/full/300,169/0/default.jpg",There Will Be Blood (2007),5,0.019548611,1689,,,,
TWBB-02830,"https://digitalscholarship.brynmawr.edu/pta/twbb/twbb-02830/tiles/full/300,169/0/default.jpg",There Will Be Blood (2007),5,0.019791667,1710,,,,
TWBB-02838,"https://digitalscholarship.brynmawr.edu/pta/twbb/twbb-02838/tiles/full/300,169/0/default.jpg",There Will Be Blood (2007),5,0.019884259,1718,,,,
TWBB-02902,"https://digitalscholarship.brynmawr.edu/pta/twbb/twbb-02902/tiles/full/300,169/0/default.jpg",There Will Be Blood (2007),5,0.020162037,1742,,,,
TWBB-02922,"https://digitalscholarship.brynmawr.edu/pta/twbb/twbb-02922/tiles/full/300,169/0/default.jpg",There Will Be Blood (2007),5,0.020393519,1762,,,,
TWBB-02937,"https://digitalscholarship.brynmawr.edu/pta/twbb/twbb-02937/tiles/full/300,169/0/default.jpg",There Will Be Blood (2007),5,0.02056713,1777,,,,
TWBB-02956,"https://digitalscholarship.brynmawr.edu/pta/twbb/twbb-02956/tiles/full/300,169/0/default.jpg",There Will Be Blood (2007),5,0.020787037,1796,,,,
TWBB-03010,"https://digitalscholarship.brynmawr.edu/pta/twbb/twbb-03010/tiles/full/300,169/0/default.jpg",There Will Be Blood (2007),5,0.020949074,1810,,,,
TWBB-03018,"https://digitalscholarship.brynmawr.edu/pta/twbb/twbb-03018/tiles/full/300,169/0/default.jpg",There Will Be Blood (2007),5,0.021041667,1818,,,,
TWBB-03038,"https://digitalscholarship.brynmawr.edu/pta/twbb/twbb-03038/tiles/full/300,169/0/default.jpg",There Will Be Blood (2007),5,0.021273148,1838,,,,
TWBB-03051,"https://digitalscholarship.brynmawr.edu/pta/twbb/twbb-03051/tiles/full/300,169/0/default.jpg",There Will Be Blood (2007),5,0.021423611,1851,,,,
TWBB-03055,"https://digitalscholarship.brynmawr.edu/pta/twbb/twbb-03055/tiles/full/300,169/0/default.jpg",There Will Be Blood (2007),5,0.021469907,1855,,,,
TWBB-03100,"https://digitalscholarship.brynmawr.edu/pta/twbb/twbb-03100/tiles/full/300,169/0/default.jpg",There Will Be Blood (2007),5,0.021527778,1860,,,,
TWBB-03116,"https://digitalscholarship.brynmawr.edu/pta/twbb/twbb-03116/tiles/full/300,169/0/default.jpg",There Will Be Blood (2007),5,0.021712963,1876,,,,
TWBB-03129,"https://digitalscholarship.brynmawr.edu/pta/twbb/twbb-03129/tiles/full/300,169/0/default.jpg",There Will Be Blood (2007),5,0.021863426,1889,,,,
TWBB-03134,"https://digitalscholarship.brynmawr.edu/pta/twbb/twbb-03134/tiles/full/300,169/0/default.jpg",There Will Be Blood (2007),5,0.021921296,1894,,,,
TWBB-03150,"https://digitalscholarship.brynmawr.edu/pta/twbb/twbb-03150/tiles/full/300,169/0/default.jpg",There Will Be Blood (2007),5,0.022106481,1910,,,,
TWBB-03156,"https://digitalscholarship.brynmawr.edu/pta/twbb/twbb-03156/tiles/full/300,169/0/default.jpg",There Will Be Blood (2007),5,0.022175926,1916,,,,
TWBB-03204,"https://digitalscholarship.brynmawr.edu/pta/twbb/twbb-03204/tiles/full/300,169/0/default.jpg",There Will Be Blood (2007),5,0.022268519,1924,,,,
TWBB-03255,"https://digitalscholarship.brynmawr.edu/pta/twbb/twbb-03255/tiles/full/300,169/0/default.jpg",There Will Be Blood (2007),6,0.022858796,1975,,,,
TWBB-03309,"https://digitalscholarship.brynmawr.edu/pta/twbb/twbb-03309/tiles/full/300,169/0/default.jpg",There Will Be Blood (2007),6,0.023020833,1989,,,,
TWBB-03425,"https://digitalscholarship.brynmawr.edu/pta/twbb/twbb-03425/tiles/full/300,169/0/default.jpg",There Will Be Blood (2007),6,0.023900463,2065,,,,
TWBB-03501,"https://digitalscholarship.brynmawr.edu/pta/twbb/twbb-03501/tiles/full/300,169/0/default.jpg",There Will Be Blood (2007),6,0.02431713,2101,,,,
TWBB-03503,"https://digitalscholarship.brynmawr.edu/pta/twbb/twbb-03503/tiles/full/300,169/0/default.jpg",There Will Be Blood (2007),6,0.024340278,2103,,,,
TWBB-03606,"https://digitalscholarship.brynmawr.edu/pta/twbb/twbb-03606/tiles/full/300,169/0/default.jpg",There Will Be Blood (2007),6,0.025069444,2166,,,,
TWBB-03608,"https://digitalscholarship.brynmawr.edu/pta/twbb/twbb-03608/tiles/full/300,169/0/default.jpg",There Will Be Blood (2007),6,0.025092593,2168,,,,
TWBB-03613,"https://digitalscholarship.brynmawr.edu/pta/twbb/twbb-03613/tiles/full/300,169/0/default.jpg",There Will Be Blood (2007),6,0.025208333,2178,,,,
TWBB-03621,"https://digitalscholarship.brynmawr.edu/pta/twbb/twbb-03621/tiles/full/300,169/0/default.jpg",There Will Be Blood (2007),6,0.025243056,2181,,,,
TWBB-03625,"https://digitalscholarship.brynmawr.edu/pta/twbb/twbb-03625/tiles/full/300,169/0/default.jpg",There Will Be Blood (2007),6,0.025289352,2185,,,,
TWBB-03628,"https://digitalscholarship.brynmawr.edu/pta/twbb/twbb-03628/tiles/full/300,169/0/default.jpg",There Will Be Blood (2007),6,0.025324074,2188,,,,
TWBB-03631,"https://digitalscholarship.brynmawr.edu/pta/twbb/twbb-03631/tiles/full/300,169/0/default.jpg",There Will Be Blood (2007),7,0.025358796,2191,,,,
TWBB-03640,"https://digitalscholarship.brynmawr.edu/pta/twbb/twbb-03640/tiles/full/300,169/0/default.jpg",There Will Be Blood (2007),7,0.025462963,2200,,,,
TWBB-03646,"https://digitalscholarship.brynmawr.edu/pta/twbb/twbb-03646/tiles/full/300,169/0/default.jpg",There Will Be Blood (2007),7,0.025532407,2206,,,,
TWBB-03720,"https://digitalscholarship.brynmawr.edu/pta/twbb/twbb-03720/tiles/full/300,169/0/default.jpg",There Will Be Blood (2007),7,0.025925926,2240,,,,
TWBB-03722,"https://digitalscholarship.brynmawr.edu/pta/twbb/twbb-03722/tiles/full/300,169/0/default.jpg",There Will Be Blood (2007),7,0.025949074,2242,,,,
TWBB-03736,"https://digitalscholarship.brynmawr.edu/pta/twbb/twbb-03736/tiles/full/300,169/0/default.jpg",There Will Be Blood (2007),7,0.026111111,2256,,,,
TWBB-03739,"https://digitalscholarship.brynmawr.edu/pta/twbb/twbb-03739/tiles/full/300,169/0/default.jpg",There Will Be Blood (2007),7,0.026145833,2259,,,,
TWBB-03746,"https://digitalscholarship.brynmawr.edu/pta/twbb/twbb-03746/tiles/full/300,169/0/default.jpg",There Will Be Blood (2007),7,0.026226852,2266,,,,
TWBB-03806,"https://digitalscholarship.brynmawr.edu/pta/twbb/twbb-03806/tiles/full/300,169/0/default.jpg",There Will Be Blood (2007),7,0.026458333,2286,,,,
TWBB-03814,"https://digitalscholarship.brynmawr.edu/pta/twbb/twbb-03814/tiles/full/300,169/0/default.jpg",There Will Be Blood (2007),7,0.026550926,2294,,,,
TWBB-03823,"https://digitalscholarship.brynmawr.edu/pta/twbb/twbb-03823/tiles/full/300,169/0/default.jpg",There Will Be Blood (2007),7,0.026655093,2303,,,,
TWBB-03848,"https://digitalscholarship.brynmawr.edu/pta/twbb/twbb-03848/tiles/full/300,169/0/default.jpg",There Will Be Blood (2007),7,0.026944444,2328,,,,
TWBB-03851,"https://digitalscholarship.brynmawr.edu/pta/twbb/twbb-03851/tiles/full/300,169/0/default.jpg",There Will Be Blood (2007),7,0.026979167,2331,,,,
TWBB-03905,"https://digitalscholarship.brynmawr.edu/pta/twbb/twbb-03905/tiles/full/300,169/0/default.jpg",There Will Be Blood (2007),7,0.027141204,2345,,,,
TWBB-03913,"https://digitalscholarship.brynmawr.edu/pta/twbb/twbb-03913/tiles/full/300,169/0/default.jpg",There Will Be Blood (2007),7,0.027233796,2353,,,,
TWBB-03920,"https://digitalscholarship.brynmawr.edu/pta/twbb/twbb-03920/tiles/full/300,169/0/default.jpg",There Will Be Blood (2007),7,0.027314815,2360,,,,
TWBB-03931,"https://digitalscholarship.brynmawr.edu/pta/twbb/twbb-03931/tiles/full/300,169/0/default.jpg",There Will Be Blood (2007),7,0.02744213,2371,,,,
TWBB-03939,"https://digitalscholarship.brynmawr.edu/pta/twbb/twbb-03939/tiles/full/300,169/0/default.jpg",There Will Be Blood (2007),7,0.027534722,2379,,,,
TWBB-03942,"https://digitalscholarship.brynmawr.edu/pta/twbb/twbb-03942/tiles/full/300,169/0/default.jpg",There Will Be Blood (2007),7,0.027569444,2382,,,,
TWBB-04000,"https://digitalscholarship.brynmawr.edu/pta/twbb/twbb-04000/tiles/full/300,169/0/default.jpg",There Will Be Blood (2007),7,0.027777778,2400,,,,
TWBB-04006,"https://digitalscholarship.brynmawr.edu/pta/twbb/twbb-04006/tiles/full/300,169/0/default.jpg",There Will Be Blood (2007),7,0.027847222,2406,,,,
TWBB-04013,"https://digitalscholarship.brynmawr.edu/pta/twbb/twbb-04013/tiles/full/300,169/0/default.jpg",There Will Be Blood (2007),7,0.027928241,2413,,,,
TWBB-04033,"https://digitalscholarship.brynmawr.edu/pta/twbb/twbb-04033/tiles/full/300,169/0/default.jpg",There Will Be Blood (2007),7,0.028159722,2433,,,,
TWBB-04035,"https://digitalscholarship.brynmawr.edu/pta/twbb/twbb-04035/tiles/full/300,169/0/default.jpg",There Will Be Blood (2007),7,0.02818287,2435,,,,
TWBB-04043,"https://digitalscholarship.brynmawr.edu/pta/twbb/twbb-04043/tiles/full/300,169/0/default.jpg",There Will Be Blood (2007),7,0.028275463,2443,,,,
TWBB-04124,"https://digitalscholarship.brynmawr.edu/pta/twbb/twbb-04124/tiles/full/300,169/0/default.jpg",There Will Be Blood (2007),7,0.02875,2484,,,,
TWBB-04127,"https://digitalscholarship.brynmawr.edu/pta/twbb/twbb-04127/tiles/full/300,169/0/default.jpg",There Will Be Blood (2007),7,0.028784722,2487,,,,
TWBB-04134,"https://digitalscholarship.brynmawr.edu/pta/twbb/twbb-04134/tiles/full/300,169/0/default.jpg",There Will Be Blood (2007),7,0.028865741,2494,,,,
TWBB-04151,"https://digitalscholarship.brynmawr.edu/pta/twbb/twbb-04151/tiles/full/300,169/0/default.jpg",There Will Be Blood (2007),7,0.0290625,2511,,,,
TWBB-04209,"https://digitalscholarship.brynmawr.edu/pta/twbb/twbb-04209/tiles/full/300,169/0/default.jpg",There Will Be Blood (2007),7,0.029270833,2529,,,,
TWBB-04212,"https://digitalscholarship.brynmawr.edu/pta/twbb/twbb-04212/tiles/full/300,169/0/default.jpg",There Will Be Blood (2007),7,0.029305556,2532,,,,
TWBB-04230,"https://digitalscholarship.brynmawr.edu/pta/twbb/twbb-04230/tiles/full/300,169/0/default.jpg",There Will Be Blood (2007),7,0.029513889,2550,,,,
TWBB-04241,"https://digitalscholarship.brynmawr.edu/pta/twbb/twbb-04241/tiles/full/300,169/0/default.jpg",There Will Be Blood (2007),7,0.029641204,2561,,,,
TWBB-04315,"https://digitalscholarship.brynmawr.edu/pta/twbb/twbb-04315/tiles/full/300,169/0/default.jpg",There Will Be Blood (2007),7,0.030034722,2595,,,,
TWBB-04318,"https://digitalscholarship.brynmawr.edu/pta/twbb/twbb-04318/tiles/full/300,169/0/default.jpg",There Will Be Blood (2007),7,0.030069444,2598,,,,
TWBB-04321,"https://digitalscholarship.brynmawr.edu/pta/twbb/twbb-04321/tiles/full/300,169/0/default.jpg",There Will Be Blood (2007),7,0.030104167,2601,,,,
TWBB-04325,"https://digitalscholarship.brynmawr.edu/pta/twbb/twbb-04325/tiles/full/300,169/0/default.jpg",There Will Be Blood (2007),7,0.030150463,2605,,,,
TWBB-04328,"https://digitalscholarship.brynmawr.edu/pta/twbb/twbb-04328/tiles/full/300,169/0/default.jpg",There Will Be Blood (2007),7,0.030185185,2608,,,,
TWBB-04335,"https://digitalscholarship.brynmawr.edu/pta/twbb/twbb-04335/tiles/full/300,169/0/default.jpg",There Will Be Blood (2007),7,0.030266204,2615,,,,
TWBB-04348,"https://digitalscholarship.brynmawr.edu/pta/twbb/twbb-04348/tiles/full/300,169/0/default.jpg",There Will Be Blood (2007),7,0.030416667,2628,,,,
TWBB-04402,"https://digitalscholarship.brynmawr.edu/pta/twbb/twbb-04402/tiles/full/300,169/0/default.jpg",There Will Be Blood (2007),7,0.030578704,2642,,,,
TWBB-04406,"https://digitalscholarship.brynmawr.edu/pta/twbb/twbb-04406/tiles/full/300,169/0/default.jpg",There Will Be Blood (2007),7,0.030625,2646,,,,
TWBB-04418,"https://digitalscholarship.brynmawr.edu/pta/twbb/twbb-04418/tiles/full/300,169/0/default.jpg",There Will Be Blood (2007),7,0.030763889,2658,,,,
TWBB-04421,"https://digitalscholarship.brynmawr.edu/pta/twbb/twbb-04421/tiles/full/300,169/0/default.jpg",There Will Be Blood (2007),7,0.030798611,2661,,,,
TWBB-04426,"https://digitalscholarship.brynmawr.edu/pta/twbb/twbb-04426/tiles/full/300,169/0/default.jpg",There Will Be Blood (2007),8,0.030856481,2666,,,,
TWBB-04446,"https://digitalscholarship.brynmawr.edu/pta/twbb/twbb-04446/tiles/full/300,169/0/default.jpg",There Will Be Blood (2007),8,0.031087963,2686,,,,
TWBB-04453,"https://digitalscholarship.brynmawr.edu/pta/twbb/twbb-04453/tiles/full/300,169/0/default.jpg",There Will Be Blood (2007),8,0.031168981,2693,,,,
TWBB-04507,"https://digitalscholarship.brynmawr.edu/pta/twbb/twbb-04507/tiles/full/300,169/0/default.jpg",There Will Be Blood (2007),8,0.031331019,2707,,,,
TWBB-04514,"https://digitalscholarship.brynmawr.edu/pta/twbb/twbb-04514/tiles/full/300,169/0/default.jpg",There Will Be Blood (2007),8,0.031412037,2714,,,,
TWBB-04524,"https://digitalscholarship.brynmawr.edu/pta/twbb/twbb-04524/tiles/full/300,169/0/default.jpg",There Will Be Blood (2007),8,0.031527778,2724,,,,
TWBB-04546,"https://digitalscholarship.brynmawr.edu/pta/twbb/twbb-04546/tiles/full/300,169/0/default.jpg",There Will Be Blood (2007),8,0.031782407,2746,,,,
TWBB-04552,"https://digitalscholarship.brynmawr.edu/pta/twbb/twbb-04552/tiles/full/300,169/0/default.jpg",There Will Be Blood (2007),8,0.031851852,2752,,,,
TWBB-04600,"https://digitalscholarship.brynmawr.edu/pta/twbb/twbb-04600/tiles/full/300,169/0/default.jpg",There Will Be Blood (2007),8,0.031944444,2760,,,,
TWBB-04608,"https://digitalscholarship.brynmawr.edu/pta/twbb/twbb-04608/tiles/full/300,169/0/default.jpg",There Will Be Blood (2007),8,0.032037037,2768,,,,
TWBB-04625,"https://digitalscholarship.brynmawr.edu/pta/twbb/twbb-04625/tiles/full/300,169/0/default.jpg",There Will Be Blood (2007),8,0.032233796,2785,,,,
TWBB-04630,"https://digitalscholarship.brynmawr.edu/pta/twbb/twbb-04630/tiles/full/300,169/0/default.jpg",There Will Be Blood (2007),8,0.032291667,2790,,,,
TWBB-04740,"https://digitalscholarship.brynmawr.edu/pta/twbb/twbb-04740/tiles/full/300,169/0/default.jpg",There Will Be Blood (2007),8,0.033101852,2860,,,,
TWBB-04750,"https://digitalscholarship.brynmawr.edu/pta/twbb/twbb-04750/tiles/full/300,169/0/default.jpg",There Will Be Blood (2007),8,0.033217593,2870,,,,
TWBB-04804,"https://digitalscholarship.brynmawr.edu/pta/twbb/twbb-04804/tiles/full/300,169/0/default.jpg",There Will Be Blood (2007),8,0.03337963,2884,,,,
TWBB-04810,"https://digitalscholarship.brynmawr.edu/pta/twbb/twbb-04810/tiles/full/300,169/0/default.jpg",There Will Be Blood (2007),8,0.033449074,2890,,,,
TWBB-04819,"https://digitalscholarship.brynmawr.edu/pta/twbb/twbb-04819/tiles/full/300,169/0/default.jpg",There Will Be Blood (2007),8,0.033553241,2899,,,,
TWBB-04834,"https://digitalscholarship.brynmawr.edu/pta/twbb/twbb-04834/tiles/full/300,169/0/default.jpg",There Will Be Blood (2007),8,0.033726852,2914,,,,
TWBB-04919,"https://digitalscholarship.brynmawr.edu/pta/twbb/twbb-04919/tiles/full/300,169/0/default.jpg",There Will Be Blood (2007),8,0.034247685,2959,,,,
TWBB-04933,"https://digitalscholarship.brynmawr.edu/pta/twbb/twbb-04933/tiles/full/300,169/0/default.jpg",There Will Be Blood (2007),8,0.034409722,2973,,,,
TWBB-04955,"https://digitalscholarship.brynmawr.edu/pta/twbb/twbb-04955/tiles/full/300,169/0/default.jpg",There Will Be Blood (2007),8,0.034664352,2995,,,,
TWBB-05001,"https://digitalscholarship.brynmawr.edu/pta/twbb/twbb-05001/tiles/full/300,169/0/default.jpg",There Will Be Blood (2007),8,0.034733796,3001,,,,
TWBB-05024,"https://digitalscholarship.brynmawr.edu/pta/twbb/twbb-05024/tiles/full/300,169/0/default.jpg",There Will Be Blood (2007),8,0.035,3024,,,,
TWBB-05043,"https://digitalscholarship.brynmawr.edu/pta/twbb/twbb-05043/tiles/full/300,169/0/default.jpg",There Will Be Blood (2007),8,0.035219907,3043,,,,
TWBB-05053,"https://digitalscholarship.brynmawr.edu/pta/twbb/twbb-05053/tiles/full/300,169/0/default.jpg",There Will Be Blood (2007),8,0.035335648,3053,,,,
TWBB-05100,"https://digitalscholarship.brynmawr.edu/pta/twbb/twbb-05100/tiles/full/300,169/0/default.jpg",There Will Be Blood (2007),8,0.035416667,3060,,,,
TWBB-05106,"https://digitalscholarship.brynmawr.edu/pta/twbb/twbb-05106/tiles/full/300,169/0/default.jpg",There Will Be Blood (2007),8,0.035486111,3066,,,,
TWBB-05110,"https://digitalscholarship.brynmawr.edu/pta/twbb/twbb-05110/tiles/full/300,169/0/default.jpg",There Will Be Blood (2007),8,0.035532407,3070,,,,
TWBB-05114,"https://digitalscholarship.brynmawr.edu/pta/twbb/twbb-05114/tiles/full/300,169/0/default.jpg",There Will Be Blood (2007),8,0.035578704,3074,,,,
TWBB-05148,"https://digitalscholarship.brynmawr.edu/pta/twbb/twbb-05148/tiles/full/300,169/0/default.jpg",There Will Be Blood (2007),8,0.035972222,3108,,,,
TWBB-05204,"https://digitalscholarship.brynmawr.edu/pta/twbb/twbb-05204/tiles/full/300,169/0/default.jpg",There Will Be Blood (2007),9,0.036157407,3124,,,,
TWBB-05215,"https://digitalscholarship.brynmawr.edu/pta/twbb/twbb-05215/tiles/full/300,169/0/default.jpg",There Will Be Blood (2007),9,0.036284722,3135,,,,
TWBB-05230,"https://digitalscholarship.brynmawr.edu/pta/twbb/twbb-05230/tiles/full/300,169/0/default.jpg",There Will Be Blood (2007),9,0.036458333,3150,,,,
TWBB-05238,"https://digitalscholarship.brynmawr.edu/pta/twbb/twbb-05238/tiles/full/300,169/0/default.jpg",There Will Be Blood (2007),9,0.036550926,3158,,,,
TWBB-05243,"https://digitalscholarship.brynmawr.edu/pta/twbb/twbb-05243/tiles/full/300,169/0/default.jpg",There Will Be Blood (2007),9,0.036608796,3163,,,,
TWBB-05247,"https://digitalscholarship.brynmawr.edu/pta/twbb/twbb-05247/tiles/full/300,169/0/default.jpg",There Will Be Blood (2007),9,0.036655093,3167,,,,
TWBB-05249,"https://digitalscholarship.brynmawr.edu/pta/twbb/twbb-05249/tiles/full/300,169/0/default.jpg",There Will Be Blood (2007),9,0.036678241,3169,,,,
TWBB-05250,"https://digitalscholarship.brynmawr.edu/pta/twbb/twbb-05250/tiles/full/300,169/0/default.jpg",There Will Be Blood (2007),9,0.036689815,3170,,,,
TWBB-05251,"https://digitalscholarship.brynmawr.edu/pta/twbb/twbb-05251/tiles/full/300,169/0/default.jpg",There Will Be Blood (2007),9,0.036701389,3171,,,,
TWBB-05256,"https://digitalscholarship.brynmawr.edu/pta/twbb/twbb-05256/tiles/full/300,169/0/default.jpg",There Will Be Blood (2007),9,0.036759259,3176,,,,
TWBB-05324,"https://digitalscholarship.brynmawr.edu/pta/twbb/twbb-05324/tiles/full/300,169/0/default.jpg",There Will Be Blood (2007),9,0.037083333,3204,,,,
TWBB-05328,"https://digitalscholarship.brynmawr.edu/pta/twbb/twbb-05328/tiles/full/300,169/0/default.jpg",There Will Be Blood (2007),9,0.03712963,3208,,,,
TWBB-05337,"https://digitalscholarship.brynmawr.edu/pta/twbb/twbb-05337/tiles/full/300,169/0/default.jpg",There Will Be Blood (2007),9,0.037233796,3217,,,,
TWBB-05406,"https://digitalscholarship.brynmawr.edu/pta/twbb/twbb-05406/tiles/full/300,169/0/default.jpg",There Will Be Blood (2007),9,0.037569444,3246,,,,
TWBB-05417,"https://digitalscholarship.brynmawr.edu/pta/twbb/twbb-05417/tiles/full/300,169/0/default.jpg",There Will Be Blood (2007),9,0.037696759,3257,,,,
TWBB-05421,"https://digitalscholarship.brynmawr.edu/pta/twbb/twbb-05421/tiles/full/300,169/0/default.jpg",There Will Be Blood (2007),9,0.037743056,3261,,,,
TWBB-05424,"https://digitalscholarship.brynmawr.edu/pta/twbb/twbb-05424/tiles/full/300,169/0/default.jpg",There Will Be Blood (2007),9,0.037777778,3264,,,,
TWBB-05433,"https://digitalscholarship.brynmawr.edu/pta/twbb/twbb-05433/tiles/full/300,169/0/default.jpg",There Will Be Blood (2007),10,0.037881944,3273,,,,
TWBB-05453,"https://digitalscholarship.brynmawr.edu/pta/twbb/twbb-05453/tiles/full/300,169/0/default.jpg",There Will Be Blood (2007),10,0.038113426,3293,,,,
TWBB-05627,"https://digitalscholarship.brynmawr.edu/pta/twbb/twbb-05627/tiles/full/300,169/0/default.jpg",There Will Be Blood (2007),10,0.039201389,3387,,,,
TWBB-05654,"https://digitalscholarship.brynmawr.edu/pta/twbb/twbb-05654/tiles/full/300,169/0/default.jpg",There Will Be Blood (2007),10,0.039513889,3414,,,,
TWBB-05703,"https://digitalscholarship.brynmawr.edu/pta/twbb/twbb-05703/tiles/full/300,169/0/default.jpg",There Will Be Blood (2007),10,0.039618056,3423,,,,
TWBB-05705,"https://digitalscholarship.brynmawr.edu/pta/twbb/twbb-05705/tiles/full/300,169/0/default.jpg",There Will Be Blood (2007),10,0.039641204,3425,,,,
TWBB-05723,"https://digitalscholarship.brynmawr.edu/pta/twbb/twbb-05723/tiles/full/300,169/0/default.jpg",There Will Be Blood (2007),10,0.039849537,3443,,,,
TWBB-05732,"https://digitalscholarship.brynmawr.edu/pta/twbb/twbb-05732/tiles/full/300,169/0/default.jpg",There Will Be Blood (2007),10,0.039953704,3452,,,,
TWBB-05754,"https://digitalscholarship.brynmawr.edu/pta/twbb/twbb-05754/tiles/full/300,169/0/default.jpg",There Will Be Blood (2007),10,0.040208333,3474,,,,
TWBB-05851,"https://digitalscholarship.brynmawr.edu/pta/twbb/twbb-05851/tiles/full/300,169/0/default.jpg",There Will Be Blood (2007),10,0.040868056,3531,,,,
TWBB-05857,"https://digitalscholarship.brynmawr.edu/pta/twbb/twbb-05857/tiles/full/300,169/0/default.jpg",There Will Be Blood (2007),10,0.0409375,3537,,,,
TWBB-05901,"https://digitalscholarship.brynmawr.edu/pta/twbb/twbb-05901/tiles/full/300,169/0/default.jpg",There Will Be Blood (2007),10,0.040983796,3541,,,,
TWBB-05906,"https://digitalscholarship.brynmawr.edu/pta/twbb/twbb-05906/tiles/full/300,169/0/default.jpg",There Will Be Blood (2007),10,0.041041667,3546,,,,
TWBB-05911,"https://digitalscholarship.brynmawr.edu/pta/twbb/twbb-05911/tiles/full/300,169/0/default.jpg",There Will Be Blood (2007),10,0.041099537,3551,,,,
TWBB-05924,"https://digitalscholarship.brynmawr.edu/pta/twbb/twbb-05924/tiles/full/300,169/0/default.jpg",There Will Be Blood (2007),10,0.04125,3564,,,,
TWBB-05939,"https://digitalscholarship.brynmawr.edu/pta/twbb/twbb-05939/tiles/full/300,169/0/default.jpg",There Will Be Blood (2007),10,0.041423611,3579,,,,
TWBB-05950,"https://digitalscholarship.brynmawr.edu/pta/twbb/twbb-05950/tiles/full/300,169/0/default.jpg",There Will Be Blood (2007),11,0.041550926,3590,,,,
TWBB-10000,"https://digitalscholarship.brynmawr.edu/pta/twbb/twbb-10000/tiles/full/300,169/0/default.jpg",There Will Be Blood (2007),11,0.041666667,3600,,,,
TWBB-10003,"https://digitalscholarship.brynmawr.edu/pta/twbb/twbb-10003/tiles/full/300,169/0/default.jpg",There Will Be Blood (2007),11,0.041701389,3603,,,,
TWBB-10011,"https://digitalscholarship.brynmawr.edu/pta/twbb/twbb-10011/tiles/full/300,169/0/default.jpg",There Will Be Blood (2007),11,0.041793981,3611,,,,
TWBB-10038,"https://digitalscholarship.brynmawr.edu/pta/twbb/twbb-10038/tiles/full/300,169/0/default.jpg",There Will Be Blood (2007),11,0.042106481,3638,,,,
TWBB-10045,"https://digitalscholarship.brynmawr.edu/pta/twbb/twbb-10045/tiles/full/300,169/0/default.jpg",There Will Be Blood (2007),11,0.0421875,3645,,,,
TWBB-10047,"https://digitalscholarship.brynmawr.edu/pta/twbb/twbb-10047/tiles/full/300,169/0/default.jpg",There Will Be Blood (2007),11,0.042210648,3647,,,,
TWBB-10048,"https://digitalscholarship.brynmawr.edu/pta/twbb/twbb-10048/tiles/full/300,169/0/default.jpg",There Will Be Blood (2007),11,0.042222222,3648,,,,
TWBB-10053,"https://digitalscholarship.brynmawr.edu/pta/twbb/twbb-10053/tiles/full/300,169/0/default.jpg",There Will Be Blood (2007),11,0.042280093,3653,,,,
TWBB-10056,"https://digitalscholarship.brynmawr.edu/pta/twbb/twbb-10056/tiles/full/300,169/0/default.jpg",There Will Be Blood (2007),11,0.042314815,3656,,,,
TWBB-10103,"https://digitalscholarship.brynmawr.edu/pta/twbb/twbb-10103/tiles/full/300,169/0/default.jpg",There Will Be Blood (2007),11,0.042395833,3663,,,,
TWBB-10107,"https://digitalscholarship.brynmawr.edu/pta/twbb/twbb-10107/tiles/full/300,169/0/default.jpg",There Will Be Blood (2007),11,0.04244213,3667,,,,
TWBB-10110,"https://digitalscholarship.brynmawr.edu/pta/twbb/twbb-10110/tiles/full/300,169/0/default.jpg",There Will Be Blood (2007),11,0.042476852,3670,,,,
TWBB-10114,"https://digitalscholarship.brynmawr.edu/pta/twbb/twbb-10114/tiles/full/300,169/0/default.jpg",There Will Be Blood (2007),11,0.042523148,3674,,,,
TWBB-10126,"https://digitalscholarship.brynmawr.edu/pta/twbb/twbb-10126/tiles/full/300,169/0/default.jpg",There Will Be Blood (2007),11,0.042662037,3686,,,,
TWBB-10129,"https://digitalscholarship.brynmawr.edu/pta/twbb/twbb-10129/tiles/full/300,169/0/default.jpg",There Will Be Blood (2007),11,0.042696759,3689,,,,
TWBB-10140,"https://digitalscholarship.brynmawr.edu/pta/twbb/twbb-10140/tiles/full/300,169/0/default.jpg",There Will Be Blood (2007),11,0.042824074,3700,,,,
TWBB-10143,"https://digitalscholarship.brynmawr.edu/pta/twbb/twbb-10143/tiles/full/300,169/0/default.jpg",There Will Be Blood (2007),11,0.042858796,3703,,,,
TWBB-10151,"https://digitalscholarship.brynmawr.edu/pta/twbb/twbb-10151/tiles/full/300,169/0/default.jpg",There Will Be Blood (2007),11,0.042951389,3711,,,,
TWBB-10156,"https://digitalscholarship.brynmawr.edu/pta/twbb/twbb-10156/tiles/full/300,169/0/default.jpg",There Will Be Blood (2007),11,0.043009259,3716,,,,
TWBB-10217,"https://digitalscholarship.brynmawr.edu/pta/twbb/twbb-10217/tiles/full/300,169/0/default.jpg",There Will Be Blood (2007),11,0.043252315,3737,,,,
TWBB-10252,"https://digitalscholarship.brynmawr.edu/pta/twbb/twbb-10252/tiles/full/300,169/0/default.jpg",There Will Be Blood (2007),11,0.043657407,3772,,,,
TWBB-10306,"https://digitalscholarship.brynmawr.edu/pta/twbb/twbb-10306/tiles/full/300,169/0/default.jpg",There Will Be Blood (2007),11,0.043819444,3786,,,,
TWBB-10313,"https://digitalscholarship.brynmawr.edu/pta/twbb/twbb-10313/tiles/full/300,169/0/default.jpg",There Will Be Blood (2007),11,0.043900463,3793,,,,
TWBB-10319,"https://digitalscholarship.brynmawr.edu/pta/twbb/twbb-10319/tiles/full/300,169/0/default.jpg",There Will Be Blood (2007),11,0.043969907,3799,,,,
TWBB-10322,"https://digitalscholarship.brynmawr.edu/pta/twbb/twbb-10322/tiles/full/300,169/0/default.jpg",There Will Be Blood (2007),11,0.04400463,3802,,,,
TWBB-10343,"https://digitalscholarship.brynmawr.edu/pta/twbb/twbb-10343/tiles/full/300,169/0/default.jpg",There Will Be Blood (2007),11,0.044247685,3823,,,,
TWBB-10354,"https://digitalscholarship.brynmawr.edu/pta/twbb/twbb-10354/tiles/full/300,169/0/default.jpg",There Will Be Blood (2007),11,0.044375,3834,,,,
TWBB-10406,"https://digitalscholarship.brynmawr.edu/pta/twbb/twbb-10406/tiles/full/300,169/0/default.jpg",There Will Be Blood (2007),11,0.044513889,3846,,,,
TWBB-10425,"https://digitalscholarship.brynmawr.edu/pta/twbb/twbb-10425/tiles/full/300,169/0/default.jpg",There Will Be Blood (2007),11,0.044733796,3865,,,,
TWBB-10444,"https://digitalscholarship.brynmawr.edu/pta/twbb/twbb-10444/tiles/full/300,169/0/default.jpg",There Will Be Blood (2007),11,0.044953704,3884,,,,
TWBB-10501,"https://digitalscholarship.brynmawr.edu/pta/twbb/twbb-10501/tiles/full/300,169/0/default.jpg",There Will Be Blood (2007),11,0.045150463,3901,,,,
TWBB-10511,"https://digitalscholarship.brynmawr.edu/pta/twbb/twbb-10511/tiles/full/300,169/0/default.jpg",There Will Be Blood (2007),11,0.045266204,3911,,,,
TWBB-10519,"https://digitalscholarship.brynmawr.edu/pta/twbb/twbb-10519/tiles/full/300,169/0/default.jpg",There Will Be Blood (2007),11,0.045358796,3919,,,,
TWBB-10530,"https://digitalscholarship.brynmawr.edu/pta/twbb/twbb-10530/tiles/full/300,169/0/default.jpg",There Will Be Blood (2007),11,0.045486111,3930,,,,
TWBB-10547,"https://digitalscholarship.brynmawr.edu/pta/twbb/twbb-10547/tiles/full/300,169/0/default.jpg",There Will Be Blood (2007),11,0.04568287,3947,,,,
TWBB-10555,"https://digitalscholarship.brynmawr.edu/pta/twbb/twbb-10555/tiles/full/300,169/0/default.jpg",There Will Be Blood (2007),11,0.045775463,3955,,,,
TWBB-10611,"https://digitalscholarship.brynmawr.edu/pta/twbb/twbb-10611/tiles/full/300,169/0/default.jpg",There Will Be Blood (2007),11,0.045960648,3971,,,,
TWBB-10657,"https://digitalscholarship.brynmawr.edu/pta/twbb/twbb-10657/tiles/full/300,169/0/default.jpg",There Will Be Blood (2007),11,0.046493056,4017,,,,
TWBB-10707,"https://digitalscholarship.brynmawr.edu/pta/twbb/twbb-10707/tiles/full/300,169/0/default.jpg",There Will Be Blood (2007),11,0.046608796,4027,,,,
TWBB-10714,"https://digitalscholarship.brynmawr.edu/pta/twbb/twbb-10714/tiles/full/300,169/0/default.jpg",There Will Be Blood (2007),11,0.046689815,4034,,,,
TWBB-10722,"https://digitalscholarship.brynmawr.edu/pta/twbb/twbb-10722/tiles/full/300,169/0/default.jpg",There Will Be Blood (2007),11,0.046782407,4042,,,,
TWBB-10749,"https://digitalscholarship.brynmawr.edu/pta/twbb/twbb-10749/tiles/full/300,169/0/default.jpg",There Will Be Blood (2007),11,0.047094907,4069,,,,
TWBB-10803,"https://digitalscholarship.brynmawr.edu/pta/twbb/twbb-10803/tiles/full/300,169/0/default.jpg",There Will Be Blood (2007),11,0.047256944,4083,,,,
TWBB-10810,"https://digitalscholarship.brynmawr.edu/pta/twbb/twbb-10810/tiles/full/300,169/0/default.jpg",There Will Be Blood (2007),12,0.047337963,4090,,,,
TWBB-10839,"https://digitalscholarship.brynmawr.edu/pta/twbb/twbb-10839/tiles/full/300,169/0/default.jpg",There Will Be Blood (2007),12,0.047673611,4119,,,,
TWBB-10901,"https://digitalscholarship.brynmawr.edu/pta/twbb/twbb-10901/tiles/full/300,169/0/default.jpg",There Will Be Blood (2007),12,0.047928241,4141,,,,
TWBB-10916,"https://digitalscholarship.brynmawr.edu/pta/twbb/twbb-10916/tiles/full/300,169/0/default.jpg",There Will Be Blood (2007),12,0.048101852,4156,,,,
TWBB-10925,"https://digitalscholarship.brynmawr.edu/pta/twbb/twbb-10925/tiles/full/300,169/0/default.jpg",There Will Be Blood (2007),12,0.048206019,4165,,,,
TWBB-10926,"https://digitalscholarship.brynmawr.edu/pta/twbb/twbb-10926/tiles/full/300,169/0/default.jpg",There Will Be Blood (2007),12,0.048217593,4166,,,,
TWBB-10939,"https://digitalscholarship.brynmawr.edu/pta/twbb/twbb-10939/tiles/full/300,169/0/default.jpg",There Will Be Blood (2007),12,0.048368056,4179,,,,
TWBB-10943,"https://digitalscholarship.brynmawr.edu/pta/twbb/twbb-10943/tiles/full/300,169/0/default.jpg",There Will Be Blood (2007),12,0.048414352,4183,,,,
TWBB-11002,"https://digitalscholarship.brynmawr.edu/pta/twbb/twbb-11002/tiles/full/300,169/0/default.jpg",There Will Be Blood (2007),12,0.048634259,4202,,,,
TWBB-11005,"https://digitalscholarship.brynmawr.edu/pta/twbb/twbb-11005/tiles/full/300,169/0/default.jpg",There Will Be Blood (2007),12,0.048668981,4205,,,,
TWBB-11014,"https://digitalscholarship.brynmawr.edu/pta/twbb/twbb-11014/tiles/full/300,169/0/default.jpg",There Will Be Blood (2007),12,0.048773148,4214,,,,
TWBB-11026,"https://digitalscholarship.brynmawr.edu/pta/twbb/twbb-11026/tiles/full/300,169/0/default.jpg",There Will Be Blood (2007),12,0.048912037,4226,,,,
TWBB-11032,"https://digitalscholarship.brynmawr.edu/pta/twbb/twbb-11032/tiles/full/300,169/0/default.jpg",There Will Be Blood (2007),12,0.048981481,4232,,,,
TWBB-11036,"https://digitalscholarship.brynmawr.edu/pta/twbb/twbb-11036/tiles/full/300,169/0/default.jpg",There Will Be Blood (2007),12,0.049027778,4236,,,,
TWBB-11119,"https://digitalscholarship.brynmawr.edu/pta/twbb/twbb-11119/tiles/full/300,169/0/default.jpg",There Will Be Blood (2007),12,0.049525463,4279,,,,
TWBB-11210,"https://digitalscholarship.brynmawr.edu/pta/twbb/twbb-11210/tiles/full/300,169/0/default.jpg",There Will Be Blood (2007),12,0.050115741,4330,,,,
TWBB-11224,"https://digitalscholarship.brynmawr.edu/pta/twbb/twbb-11224/tiles/full/300,169/0/default.jpg",There Will Be Blood (2007),12,0.050277778,4344,,,,
TWBB-11243,"https://digitalscholarship.brynmawr.edu/pta/twbb/twbb-11243/tiles/full/300,169/0/default.jpg",There Will Be Blood (2007),12,0.050497685,4363,,,,
TWBB-11254,"https://digitalscholarship.brynmawr.edu/pta/twbb/twbb-11254/tiles/full/300,169/0/default.jpg",There Will Be Blood (2007),12,0.050625,4374,,,,
TWBB-11304,"https://digitalscholarship.brynmawr.edu/pta/twbb/twbb-11304/tiles/full/300,169/0/default.jpg",There Will Be Blood (2007),12,0.050740741,4384,,,,
TWBB-11307,"https://digitalscholarship.brynmawr.edu/pta/twbb/twbb-11307/tiles/full/300,169/0/default.jpg",There Will Be Blood (2007),12,0.050775463,4387,,,,
TWBB-11319,"https://digitalscholarship.brynmawr.edu/pta/twbb/twbb-11319/tiles/full/300,169/0/default.jpg",There Will Be Blood (2007),12,0.050914352,4399,,,,
TWBB-11322,"https://digitalscholarship.brynmawr.edu/pta/twbb/twbb-11322/tiles/full/300,169/0/default.jpg",There Will Be Blood (2007),12,0.050949074,4402,,,,
TWBB-11326,"https://digitalscholarship.brynmawr.edu/pta/twbb/twbb-11326/tiles/full/300,169/0/default.jpg",There Will Be Blood (2007),12,0.05099537,4406,,,,
TWBB-11335,"https://digitalscholarship.brynmawr.edu/pta/twbb/twbb-11335/tiles/full/300,169/0/default.jpg",There Will Be Blood (2007),12,0.051099537,4415,,,,
TWBB-11351,"https://digitalscholarship.brynmawr.edu/pta/twbb/twbb-11351/tiles/full/300,169/0/default.jpg",There Will Be Blood (2007),12,0.051284722,4431,,,,
TWBB-11405,"https://digitalscholarship.brynmawr.edu/pta/twbb/twbb-11405/tiles/full/300,169/0/default.jpg",There Will Be Blood (2007),12,0.051446759,4445,,,,
TWBB-11439,"https://digitalscholarship.brynmawr.edu/pta/twbb/twbb-11439/tiles/full/300,169/0/default.jpg",There Will Be Blood (2007),12,0.051840278,4479,,,,
TWBB-11447,"https://digitalscholarship.brynmawr.edu/pta/twbb/twbb-11447/tiles/full/300,169/0/default.jpg",There Will Be Blood (2007),12,0.05193287,4487,,,,
TWBB-11450,"https://digitalscholarship.brynmawr.edu/pta/twbb/twbb-11450/tiles/full/300,169/0/default.jpg",There Will Be Blood (2007),12,0.051967593,4490,,,,
TWBB-11456,"https://digitalscholarship.brynmawr.edu/pta/twbb/twbb-11456/tiles/full/300,169/0/default.jpg",There Will Be Blood (2007),12,0.052037037,4496,,,,
TWBB-11500,"https://digitalscholarship.brynmawr.edu/pta/twbb/twbb-11500/tiles/full/300,169/0/default.jpg",There Will Be Blood (2007),12,0.052083333,4500,,,,
TWBB-11518,"https://digitalscholarship.brynmawr.edu/pta/twbb/twbb-11518/tiles/full/300,169/0/default.jpg",There Will Be Blood (2007),12,0.052291667,4518,,,,
TWBB-11530,"https://digitalscholarship.brynmawr.edu/pta/twbb/twbb-11530/tiles/full/300,169/0/default.jpg",There Will Be Blood (2007),12,0.052430556,4530,,,,
TWBB-11554,"https://digitalscholarship.brynmawr.edu/pta/twbb/twbb-11554/tiles/full/300,169/0/default.jpg",There Will Be Blood (2007),12,0.052708333,4554,,,,
TWBB-11615,"https://digitalscholarship.brynmawr.edu/pta/twbb/twbb-11615/tiles/full/300,169/0/default.jpg",There Will Be Blood (2007),12,0.052951389,4575,,,,
TWBB-11638,"https://digitalscholarship.brynmawr.edu/pta/twbb/twbb-11638/tiles/full/300,169/0/default.jpg",There Will Be Blood (2007),13,0.053217593,4598,,,,
TWBB-11643,"https://digitalscholarship.brynmawr.edu/pta/twbb/twbb-11643/tiles/full/300,169/0/default.jpg",There Will Be Blood (2007),13,0.053275463,4603,,,,
TWBB-11706,"https://digitalscholarship.brynmawr.edu/pta/twbb/twbb-11706/tiles/full/300,169/0/default.jpg",There Will Be Blood (2007),13,0.053541667,4626,,,,
TWBB-11745,"https://digitalscholarship.brynmawr.edu/pta/twbb/twbb-11745/tiles/full/300,169/0/default.jpg",There Will Be Blood (2007),13,0.053993056,4665,,,,
TWBB-11816,"https://digitalscholarship.brynmawr.edu/pta/twbb/twbb-11816/tiles/full/300,169/0/default.jpg",There Will Be Blood (2007),13,0.054351852,4696,,,,
TWBB-11938,"https://digitalscholarship.brynmawr.edu/pta/twbb/twbb-11938/tiles/full/300,169/0/default.jpg",There Will Be Blood (2007),13,0.055300926,4778,,,,
TWBB-11947,"https://digitalscholarship.brynmawr.edu/pta/twbb/twbb-11947/tiles/full/300,169/0/default.jpg",There Will Be Blood (2007),13,0.055405093,4787,,,,
TWBB-11952,"https://digitalscholarship.brynmawr.edu/pta/twbb/twbb-11952/tiles/full/300,169/0/default.jpg",There Will Be Blood (2007),13,0.055462963,4792,,,,
TWBB-12018,"https://digitalscholarship.brynmawr.edu/pta/twbb/twbb-12018/tiles/full/300,169/0/default.jpg",There Will Be Blood (2007),13,0.055763889,4818,,,,
TWBB-12027,"https://digitalscholarship.brynmawr.edu/pta/twbb/twbb-12027/tiles/full/300,169/0/default.jpg",There Will Be Blood (2007),13,0.055868056,4827,,,,
TWBB-12101,"https://digitalscholarship.brynmawr.edu/pta/twbb/twbb-12101/tiles/full/300,169/0/default.jpg",There Will Be Blood (2007),13,0.056261574,4861,,,,
TWBB-12107,"https://digitalscholarship.brynmawr.edu/pta/twbb/twbb-12107/tiles/full/300,169/0/default.jpg",There Will Be Blood (2007),13,0.056331019,4867,,,,
TWBB-12131,"https://digitalscholarship.brynmawr.edu/pta/twbb/twbb-12131/tiles/full/300,169/0/default.jpg",There Will Be Blood (2007),13,0.056608796,4891,,,,
TWBB-12143,"https://digitalscholarship.brynmawr.edu/pta/twbb/twbb-12143/tiles/full/300,169/0/default.jpg",There Will Be Blood (2007),13,0.056747685,4903,,,,
TWBB-12220,"https://digitalscholarship.brynmawr.edu/pta/twbb/twbb-12220/tiles/full/300,169/0/default.jpg",There Will Be Blood (2007),13,0.057175926,4940,,,,
TWBB-12250,"https://digitalscholarship.brynmawr.edu/pta/twbb/twbb-12250/tiles/full/300,169/0/default.jpg",There Will Be Blood (2007),13,0.057523148,4970,,,,
TWBB-12351,"https://digitalscholarship.brynmawr.edu/pta/twbb/twbb-12351/tiles/full/300,169/0/default.jpg",There Will Be Blood (2007),13,0.058229167,5031,,,,
TWBB-12358,"https://digitalscholarship.brynmawr.edu/pta/twbb/twbb-12358/tiles/full/300,169/0/default.jpg",There Will Be Blood (2007),13,0.058310185,5038,,,,
TWBB-12405,"https://digitalscholarship.brynmawr.edu/pta/twbb/twbb-12405/tiles/full/300,169/0/default.jpg",There Will Be Blood (2007),13,0.058391204,5045,,,,
TWBB-12412,"https://digitalscholarship.brynmawr.edu/pta/twbb/twbb-12412/tiles/full/300,169/0/default.jpg",There Will Be Blood (2007),13,0.058472222,5052,,,,
TWBB-12420,"https://digitalscholarship.brynmawr.edu/pta/twbb/twbb-12420/tiles/full/300,169/0/default.jpg",There Will Be Blood (2007),13,0.058564815,5060,,,,
TWBB-12426,"https://digitalscholarship.brynmawr.edu/pta/twbb/twbb-12426/tiles/full/300,169/0/default.jpg",There Will Be Blood (2007),13,0.058634259,5066,,,,
TWBB-12435,"https://digitalscholarship.brynmawr.edu/pta/twbb/twbb-12435/tiles/full/300,169/0/default.jpg",There Will Be Blood (2007),13,0.058738426,5075,,,,
TWBB-12442,"https://digitalscholarship.brynmawr.edu/pta/twbb/twbb-12442/tiles/full/300,169/0/default.jpg",There Will Be Blood (2007),13,0.058819444,5082,,,,
TWBB-12508,"https://digitalscholarship.brynmawr.edu/pta/twbb/twbb-12508/tiles/full/300,169/0/default.jpg",There Will Be Blood (2007),13,0.05912037,5108,,,,
TWBB-12631,"https://digitalscholarship.brynmawr.edu/pta/twbb/twbb-12631/tiles/full/300,169/0/default.jpg",There Will Be Blood (2007),13,0.060081019,5191,,,,
TWBB-12642,"https://digitalscholarship.brynmawr.edu/pta/twbb/twbb-12642/tiles/full/300,169/0/default.jpg",There Will Be Blood (2007),13,0.060208333,5202,,,,
TWBB-12736,"https://digitalscholarship.brynmawr.edu/pta/twbb/twbb-12736/tiles/full/300,169/0/default.jpg",There Will Be Blood (2007),13,0.060833333,5256,,,,
TWBB-12745,"https://digitalscholarship.brynmawr.edu/pta/twbb/twbb-12745/tiles/full/300,169/0/default.jpg",There Will Be Blood (2007),13,0.0609375,5265,,,,
TWBB-12752,"https://digitalscholarship.brynmawr.edu/pta/twbb/twbb-12752/tiles/full/300,169/0/default.jpg",There Will Be Blood (2007),13,0.061018519,5272,,,,
TWBB-12801,"https://digitalscholarship.brynmawr.edu/pta/twbb/twbb-12801/tiles/full/300,169/0/default.jpg",There Will Be Blood (2007),13,0.061122685,5281,,,,
TWBB-12804,"https://digitalscholarship.brynmawr.edu/pta/twbb/twbb-12804/tiles/full/300,169/0/default.jpg",There Will Be Blood (2007),13,0.061157407,5284,,,,
TWBB-12820,"https://digitalscholarship.brynmawr.edu/pta/twbb/twbb-12820/tiles/full/300,169/0/default.jpg",There Will Be Blood (2007),13,0.061342593,5300,,,,
TWBB-12840,"https://digitalscholarship.brynmawr.edu/pta/twbb/twbb-12840/tiles/full/300,169/0/default.jpg",There Will Be Blood (2007),13,0.061574074,5320,,,,
TWBB-12905,"https://digitalscholarship.brynmawr.edu/pta/twbb/twbb-12905/tiles/full/300,169/0/default.jpg",There Will Be Blood (2007),13,0.061863426,5345,,,,
TWBB-12921,"https://digitalscholarship.brynmawr.edu/pta/twbb/twbb-12921/tiles/full/300,169/0/default.jpg",There Will Be Blood (2007),13,0.062048611,5361,,,,
TWBB-13011,"https://digitalscholarship.brynmawr.edu/pta/twbb/twbb-13011/tiles/full/300,169/0/default.jpg",There Will Be Blood (2007),13,0.062627315,5411,,,,
TWBB-13016,"https://digitalscholarship.brynmawr.edu/pta/twbb/twbb-13016/tiles/full/300,169/0/default.jpg",There Will Be Blood (2007),13,0.062685185,5416,,,,
TWBB-13024,"https://digitalscholarship.brynmawr.edu/pta/twbb/twbb-13024/tiles/full/300,169/0/default.jpg",There Will Be Blood (2007),13,0.062777778,5424,,,,
TWBB-13046,"https://digitalscholarship.brynmawr.edu/pta/twbb/twbb-13046/tiles/full/300,169/0/default.jpg",There Will Be Blood (2007),13,0.063032407,5446,,,,
TWBB-13054,"https://digitalscholarship.brynmawr.edu/pta/twbb/twbb-13054/tiles/full/300,169/0/default.jpg",There Will Be Blood (2007),13,0.063125,5454,,,,
TWBB-13103,"https://digitalscholarship.brynmawr.edu/pta/twbb/twbb-13103/tiles/full/300,169/0/default.jpg",There Will Be Blood (2007),13,0.063229167,5463,,,,
TWBB-13109,"https://digitalscholarship.brynmawr.edu/pta/twbb/twbb-13109/tiles/full/300,169/0/default.jpg",There Will Be Blood (2007),14,0.063298611,5469,,,,
TWBB-13127,"https://digitalscholarship.brynmawr.edu/pta/twbb/twbb-13127/tiles/full/300,169/0/default.jpg",There Will Be Blood (2007),14,0.063506944,5487,,,,
TWBB-13133,"https://digitalscholarship.brynmawr.edu/pta/twbb/twbb-13133/tiles/full/300,169/0/default.jpg",There Will Be Blood (2007),14,0.063576389,5493,,,,
TWBB-13138,"https://digitalscholarship.brynmawr.edu/pta/twbb/twbb-13138/tiles/full/300,169/0/default.jpg",There Will Be Blood (2007),14,0.063634259,5498,,,,
TWBB-13143,"https://digitalscholarship.brynmawr.edu/pta/twbb/twbb-13143/tiles/full/300,169/0/default.jpg",There Will Be Blood (2007),14,0.06369213,5503,,,,
TWBB-13202,"https://digitalscholarship.brynmawr.edu/pta/twbb/twbb-13202/tiles/full/300,169/0/default.jpg",There Will Be Blood (2007),14,0.063912037,5522,,,,
TWBB-13413,"https://digitalscholarship.brynmawr.edu/pta/twbb/twbb-13413/tiles/full/300,169/0/default.jpg",There Will Be Blood (2007),14,0.065428241,5653,,,,
TWBB-13417,"https://digitalscholarship.brynmawr.edu/pta/twbb/twbb-13417/tiles/full/300,169/0/default.jpg",There Will Be Blood (2007),14,0.065474537,5657,,,,
TWBB-13428,"https://digitalscholarship.brynmawr.edu/pta/twbb/twbb-13428/tiles/full/300,169/0/default.jpg",There Will Be Blood (2007),14,0.065601852,5668,,,,
TWBB-13432,"https://digitalscholarship.brynmawr.edu/pta/twbb/twbb-13432/tiles/full/300,169/0/default.jpg",There Will Be Blood (2007),14,0.065648148,5672,,,,
TWBB-13503,"https://digitalscholarship.brynmawr.edu/pta/twbb/twbb-13503/tiles/full/300,169/0/default.jpg",There Will Be Blood (2007),14,0.066006944,5703,,,,
TWBB-13540,"https://digitalscholarship.brynmawr.edu/pta/twbb/twbb-13540/tiles/full/300,169/0/default.jpg",There Will Be Blood (2007),14,0.066435185,5740,,,,
TWBB-13606,"https://digitalscholarship.brynmawr.edu/pta/twbb/twbb-13606/tiles/full/300,169/0/default.jpg",There Will Be Blood (2007),14,0.066736111,5766,,,,
TWBB-13617,"https://digitalscholarship.brynmawr.edu/pta/twbb/twbb-13617/tiles/full/300,169/0/default.jpg",There Will Be Blood (2007),14,0.066863426,5777,,,,
TWBB-13626,"https://digitalscholarship.brynmawr.edu/pta/twbb/twbb-13626/tiles/full/300,169/0/default.jpg",There Will Be Blood (2007),14,0.066967593,5786,,,,
TWBB-13636,"https://digitalscholarship.brynmawr.edu/pta/twbb/twbb-13636/tiles/full/300,169/0/default.jpg",There Will Be Blood (2007),14,0.067083333,5796,,,,
TWBB-13647,"https://digitalscholarship.brynmawr.edu/pta/twbb/twbb-13647/tiles/full/300,169/0/default.jpg",There Will Be Blood (2007),14,0.067210648,5807,,,,
TWBB-13658,"https://digitalscholarship.brynmawr.edu/pta/twbb/twbb-13658/tiles/full/300,169/0/default.jpg",There Will Be Blood (2007),14,0.067337963,5818,,,,
TWBB-13709,"https://digitalscholarship.brynmawr.edu/pta/twbb/twbb-13709/tiles/full/300,169/0/default.jpg",There Will Be Blood (2007),14,0.067465278,5829,,,,
TWBB-13716,"https://digitalscholarship.brynmawr.edu/pta/twbb/twbb-13716/tiles/full/300,169/0/default.jpg",There Will Be Blood (2007),14,0.067546296,5836,,,,
TWBB-13726,"https://digitalscholarship.brynmawr.edu/pta/twbb/twbb-13726/tiles/full/300,169/0/default.jpg",There Will Be Blood (2007),14,0.067662037,5846,,,,
TWBB-13728,"https://digitalscholarship.brynmawr.edu/pta/twbb/twbb-13728/tiles/full/300,169/0/default.jpg",There Will Be Blood (2007),14,0.067685185,5848,,,,
TWBB-13733,"https://digitalscholarship.brynmawr.edu/pta/twbb/twbb-13733/tiles/full/300,169/0/default.jpg",There Will Be Blood (2007),14,0.067743056,5853,,,,
TWBB-13737,"https://digitalscholarship.brynmawr.edu/pta/twbb/twbb-13737/tiles/full/300,169/0/default.jpg",There Will Be Blood (2007),14,0.067789352,5857,,,,
TWBB-13740,"https://digitalscholarship.brynmawr.edu/pta/twbb/twbb-13740/tiles/full/300,169/0/default.jpg",There Will Be Blood (2007),14,0.067824074,5860,,,,
TWBB-13743,"https://digitalscholarship.brynmawr.edu/pta/twbb/twbb-13743/tiles/full/300,169/0/default.jpg",There Will Be Blood (2007),14,0.067858796,5863,,,,
TWBB-13745,"https://digitalscholarship.brynmawr.edu/pta/twbb/twbb-13745/tiles/full/300,169/0/default.jpg",There Will Be Blood (2007),14,0.067881944,5865,,,,
TWBB-13752,"https://digitalscholarship.brynmawr.edu/pta/twbb/twbb-13752/tiles/full/300,169/0/default.jpg",There Will Be Blood (2007),14,0.067962963,5872,,,,
TWBB-13758,"https://digitalscholarship.brynmawr.edu/pta/twbb/twbb-13758/tiles/full/300,169/0/default.jpg",There Will Be Blood (2007),14,0.068032407,5878,,,,
TWBB-13808,"https://digitalscholarship.brynmawr.edu/pta/twbb/twbb-13808/tiles/full/300,169/0/default.jpg",There Will Be Blood (2007),14,0.068148148,5888,,,,
TWBB-13810,"https://digitalscholarship.brynmawr.edu/pta/twbb/twbb-13810/tiles/full/300,169/0/default.jpg",There Will Be Blood (2007),14,0.068171296,5890,,,,
TWBB-13815,"https://digitalscholarship.brynmawr.edu/pta/twbb/twbb-13815/tiles/full/300,169/0/default.jpg",There Will Be Blood (2007),14,0.068229167,5895,,,,
TWBB-13818,"https://digitalscholarship.brynmawr.edu/pta/twbb/twbb-13818/tiles/full/300,169/0/default.jpg",There Will Be Blood (2007),14,0.068263889,5898,,,,
TWBB-13827,"https://digitalscholarship.brynmawr.edu/pta/twbb/twbb-13827/tiles/full/300,169/0/default.jpg",There Will Be Blood (2007),14,0.068368056,5907,,,,
TWBB-13833,"https://digitalscholarship.brynmawr.edu/pta/twbb/twbb-13833/tiles/full/300,169/0/default.jpg",There Will Be Blood (2007),14,0.0684375,5913,,,,
TWBB-13839,"https://digitalscholarship.brynmawr.edu/pta/twbb/twbb-13839/tiles/full/300,169/0/default.jpg",There Will Be Blood (2007),14,0.068506944,5919,,,,
TWBB-13902,"https://digitalscholarship.brynmawr.edu/pta/twbb/twbb-13902/tiles/full/300,169/0/default.jpg",There Will Be Blood (2007),14,0.068773148,5942,,,,
TWBB-13905,"https://digitalscholarship.brynmawr.edu/pta/twbb/twbb-13905/tiles/full/300,169/0/default.jpg",There Will Be Blood (2007),14,0.06880787,5945,,,,
TWBB-13911,"https://digitalscholarship.brynmawr.edu/pta/twbb/twbb-13911/tiles/full/300,169/0/default.jpg",There Will Be Blood (2007),14,0.068877315,5951,,,,
TWBB-13915,"https://digitalscholarship.brynmawr.edu/pta/twbb/twbb-13915/tiles/full/300,169/0/default.jpg",There Will Be Blood (2007),14,0.068923611,5955,,,,
TWBB-13922,"https://digitalscholarship.brynmawr.edu/pta/twbb/twbb-13922/tiles/full/300,169/0/default.jpg",There Will Be Blood (2007),15,0.06900463,5962,,,,
TWBB-13928,"https://digitalscholarship.brynmawr.edu/pta/twbb/twbb-13928/tiles/full/300,169/0/default.jpg",There Will Be Blood (2007),15,0.069074074,5968,,,,
TWBB-13932,"https://digitalscholarship.brynmawr.edu/pta/twbb/twbb-13932/tiles/full/300,169/0/default.jpg",There Will Be Blood (2007),15,0.06912037,5972,,,,
TWBB-13939,"https://digitalscholarship.brynmawr.edu/pta/twbb/twbb-13939/tiles/full/300,169/0/default.jpg",There Will Be Blood (2007),15,0.069201389,5979,,,,
TWBB-13953,"https://digitalscholarship.brynmawr.edu/pta/twbb/twbb-13953/tiles/full/300,169/0/default.jpg",There Will Be Blood (2007),15,0.069363426,5993,,,,
TWBB-13957,"https://digitalscholarship.brynmawr.edu/pta/twbb/twbb-13957/tiles/full/300,169/0/default.jpg",There Will Be Blood (2007),15,0.069409722,5997,,,,
TWBB-14011,"https://digitalscholarship.brynmawr.edu/pta/twbb/twbb-14011/tiles/full/300,169/0/default.jpg",There Will Be Blood (2007),15,0.069571759,6011,,,,
TWBB-14050,"https://digitalscholarship.brynmawr.edu/pta/twbb/twbb-14050/tiles/full/300,169/0/default.jpg",There Will Be Blood (2007),15,0.070023148,6050,,,,
TWBB-14058,"https://digitalscholarship.brynmawr.edu/pta/twbb/twbb-14058/tiles/full/300,169/0/default.jpg",There Will Be Blood (2007),15,0.070115741,6058,,,,
TWBB-14110,"https://digitalscholarship.brynmawr.edu/pta/twbb/twbb-14110/tiles/full/300,169/0/default.jpg",There Will Be Blood (2007),15,0.07025463,6070,,,,
TWBB-14130,"https://digitalscholarship.brynmawr.edu/pta/twbb/twbb-14130/tiles/full/300,169/0/default.jpg",There Will Be Blood (2007),15,0.070486111,6090,,,,
TWBB-14142,"https://digitalscholarship.brynmawr.edu/pta/twbb/twbb-14142/tiles/full/300,169/0/default.jpg",There Will Be Blood (2007),15,0.070625,6102,,,,
TWBB-14152,"https://digitalscholarship.brynmawr.edu/pta/twbb/twbb-14152/tiles/full/300,169/0/default.jpg",There Will Be Blood (2007),15,0.070740741,6112,,,,
TWBB-14203,"https://digitalscholarship.brynmawr.edu/pta/twbb/twbb-14203/tiles/full/300,169/0/default.jpg",There Will Be Blood (2007),15,0.070868056,6123,,,,
TWBB-14214,"https://digitalscholarship.brynmawr.edu/pta/twbb/twbb-14214/tiles/full/300,169/0/default.jpg",There Will Be Blood (2007),15,0.07099537,6134,,,,
TWBB-14217,"https://digitalscholarship.brynmawr.edu/pta/twbb/twbb-14217/tiles/full/300,169/0/default.jpg",There Will Be Blood (2007),15,0.071030093,6137,,,,
TWBB-14218,"https://digitalscholarship.brynmawr.edu/pta/twbb/twbb-14218/tiles/full/300,169/0/default.jpg",There Will Be Blood (2007),15,0.071041667,6138,,,,
TWBB-14229,"https://digitalscholarship.brynmawr.edu/pta/twbb/twbb-14229/tiles/full/300,169/0/default.jpg",There Will Be Blood (2007),15,0.071168981,6149,,,,
TWBB-14309,"https://digitalscholarship.brynmawr.edu/pta/twbb/twbb-14309/tiles/full/300,169/0/default.jpg",There Will Be Blood (2007),15,0.071631944,6189,,,,
TWBB-14317,"https://digitalscholarship.brynmawr.edu/pta/twbb/twbb-14317/tiles/full/300,169/0/default.jpg",There Will Be Blood (2007),15,0.071724537,6197,,,,
TWBB-14329,"https://digitalscholarship.brynmawr.edu/pta/twbb/twbb-14329/tiles/full/300,169/0/default.jpg",There Will Be Blood (2007),15,0.071863426,6209,,,,
TWBB-14354,"https://digitalscholarship.brynmawr.edu/pta/twbb/twbb-14354/tiles/full/300,169/0/default.jpg",There Will Be Blood (2007),15,0.072152778,6234,,,,
TWBB-14510,"https://digitalscholarship.brynmawr.edu/pta/twbb/twbb-14510/tiles/full/300,169/0/default.jpg",There Will Be Blood (2007),15,0.073032407,6310,,,,
TWBB-14538,"https://digitalscholarship.brynmawr.edu/pta/twbb/twbb-14538/tiles/full/300,169/0/default.jpg",There Will Be Blood (2007),15,0.073356481,6338,,,,
TWBB-14540,"https://digitalscholarship.brynmawr.edu/pta/twbb/twbb-14540/tiles/full/300,169/0/default.jpg",There Will Be Blood (2007),15,0.07337963,6340,,,,
TWBB-14548,"https://digitalscholarship.brynmawr.edu/pta/twbb/twbb-14548/tiles/full/300,169/0/default.jpg",There Will Be Blood (2007),15,0.073587963,6358,,,,
TWBB-14612,"https://digitalscholarship.brynmawr.edu/pta/twbb/twbb-14612/tiles/full/300,169/0/default.jpg",There Will Be Blood (2007),15,0.07375,6372,,,,
TWBB-14617,"https://digitalscholarship.brynmawr.edu/pta/twbb/twbb-14617/tiles/full/300,169/0/default.jpg",There Will Be Blood (2007),15,0.07380787,6377,,,,
TWBB-14628,"https://digitalscholarship.brynmawr.edu/pta/twbb/twbb-14628/tiles/full/300,169/0/default.jpg",There Will Be Blood (2007),15,0.073935185,6388,,,,
TWBB-14632,"https://digitalscholarship.brynmawr.edu/pta/twbb/twbb-14632/tiles/full/300,169/0/default.jpg",There Will Be Blood (2007),15,0.073981481,6392,,,,
TWBB-14642,"https://digitalscholarship.brynmawr.edu/pta/twbb/twbb-14642/tiles/full/300,169/0/default.jpg",There Will Be Blood (2007),15,0.074097222,6402,,,,
TWBB-14652,"https://digitalscholarship.brynmawr.edu/pta/twbb/twbb-14652/tiles/full/300,169/0/default.jpg",There Will Be Blood (2007),15,0.074212963,6412,,,,
TWBB-14714,"https://digitalscholarship.brynmawr.edu/pta/twbb/twbb-14714/tiles/full/300,169/0/default.jpg",There Will Be Blood (2007),15,0.074467593,6434,,,,
TWBB-14724,"https://digitalscholarship.brynmawr.edu/pta/twbb/twbb-14724/tiles/full/300,169/0/default.jpg",There Will Be Blood (2007),15,0.074583333,6444,,,,
TWBB-14732,"https://digitalscholarship.brynmawr.edu/pta/twbb/twbb-14732/tiles/full/300,169/0/default.jpg",There Will Be Blood (2007),15,0.074675926,6452,,,,
TWBB-14735,"https://digitalscholarship.brynmawr.edu/pta/twbb/twbb-14735/tiles/full/300,169/0/default.jpg",There Will Be Blood (2007),15,0.074710648,6455,,,,
TWBB-14752,"https://digitalscholarship.brynmawr.edu/pta/twbb/twbb-14752/tiles/full/300,169/0/default.jpg",There Will Be Blood (2007),15,0.074907407,6472,,,,
TWBB-14806,"https://digitalscholarship.brynmawr.edu/pta/twbb/twbb-14806/tiles/full/300,169/0/default.jpg",There Will Be Blood (2007),15,0.075069444,6486,,,,
TWBB-14814,"https://digitalscholarship.brynmawr.edu/pta/twbb/twbb-14814/tiles/full/300,169/0/default.jpg",There Will Be Blood (2007),15,0.075162037,6494,,,,
TWBB-14831,"https://digitalscholarship.brynmawr.edu/pta/twbb/twbb-14831/tiles/full/300,169/0/default.jpg",There Will Be Blood (2007),15,0.075358796,6511,,,,
TWBB-14849,"https://digitalscholarship.brynmawr.edu/pta/twbb/twbb-14849/tiles/full/300,169/0/default.jpg",There Will Be Blood (2007),15,0.07556713,6529,,,,
TWBB-14901,"https://digitalscholarship.brynmawr.edu/pta/twbb/twbb-14901/tiles/full/300,169/0/default.jpg",There Will Be Blood (2007),15,0.075706019,6541,,,,
TWBB-14920,"https://digitalscholarship.brynmawr.edu/pta/twbb/twbb-14920/tiles/full/300,169/0/default.jpg",There Will Be Blood (2007),15,0.075925926,6560,,,,
TWBB-14931,"https://digitalscholarship.brynmawr.edu/pta/twbb/twbb-14931/tiles/full/300,169/0/default.jpg",There Will Be Blood (2007),15,0.076053241,6571,,,,
TWBB-15108,"https://digitalscholarship.brynmawr.edu/pta/twbb/twbb-15108/tiles/full/300,169/0/default.jpg",There Will Be Blood (2007),15,0.077175926,6668,,,,
TWBB-15123,"https://digitalscholarship.brynmawr.edu/pta/twbb/twbb-15123/tiles/full/300,169/0/default.jpg",There Will Be Blood (2007),15,0.077349537,6683,,,,
TWBB-15139,"https://digitalscholarship.brynmawr.edu/pta/twbb/twbb-15139/tiles/full/300,169/0/default.jpg",There Will Be Blood (2007),15,0.077534722,6699,,,,
TWBB-15211,"https://digitalscholarship.brynmawr.edu/pta/twbb/twbb-15211/tiles/full/300,169/0/default.jpg",There Will Be Blood (2007),16,0.077905093,6731,,,,
TWBB-15224,"https://digitalscholarship.brynmawr.edu/pta/twbb/twbb-15224/tiles/full/300,169/0/default.jpg",There Will Be Blood (2007),16,0.078055556,6744,,,,
TWBB-15230,"https://digitalscholarship.brynmawr.edu/pta/twbb/twbb-15230/tiles/full/300,169/0/default.jpg",There Will Be Blood (2007),16,0.078125,6750,,,,
TWBB-15254,"https://digitalscholarship.brynmawr.edu/pta/twbb/twbb-15254/tiles/full/300,169/0/default.jpg",There Will Be Blood (2007),16,0.078402778,6774,,,,
TWBB-15302,"https://digitalscholarship.brynmawr.edu/pta/twbb/twbb-15302/tiles/full/300,169/0/default.jpg",There Will Be Blood (2007),16,0.07849537,6782,,,,
TWBB-15315,"https://digitalscholarship.brynmawr.edu/pta/twbb/twbb-15315/tiles/full/300,169/0/default.jpg",There Will Be Blood (2007),16,0.078645833,6795,,,,
TWBB-15335,"https://digitalscholarship.brynmawr.edu/pta/twbb/twbb-15335/tiles/full/300,169/0/default.jpg",There Will Be Blood (2007),16,0.078877315,6815,,,,
TWBB-15339,"https://digitalscholarship.brynmawr.edu/pta/twbb/twbb-15339/tiles/full/300,169/0/default.jpg",There Will Be Blood (2007),16,0.078923611,6819,,,,
TWBB-15410,"https://digitalscholarship.brynmawr.edu/pta/twbb/twbb-15410/tiles/full/300,169/0/default.jpg",There Will Be Blood (2007),16,0.079282407,6850,,,,
TWBB-15431,"https://digitalscholarship.brynmawr.edu/pta/twbb/twbb-15431/tiles/full/300,169/0/default.jpg",There Will Be Blood (2007),16,0.079525463,6871,,,,
TWBB-15439,"https://digitalscholarship.brynmawr.edu/pta/twbb/twbb-15439/tiles/full/300,169/0/default.jpg",There Will Be Blood (2007),16,0.079618056,6879,,,,
TWBB-15500,"https://digitalscholarship.brynmawr.edu/pta/twbb/twbb-15500/tiles/full/300,169/0/default.jpg",There Will Be Blood (2007),16,0.079861111,6900,,,,
TWBB-15508,"https://digitalscholarship.brynmawr.edu/pta/twbb/twbb-15508/tiles/full/300,169/0/default.jpg",There Will Be Blood (2007),16,0.079953704,6908,,,,
TWBB-15513,"https://digitalscholarship.brynmawr.edu/pta/twbb/twbb-15513/tiles/full/300,169/0/default.jpg",There Will Be Blood (2007),16,0.080011574,6913,,,,
TWBB-15515,"https://digitalscholarship.brynmawr.edu/pta/twbb/twbb-15515/tiles/full/300,169/0/default.jpg",There Will Be Blood (2007),16,0.080034722,6915,,,,
TWBB-15529,"https://digitalscholarship.brynmawr.edu/pta/twbb/twbb-15529/tiles/full/300,169/0/default.jpg",There Will Be Blood (2007),16,0.080196759,6929,,,,
TWBB-15541,"https://digitalscholarship.brynmawr.edu/pta/twbb/twbb-15541/tiles/full/300,169/0/default.jpg",There Will Be Blood (2007),16,0.080335648,6941,,,,
TWBB-15550,"https://digitalscholarship.brynmawr.edu/pta/twbb/twbb-15550/tiles/full/300,169/0/default.jpg",There Will Be Blood (2007),16,0.080439815,6950,,,,
TWBB-15610,"https://digitalscholarship.brynmawr.edu/pta/twbb/twbb-15610/tiles/full/300,169/0/default.jpg",There Will Be Blood (2007),16,0.080671296,6970,,,,
TWBB-15623,"https://digitalscholarship.brynmawr.edu/pta/twbb/twbb-15623/tiles/full/300,169/0/default.jpg",There Will Be Blood (2007),16,0.080821759,6983,,,,
TWBB-15641,"https://digitalscholarship.brynmawr.edu/pta/twbb/twbb-15641/tiles/full/300,169/0/default.jpg",There Will Be Blood (2007),16,0.081030093,7001,,,,
TWBB-15650,"https://digitalscholarship.brynmawr.edu/pta/twbb/twbb-15650/tiles/full/300,169/0/default.jpg",There Will Be Blood (2007),16,0.081134259,7010,,,,
TWBB-15700,"https://digitalscholarship.brynmawr.edu/pta/twbb/twbb-15700/tiles/full/300,169/0/default.jpg",There Will Be Blood (2007),17,0.08125,7020,,,,
TWBB-15804,"https://digitalscholarship.brynmawr.edu/pta/twbb/twbb-15804/tiles/full/300,169/0/default.jpg",There Will Be Blood (2007),17,0.081990741,7084,,,,
TWBB-15912,"https://digitalscholarship.brynmawr.edu/pta/twbb/twbb-15912/tiles/full/300,169/0/default.jpg",There Will Be Blood (2007),17,0.082777778,7152,,,,
TWBB-15922,"https://digitalscholarship.brynmawr.edu/pta/twbb/twbb-15922/tiles/full/300,169/0/default.jpg",There Will Be Blood (2007),17,0.082893519,7162,,,,
TWBB-15932,"https://digitalscholarship.brynmawr.edu/pta/twbb/twbb-15932/tiles/full/300,169/0/default.jpg",There Will Be Blood (2007),17,0.083009259,7172,,,,
TWBB-15954,"https://digitalscholarship.brynmawr.edu/pta/twbb/twbb-15954/tiles/full/300,169/0/default.jpg",There Will Be Blood (2007),17,0.083263889,7194,,,,
TWBB-15958,"https://digitalscholarship.brynmawr.edu/pta/twbb/twbb-15958/tiles/full/300,169/0/default.jpg",There Will Be Blood (2007),17,0.083310185,7198,,,,
TWBB-20030,"https://digitalscholarship.brynmawr.edu/pta/twbb/twbb-20030/tiles/full/300,169/0/default.jpg",There Will Be Blood (2007),17,0.083680556,7230,,,,
TWBB-20042,"https://digitalscholarship.brynmawr.edu/pta/twbb/twbb-20042/tiles/full/300,169/0/default.jpg",There Will Be Blood (2007),17,0.083819444,7242,,,,
TWBB-20046,"https://digitalscholarship.brynmawr.edu/pta/twbb/twbb-20046/tiles/full/300,169/0/default.jpg",There Will Be Blood (2007),17,0.083865741,7246,,,,
TWBB-20108,"https://digitalscholarship.brynmawr.edu/pta/twbb/twbb-20108/tiles/full/300,169/0/default.jpg",There Will Be Blood (2007),17,0.08412037,7268,,,,
TWBB-20113,"https://digitalscholarship.brynmawr.edu/pta/twbb/twbb-20113/tiles/full/300,169/0/default.jpg",There Will Be Blood (2007),17,0.084178241,7273,,,,
TWBB-20127,"https://digitalscholarship.brynmawr.edu/pta/twbb/twbb-20127/tiles/full/300,169/0/default.jpg",There Will Be Blood (2007),17,0.084340278,7287,,,,
TWBB-20134,"https://digitalscholarship.brynmawr.edu/pta/twbb/twbb-20134/tiles/full/300,169/0/default.jpg",There Will Be Blood (2007),17,0.084421296,7294,,,,
TWBB-20146,"https://digitalscholarship.brynmawr.edu/pta/twbb/twbb-20146/tiles/full/300,169/0/default.jpg",There Will Be Blood (2007),17,0.084560185,7306,,,,
TWBB-20212,"https://digitalscholarship.brynmawr.edu/pta/twbb/twbb-20212/tiles/full/300,169/0/default.jpg",There Will Be Blood (2007),17,0.084861111,7332,,,,
TWBB-20230,"https://digitalscholarship.brynmawr.edu/pta/twbb/twbb-20230/tiles/full/300,169/0/default.jpg",There Will Be Blood (2007),17,0.085069444,7350,,,,
TWBB-20300,"https://digitalscholarship.brynmawr.edu/pta/twbb/twbb-20300/tiles/full/300,169/0/default.jpg",There Will Be Blood (2007),17,0.085416667,7380,,,,
TWBB-20327,"https://digitalscholarship.brynmawr.edu/pta/twbb/twbb-20327/tiles/full/300,169/0/default.jpg",There Will Be Blood (2007),17,0.085729167,7407,,,,
TWBB-20355,"https://digitalscholarship.brynmawr.edu/pta/twbb/twbb-20355/tiles/full/300,169/0/default.jpg",There Will Be Blood (2007),17,0.086053241,7435,,,,
TWBB-20416,"https://digitalscholarship.brynmawr.edu/pta/twbb/twbb-20416/tiles/full/300,169/0/default.jpg",There Will Be Blood (2007),17,0.086296296,7456,,,,
TWBB-20430,"https://digitalscholarship.brynmawr.edu/pta/twbb/twbb-20430/tiles/full/300,169/0/default.jpg",There Will Be Blood (2007),17,0.086458333,7470,,,,
TWBB-20437,"https://digitalscholarship.brynmawr.edu/pta/twbb/twbb-20437/tiles/full/300,169/0/default.jpg",There Will Be Blood (2007),18,0.086539352,7477,,,,
TWBB-20442,"https://digitalscholarship.brynmawr.edu/pta/twbb/twbb-20442/tiles/full/300,169/0/default.jpg",There Will Be Blood (2007),18,0.086597222,7482,,,,
TWBB-20502,"https://digitalscholarship.brynmawr.edu/pta/twbb/twbb-20502/tiles/full/300,169/0/default.jpg",There Will Be Blood (2007),18,0.086828704,7502,,,,
TWBB-20507,"https://digitalscholarship.brynmawr.edu/pta/twbb/twbb-20507/tiles/full/300,169/0/default.jpg",There Will Be Blood (2007),18,0.086886574,7507,,,,
TWBB-20513,"https://digitalscholarship.brynmawr.edu/pta/twbb/twbb-20513/tiles/full/300,169/0/default.jpg",There Will Be Blood (2007),18,0.086956019,7513,,,,
TWBB-20528,"https://digitalscholarship.brynmawr.edu/pta/twbb/twbb-20528/tiles/full/300,169/0/default.jpg",There Will Be Blood (2007),18,0.08712963,7528,,,,
TWBB-20534,"https://digitalscholarship.brynmawr.edu/pta/twbb/twbb-20534/tiles/full/300,169/0/default.jpg",There Will Be Blood (2007),18,0.087199074,7534,,,,
TWBB-20542,"https://digitalscholarship.brynmawr.edu/pta/twbb/twbb-20542/tiles/full/300,169/0/default.jpg",There Will Be Blood (2007),18,0.087291667,7542,,,,
TWBB-20614,"https://digitalscholarship.brynmawr.edu/pta/twbb/twbb-20614/tiles/full/300,169/0/default.jpg",There Will Be Blood (2007),18,0.087662037,7574,,,,
TWBB-20620,"https://digitalscholarship.brynmawr.edu/pta/twbb/twbb-20620/tiles/full/300,169/0/default.jpg",There Will Be Blood (2007),18,0.087731481,7580,,,,
TWBB-20635,"https://digitalscholarship.brynmawr.edu/pta/twbb/twbb-20635/tiles/full/300,169/0/default.jpg",There Will Be Blood (2007),18,0.087905093,7595,,,,
TWBB-20642,"https://digitalscholarship.brynmawr.edu/pta/twbb/twbb-20642/tiles/full/300,169/0/default.jpg",There Will Be Blood (2007),18,0.087986111,7602,,,,
TWBB-20648,"https://digitalscholarship.brynmawr.edu/pta/twbb/twbb-20648/tiles/full/300,169/0/default.jpg",There Will Be Blood (2007),18,0.088055556,7608,,,,
TWBB-20653,"https://digitalscholarship.brynmawr.edu/pta/twbb/twbb-20653/tiles/full/300,169/0/default.jpg",There Will Be Blood (2007),18,0.088113426,7613,,,,
TWBB-20658,"https://digitalscholarship.brynmawr.edu/pta/twbb/twbb-20658/tiles/full/300,169/0/default.jpg",There Will Be Blood (2007),18,0.088171296,7618,,,,
TWBB-20707,"https://digitalscholarship.brynmawr.edu/pta/twbb/twbb-20707/tiles/full/300,169/0/default.jpg",There Will Be Blood (2007),18,0.088275463,7627,,,,
TWBB-20714,"https://digitalscholarship.brynmawr.edu/pta/twbb/twbb-20714/tiles/full/300,169/0/default.jpg",There Will Be Blood (2007),19,0.088356481,7634,,,,
TWBB-20725,"https://digitalscholarship.brynmawr.edu/pta/twbb/twbb-20725/tiles/full/300,169/0/default.jpg",There Will Be Blood (2007),19,0.088483796,7645,,,,
TWBB-20732,"https://digitalscholarship.brynmawr.edu/pta/twbb/twbb-20732/tiles/full/300,169/0/default.jpg",There Will Be Blood (2007),19,0.088564815,7652,,,,
TWBB-20740,"https://digitalscholarship.brynmawr.edu/pta/twbb/twbb-20740/tiles/full/300,169/0/default.jpg",There Will Be Blood (2007),19,0.088657407,7660,,,,
TWBB-20746,"https://digitalscholarship.brynmawr.edu/pta/twbb/twbb-20746/tiles/full/300,169/0/default.jpg",There Will Be Blood (2007),19,0.088726852,7666,,,,
TWBB-20752,"https://digitalscholarship.brynmawr.edu/pta/twbb/twbb-20752/tiles/full/300,169/0/default.jpg",There Will Be Blood (2007),19,0.088796296,7672,,,,
TWBB-20813,"https://digitalscholarship.brynmawr.edu/pta/twbb/twbb-20813/tiles/full/300,169/0/default.jpg",There Will Be Blood (2007),19,0.089039352,7693,,,,
TWBB-20843,"https://digitalscholarship.brynmawr.edu/pta/twbb/twbb-20843/tiles/full/300,169/0/default.jpg",There Will Be Blood (2007),19,0.089386574,7723,,,,
TWBB-20853,"https://digitalscholarship.brynmawr.edu/pta/twbb/twbb-20853/tiles/full/300,169/0/default.jpg",There Will Be Blood (2007),19,0.089502315,7733,,,,
TWBB-20902,"https://digitalscholarship.brynmawr.edu/pta/twbb/twbb-20902/tiles/full/300,169/0/default.jpg",There Will Be Blood (2007),19,0.089606481,7742,,,,
TWBB-20907,"https://digitalscholarship.brynmawr.edu/pta/twbb/twbb-20907/tiles/full/300,169/0/default.jpg",There Will Be Blood (2007),19,0.089664352,7747,,,,
TWBB-20912,"https://digitalscholarship.brynmawr.edu/pta/twbb/twbb-20912/tiles/full/300,169/0/default.jpg",There Will Be Blood (2007),19,0.089722222,7752,,,,
TWBB-20916,"https://digitalscholarship.brynmawr.edu/pta/twbb/twbb-20916/tiles/full/300,169/0/default.jpg",There Will Be Blood (2007),19,0.089768519,7756,,,,
TWBB-20924,"https://digitalscholarship.brynmawr.edu/pta/twbb/twbb-20924/tiles/full/300,169/0/default.jpg",There Will Be Blood (2007),19,0.089861111,7764,,,,
TWBB-20953,"https://digitalscholarship.brynmawr.edu/pta/twbb/twbb-20953/tiles/full/300,169/0/default.jpg",There Will Be Blood (2007),19,0.090196759,7793,,,,
TWBB-21005,"https://digitalscholarship.brynmawr.edu/pta/twbb/twbb-21005/tiles/full/300,169/0/default.jpg",There Will Be Blood (2007),19,0.090335648,7805,,,,
TWBB-21110,"https://digitalscholarship.brynmawr.edu/pta/twbb/twbb-21110/tiles/full/300,169/0/default.jpg",There Will Be Blood (2007),19,0.091087963,7870,,,,
TWBB-21123,"https://digitalscholarship.brynmawr.edu/pta/twbb/twbb-21123/tiles/full/300,169/0/default.jpg",There Will Be Blood (2007),19,0.091238426,7883,,,,
TWBB-21204,"https://digitalscholarship.brynmawr.edu/pta/twbb/twbb-21204/tiles/full/300,169/0/default.jpg",There Will Be Blood (2007),19,0.091712963,7924,,,,
TWBB-21224,"https://digitalscholarship.brynmawr.edu/pta/twbb/twbb-21224/tiles/full/300,169/0/default.jpg",There Will Be Blood (2007),19,0.091944444,7944,,,,
TWBB-21337,"https://digitalscholarship.brynmawr.edu/pta/twbb/twbb-21337/tiles/full/300,169/0/default.jpg",There Will Be Blood (2007),19,0.092789352,8017,,,,
TWBB-21354,"https://digitalscholarship.brynmawr.edu/pta/twbb/twbb-21354/tiles/full/300,169/0/default.jpg",There Will Be Blood (2007),19,0.092986111,8034,,,,
TWBB-21501,"https://digitalscholarship.brynmawr.edu/pta/twbb/twbb-21501/tiles/full/300,169/0/default.jpg",There Will Be Blood (2007),19,0.093761574,8101,,,,
TWBB-21520,"https://digitalscholarship.brynmawr.edu/pta/twbb/twbb-21520/tiles/full/300,169/0/default.jpg",There Will Be Blood (2007),19,0.093981481,8120,,,,
TWBB-21525,"https://digitalscholarship.brynmawr.edu/pta/twbb/twbb-21525/tiles/full/300,169/0/default.jpg",There Will Be Blood (2007),19,0.094039352,8125,,,,
TWBB-21558,"https://digitalscholarship.brynmawr.edu/pta/twbb/twbb-21558/tiles/full/300,169/0/default.jpg",There Will Be Blood (2007),19,0.094421296,8158,,,,
TWBB-21615,"https://digitalscholarship.brynmawr.edu/pta/twbb/twbb-21615/tiles/full/300,169/0/default.jpg",There Will Be Blood (2007),19,0.094618056,8175,,,,
TWBB-21624,"https://digitalscholarship.brynmawr.edu/pta/twbb/twbb-21624/tiles/full/300,169/0/default.jpg",There Will Be Blood (2007),20,0.094722222,8184,,,,
TWBB-21638,"https://digitalscholarship.brynmawr.edu/pta/twbb/twbb-21638/tiles/full/300,169/0/default.jpg",There Will Be Blood (2007),20,0.094884259,8198,,,,
TWBB-21659,"https://digitalscholarship.brynmawr.edu/pta/twbb/twbb-21659/tiles/full/300,169/0/default.jpg",There Will Be Blood (2007),20,0.094895833,8199,,,,
TWBB-21720,"https://digitalscholarship.brynmawr.edu/pta/twbb/twbb-21720/tiles/full/300,169/0/default.jpg",There Will Be Blood (2007),20,0.09537037,8240,,,,
TWBB-21805,"https://digitalscholarship.brynmawr.edu/pta/twbb/twbb-21805/tiles/full/300,169/0/default.jpg",There Will Be Blood (2007),20,0.095891204,8285,,,,
TWBB-21818,"https://digitalscholarship.brynmawr.edu/pta/twbb/twbb-21818/tiles/full/300,169/0/default.jpg",There Will Be Blood (2007),20,0.096041667,8298,,,,
TWBB-21822,"https://digitalscholarship.brynmawr.edu/pta/twbb/twbb-21822/tiles/full/300,169/0/default.jpg",There Will Be Blood (2007),20,0.096087963,8302,,,,
TWBB-21825,"https://digitalscholarship.brynmawr.edu/pta/twbb/twbb-21825/tiles/full/300,169/0/default.jpg",There Will Be Blood (2007),20,0.096122685,8305,,,,
TWBB-21855,"https://digitalscholarship.brynmawr.edu/pta/twbb/twbb-21855/tiles/full/300,169/0/default.jpg",There Will Be Blood (2007),20,0.096469907,8335,,,,
TWBB-21911,"https://digitalscholarship.brynmawr.edu/pta/twbb/twbb-21911/tiles/full/300,169/0/default.jpg",There Will Be Blood (2007),20,0.096655093,8351,,,,
TWBB-21925,"https://digitalscholarship.brynmawr.edu/pta/twbb/twbb-21925/tiles/full/300,169/0/default.jpg",There Will Be Blood (2007),20,0.09681713,8365,,,,
TWBB-22053,"https://digitalscholarship.brynmawr.edu/pta/twbb/twbb-22053/tiles/full/300,169/0/default.jpg",There Will Be Blood (2007),20,0.097835648,8453,,,,
TWBB-22157,"https://digitalscholarship.brynmawr.edu/pta/twbb/twbb-22157/tiles/full/300,169/0/default.jpg",There Will Be Blood (2007),20,0.098576389,8517,,,,
TWBB-22209,"https://digitalscholarship.brynmawr.edu/pta/twbb/twbb-22209/tiles/full/300,169/0/default.jpg",There Will Be Blood (2007),20,0.098715278,8529,,,,
TWBB-22326,"https://digitalscholarship.brynmawr.edu/pta/twbb/twbb-22326/tiles/full/300,169/0/default.jpg",There Will Be Blood (2007),20,0.099606481,8606,,,,
TWBB-22334,"https://digitalscholarship.brynmawr.edu/pta/twbb/twbb-22334/tiles/full/300,169/0/default.jpg",There Will Be Blood (2007),20,0.099699074,8614,,,,
TWBB-22404,"https://digitalscholarship.brynmawr.edu/pta/twbb/twbb-22404/tiles/full/300,169/0/default.jpg",There Will Be Blood (2007),20,0.100046296,8644,,,,
TWBB-22405,"https://digitalscholarship.brynmawr.edu/pta/twbb/twbb-22405/tiles/full/300,169/0/default.jpg",There Will Be Blood (2007),20,0.10005787,8645,,,,
TWBB-22413,"https://digitalscholarship.brynmawr.edu/pta/twbb/twbb-22413/tiles/full/300,169/0/default.jpg",There Will Be Blood (2007),20,0.100150463,8653,,,,
TWBB-22451,"https://digitalscholarship.brynmawr.edu/pta/twbb/twbb-22451/tiles/full/300,169/0/default.jpg",There Will Be Blood (2007),20,0.100590278,8691,,,,
TWBB-22523,"https://digitalscholarship.brynmawr.edu/pta/twbb/twbb-22523/tiles/full/300,169/0/default.jpg",There Will Be Blood (2007),20,0.100960648,8723,,,,
TWBB-22551,"https://digitalscholarship.brynmawr.edu/pta/twbb/twbb-22551/tiles/full/300,169/0/default.jpg",There Will Be Blood (2007),20,0.101284722,8751,,,,
TWBB-22635,"https://digitalscholarship.brynmawr.edu/pta/twbb/twbb-22635/tiles/full/300,169/0/default.jpg",There Will Be Blood (2007),20,0.101793981,8795,,,,
TWBB-22638,"https://digitalscholarship.brynmawr.edu/pta/twbb/twbb-22638/tiles/full/300,169/0/default.jpg",There Will Be Blood (2007),20,0.101828704,8798,,,,
TWBB-22714,"https://digitalscholarship.brynmawr.edu/pta/twbb/twbb-22714/tiles/full/300,169/0/default.jpg",There Will Be Blood (2007),20,0.10224537,8834,,,,
TWBB-22823,"https://digitalscholarship.brynmawr.edu/pta/twbb/twbb-22823/tiles/full/300,169/0/default.jpg",There Will Be Blood (2007),20,0.103043981,8903,,,,
TWBB-22829,"https://digitalscholarship.brynmawr.edu/pta/twbb/twbb-22829/tiles/full/300,169/0/default.jpg",There Will Be Blood (2007),20,0.103113426,8909,,,,
TWBB-22833,"https://digitalscholarship.brynmawr.edu/pta/twbb/twbb-22833/tiles/full/300,169/0/default.jpg",There Will Be Blood (2007),20,0.103159722,8913,,,,
TWBB-22844,"https://digitalscholarship.brynmawr.edu/pta/twbb/twbb-22844/tiles/full/300,169/0/default.jpg",There Will Be Blood (2007),20,0.103287037,8924,,,,
TWBB-22855,"https://digitalscholarship.brynmawr.edu/pta/twbb/twbb-22855/tiles/full/300,169/0/default.jpg",There Will Be Blood (2007),20,0.103414352,8935,,,,
TWBB-22909,"https://digitalscholarship.brynmawr.edu/pta/twbb/twbb-22909/tiles/full/300,169/0/default.jpg",There Will Be Blood (2007),20,0.103576389,8949,,,,
TWBB-22920,"https://digitalscholarship.brynmawr.edu/pta/twbb/twbb-22920/tiles/full/300,169/0/default.jpg",There Will Be Blood (2007),20,0.103703704,8960,,,,
TWBB-22929,"https://digitalscholarship.brynmawr.edu/pta/twbb/twbb-22929/tiles/full/300,169/0/default.jpg",There Will Be Blood (2007),20,0.10380787,8969,,,,
TWBB-22936,"https://digitalscholarship.brynmawr.edu/pta/twbb/twbb-22936/tiles/full/300,169/0/default.jpg",There Will Be Blood (2007),20,0.103888889,8976,,,,
TWBB-22939,"https://digitalscholarship.brynmawr.edu/pta/twbb/twbb-22939/tiles/full/300,169/0/default.jpg",There Will Be Blood (2007),20,0.103923611,8979,,,,
TWBB-22948,"https://digitalscholarship.brynmawr.edu/pta/twbb/twbb-22948/tiles/full/300,169/0/default.jpg",There Will Be Blood (2007),20,0.104027778,8988,,,,
TWBB-22954,"https://digitalscholarship.brynmawr.edu/pta/twbb/twbb-22954/tiles/full/300,169/0/default.jpg",There Will Be Blood (2007),20,0.104097222,8994,,,,
TWBB-23005,"https://digitalscholarship.brynmawr.edu/pta/twbb/twbb-23005/tiles/full/300,169/0/default.jpg",There Will Be Blood (2007),20,0.104224537,9005,,,,
TWBB-23012,"https://digitalscholarship.brynmawr.edu/pta/twbb/twbb-23012/tiles/full/300,169/0/default.jpg",There Will Be Blood (2007),20,0.104305556,9012,,,,
TWBB-23021,"https://digitalscholarship.brynmawr.edu/pta/twbb/twbb-23021/tiles/full/300,169/0/default.jpg",There Will Be Blood (2007),20,0.104409722,9021,,,,
TWBB-23040,"https://digitalscholarship.brynmawr.edu/pta/twbb/twbb-23040/tiles/full/300,169/0/default.jpg",There Will Be Blood (2007),20,0.10462963,9040,,,,
TWBB-23051,"https://digitalscholarship.brynmawr.edu/pta/twbb/twbb-23051/tiles/full/300,169/0/default.jpg",There Will Be Blood (2007),20,0.104756944,9051,,,,
TWBB-23105,"https://digitalscholarship.brynmawr.edu/pta/twbb/twbb-23105/tiles/full/300,169/0/default.jpg",There Will Be Blood (2007),20,0.104918981,9065,,,,
TWBB-23109,"https://digitalscholarship.brynmawr.edu/pta/twbb/twbb-23109/tiles/full/300,169/0/default.jpg",There Will Be Blood (2007),21,0.104965278,9069,,,,
MAST-00045,"https://digitalscholarship.brynmawr.edu/pta/mast/mast-00045/tiles/full/300,169/0/default.jpg",The Master (2012),1,0.000520833,45,,,,
MAST-00051,"https://digitalscholarship.brynmawr.edu/pta/mast/mast-00051/tiles/full/300,169/0/default.jpg",The Master (2012),1,0.000590278,51,,,,
MAST-00102,"https://digitalscholarship.brynmawr.edu/pta/mast/mast-00102/tiles/full/300,169/0/default.jpg",The Master (2012),1,0.000717593,62,,,,
MAST-00106,"https://digitalscholarship.brynmawr.edu/pta/mast/mast-00106/tiles/full/300,169/0/default.jpg",The Master (2012),1,0.000763889,66,,,,
MAST-00145,"https://digitalscholarship.brynmawr.edu/pta/mast/mast-00145/tiles/full/300,169/0/default.jpg",The Master (2012),1,0.001215278,105,,,,
MAST-00151,"https://digitalscholarship.brynmawr.edu/pta/mast/mast-00151/tiles/full/300,169/0/default.jpg",The Master (2012),1,0.001284722,111,,,,
MAST-00157,"https://digitalscholarship.brynmawr.edu/pta/mast/mast-00157/tiles/full/300,169/0/default.jpg",The Master (2012),1,0.001354167,117,,,,
MAST-00202,"https://digitalscholarship.brynmawr.edu/pta/mast/mast-00202/tiles/full/300,169/0/default.jpg",The Master (2012),1,0.001412037,122,,,,
MAST-00205,"https://digitalscholarship.brynmawr.edu/pta/mast/mast-00205/tiles/full/300,169/0/default.jpg",The Master (2012),1,0.001446759,125,,,,
MAST-00208,"https://digitalscholarship.brynmawr.edu/pta/mast/mast-00208/tiles/full/300,169/0/default.jpg",The Master (2012),1,0.001481481,128,,,,
MAST-00212,"https://digitalscholarship.brynmawr.edu/pta/mast/mast-00212/tiles/full/300,169/0/default.jpg",The Master (2012),1,0.001527778,132,,,,
MAST-00223,"https://digitalscholarship.brynmawr.edu/pta/mast/mast-00223/tiles/full/300,169/0/default.jpg",The Master (2012),1,0.001655093,143,,,,
MAST-00231,"https://digitalscholarship.brynmawr.edu/pta/mast/mast-00231/tiles/full/300,169/0/default.jpg",The Master (2012),1,0.001747685,151,,,,
MAST-00250,"https://digitalscholarship.brynmawr.edu/pta/mast/mast-00250/tiles/full/300,169/0/default.jpg",The Master (2012),1,0.001967593,170,,,,
MAST-00300,"https://digitalscholarship.brynmawr.edu/pta/mast/mast-00300/tiles/full/300,169/0/default.jpg",The Master (2012),1,0.002083333,180,,,,
MAST-00313,"https://digitalscholarship.brynmawr.edu/pta/mast/mast-00313/tiles/full/300,169/0/default.jpg",The Master (2012),1,0.002233796,193,,,,
MAST-00333,"https://digitalscholarship.brynmawr.edu/pta/mast/mast-00333/tiles/full/300,169/0/default.jpg",The Master (2012),1,0.002465278,213,,,,
MAST-00340,"https://digitalscholarship.brynmawr.edu/pta/mast/mast-00340/tiles/full/300,169/0/default.jpg",The Master (2012),1,0.002546296,220,,,,
MAST-00348,"https://digitalscholarship.brynmawr.edu/pta/mast/mast-00348/tiles/full/300,169/0/default.jpg",The Master (2012),1,0.002638889,228,,,,
MAST-00420,"https://digitalscholarship.brynmawr.edu/pta/mast/mast-00420/tiles/full/300,169/0/default.jpg",The Master (2012),1,0.003009259,260,,,,
MAST-00431,"https://digitalscholarship.brynmawr.edu/pta/mast/mast-00431/tiles/full/300,169/0/default.jpg",The Master (2012),1,0.003136574,271,,,,
MAST-00440,"https://digitalscholarship.brynmawr.edu/pta/mast/mast-00440/tiles/full/300,169/0/default.jpg",The Master (2012),1,0.003240741,280,,,,
MAST-00505,"https://digitalscholarship.brynmawr.edu/pta/mast/mast-00505/tiles/full/300,169/0/default.jpg",The Master (2012),1,0.003530093,305,,,,
MAST-00507,"https://digitalscholarship.brynmawr.edu/pta/mast/mast-00507/tiles/full/300,169/0/default.jpg",The Master (2012),1,0.003553241,307,,,,
MAST-00516,"https://digitalscholarship.brynmawr.edu/pta/mast/mast-00516/tiles/full/300,169/0/default.jpg",The Master (2012),1,0.003657407,316,,,,
MAST-00525,"https://digitalscholarship.brynmawr.edu/pta/mast/mast-00525/tiles/full/300,169/0/default.jpg",The Master (2012),1,0.003761574,325,,,,
MAST-00541,"https://digitalscholarship.brynmawr.edu/pta/mast/mast-00541/tiles/full/300,169/0/default.jpg",The Master (2012),1,0.003946759,341,,,,
MAST-00600,"https://digitalscholarship.brynmawr.edu/pta/mast/mast-00600/tiles/full/300,169/0/default.jpg",The Master (2012),1,0.004166667,360,,,,
MAST-00602,"https://digitalscholarship.brynmawr.edu/pta/mast/mast-00602/tiles/full/300,169/0/default.jpg",The Master (2012),1,0.004189815,362,,,,
MAST-00615,"https://digitalscholarship.brynmawr.edu/pta/mast/mast-00615/tiles/full/300,169/0/default.jpg",The Master (2012),1,0.004340278,375,,,,
MAST-00629,"https://digitalscholarship.brynmawr.edu/pta/mast/mast-00629/tiles/full/300,169/0/default.jpg",The Master (2012),1,0.004502315,389,,,,
MAST-00708,"https://digitalscholarship.brynmawr.edu/pta/mast/mast-00708/tiles/full/300,169/0/default.jpg",The Master (2012),1,0.004953704,428,,,,
MAST-00723,"https://digitalscholarship.brynmawr.edu/pta/mast/mast-00723/tiles/full/300,169/0/default.jpg",The Master (2012),1,0.005127315,443,,,,
MAST-00724,"https://digitalscholarship.brynmawr.edu/pta/mast/mast-00724/tiles/full/300,169/0/default.jpg",The Master (2012),1,0.005138889,444,,,,
MAST-00727,"https://digitalscholarship.brynmawr.edu/pta/mast/mast-00727/tiles/full/300,169/0/default.jpg",The Master (2012),1,0.005173611,447,,,,
MAST-00740,"https://digitalscholarship.brynmawr.edu/pta/mast/mast-00740/tiles/full/300,169/0/default.jpg",The Master (2012),1,0.005324074,460,,,,
MAST-00932,"https://digitalscholarship.brynmawr.edu/pta/mast/mast-00932/tiles/full/300,169/0/default.jpg",The Master (2012),2,0.00662037,572,,,,
MAST-00938,"https://digitalscholarship.brynmawr.edu/pta/mast/mast-00938/tiles/full/300,169/0/default.jpg",The Master (2012),2,0.006689815,578,,,,
MAST-00940,"https://digitalscholarship.brynmawr.edu/pta/mast/mast-00940/tiles/full/300,169/0/default.jpg",The Master (2012),2,0.006712963,580,,,,
MAST-00947,"https://digitalscholarship.brynmawr.edu/pta/mast/mast-00947/tiles/full/300,169/0/default.jpg",The Master (2012),2,0.006793981,587,,,,
MAST-00954,"https://digitalscholarship.brynmawr.edu/pta/mast/mast-00954/tiles/full/300,169/0/default.jpg",The Master (2012),2,0.006875,594,,,,
MAST-01003,"https://digitalscholarship.brynmawr.edu/pta/mast/mast-01003/tiles/full/300,169/0/default.jpg",The Master (2012),2,0.006979167,603,,,,
MAST-01012,"https://digitalscholarship.brynmawr.edu/pta/mast/mast-01012/tiles/full/300,169/0/default.jpg",The Master (2012),2,0.007083333,612,,,,
MAST-01106,"https://digitalscholarship.brynmawr.edu/pta/mast/mast-01106/tiles/full/300,169/0/default.jpg",The Master (2012),2,0.007708333,666,,,,
MAST-01114,"https://digitalscholarship.brynmawr.edu/pta/mast/mast-01114/tiles/full/300,169/0/default.jpg",The Master (2012),2,0.007800926,674,,,,
MAST-01142,"https://digitalscholarship.brynmawr.edu/pta/mast/mast-01142/tiles/full/300,169/0/default.jpg",The Master (2012),2,0.008125,702,,,,
MAST-01148,"https://digitalscholarship.brynmawr.edu/pta/mast/mast-01148/tiles/full/300,169/0/default.jpg",The Master (2012),2,0.008194444,708,,,,
MAST-01212,"https://digitalscholarship.brynmawr.edu/pta/mast/mast-01212/tiles/full/300,169/0/default.jpg",The Master (2012),2,0.008472222,732,,,,
MAST-01218,"https://digitalscholarship.brynmawr.edu/pta/mast/mast-01218/tiles/full/300,169/0/default.jpg",The Master (2012),2,0.008541667,738,,,,
MAST-01222,"https://digitalscholarship.brynmawr.edu/pta/mast/mast-01222/tiles/full/300,169/0/default.jpg",The Master (2012),2,0.008587963,742,,,,
MAST-01230,"https://digitalscholarship.brynmawr.edu/pta/mast/mast-01230/tiles/full/300,169/0/default.jpg",The Master (2012),2,0.008680556,750,,,,
MAST-01255,"https://digitalscholarship.brynmawr.edu/pta/mast/mast-01255/tiles/full/300,169/0/default.jpg",The Master (2012),2,0.008969907,775,,,,
MAST-01341,"https://digitalscholarship.brynmawr.edu/pta/mast/mast-01341/tiles/full/300,169/0/default.jpg",The Master (2012),2,0.009502315,821,,,,
MAST-01348,"https://digitalscholarship.brynmawr.edu/pta/mast/mast-01348/tiles/full/300,169/0/default.jpg",The Master (2012),2,0.009583333,828,,,,
MAST-01437,"https://digitalscholarship.brynmawr.edu/pta/mast/mast-01437/tiles/full/300,169/0/default.jpg",The Master (2012),2,0.010150463,877,,,,
MAST-01458,"https://digitalscholarship.brynmawr.edu/pta/mast/mast-01458/tiles/full/300,169/0/default.jpg",The Master (2012),2,0.010393519,898,,,,
MAST-01523,"https://digitalscholarship.brynmawr.edu/pta/mast/mast-01523/tiles/full/300,169/0/default.jpg",The Master (2012),2,0.01068287,923,,,,
MAST-01526,"https://digitalscholarship.brynmawr.edu/pta/mast/mast-01526/tiles/full/300,169/0/default.jpg",The Master (2012),2,0.010717593,926,,,,
MAST-01532,"https://digitalscholarship.brynmawr.edu/pta/mast/mast-01532/tiles/full/300,169/0/default.jpg",The Master (2012),2,0.010787037,932,,,,
MAST-01535,"https://digitalscholarship.brynmawr.edu/pta/mast/mast-01535/tiles/full/300,169/0/default.jpg",The Master (2012),2,0.010821759,935,,,,
MAST-01543,"https://digitalscholarship.brynmawr.edu/pta/mast/mast-01543/tiles/full/300,169/0/default.jpg",The Master (2012),2,0.010914352,943,,,,
MAST-01558,"https://digitalscholarship.brynmawr.edu/pta/mast/mast-01558/tiles/full/300,169/0/default.jpg",The Master (2012),2,0.011087963,958,,,,
MAST-01603,"https://digitalscholarship.brynmawr.edu/pta/mast/mast-01603/tiles/full/300,169/0/default.jpg",The Master (2012),2,0.011145833,963,,,,
MAST-01613,"https://digitalscholarship.brynmawr.edu/pta/mast/mast-01613/tiles/full/300,169/0/default.jpg",The Master (2012),2,0.011261574,973,,,,
MAST-01618,"https://digitalscholarship.brynmawr.edu/pta/mast/mast-01618/tiles/full/300,169/0/default.jpg",The Master (2012),2,0.011319444,978,,,,
MAST-01625,"https://digitalscholarship.brynmawr.edu/pta/mast/mast-01625/tiles/full/300,169/0/default.jpg",The Master (2012),2,0.011400463,985,,,,
MAST-01631,"https://digitalscholarship.brynmawr.edu/pta/mast/mast-01631/tiles/full/300,169/0/default.jpg",The Master (2012),2,0.011469907,991,,,,
MAST-01650,"https://digitalscholarship.brynmawr.edu/pta/mast/mast-01650/tiles/full/300,169/0/default.jpg",The Master (2012),2,0.011689815,1010,,,,
MAST-01716,"https://digitalscholarship.brynmawr.edu/pta/mast/mast-01716/tiles/full/300,169/0/default.jpg",The Master (2012),2,0.011990741,1036,,,,
MAST-01732,"https://digitalscholarship.brynmawr.edu/pta/mast/mast-01732/tiles/full/300,169/0/default.jpg",The Master (2012),2,0.012175926,1052,,,,
MAST-01751,"https://digitalscholarship.brynmawr.edu/pta/mast/mast-01751/tiles/full/300,169/0/default.jpg",The Master (2012),2,0.012395833,1071,,,,
MAST-01818,"https://digitalscholarship.brynmawr.edu/pta/mast/mast-01818/tiles/full/300,169/0/default.jpg",The Master (2012),2,0.012708333,1098,,,,
MAST-01838,"https://digitalscholarship.brynmawr.edu/pta/mast/mast-01838/tiles/full/300,169/0/default.jpg",The Master (2012),2,0.012939815,1118,,,,
MAST-01848,"https://digitalscholarship.brynmawr.edu/pta/mast/mast-01848/tiles/full/300,169/0/default.jpg",The Master (2012),2,0.013055556,1128,,,,
MAST-01854,"https://digitalscholarship.brynmawr.edu/pta/mast/mast-01854/tiles/full/300,169/0/default.jpg",The Master (2012),2,0.013125,1134,,,,
MAST-01916,"https://digitalscholarship.brynmawr.edu/pta/mast/mast-01916/tiles/full/300,169/0/default.jpg",The Master (2012),3,0.01337963,1156,,,,
MAST-01931,"https://digitalscholarship.brynmawr.edu/pta/mast/mast-01931/tiles/full/300,169/0/default.jpg",The Master (2012),3,0.013553241,1171,,,,
MAST-01950,"https://digitalscholarship.brynmawr.edu/pta/mast/mast-01950/tiles/full/300,169/0/default.jpg",The Master (2012),3,0.013773148,1190,,,,
MAST-02008,"https://digitalscholarship.brynmawr.edu/pta/mast/mast-02008/tiles/full/300,169/0/default.jpg",The Master (2012),3,0.013981481,1208,,,,
MAST-02022,"https://digitalscholarship.brynmawr.edu/pta/mast/mast-02022/tiles/full/300,169/0/default.jpg",The Master (2012),3,0.014143519,1222,,,,
MAST-02036,"https://digitalscholarship.brynmawr.edu/pta/mast/mast-02036/tiles/full/300,169/0/default.jpg",The Master (2012),3,0.014305556,1236,,,,
MAST-02046,"https://digitalscholarship.brynmawr.edu/pta/mast/mast-02058/tiles/full/300,169/0/default.jpg",The Master (2012),3,0.014421296,1246,,,,
MAST-02058,"https://digitalscholarship.brynmawr.edu/pta/mast/mast-02111/tiles/full/300,169/0/default.jpg",The Master (2012),3,0.014560185,1258,,,,
MAST-02111,"https://digitalscholarship.brynmawr.edu/pta/mast/mast-02123/tiles/full/300,169/0/default.jpg",The Master (2012),3,0.014710648,1271,,,,
MASt-02123,"https://digitalscholarship.brynmawr.edu/pta/mast/mast-02130/tiles/full/300,169/0/default.jpg",The Master (2012),3,0.014849537,1283,,,,
MAST-02130,"https://digitalscholarship.brynmawr.edu/pta/mast/mast-02152/tiles/full/300,169/0/default.jpg",The Master (2012),3,0.014930556,1290,,,,
MAST-02152,"https://digitalscholarship.brynmawr.edu/pta/mast/mast-02202/tiles/full/300,169/0/default.jpg",The Master (2012),3,0.015185185,1312,,,,
MAST-02202,"https://digitalscholarship.brynmawr.edu/pta/mast/mast-02218/tiles/full/300,169/0/default.jpg",The Master (2012),3,0.015300926,1322,,,,
MAST-02218,"https://digitalscholarship.brynmawr.edu/pta/mast/mast-02220/tiles/full/300,169/0/default.jpg",The Master (2012),3,0.015486111,1338,,,,
MAST-02220,"https://digitalscholarship.brynmawr.edu/pta/mast/mast-02233/tiles/full/300,169/0/default.jpg",The Master (2012),3,0.015509259,1340,,,,
MAST-02233,"https://digitalscholarship.brynmawr.edu/pta/mast/mast-02236/tiles/full/300,169/0/default.jpg",The Master (2012),3,0.015659722,1353,,,,
MAST-02236,"https://digitalscholarship.brynmawr.edu/pta/mast/mast-02444/tiles/full/300,169/0/default.jpg",The Master (2012),3,0.015694444,1356,,,,
MAST-02444,"https://digitalscholarship.brynmawr.edu/pta/mast/mast-02505/tiles/full/300,169/0/default.jpg",The Master (2012),3,0.017175926,1484,,,,
MAST-02505,"https://digitalscholarship.brynmawr.edu/pta/mast/mast-02549/tiles/full/300,169/0/default.jpg",The Master (2012),3,0.017418981,1505,,,,
MAST-02549,"https://digitalscholarship.brynmawr.edu/pta/mast/mast-02611/tiles/full/300,169/0/default.jpg",The Master (2012),3,0.017928241,1549,,,,
MAST-02611,"https://digitalscholarship.brynmawr.edu/pta/mast/mast-02621/tiles/full/300,169/0/default.jpg",The Master (2012),4,0.01818287,1571,,,,
MAST-02621,"https://digitalscholarship.brynmawr.edu/pta/mast/mast-02636/tiles/full/300,169/0/default.jpg",The Master (2012),4,0.018298611,1581,,,,
MAST-02636,"https://digitalscholarship.brynmawr.edu/pta/mast/mast-02650/tiles/full/300,169/0/default.jpg",The Master (2012),4,0.018472222,1596,,,,
MAST-02650,"https://digitalscholarship.brynmawr.edu/pta/mast/mast-02700/tiles/full/300,169/0/default.jpg",The Master (2012),4,0.018634259,1610,,,,
MAST-02700,"https://digitalscholarship.brynmawr.edu/pta/mast/mast-02709/tiles/full/300,169/0/default.jpg",The Master (2012),4,0.01875,1620,,,,
MAST-02709,"https://digitalscholarship.brynmawr.edu/pta/mast/mast-02725/tiles/full/300,169/0/default.jpg",The Master (2012),4,0.018854167,1629,,,,
MAST-02725,"https://digitalscholarship.brynmawr.edu/pta/mast/mast-02728/tiles/full/300,169/0/default.jpg",The Master (2012),4,0.019039352,1645,,,,
MAST-02728,"https://digitalscholarship.brynmawr.edu/pta/mast/mast-02733/tiles/full/300,169/0/default.jpg",The Master (2012),4,0.019074074,1648,,,,
MAST-02733,"https://digitalscholarship.brynmawr.edu/pta/mast/mast-02741/tiles/full/300,169/0/default.jpg",The Master (2012),4,0.019131944,1653,,,,
MAST-02741,"https://digitalscholarship.brynmawr.edu/pta/mast/mast-02748/tiles/full/300,169/0/default.jpg",The Master (2012),4,0.019224537,1661,,,,
MAST-02748,"https://digitalscholarship.brynmawr.edu/pta/mast/mast-02751/tiles/full/300,169/0/default.jpg",The Master (2012),4,0.019305556,1668,,,,
MAST-02751,"https://digitalscholarship.brynmawr.edu/pta/mast/mast-02756/tiles/full/300,169/0/default.jpg",The Master (2012),4,0.019340278,1671,,,,
MAST-02756,"https://digitalscholarship.brynmawr.edu/pta/mast/mast-02810/tiles/full/300,169/0/default.jpg",The Master (2012),4,0.019398148,1676,,,,
MAST-02810,"https://digitalscholarship.brynmawr.edu/pta/mast/mast-02925/tiles/full/300,169/0/default.jpg",The Master (2012),4,0.019560185,1690,,,,
MAST-02925,"https://digitalscholarship.brynmawr.edu/pta/mast/mast-02948/tiles/full/300,169/0/default.jpg",The Master (2012),4,0.020428241,1765,,,,
MAST-02948,"https://digitalscholarship.brynmawr.edu/pta/mast/mast-03000/tiles/full/300,169/0/default.jpg",The Master (2012),4,0.020694444,1788,,,,
MAST-03000,"https://digitalscholarship.brynmawr.edu/pta/mast/mast-03019/tiles/full/300,169/0/default.jpg",The Master (2012),4,0.020833333,1800,,,,
MAST-03019,"https://digitalscholarship.brynmawr.edu/pta/mast/mast-03036/tiles/full/300,169/0/default.jpg",The Master (2012),4,0.021053241,1819,,,,
MAST-03036,"https://digitalscholarship.brynmawr.edu/pta/mast/mast-03104/tiles/full/300,169/0/default.jpg",The Master (2012),4,0.02125,1836,,,,
MAST-03104,"https://digitalscholarship.brynmawr.edu/pta/mast/mast-03109/tiles/full/300,169/0/default.jpg",The Master (2012),4,0.021574074,1864,,,,
MAST-03109,"https://digitalscholarship.brynmawr.edu/pta/mast/mast-03150/tiles/full/300,169/0/default.jpg",The Master (2012),4,0.021631944,1869,,,,
MAST-03150,"https://digitalscholarship.brynmawr.edu/pta/mast/mast-03215/tiles/full/300,169/0/default.jpg",The Master (2012),4,0.022106481,1910,,,,
MAST-03215,"https://digitalscholarship.brynmawr.edu/pta/mast/mast-03235/tiles/full/300,169/0/default.jpg",The Master (2012),4,0.022395833,1935,,,,
MAST-03235,"https://digitalscholarship.brynmawr.edu/pta/mast/mast-03258/tiles/full/300,169/0/default.jpg",The Master (2012),4,0.022627315,1955,,,,
MAST-03258,"https://digitalscholarship.brynmawr.edu/pta/mast/mast-03316/tiles/full/300,169/0/default.jpg",The Master (2012),4,0.022893519,1978,,,,
MAST-03316,"https://digitalscholarship.brynmawr.edu/pta/mast/mast-03321/tiles/full/300,169/0/default.jpg",The Master (2012),4,0.023101852,1996,,,,
MAST-03321,"https://digitalscholarship.brynmawr.edu/pta/mast/mast-03340/tiles/full/300,169/0/default.jpg",The Master (2012),4,0.023159722,2001,,,,
MAST-03340,"https://digitalscholarship.brynmawr.edu/pta/mast/mast-03354/tiles/full/300,169/0/default.jpg",The Master (2012),4,0.02337963,2020,,,,
MAST-03354,"https://digitalscholarship.brynmawr.edu/pta/mast/mast-03356/tiles/full/300,169/0/default.jpg",The Master (2012),4,0.023541667,2034,,,,
MAST-03356,"https://digitalscholarship.brynmawr.edu/pta/mast/mast-03415/tiles/full/300,169/0/default.jpg",The Master (2012),4,0.023564815,2036,,,,
MAST-03415,"https://digitalscholarship.brynmawr.edu/pta/mast/mast-03418/tiles/full/300,169/0/default.jpg",The Master (2012),4,0.023784722,2055,,,,
MAST-03418,"https://digitalscholarship.brynmawr.edu/pta/mast/mast-03421/tiles/full/300,169/0/default.jpg",The Master (2012),4,0.023819444,2058,,,,
MAST-03421,"https://digitalscholarship.brynmawr.edu/pta/mast/mast-03430/tiles/full/300,169/0/default.jpg",The Master (2012),4,0.023854167,2061,,,,
MAST-03430,"https://digitalscholarship.brynmawr.edu/pta/mast/mast-03442/tiles/full/300,169/0/default.jpg",The Master (2012),4,0.023958333,2070,,,,
MAST-03442,"https://digitalscholarship.brynmawr.edu/pta/mast/mast-03459/tiles/full/300,169/0/default.jpg",The Master (2012),4,0.024097222,2082,,,,
MAST-03459,"https://digitalscholarship.brynmawr.edu/pta/mast/mast-03507/tiles/full/300,169/0/default.jpg",The Master (2012),4,0.024293981,2099,,,,
MAST-03507,"https://digitalscholarship.brynmawr.edu/pta/mast/mast-03517/tiles/full/300,169/0/default.jpg",The Master (2012),4,0.024386574,2107,,,,
MAST-03517,"https://digitalscholarship.brynmawr.edu/pta/mast/mast-03525/tiles/full/300,169/0/default.jpg",The Master (2012),4,0.024502315,2117,,,,
MAST-03525,"https://digitalscholarship.brynmawr.edu/pta/mast/mast-03533/tiles/full/300,169/0/default.jpg",The Master (2012),4,0.024594907,2125,,,,
MAST-03533,"https://digitalscholarship.brynmawr.edu/pta/mast/mast-03539/tiles/full/300,169/0/default.jpg",The Master (2012),4,0.0246875,2133,,,,
MAST-03539,"https://digitalscholarship.brynmawr.edu/pta/mast/mast-03549/tiles/full/300,169/0/default.jpg",The Master (2012),5,0.024756944,2139,,,,
MAST-03549,"https://digitalscholarship.brynmawr.edu/pta/mast/mast-03554/tiles/full/300,169/0/default.jpg",The Master (2012),5,0.024872685,2149,,,,
MAST-03554,"https://digitalscholarship.brynmawr.edu/pta/mast/mast-03600/tiles/full/300,169/0/default.jpg",The Master (2012),5,0.024930556,2154,,,,
MAST-03600,"https://digitalscholarship.brynmawr.edu/pta/mast/mast-03624/tiles/full/300,169/0/default.jpg",The Master (2012),5,0.025,2160,,,,
MAST-03624,"https://digitalscholarship.brynmawr.edu/pta/mast/mast-03645/tiles/full/300,169/0/default.jpg",The Master (2012),5,0.025277778,2184,,,,
MAST-03645,"https://digitalscholarship.brynmawr.edu/pta/mast/mast-03703/tiles/full/300,169/0/default.jpg",The Master (2012),5,0.025520833,2205,,,,
MAST-03703,"https://digitalscholarship.brynmawr.edu/pta/mast/mast-03720/tiles/full/300,169/0/default.jpg",The Master (2012),5,0.025729167,2223,,,,
MAST-03720,"https://digitalscholarship.brynmawr.edu/pta/mast/mast-03729/tiles/full/300,169/0/default.jpg",The Master (2012),5,0.025925926,2240,,,,
MAST-03729,"https://digitalscholarship.brynmawr.edu/pta/mast/mast-03926/tiles/full/300,169/0/default.jpg",The Master (2012),5,0.026030093,2249,,,,
MAST-03926,"https://digitalscholarship.brynmawr.edu/pta/mast/mast-04032/tiles/full/300,169/0/default.jpg",The Master (2012),5,0.027384259,2366,,,,
MAST-04032,"https://digitalscholarship.brynmawr.edu/pta/mast/mast-04040/tiles/full/300,169/0/default.jpg",The Master (2012),5,0.028148148,2432,,,,
MAST-04040,"https://digitalscholarship.brynmawr.edu/pta/mast/mast-04201/tiles/full/300,169/0/default.jpg",The Master (2012),5,0.028240741,2440,,,,
MAST-04201,"https://digitalscholarship.brynmawr.edu/pta/mast/mast-04401/tiles/full/300,169/0/default.jpg",The Master (2012),5,0.029178241,2521,,,,
MAST-04401,"https://digitalscholarship.brynmawr.edu/pta/mast/mast-04439/tiles/full/300,169/0/default.jpg",The Master (2012),5,0.03056713,2641,,,,
MAST-04439,"https://digitalscholarship.brynmawr.edu/pta/mast/mast-04454/tiles/full/300,169/0/default.jpg",The Master (2012),5,0.031006944,2679,,,,
MAST-04454,"https://digitalscholarship.brynmawr.edu/pta/mast/mast-04503/tiles/full/300,169/0/default.jpg",The Master (2012),5,0.031180556,2694,,,,
MAST-04503,"https://digitalscholarship.brynmawr.edu/pta/mast/mast-04525/tiles/full/300,169/0/default.jpg",The Master (2012),5,0.031284722,2703,,,,
MAST-04525,"https://digitalscholarship.brynmawr.edu/pta/mast/mast-04619/tiles/full/300,169/0/default.jpg",The Master (2012),5,0.031539352,2725,,,,
MAST-04619,"https://digitalscholarship.brynmawr.edu/pta/mast/mast-04629/tiles/full/300,169/0/default.jpg",The Master (2012),5,0.032164352,2779,,,,
MAST-04629,"https://digitalscholarship.brynmawr.edu/pta/mast/mast-04640/tiles/full/300,169/0/default.jpg",The Master (2012),5,0.032280093,2789,,,,
MAST-04640,"https://digitalscholarship.brynmawr.edu/pta/mast/mast-04718/tiles/full/300,169/0/default.jpg",The Master (2012),5,0.032407407,2800,,,,
MAST-04718,"https://digitalscholarship.brynmawr.edu/pta/mast/mast-04743/tiles/full/300,169/0/default.jpg",The Master (2012),5,0.032847222,2838,,,,
MAST-04743,"https://digitalscholarship.brynmawr.edu/pta/mast/mast-04814/tiles/full/300,169/0/default.jpg",The Master (2012),5,0.033136574,2863,,,,
MAST-04814,"https://digitalscholarship.brynmawr.edu/pta/mast/mast-04903/tiles/full/300,169/0/default.jpg",The Master (2012),5,0.03349537,2894,,,,
MAST-04903,"https://digitalscholarship.brynmawr.edu/pta/mast/mast-04914/tiles/full/300,169/0/default.jpg",The Master (2012),5,0.0340625,2943,,,,
MAST-04914,"https://digitalscholarship.brynmawr.edu/pta/mast/mast-04925/tiles/full/300,169/0/default.jpg",The Master (2012),5,0.034189815,2954,,,,
MAST-04925,"https://digitalscholarship.brynmawr.edu/pta/mast/mast-04957/tiles/full/300,169/0/default.jpg",The Master (2012),5,0.03431713,2965,,,,
MAST-04957,"https://digitalscholarship.brynmawr.edu/pta/mast/mast-05011/tiles/full/300,169/0/default.jpg",The Master (2012),5,0.0346875,2997,,,,
MAST-05011,"https://digitalscholarship.brynmawr.edu/pta/mast/mast-05016/tiles/full/300,169/0/default.jpg",The Master (2012),5,0.034849537,3011,,,,
MAST-05016,"https://digitalscholarship.brynmawr.edu/pta/mast/mast-05029/tiles/full/300,169/0/default.jpg",The Master (2012),5,0.034907407,3016,,,,
MAST-05029,"https://digitalscholarship.brynmawr.edu/pta/mast/mast-05032/tiles/full/300,169/0/default.jpg",The Master (2012),5,0.03505787,3029,,,,
MAST-05032,"https://digitalscholarship.brynmawr.edu/pta/mast/mast-05050/tiles/full/300,169/0/default.jpg",The Master (2012),5,0.035092593,3032,,,,
MAST-05050,"https://digitalscholarship.brynmawr.edu/pta/mast/mast-05053/tiles/full/300,169/0/default.jpg",The Master (2012),5,0.035300926,3050,,,,
MAST-05053,"https://digitalscholarship.brynmawr.edu/pta/mast/mast-05139/tiles/full/300,169/0/default.jpg",The Master (2012),5,0.035335648,3053,,,,
MAST-05139,"https://digitalscholarship.brynmawr.edu/pta/mast/mast-05203/tiles/full/300,169/0/default.jpg",The Master (2012),5,0.035868056,3099,,,,
MAST-05203,"https://digitalscholarship.brynmawr.edu/pta/mast/mast-05205/tiles/full/300,169/0/default.jpg",The Master (2012),5,0.036145833,3123,,,,
MAST-05205,"https://digitalscholarship.brynmawr.edu/pta/mast/mast-05220/tiles/full/300,169/0/default.jpg",The Master (2012),5,0.036168981,3125,,,,
MAST-05220,"https://digitalscholarship.brynmawr.edu/pta/mast/mast-05223/tiles/full/300,169/0/default.jpg",The Master (2012),5,0.036342593,3140,,,,
MAST-05223,"https://digitalscholarship.brynmawr.edu/pta/mast/mast-05241/tiles/full/300,169/0/default.jpg",The Master (2012),6,0.036377315,3143,,,,
MAST-05241,"https://digitalscholarship.brynmawr.edu/pta/mast/mast-05253/tiles/full/300,169/0/default.jpg",The Master (2012),6,0.036585648,3161,,,,
MAST-05253,"https://digitalscholarship.brynmawr.edu/pta/mast/mast-05318/tiles/full/300,169/0/default.jpg",The Master (2012),6,0.036724537,3173,,,,
MAST-05318,"https://digitalscholarship.brynmawr.edu/pta/mast/mast-05332/tiles/full/300,169/0/default.jpg",The Master (2012),6,0.037013889,3198,,,,
MAST-05332,"https://digitalscholarship.brynmawr.edu/pta/mast/mast-05341/tiles/full/300,169/0/default.jpg",The Master (2012),6,0.037175926,3212,,,,
MAST-05341,"https://digitalscholarship.brynmawr.edu/pta/mast/mast-05400/tiles/full/300,169/0/default.jpg",The Master (2012),6,0.037280093,3221,,,,
MAST-05400,"https://digitalscholarship.brynmawr.edu/pta/mast/mast-05407/tiles/full/300,169/0/default.jpg",The Master (2012),6,0.0375,3240,,,,
MAST-05407,"https://digitalscholarship.brynmawr.edu/pta/mast/mast-05430/tiles/full/300,169/0/default.jpg",The Master (2012),6,0.037581019,3247,,,,
MAST-05430,"https://digitalscholarship.brynmawr.edu/pta/mast/mast-05432/tiles/full/300,169/0/default.jpg",The Master (2012),6,0.037847222,3270,,,,
MAST-05432,"https://digitalscholarship.brynmawr.edu/pta/mast/mast-05454/tiles/full/300,169/0/default.jpg",The Master (2012),6,0.03787037,3272,,,,
MAST-05454,"https://digitalscholarship.brynmawr.edu/pta/mast/mast-05455/tiles/full/300,169/0/default.jpg",The Master (2012),6,0.038125,3294,,,,
MAST-05455,"https://digitalscholarship.brynmawr.edu/pta/mast/mast-05503/tiles/full/300,169/0/default.jpg",The Master (2012),6,0.038136574,3295,,,,
MAST-05503,"https://digitalscholarship.brynmawr.edu/pta/mast/mast-05524/tiles/full/300,169/0/default.jpg",The Master (2012),6,0.038229167,3303,,,,
MAST-05524,"https://digitalscholarship.brynmawr.edu/pta/mast/mast-05542/tiles/full/300,169/0/default.jpg",The Master (2012),6,0.038472222,3324,,,,
MAST-05542,"https://digitalscholarship.brynmawr.edu/pta/mast/mast-05552/tiles/full/300,169/0/default.jpg",The Master (2012),6,0.038680556,3342,,,,
MAST-05552,"https://digitalscholarship.brynmawr.edu/pta/mast/mast-05557/tiles/full/300,169/0/default.jpg",The Master (2012),6,0.038796296,3352,,,,
MAST-05557,"https://digitalscholarship.brynmawr.edu/pta/mast/mast-05559/tiles/full/300,169/0/default.jpg",The Master (2012),6,0.038854167,3357,,,,
MAST-05559,"https://digitalscholarship.brynmawr.edu/pta/mast/mast-05607/tiles/full/300,169/0/default.jpg",The Master (2012),6,0.038877315,3359,,,,
MAST-05607,"https://digitalscholarship.brynmawr.edu/pta/mast/mast-05616/tiles/full/300,169/0/default.jpg",The Master (2012),6,0.038969907,3367,,,,
MAST-05616,"https://digitalscholarship.brynmawr.edu/pta/mast/mast-05701/tiles/full/300,169/0/default.jpg",The Master (2012),6,0.039074074,3376,,,,
MAST-05701,"https://digitalscholarship.brynmawr.edu/pta/mast/mast-05703/tiles/full/300,169/0/default.jpg",The Master (2012),6,0.039594907,3421,,,,
MAST-05703,"https://digitalscholarship.brynmawr.edu/pta/mast/mast-05723/tiles/full/300,169/0/default.jpg",The Master (2012),6,0.039618056,3423,,,,
MAST-05723,"https://digitalscholarship.brynmawr.edu/pta/mast/mast-05835/tiles/full/300,169/0/default.jpg",The Master (2012),6,0.039849537,3443,,,,
MAST-05835,"https://digitalscholarship.brynmawr.edu/pta/mast/mast-05847/tiles/full/300,169/0/default.jpg",The Master (2012),6,0.04068287,3515,,,,
MAST-05847,"https://digitalscholarship.brynmawr.edu/pta/mast/mast-05851/tiles/full/300,169/0/default.jpg",The Master (2012),6,0.040821759,3527,,,,
MAST-05851,"https://digitalscholarship.brynmawr.edu/pta/mast/mast-05942/tiles/full/300,169/0/default.jpg",The Master (2012),6,0.040868056,3531,,,,
MAST-05942,"https://digitalscholarship.brynmawr.edu/pta/mast/mast-10004/tiles/full/300,169/0/default.jpg",The Master (2012),6,0.041458333,3582,,,,
MAST-10004,"https://digitalscholarship.brynmawr.edu/pta/mast/mast-10024/tiles/full/300,169/0/default.jpg",The Master (2012),6,0.041712963,3604,,,,
MAST-10024,"https://digitalscholarship.brynmawr.edu/pta/mast/mast-10037/tiles/full/300,169/0/default.jpg",The Master (2012),6,0.041944444,3624,,,,
MAST-10037,"https://digitalscholarship.brynmawr.edu/pta/mast/mast-10039/tiles/full/300,169/0/default.jpg",The Master (2012),6,0.042094907,3637,,,,
MAST-10039,"https://digitalscholarship.brynmawr.edu/pta/mast/mast-10042/tiles/full/300,169/0/default.jpg",The Master (2012),6,0.042118056,3639,,,,
MAST-10042,"https://digitalscholarship.brynmawr.edu/pta/mast/mast-10048/tiles/full/300,169/0/default.jpg",The Master (2012),6,0.042152778,3642,,,,
MAST-10048,"https://digitalscholarship.brynmawr.edu/pta/mast/mast-10050/tiles/full/300,169/0/default.jpg",The Master (2012),6,0.042222222,3648,,,,
MAST-10050,"https://digitalscholarship.brynmawr.edu/pta/mast/mast-10059/tiles/full/300,169/0/default.jpg",The Master (2012),6,0.04224537,3650,,,,
MAST-10059,"https://digitalscholarship.brynmawr.edu/pta/mast/mast-10109/tiles/full/300,169/0/default.jpg",The Master (2012),6,0.042349537,3659,,,,
MAST-10109,"https://digitalscholarship.brynmawr.edu/pta/mast/mast-10123/tiles/full/300,169/0/default.jpg",The Master (2012),6,0.042465278,3669,,,,
MAST-10123,"https://digitalscholarship.brynmawr.edu/pta/mast/mast-10141/tiles/full/300,169/0/default.jpg",The Master (2012),6,0.042627315,3683,,,,
MAST-10141,"https://digitalscholarship.brynmawr.edu/pta/mast/mast-10153/tiles/full/300,169/0/default.jpg",The Master (2012),6,0.042835648,3701,,,,
MAST-10153,"https://digitalscholarship.brynmawr.edu/pta/mast/mast-10203/tiles/full/300,169/0/default.jpg",The Master (2012),6,0.042974537,3713,,,,
MAST-10203,"https://digitalscholarship.brynmawr.edu/pta/mast/mast-10217/tiles/full/300,169/0/default.jpg",The Master (2012),6,0.043090278,3723,,,,
MAST-10217,"https://digitalscholarship.brynmawr.edu/pta/mast/mast-10222/tiles/full/300,169/0/default.jpg",The Master (2012),6,0.043252315,3737,,,,
MAST-10222,"https://digitalscholarship.brynmawr.edu/pta/mast/mast-10227/tiles/full/300,169/0/default.jpg",The Master (2012),6,0.043310185,3742,,,,
MAST-10227,"https://digitalscholarship.brynmawr.edu/pta/mast/mast-10232/tiles/full/300,169/0/default.jpg",The Master (2012),6,0.043368056,3747,,,,
MAST-10232,"https://digitalscholarship.brynmawr.edu/pta/mast/mast-10234/tiles/full/300,169/0/default.jpg",The Master (2012),6,0.043425926,3752,,,,
MAST-10234,"https://digitalscholarship.brynmawr.edu/pta/mast/mast-10313/tiles/full/300,169/0/default.jpg",The Master (2012),6,0.043449074,3754,,,,
MAST-10313,"https://digitalscholarship.brynmawr.edu/pta/mast/mast-10317/tiles/full/300,169/0/default.jpg",The Master (2012),6,0.043900463,3793,,,,
MAST-10317,"https://digitalscholarship.brynmawr.edu/pta/mast/mast-10325/tiles/full/300,169/0/default.jpg",The Master (2012),6,0.043946759,3797,,,,
MAST-10325,"https://digitalscholarship.brynmawr.edu/pta/mast/mast-10335/tiles/full/300,169/0/default.jpg",The Master (2012),6,0.044039352,3805,,,,
MAST-10335,"https://digitalscholarship.brynmawr.edu/pta/mast/mast-10422/tiles/full/300,169/0/default.jpg",The Master (2012),6,0.044155093,3815,,,,
MAST-10422,"https://digitalscholarship.brynmawr.edu/pta/mast/mast-10423/tiles/full/300,169/0/default.jpg",The Master (2012),6,0.044699074,3862,,,,
MAST-10423,"https://digitalscholarship.brynmawr.edu/pta/mast/mast-10443/tiles/full/300,169/0/default.jpg",The Master (2012),6,0.044710648,3863,,,,
MAST-10443,"https://digitalscholarship.brynmawr.edu/pta/mast/mast-10454/tiles/full/300,169/0/default.jpg",The Master (2012),6,0.04494213,3883,,,,
MAST-10454,"https://digitalscholarship.brynmawr.edu/pta/mast/mast-10459/tiles/full/300,169/0/default.jpg",The Master (2012),6,0.045069444,3894,,,,
MAST-10459,"https://digitalscholarship.brynmawr.edu/pta/mast/mast-10527/tiles/full/300,169/0/default.jpg",The Master (2012),7,0.045127315,3899,,,,
MAST-10527,"https://digitalscholarship.brynmawr.edu/pta/mast/mast-10530/tiles/full/300,169/0/default.jpg",The Master (2012),7,0.045451389,3927,,,,
MAST-10530,"https://digitalscholarship.brynmawr.edu/pta/mast/mast-10534/tiles/full/300,169/0/default.jpg",The Master (2012),7,0.045486111,3930,,,,
MAST-10534,"https://digitalscholarship.brynmawr.edu/pta/mast/mast-10538/tiles/full/300,169/0/default.jpg",The Master (2012),7,0.045532407,3934,,,,
MAST-10538,"https://digitalscholarship.brynmawr.edu/pta/mast/mast-10551/tiles/full/300,169/0/default.jpg",The Master (2012),7,0.045578704,3938,,,,
MAST-10551,"https://digitalscholarship.brynmawr.edu/pta/mast/mast-10556/tiles/full/300,169/0/default.jpg",The Master (2012),7,0.045729167,3951,,,,
MAST-10556,"https://digitalscholarship.brynmawr.edu/pta/mast/mast-10559/tiles/full/300,169/0/default.jpg",The Master (2012),7,0.045787037,3956,,,,
MAST-10559,"https://digitalscholarship.brynmawr.edu/pta/mast/mast-10612/tiles/full/300,169/0/default.jpg",The Master (2012),7,0.045821759,3959,,,,
MAST-10612,"https://digitalscholarship.brynmawr.edu/pta/mast/mast-10616/tiles/full/300,169/0/default.jpg",The Master (2012),7,0.045972222,3972,,,,
MAST-10616,"https://digitalscholarship.brynmawr.edu/pta/mast/mast-10629/tiles/full/300,169/0/default.jpg",The Master (2012),7,0.046018519,3976,,,,
MAST-10629,"https://digitalscholarship.brynmawr.edu/pta/mast/mast-10631/tiles/full/300,169/0/default.jpg",The Master (2012),7,0.046168981,3989,,,,
MAST-10631,"https://digitalscholarship.brynmawr.edu/pta/mast/mast-10633/tiles/full/300,169/0/default.jpg",The Master (2012),7,0.04619213,3991,,,,
MAST-10633,"https://digitalscholarship.brynmawr.edu/pta/mast/mast-10642/tiles/full/300,169/0/default.jpg",The Master (2012),7,0.046215278,3993,,,,
MAST-10642,"https://digitalscholarship.brynmawr.edu/pta/mast/mast-10646/tiles/full/300,169/0/default.jpg",The Master (2012),7,0.046319444,4002,,,,
MAST-10646,"https://digitalscholarship.brynmawr.edu/pta/mast/mast-10655/tiles/full/300,169/0/default.jpg",The Master (2012),7,0.046365741,4006,,,,
MAST-10655,"https://digitalscholarship.brynmawr.edu/pta/mast/mast-10735/tiles/full/300,169/0/default.jpg",The Master (2012),7,0.046469907,4015,,,,
MAST-10735,"https://digitalscholarship.brynmawr.edu/pta/mast/mast-10800/tiles/full/300,169/0/default.jpg",The Master (2012),7,0.04693287,4055,,,,
MAST-10800,"https://digitalscholarship.brynmawr.edu/pta/mast/mast-10815/tiles/full/300,169/0/default.jpg",The Master (2012),7,0.047222222,4080,,,,
MAST-10815,"https://digitalscholarship.brynmawr.edu/pta/mast/mast-10822/tiles/full/300,169/0/default.jpg",The Master (2012),7,0.047395833,4095,,,,
MAST-10822,"https://digitalscholarship.brynmawr.edu/pta/mast/mast-10840/tiles/full/300,169/0/default.jpg",The Master (2012),7,0.047476852,4102,,,,
MAST-10840,"https://digitalscholarship.brynmawr.edu/pta/mast/mast-10844/tiles/full/300,169/0/default.jpg",The Master (2012),7,0.047685185,4120,,,,
MAST-10844,"https://digitalscholarship.brynmawr.edu/pta/mast/mast-10907/tiles/full/300,169/0/default.jpg",The Master (2012),7,0.047731481,4124,,,,
MAST-10907,"https://digitalscholarship.brynmawr.edu/pta/mast/mast-10923/tiles/full/300,169/0/default.jpg",The Master (2012),7,0.047997685,4147,,,,
MAST-10923,"https://digitalscholarship.brynmawr.edu/pta/mast/mast-10928/tiles/full/300,169/0/default.jpg",The Master (2012),7,0.04818287,4163,,,,
MAST-10928,"https://digitalscholarship.brynmawr.edu/pta/mast/mast-10941/tiles/full/300,169/0/default.jpg",The Master (2012),7,0.048240741,4168,,,,
MAST-10941,"https://digitalscholarship.brynmawr.edu/pta/mast/mast-11024/tiles/full/300,169/0/default.jpg",The Master (2012),7,0.048391204,4181,,,,
MAST-11024,"https://digitalscholarship.brynmawr.edu/pta/mast/mast-11056/tiles/full/300,169/0/default.jpg",The Master (2012),7,0.048888889,4224,,,,
MAST-11056,"https://digitalscholarship.brynmawr.edu/pta/mast/mast-11111/tiles/full/300,169/0/default.jpg",The Master (2012),7,0.049259259,4256,,,,
MAST-11111,"https://digitalscholarship.brynmawr.edu/pta/mast/mast-11116/tiles/full/300,169/0/default.jpg",The Master (2012),7,0.04943287,4271,,,,
MAST-11116,"https://digitalscholarship.brynmawr.edu/pta/mast/mast-11140/tiles/full/300,169/0/default.jpg",The Master (2012),7,0.049490741,4276,,,,
MAST-11140,"https://digitalscholarship.brynmawr.edu/pta/mast/mast-11249/tiles/full/300,169/0/default.jpg",The Master (2012),7,0.049768519,4300,,,,
MAST-11249,"https://digitalscholarship.brynmawr.edu/pta/mast/mast-11253/tiles/full/300,169/0/default.jpg",The Master (2012),7,0.05056713,4369,,,,
MAST-11253,"https://digitalscholarship.brynmawr.edu/pta/mast/mast-11309/tiles/full/300,169/0/default.jpg",The Master (2012),8,0.050613426,4373,,,,
MAST-11309,"https://digitalscholarship.brynmawr.edu/pta/mast/mast-11330/tiles/full/300,169/0/default.jpg",The Master (2012),8,0.050798611,4389,,,,
MAST-11330,"https://digitalscholarship.brynmawr.edu/pta/mast/mast-11348/tiles/full/300,169/0/default.jpg",The Master (2012),8,0.051041667,4410,,,,
MAST-11348,"https://digitalscholarship.brynmawr.edu/pta/mast/mast-11400/tiles/full/300,169/0/default.jpg",The Master (2012),8,0.05125,4428,,,,
MAST-11400,"https://digitalscholarship.brynmawr.edu/pta/mast/mast-11404/tiles/full/300,169/0/default.jpg",The Master (2012),8,0.051388889,4440,,,,
MAST-11404,"https://digitalscholarship.brynmawr.edu/pta/mast/mast-11423/tiles/full/300,169/0/default.jpg",The Master (2012),8,0.051435185,4444,,,,
MAST-11423,"https://digitalscholarship.brynmawr.edu/pta/mast/mast-11426/tiles/full/300,169/0/default.jpg",The Master (2012),8,0.051655093,4463,,,,
MAST-11426,"https://digitalscholarship.brynmawr.edu/pta/mast/mast-11428/tiles/full/300,169/0/default.jpg",The Master (2012),8,0.051689815,4466,,,,
MAST-11428,"https://digitalscholarship.brynmawr.edu/pta/mast/mast-11436/tiles/full/300,169/0/default.jpg",The Master (2012),8,0.051712963,4468,,,,
MAST-11436,"https://digitalscholarship.brynmawr.edu/pta/mast/mast-11442/tiles/full/300,169/0/default.jpg",The Master (2012),8,0.051805556,4476,,,,
MAST-11442,"https://digitalscholarship.brynmawr.edu/pta/mast/mast-11457/tiles/full/300,169/0/default.jpg",The Master (2012),8,0.051875,4482,,,,
MAST-11457,"https://digitalscholarship.brynmawr.edu/pta/mast/mast-11505/tiles/full/300,169/0/default.jpg",The Master (2012),8,0.052048611,4497,,,,
MAST-11505,"https://digitalscholarship.brynmawr.edu/pta/mast/mast-11509/tiles/full/300,169/0/default.jpg",The Master (2012),8,0.052141204,4505,,,,
MAST-11509,"https://digitalscholarship.brynmawr.edu/pta/mast/mast-11516/tiles/full/300,169/0/default.jpg",The Master (2012),8,0.0521875,4509,,,,
MAST-11516,"https://digitalscholarship.brynmawr.edu/pta/mast/mast-11524/tiles/full/300,169/0/default.jpg",The Master (2012),8,0.052268519,4516,,,,
MAST-11524,"https://digitalscholarship.brynmawr.edu/pta/mast/mast-11551/tiles/full/300,169/0/default.jpg",The Master (2012),8,0.052361111,4524,,,,
MAST-11551,"https://digitalscholarship.brynmawr.edu/pta/mast/mast-11555/tiles/full/300,169/0/default.jpg",The Master (2012),8,0.052673611,4551,,,,
MAST-11555,"https://digitalscholarship.brynmawr.edu/pta/mast/mast-11556/tiles/full/300,169/0/default.jpg",The Master (2012),8,0.052719907,4555,,,,
MAST-11556,"https://digitalscholarship.brynmawr.edu/pta/mast/mast-11559/tiles/full/300,169/0/default.jpg",The Master (2012),8,0.052731481,4556,,,,
MAST-11559,"https://digitalscholarship.brynmawr.edu/pta/mast/mast-11603/tiles/full/300,169/0/default.jpg",The Master (2012),8,0.052766204,4559,,,,
MAST-11603,"https://digitalscholarship.brynmawr.edu/pta/mast/mast-11612/tiles/full/300,169/0/default.jpg",The Master (2012),8,0.0528125,4563,,,,
MAST-11612,"https://digitalscholarship.brynmawr.edu/pta/mast/mast-11622/tiles/full/300,169/0/default.jpg",The Master (2012),8,0.052916667,4572,,,,
MAST-11622,"https://digitalscholarship.brynmawr.edu/pta/mast/mast-11635/tiles/full/300,169/0/default.jpg",The Master (2012),8,0.053032407,4582,,,,
MAST-11635,"https://digitalscholarship.brynmawr.edu/pta/mast/mast-11640/tiles/full/300,169/0/default.jpg",The Master (2012),8,0.05318287,4595,,,,
MAST-11640,"https://digitalscholarship.brynmawr.edu/pta/mast/mast-11652/tiles/full/300,169/0/default.jpg",The Master (2012),8,0.053240741,4600,,,,
MAST-11652,"https://digitalscholarship.brynmawr.edu/pta/mast/mast-11702/tiles/full/300,169/0/default.jpg",The Master (2012),8,0.05337963,4612,,,,
MAST-11702,"https://digitalscholarship.brynmawr.edu/pta/mast/mast-11816/tiles/full/300,169/0/default.jpg",The Master (2012),8,0.05349537,4622,,,,
MAST-11816,"https://digitalscholarship.brynmawr.edu/pta/mast/mast-11833/tiles/full/300,169/0/default.jpg",The Master (2012),8,0.054351852,4696,,,,
MAST-11833,"https://digitalscholarship.brynmawr.edu/pta/mast/mast-11852/tiles/full/300,169/0/default.jpg",The Master (2012),8,0.054548611,4713,,,,
MAST-11852,"https://digitalscholarship.brynmawr.edu/pta/mast/mast-11906/tiles/full/300,169/0/default.jpg",The Master (2012),8,0.054768519,4732,,,,
MAST-11906,"https://digitalscholarship.brynmawr.edu/pta/mast/mast-11950/tiles/full/300,169/0/default.jpg",The Master (2012),8,0.054930556,4746,,,,
MAST-11950,"https://digitalscholarship.brynmawr.edu/pta/mast/mast-12004/tiles/full/300,169/0/default.jpg",The Master (2012),8,0.055439815,4790,,,,
MAST-12004,"https://digitalscholarship.brynmawr.edu/pta/mast/mast-12012/tiles/full/300,169/0/default.jpg",The Master (2012),8,0.055601852,4804,,,,
MAST-12012,"https://digitalscholarship.brynmawr.edu/pta/mast/mast-12025/tiles/full/300,169/0/default.jpg",The Master (2012),8,0.055694444,4812,,,,
MAST-12025,"https://digitalscholarship.brynmawr.edu/pta/mast/mast-12034/tiles/full/300,169/0/default.jpg",The Master (2012),8,0.055844907,4825,,,,
MAST-12034,"https://digitalscholarship.brynmawr.edu/pta/mast/mast-12036/tiles/full/300,169/0/default.jpg",The Master (2012),8,0.055949074,4834,,,,
MAST-12036,"https://digitalscholarship.brynmawr.edu/pta/mast/mast-12045/tiles/full/300,169/0/default.jpg",The Master (2012),8,0.055972222,4836,,,,
MAST-12045,"https://digitalscholarship.brynmawr.edu/pta/mast/mast-12114/tiles/full/300,169/0/default.jpg",The Master (2012),8,0.056076389,4845,,,,
MAST-12114,"https://digitalscholarship.brynmawr.edu/pta/mast/mast-12143/tiles/full/300,169/0/default.jpg",The Master (2012),8,0.056412037,4874,,,,
MAST-12143,"https://digitalscholarship.brynmawr.edu/pta/mast/mast-12315/tiles/full/300,169/0/default.jpg",The Master (2012),8,0.056747685,4903,,,,
MAST-12315,"https://digitalscholarship.brynmawr.edu/pta/mast/mast-12340/tiles/full/300,169/0/default.jpg",The Master (2012),8,0.0578125,4995,,,,
MAST-12340,"https://digitalscholarship.brynmawr.edu/pta/mast/mast-12348/tiles/full/300,169/0/default.jpg",The Master (2012),8,0.058101852,5020,,,,
MAST-12348,"https://digitalscholarship.brynmawr.edu/pta/mast/mast-12357/tiles/full/300,169/0/default.jpg",The Master (2012),8,0.058194444,5028,,,,
MAST-12357,"https://digitalscholarship.brynmawr.edu/pta/mast/mast-12412/tiles/full/300,169/0/default.jpg",The Master (2012),8,0.058298611,5037,,,,
MAST-12412,"https://digitalscholarship.brynmawr.edu/pta/mast/mast-12415/tiles/full/300,169/0/default.jpg",The Master (2012),8,0.058472222,5052,,,,
MAST-12415,"https://digitalscholarship.brynmawr.edu/pta/mast/mast-12426/tiles/full/300,169/0/default.jpg",The Master (2012),9,0.058506944,5055,,,,
MAST-12426,"https://digitalscholarship.brynmawr.edu/pta/mast/mast-12438/tiles/full/300,169/0/default.jpg",The Master (2012),9,0.058634259,5066,,,,
MAST-12438,"https://digitalscholarship.brynmawr.edu/pta/mast/mast-12448/tiles/full/300,169/0/default.jpg",The Master (2012),9,0.058773148,5078,,,,
MAST-12448,"https://digitalscholarship.brynmawr.edu/pta/mast/mast-12512/tiles/full/300,169/0/default.jpg",The Master (2012),9,0.058888889,5088,,,,
MAST-12512,"https://digitalscholarship.brynmawr.edu/pta/mast/mast-12518/tiles/full/300,169/0/default.jpg",The Master (2012),9,0.059166667,5112,,,,
MAST-12518,"https://digitalscholarship.brynmawr.edu/pta/mast/mast-12521/tiles/full/300,169/0/default.jpg",The Master (2012),9,0.059236111,5118,,,,
MAST-12521,"https://digitalscholarship.brynmawr.edu/pta/mast/mast-12527/tiles/full/300,169/0/default.jpg",The Master (2012),9,0.059270833,5121,,,,
MAST-12527,"https://digitalscholarship.brynmawr.edu/pta/mast/mast-12536/tiles/full/300,169/0/default.jpg",The Master (2012),9,0.059340278,5127,,,,
MAST-12536,"https://digitalscholarship.brynmawr.edu/pta/mast/mast-12603/tiles/full/300,169/0/default.jpg",The Master (2012),9,0.059444444,5136,,,,
MAST-12603,"https://digitalscholarship.brynmawr.edu/pta/mast/mast-12623/tiles/full/300,169/0/default.jpg",The Master (2012),9,0.059756944,5163,,,,
MAST-12623,"https://digitalscholarship.brynmawr.edu/pta/mast/mast-12703/tiles/full/300,169/0/default.jpg",The Master (2012),9,0.059988426,5183,,,,
MAST-12703,"https://digitalscholarship.brynmawr.edu/pta/mast/mast-12732/tiles/full/300,169/0/default.jpg",The Master (2012),9,0.060451389,5223,,,,
MAST-12732,"https://digitalscholarship.brynmawr.edu/pta/mast/mast-12745/tiles/full/300,169/0/default.jpg",The Master (2012),9,0.060787037,5252,,,,
MAST-12745,"https://digitalscholarship.brynmawr.edu/pta/mast/mast-12800/tiles/full/300,169/0/default.jpg",The Master (2012),9,0.0609375,5265,,,,
MAST-12800,"https://digitalscholarship.brynmawr.edu/pta/mast/mast-12828/tiles/full/300,169/0/default.jpg",The Master (2012),9,0.061111111,5280,,,,
MAST-12828,"https://digitalscholarship.brynmawr.edu/pta/mast/mast-12835/tiles/full/300,169/0/default.jpg",The Master (2012),9,0.061435185,5308,,,,
MAST-12835,"https://digitalscholarship.brynmawr.edu/pta/mast/mast-12845/tiles/full/300,169/0/default.jpg",The Master (2012),9,0.061516204,5315,,,,
MAST-12845,"https://digitalscholarship.brynmawr.edu/pta/mast/mast-12916/tiles/full/300,169/0/default.jpg",The Master (2012),9,0.061631944,5325,,,,
MAST-12916,"https://digitalscholarship.brynmawr.edu/pta/mast/mast-13011/tiles/full/300,169/0/default.jpg",The Master (2012),9,0.061990741,5356,,,,
MAST-13011,"https://digitalscholarship.brynmawr.edu/pta/mast/mast-13037/tiles/full/300,169/0/default.jpg",The Master (2012),9,0.062627315,5411,,,,
MAST-13037,"https://digitalscholarship.brynmawr.edu/pta/mast/mast-13116/tiles/full/300,169/0/default.jpg",The Master (2012),9,0.062928241,5437,,,,
MAST-13116,"https://digitalscholarship.brynmawr.edu/pta/mast/mast-13138/tiles/full/300,169/0/default.jpg",The Master (2012),9,0.06337963,5476,,,,
MAST-13138,"https://digitalscholarship.brynmawr.edu/pta/mast/mast-13207/tiles/full/300,169/0/default.jpg",The Master (2012),9,0.063634259,5498,,,,
MAST-13207,"https://digitalscholarship.brynmawr.edu/pta/mast/mast-13216/tiles/full/300,169/0/default.jpg",The Master (2012),9,0.063969907,5527,,,,
MAST-13216,"https://digitalscholarship.brynmawr.edu/pta/mast/mast-13224/tiles/full/300,169/0/default.jpg",The Master (2012),9,0.064074074,5536,,,,
MAST-13224,"https://digitalscholarship.brynmawr.edu/pta/mast/mast-13244/tiles/full/300,169/0/default.jpg",The Master (2012),9,0.064166667,5544,,,,
MAST-13244,"https://digitalscholarship.brynmawr.edu/pta/mast/mast-13310/tiles/full/300,169/0/default.jpg",The Master (2012),9,0.064398148,5564,,,,
MAST-13310,"https://digitalscholarship.brynmawr.edu/pta/mast/mast-13324/tiles/full/300,169/0/default.jpg",The Master (2012),9,0.064699074,5590,,,,
MAST-13324,"https://digitalscholarship.brynmawr.edu/pta/mast/mast-13408/tiles/full/300,169/0/default.jpg",The Master (2012),9,0.064861111,5604,,,,
MAST-13408,"https://digitalscholarship.brynmawr.edu/pta/mast/mast-13435/tiles/full/300,169/0/default.jpg",The Master (2012),9,0.06537037,5648,,,,
MAST-13435,"https://digitalscholarship.brynmawr.edu/pta/mast/mast-13500/tiles/full/300,169/0/default.jpg",The Master (2012),9,0.06568287,5675,,,,
MAST-13500,"https://digitalscholarship.brynmawr.edu/pta/mast/mast-13529/tiles/full/300,169/0/default.jpg",The Master (2012),10,0.065972222,5700,,,,
MAST-13529,"https://digitalscholarship.brynmawr.edu/pta/mast/mast-13532/tiles/full/300,169/0/default.jpg",The Master (2012),10,0.06630787,5729,,,,
MAST-13532,"https://digitalscholarship.brynmawr.edu/pta/mast/mast-13541/tiles/full/300,169/0/default.jpg",The Master (2012),10,0.066342593,5732,,,,
MAST-13541,"https://digitalscholarship.brynmawr.edu/pta/mast/mast-13555/tiles/full/300,169/0/default.jpg",The Master (2012),10,0.066446759,5741,,,,
MAST-13555,"https://digitalscholarship.brynmawr.edu/pta/mast/mast-13608/tiles/full/300,169/0/default.jpg",The Master (2012),10,0.066608796,5755,,,,
MAST-13608,"https://digitalscholarship.brynmawr.edu/pta/mast/mast-13611/tiles/full/300,169/0/default.jpg",The Master (2012),10,0.066759259,5768,,,,
MAST-13611,"https://digitalscholarship.brynmawr.edu/pta/mast/mast-13621/tiles/full/300,169/0/default.jpg",The Master (2012),10,0.066793981,5771,,,,
MAST-13621,"https://digitalscholarship.brynmawr.edu/pta/mast/mast-13624/tiles/full/300,169/0/default.jpg",The Master (2012),10,0.066909722,5781,,,,
MAST-13624,"https://digitalscholarship.brynmawr.edu/pta/mast/mast-13640/tiles/full/300,169/0/default.jpg",The Master (2012),10,0.066944444,5784,,,,
MAST-13640,"https://digitalscholarship.brynmawr.edu/pta/mast/mast-13709/tiles/full/300,169/0/default.jpg",The Master (2012),10,0.06712963,5800,,,,
MAST-13709,"https://digitalscholarship.brynmawr.edu/pta/mast/mast-13730/tiles/full/300,169/0/default.jpg",The Master (2012),10,0.067465278,5829,,,,
MAST-13730,"https://digitalscholarship.brynmawr.edu/pta/mast/mast-13746/tiles/full/300,169/0/default.jpg",The Master (2012),10,0.067708333,5850,,,,
MAST-13746,"https://digitalscholarship.brynmawr.edu/pta/mast/mast-13752/tiles/full/300,169/0/default.jpg",The Master (2012),10,0.067893519,5866,,,,
MAST-13752,"https://digitalscholarship.brynmawr.edu/pta/mast/mast-13832/tiles/full/300,169/0/default.jpg",The Master (2012),10,0.067962963,5872,,,,
MAST-13832,"https://digitalscholarship.brynmawr.edu/pta/mast/mast-13847/tiles/full/300,169/0/default.jpg",The Master (2012),10,0.068425926,5912,,,,
MAST-13847,"https://digitalscholarship.brynmawr.edu/pta/mast/mast-13858/tiles/full/300,169/0/default.jpg",The Master (2012),10,0.068599537,5927,,,,
MAST-13858,"https://digitalscholarship.brynmawr.edu/pta/mast/mast-13910/tiles/full/300,169/0/default.jpg",The Master (2012),10,0.068726852,5938,,,,
MAST-13910,"https://digitalscholarship.brynmawr.edu/pta/mast/mast-13928/tiles/full/300,169/0/default.jpg",The Master (2012),10,0.068865741,5950,,,,
MAST-13928,"https://digitalscholarship.brynmawr.edu/pta/mast/mast-13930/tiles/full/300,169/0/default.jpg",The Master (2012),10,0.069074074,5968,,,,
MAST-13930,"https://digitalscholarship.brynmawr.edu/pta/mast/mast-13952/tiles/full/300,169/0/default.jpg",The Master (2012),10,0.069097222,5970,,,,
MAST-13952,"https://digitalscholarship.brynmawr.edu/pta/mast/mast-13954/tiles/full/300,169/0/default.jpg",The Master (2012),10,0.069351852,5992,,,,
MAST-13954,"https://digitalscholarship.brynmawr.edu/pta/mast/mast-14014/tiles/full/300,169/0/default.jpg",The Master (2012),10,0.069375,5994,,,,
MAST-14014,"https://digitalscholarship.brynmawr.edu/pta/mast/mast-14021/tiles/full/300,169/0/default.jpg",The Master (2012),10,0.069606481,6014,,,,
MAST-14021,"https://digitalscholarship.brynmawr.edu/pta/mast/mast-14044/tiles/full/300,169/0/default.jpg",The Master (2012),10,0.0696875,6021,,,,
MAST-14044,"https://digitalscholarship.brynmawr.edu/pta/mast/mast-14054/tiles/full/300,169/0/default.jpg",The Master (2012),10,0.069953704,6044,,,,
MAST-14054,"https://digitalscholarship.brynmawr.edu/pta/mast/mast-14109/tiles/full/300,169/0/default.jpg",The Master (2012),10,0.070069444,6054,,,,
MAST-14109,"https://digitalscholarship.brynmawr.edu/pta/mast/mast-14122/tiles/full/300,169/0/default.jpg",The Master (2012),10,0.070243056,6069,,,,
MAST-14122,"https://digitalscholarship.brynmawr.edu/pta/mast/mast-14136/tiles/full/300,169/0/default.jpg",The Master (2012),10,0.070393519,6082,,,,
MAST-14136,"https://digitalscholarship.brynmawr.edu/pta/mast/mast-14141/tiles/full/300,169/0/default.jpg",The Master (2012),10,0.070555556,6096,,,,
MAST-14141,"https://digitalscholarship.brynmawr.edu/pta/mast/mast-14203/tiles/full/300,169/0/default.jpg",The Master (2012),10,0.070613426,6101,,,,
MAST-14203,"https://digitalscholarship.brynmawr.edu/pta/mast/mast-14215/tiles/full/300,169/0/default.jpg",The Master (2012),10,0.070868056,6123,,,,
MAST-14215,"https://digitalscholarship.brynmawr.edu/pta/mast/mast-14248/tiles/full/300,169/0/default.jpg",The Master (2012),10,0.071006944,6135,,,,
MAST-14248,"https://digitalscholarship.brynmawr.edu/pta/mast/mast-14339/tiles/full/300,169/0/default.jpg",The Master (2012),10,0.071388889,6168,,,,
MAST-14339,"https://digitalscholarship.brynmawr.edu/pta/mast/mast-14414/tiles/full/300,169/0/default.jpg",The Master (2012),10,0.071979167,6219,,,,
MAST-14414,"https://digitalscholarship.brynmawr.edu/pta/mast/mast-14502/tiles/full/300,169/0/default.jpg",The Master (2012),10,0.072384259,6254,,,,
MAST-14502,"https://digitalscholarship.brynmawr.edu/pta/mast/mast-14506/tiles/full/300,169/0/default.jpg",The Master (2012),10,0.072939815,6302,,,,
MAST-14506,"https://digitalscholarship.brynmawr.edu/pta/mast/mast-14517/tiles/full/300,169/0/default.jpg",The Master (2012),10,0.072986111,6306,,,,
MAST-14517,"https://digitalscholarship.brynmawr.edu/pta/mast/mast-14526/tiles/full/300,169/0/default.jpg",The Master (2012),10,0.073113426,6317,,,,
MAST-14526,"https://digitalscholarship.brynmawr.edu/pta/mast/mast-14551/tiles/full/300,169/0/default.jpg",The Master (2012),10,0.073217593,6326,,,,
MAST-14551,"https://digitalscholarship.brynmawr.edu/pta/mast/mast-14608/tiles/full/300,169/0/default.jpg",The Master (2012),10,0.073506944,6351,,,,
MAST-14608,"https://digitalscholarship.brynmawr.edu/pta/mast/mast-14719/tiles/full/300,169/0/default.jpg",The Master (2012),10,0.073703704,6368,,,,
MAST-14719,"https://digitalscholarship.brynmawr.edu/pta/mast/mast-14740/tiles/full/300,169/0/default.jpg",The Master (2012),11,0.074525463,6439,,,,
MAST-14740,"https://digitalscholarship.brynmawr.edu/pta/mast/mast-14812/tiles/full/300,169/0/default.jpg",The Master (2012),11,0.074768519,6460,,,,
MAST-14812,"https://digitalscholarship.brynmawr.edu/pta/mast/mast-14827/tiles/full/300,169/0/default.jpg",The Master (2012),11,0.075138889,6492,,,,
MAST-14827,"https://digitalscholarship.brynmawr.edu/pta/mast/mast-14837/tiles/full/300,169/0/default.jpg",The Master (2012),11,0.0753125,6507,,,,
MAST-14837,"https://digitalscholarship.brynmawr.edu/pta/mast/mast-14839/tiles/full/300,169/0/default.jpg",The Master (2012),11,0.075428241,6517,,,,
MAST-14839,"https://digitalscholarship.brynmawr.edu/pta/mast/mast-14853/tiles/full/300,169/0/default.jpg",The Master (2012),11,0.075451389,6519,,,,
MAST-14853,"https://digitalscholarship.brynmawr.edu/pta/mast/mast-14902/tiles/full/300,169/0/default.jpg",The Master (2012),11,0.075613426,6533,,,,
MAST-14902,"https://digitalscholarship.brynmawr.edu/pta/mast/mast-14926/tiles/full/300,169/0/default.jpg",The Master (2012),11,0.075717593,6542,,,,
MAST-14926,"https://digitalscholarship.brynmawr.edu/pta/mast/mast-14938/tiles/full/300,169/0/default.jpg",The Master (2012),11,0.07599537,6566,,,,
MAST-14938,"https://digitalscholarship.brynmawr.edu/pta/mast/mast-14958/tiles/full/300,169/0/default.jpg",The Master (2012),11,0.076134259,6578,,,,
MAST-14958,"https://digitalscholarship.brynmawr.edu/pta/mast/mast-15007/tiles/full/300,169/0/default.jpg",The Master (2012),11,0.076365741,6598,,,,
MAST-15007,"https://digitalscholarship.brynmawr.edu/pta/mast/mast-15014/tiles/full/300,169/0/default.jpg",The Master (2012),11,0.076469907,6607,,,,
MAST-15014,"https://digitalscholarship.brynmawr.edu/pta/mast/mast-15030/tiles/full/300,169/0/default.jpg",The Master (2012),11,0.076550926,6614,,,,
MAST-15030,"https://digitalscholarship.brynmawr.edu/pta/mast/mast-15053/tiles/full/300,169/0/default.jpg",The Master (2012),11,0.076736111,6630,,,,
MAST-15053,"https://digitalscholarship.brynmawr.edu/pta/mast/mast-15106/tiles/full/300,169/0/default.jpg",The Master (2012),11,0.077002315,6653,,,,
MAST-15106,"https://digitalscholarship.brynmawr.edu/pta/mast/mast-15121/tiles/full/300,169/0/default.jpg",The Master (2012),11,0.077152778,6666,,,,
MAST-15121,"https://digitalscholarship.brynmawr.edu/pta/mast/mast-15144/tiles/full/300,169/0/default.jpg",The Master (2012),11,0.077326389,6681,,,,
MAST-15144,"https://digitalscholarship.brynmawr.edu/pta/mast/mast-15147/tiles/full/300,169/0/default.jpg",The Master (2012),11,0.077592593,6704,,,,
MAST-15147,"https://digitalscholarship.brynmawr.edu/pta/mast/mast-15204/tiles/full/300,169/0/default.jpg",The Master (2012),11,0.077627315,6707,,,,
MAST-15204,"https://digitalscholarship.brynmawr.edu/pta/mast/mast-15220/tiles/full/300,169/0/default.jpg",The Master (2012),11,0.077824074,6724,,,,
MAST-15220,"https://digitalscholarship.brynmawr.edu/pta/mast/mast-15232/tiles/full/300,169/0/default.jpg",The Master (2012),11,0.078009259,6740,,,,
MAST-15232,"https://digitalscholarship.brynmawr.edu/pta/mast/mast-15311/tiles/full/300,169/0/default.jpg",The Master (2012),11,0.078148148,6752,,,,
MAST-15311,"https://digitalscholarship.brynmawr.edu/pta/mast/mast-15421/tiles/full/300,169/0/default.jpg",The Master (2012),11,0.078599537,6791,,,,
MAST-15421,"https://digitalscholarship.brynmawr.edu/pta/mast/mast-15546/tiles/full/300,169/0/default.jpg",The Master (2012),11,0.079409722,6861,,,,
MAST-15546,"https://digitalscholarship.brynmawr.edu/pta/mast/mast-15611/tiles/full/300,169/0/default.jpg",The Master (2012),12,0.080393519,6946,,,,
MAST-15611,"https://digitalscholarship.brynmawr.edu/pta/mast/mast-15614/tiles/full/300,169/0/default.jpg",The Master (2012),12,0.08068287,6971,,,,
MAST-15614,"https://digitalscholarship.brynmawr.edu/pta/mast/mast-15630/tiles/full/300,169/0/default.jpg",The Master (2012),12,0.080717593,6974,,,,
MAST-15630,"https://digitalscholarship.brynmawr.edu/pta/mast/mast-15746/tiles/full/300,169/0/default.jpg",The Master (2012),12,0.080902778,6990,,,,
MAST-15746,"https://digitalscholarship.brynmawr.edu/pta/mast/mast-15754/tiles/full/300,169/0/default.jpg",The Master (2012),12,0.081782407,7066,,,,
MAST-15754,"https://digitalscholarship.brynmawr.edu/pta/mast/mast-15811/tiles/full/300,169/0/default.jpg",The Master (2012),12,0.081875,7074,,,,
MAST-15811,"https://digitalscholarship.brynmawr.edu/pta/mast/mast-15828/tiles/full/300,169/0/default.jpg",The Master (2012),12,0.082071759,7091,,,,
MAST-15828,"https://digitalscholarship.brynmawr.edu/pta/mast/mast-15854/tiles/full/300,169/0/default.jpg",The Master (2012),12,0.082268519,7108,,,,
MAST-15854,"https://digitalscholarship.brynmawr.edu/pta/mast/mast-15910/tiles/full/300,169/0/default.jpg",The Master (2012),12,0.082569444,7134,,,,
MAST-15910,"https://digitalscholarship.brynmawr.edu/pta/mast/mast-15913/tiles/full/300,169/0/default.jpg",The Master (2012),12,0.08275463,7150,,,,
MAST-15913,"https://digitalscholarship.brynmawr.edu/pta/mast/mast-15933/tiles/full/300,169/0/default.jpg",The Master (2012),12,0.082789352,7153,,,,
MAST-15933,"https://digitalscholarship.brynmawr.edu/pta/mast/mast-15942/tiles/full/300,169/0/default.jpg",The Master (2012),12,0.083020833,7173,,,,
MAST-15942,"https://digitalscholarship.brynmawr.edu/pta/mast/mast-20021/tiles/full/300,169/0/default.jpg",The Master (2012),12,0.083125,7182,,,,
MAST-20021,"https://digitalscholarship.brynmawr.edu/pta/mast/mast-20029/tiles/full/300,169/0/default.jpg",The Master (2012),12,0.083576389,7221,,,,
MAST-20029,"https://digitalscholarship.brynmawr.edu/pta/mast/mast-20034/tiles/full/300,169/0/default.jpg",The Master (2012),12,0.083668981,7229,,,,
MAST-20034,"https://digitalscholarship.brynmawr.edu/pta/mast/mast-20045/tiles/full/300,169/0/default.jpg",The Master (2012),12,0.083726852,7234,,,,
MAST-20045,"https://digitalscholarship.brynmawr.edu/pta/mast/mast-20053/tiles/full/300,169/0/default.jpg",The Master (2012),12,0.083854167,7245,,,,
MAST-20053,"https://digitalscholarship.brynmawr.edu/pta/mast/mast-20059/tiles/full/300,169/0/default.jpg",The Master (2012),12,0.083946759,7253,,,,
MAST-20059,"https://digitalscholarship.brynmawr.edu/pta/mast/mast-20138/tiles/full/300,169/0/default.jpg",The Master (2012),12,0.084016204,7259,,,,
MAST-20138,"https://digitalscholarship.brynmawr.edu/pta/mast/mast-20159/tiles/full/300,169/0/default.jpg",The Master (2012),12,0.084351852,7288,,,,
MAST-20159,"https://digitalscholarship.brynmawr.edu/pta/mast/mast-20209/tiles/full/300,169/0/default.jpg",The Master (2012),12,0.084710648,7319,,,,
MAST-20209,"https://digitalscholarship.brynmawr.edu/pta/mast/mast-20241/tiles/full/300,169/0/default.jpg",The Master (2012),12,0.084826389,7329,,,,
MAST-20241,"https://digitalscholarship.brynmawr.edu/pta/mast/mast-20248/tiles/full/300,169/0/default.jpg",The Master (2012),12,0.085196759,7361,,,,
MAST-20248,"https://digitalscholarship.brynmawr.edu/pta/mast/mast-20301/tiles/full/300,169/0/default.jpg",The Master (2012),12,0.085277778,7368,,,,
MAST-20301,"https://digitalscholarship.brynmawr.edu/pta/mast/mast-20309/tiles/full/300,169/0/default.jpg",The Master (2012),12,0.085428241,7381,,,,
MAST-20309,"https://digitalscholarship.brynmawr.edu/pta/mast/mast-20311/tiles/full/300,169/0/default.jpg",The Master (2012),12,0.085520833,7389,,,,
MAST-20311,"https://digitalscholarship.brynmawr.edu/pta/mast/mast-20352/tiles/full/300,169/0/default.jpg",The Master (2012),12,0.085543981,7391,,,,
MAST-20352,"https://digitalscholarship.brynmawr.edu/pta/mast/mast-20402/tiles/full/300,169/0/default.jpg",The Master (2012),12,0.086018519,7432,,,,
MAST-20402,"https://digitalscholarship.brynmawr.edu/pta/mast/mast-20716/tiles/full/300,169/0/default.jpg",The Master (2012),12,0.086134259,7442,,,,
MAST-20716,"https://digitalscholarship.brynmawr.edu/pta/mast/mast-20723/tiles/full/300,169/0/default.jpg",The Master (2012),12,0.08837963,7636,,,,
MAST-20723,"https://digitalscholarship.brynmawr.edu/pta/mast/mast-20739/tiles/full/300,169/0/default.jpg",The Master (2012),12,0.088460648,7643,,,,
MAST-20739,"https://digitalscholarship.brynmawr.edu/pta/mast/mast-20751/tiles/full/300,169/0/default.jpg",The Master (2012),12,0.088645833,7659,,,,
MAST-20751,"https://digitalscholarship.brynmawr.edu/pta/mast/mast-20832/tiles/full/300,169/0/default.jpg",The Master (2012),12,0.088784722,7671,,,,
MAST-20832,"https://digitalscholarship.brynmawr.edu/pta/mast/mast-20851/tiles/full/300,169/0/default.jpg",The Master (2012),12,0.089259259,7712,,,,
MAST-20851,"https://digitalscholarship.brynmawr.edu/pta/mast/mast-20900/tiles/full/300,169/0/default.jpg",The Master (2012),12,0.089479167,7731,,,,
MAST-20900,"https://digitalscholarship.brynmawr.edu/pta/mast/mast-20902/tiles/full/300,169/0/default.jpg",The Master (2012),12,0.089583333,7740,,,,
MAST-20902,"https://digitalscholarship.brynmawr.edu/pta/mast/mast-20906/tiles/full/300,169/0/default.jpg",The Master (2012),12,0.089606481,7742,,,,
MAST-20906,"https://digitalscholarship.brynmawr.edu/pta/mast/mast-21022/tiles/full/300,169/0/default.jpg",The Master (2012),12,0.089652778,7746,,,,
MAST-21022,"https://digitalscholarship.brynmawr.edu/pta/mast/mast-21024/tiles/full/300,169/0/default.jpg",The Master (2012),12,0.090532407,7822,,,,
MAST-21024,"https://digitalscholarship.brynmawr.edu/pta/mast/mast-21048/tiles/full/300,169/0/default.jpg",The Master (2012),12,0.090555556,7824,,,,
MAST-21048,"https://digitalscholarship.brynmawr.edu/pta/mast/mast-21119/tiles/full/300,169/0/default.jpg",The Master (2012),12,0.090833333,7848,,,,
MAST-21119,"https://digitalscholarship.brynmawr.edu/pta/mast/mast-21126/tiles/full/300,169/0/default.jpg",The Master (2012),13,0.09119213,7879,,,,
MAST-21126,"https://digitalscholarship.brynmawr.edu/pta/mast/mast-21716/tiles/full/300,169/0/default.jpg",The Master (2012),13,0.091273148,7886,,,,
MAST-21716,"https://digitalscholarship.brynmawr.edu/pta/mast/mast-21716/tiles/full/300,169/0/default.jpg",The Master (2012),13,0.095324074,8236,,,,
INHE-00022,"https://digitalscholarship.brynmawr.edu/pta/inhe/inhe-00022/tiles/full/300,169/0/default.jpg",Inherent Vice (2014),1,0.00025463,22,,,,
INHE-00029,"https://digitalscholarship.brynmawr.edu/pta/inhe/inhe-00029/tiles/full/300,169/0/default.jpg",Inherent Vice (2014),1,0.000335648,29,,,,
INHE-00043,"https://digitalscholarship.brynmawr.edu/pta/inhe/inhe-00043/tiles/full/300,169/0/default.jpg",Inherent Vice (2014),1,0.000497685,43,,,,
INHE-00106,"https://digitalscholarship.brynmawr.edu/pta/inhe/inhe-00106/tiles/full/300,169/0/default.jpg",Inherent Vice (2014),1,0.000763889,66,,,,
INHE-00111,"https://digitalscholarship.brynmawr.edu/pta/inhe/inhe-00111/tiles/full/300,169/0/default.jpg",Inherent Vice (2014),1,0.000821759,71,,,,
INHE-00121,"https://digitalscholarship.brynmawr.edu/pta/inhe/inhe-00121/tiles/full/300,169/0/default.jpg",Inherent Vice (2014),1,0.0009375,81,,,,
INHE-00128,"https://digitalscholarship.brynmawr.edu/pta/inhe/inhe-00128/tiles/full/300,169/0/default.jpg",Inherent Vice (2014),1,0.001018519,88,,,,
INHE-00145,"https://digitalscholarship.brynmawr.edu/pta/inhe/inhe-00145/tiles/full/300,169/0/default.jpg",Inherent Vice (2014),1,0.001215278,105,,,,
INHE-00152,"https://digitalscholarship.brynmawr.edu/pta/inhe/inhe-00152/tiles/full/300,169/0/default.jpg",Inherent Vice (2014),1,0.001296296,112,,,,
INHE-00214,"https://digitalscholarship.brynmawr.edu/pta/inhe/inhe-00214/tiles/full/300,169/0/default.jpg",Inherent Vice (2014),1,0.001550926,134,,,,
INHE-00256,"https://digitalscholarship.brynmawr.edu/pta/inhe/inhe-00256/tiles/full/300,169/0/default.jpg",Inherent Vice (2014),1,0.002037037,176,,,,
INHE-00400,"https://digitalscholarship.brynmawr.edu/pta/inhe/inhe-00400/tiles/full/300,169/0/default.jpg",Inherent Vice (2014),1,0.002777778,240,,,,
INHE-00422,"https://digitalscholarship.brynmawr.edu/pta/inhe/inhe-00422/tiles/full/300,169/0/default.jpg",Inherent Vice (2014),1,0.003032407,262,,,,
INHE-00441,"https://digitalscholarship.brynmawr.edu/pta/inhe/inhe-00441/tiles/full/300,169/0/default.jpg",Inherent Vice (2014),1,0.003252315,281,,,,
INHE-00454,"https://digitalscholarship.brynmawr.edu/pta/inhe/inhe-00454/tiles/full/300,169/0/default.jpg",Inherent Vice (2014),1,0.003402778,294,,,,
INHE-00541,"https://digitalscholarship.brynmawr.edu/pta/inhe/inhe-00541/tiles/full/300,169/0/default.jpg",Inherent Vice (2014),1,0.003946759,341,,,,
INHE-00640,"https://digitalscholarship.brynmawr.edu/pta/inhe/inhe-00640/tiles/full/300,169/0/default.jpg",Inherent Vice (2014),1,0.00462963,400,,,,
INHE-00702,"https://digitalscholarship.brynmawr.edu/pta/inhe/inhe-00702/tiles/full/300,169/0/default.jpg",Inherent Vice (2014),1,0.004884259,422,,,,
INHE-00723,"https://digitalscholarship.brynmawr.edu/pta/inhe/inhe-00723/tiles/full/300,169/0/default.jpg",Inherent Vice (2014),1,0.005127315,443,,,,
INHE-00730,"https://digitalscholarship.brynmawr.edu/pta/inhe/inhe-00730/tiles/full/300,169/0/default.jpg",Inherent Vice (2014),1,0.005208333,450,,,,
INHE-00742,"https://digitalscholarship.brynmawr.edu/pta/inhe/inhe-00742/tiles/full/300,169/0/default.jpg",Inherent Vice (2014),1,0.005347222,462,,,,
INHE-00758,"https://digitalscholarship.brynmawr.edu/pta/inhe/inhe-00758/tiles/full/300,169/0/default.jpg",Inherent Vice (2014),1,0.005532407,478,,,,
INHE-00824,"https://digitalscholarship.brynmawr.edu/pta/inhe/inhe-00824/tiles/full/300,169/0/default.jpg",Inherent Vice (2014),1,0.005833333,504,,,,
INHE-00900,"https://digitalscholarship.brynmawr.edu/pta/inhe/inhe-00900/tiles/full/300,169/0/default.jpg",Inherent Vice (2014),2,0.00625,540,,,,
INHE-00937,"https://digitalscholarship.brynmawr.edu/pta/inhe/inhe-00937/tiles/full/300,169/0/default.jpg",Inherent Vice (2014),2,0.006678241,577,,,,
INHE-00941,"https://digitalscholarship.brynmawr.edu/pta/inhe/inhe-00941/tiles/full/300,169/0/default.jpg",Inherent Vice (2014),2,0.006724537,581,,,,
INHE-00951,"https://digitalscholarship.brynmawr.edu/pta/inhe/inhe-00951/tiles/full/300,169/0/default.jpg",Inherent Vice (2014),2,0.006840278,591,,,,
INHE-01138,"https://digitalscholarship.brynmawr.edu/pta/inhe/inhe-01138/tiles/full/300,169/0/default.jpg",Inherent Vice (2014),2,0.008078704,698,,,,
INHE-01212,"https://digitalscholarship.brynmawr.edu/pta/inhe/inhe-01212/tiles/full/300,169/0/default.jpg",Inherent Vice (2014),2,0.008472222,732,,,,
INHE-01220,"https://digitalscholarship.brynmawr.edu/pta/inhe/inhe-01220/tiles/full/300,169/0/default.jpg",Inherent Vice (2014),2,0.008564815,740,,,,
INHE-01246,"https://digitalscholarship.brynmawr.edu/pta/inhe/inhe-01246/tiles/full/300,169/0/default.jpg",Inherent Vice (2014),2,0.008865741,766,,,,
INHE-01254,"https://digitalscholarship.brynmawr.edu/pta/inhe/inhe-01254/tiles/full/300,169/0/default.jpg",Inherent Vice (2014),2,0.008958333,774,,,,
INHE-01307,"https://digitalscholarship.brynmawr.edu/pta/inhe/inhe-01307/tiles/full/300,169/0/default.jpg",Inherent Vice (2014),3,0.009108796,787,,,,
INHE-01312,"https://digitalscholarship.brynmawr.edu/pta/inhe/inhe-01312/tiles/full/300,169/0/default.jpg",Inherent Vice (2014),3,0.009166667,792,,,,
INHE-01320,"https://digitalscholarship.brynmawr.edu/pta/inhe/inhe-01320/tiles/full/300,169/0/default.jpg",Inherent Vice (2014),3,0.009259259,800,,,,
INHE-01331,"https://digitalscholarship.brynmawr.edu/pta/inhe/inhe-01331/tiles/full/300,169/0/default.jpg",Inherent Vice (2014),3,0.009386574,811,,,,
INHE-01343,"https://digitalscholarship.brynmawr.edu/pta/inhe/inhe-01343/tiles/full/300,169/0/default.jpg",Inherent Vice (2014),3,0.009525463,823,,,,
INHE-01351,"https://digitalscholarship.brynmawr.edu/pta/inhe/inhe-01351/tiles/full/300,169/0/default.jpg",Inherent Vice (2014),3,0.009618056,831,,,,
INHE-01420,"https://digitalscholarship.brynmawr.edu/pta/inhe/inhe-01420/tiles/full/300,169/0/default.jpg",Inherent Vice (2014),3,0.009953704,860,,,,
INHE-01424,"https://digitalscholarship.brynmawr.edu/pta/inhe/inhe-01424/tiles/full/300,169/0/default.jpg",Inherent Vice (2014),3,0.01,864,,,,
INHE-01540,"https://digitalscholarship.brynmawr.edu/pta/inhe/inhe-01540/tiles/full/300,169/0/default.jpg",Inherent Vice (2014),3,0.01087963,940,,,,
INHE-01603,"https://digitalscholarship.brynmawr.edu/pta/inhe/inhe-01603/tiles/full/300,169/0/default.jpg",Inherent Vice (2014),3,0.011145833,963,,,,
INHE-01619,"https://digitalscholarship.brynmawr.edu/pta/inhe/inhe-01619/tiles/full/300,169/0/default.jpg",Inherent Vice (2014),4,0.011331019,979,,,,
INHE-01627,"https://digitalscholarship.brynmawr.edu/pta/inhe/inhe-01627/tiles/full/300,169/0/default.jpg",Inherent Vice (2014),4,0.011423611,987,,,,
INHE-01640,"https://digitalscholarship.brynmawr.edu/pta/inhe/inhe-01640/tiles/full/300,169/0/default.jpg",Inherent Vice (2014),4,0.011574074,1000,,,,
INHE-01708,"https://digitalscholarship.brynmawr.edu/pta/inhe/inhe-01708/tiles/full/300,169/0/default.jpg",Inherent Vice (2014),4,0.011898148,1028,,,,
INHE-01733,"https://digitalscholarship.brynmawr.edu/pta/inhe/inhe-01733/tiles/full/300,169/0/default.jpg",Inherent Vice (2014),4,0.0121875,1053,,,,
INHE-01736,"https://digitalscholarship.brynmawr.edu/pta/inhe/inhe-01736/tiles/full/300,169/0/default.jpg",Inherent Vice (2014),4,0.012222222,1056,,,,
INHE-01755,"https://digitalscholarship.brynmawr.edu/pta/inhe/inhe-01755/tiles/full/300,169/0/default.jpg",Inherent Vice (2014),4,0.01244213,1075,,,,
INHE-01804,"https://digitalscholarship.brynmawr.edu/pta/inhe/inhe-01804/tiles/full/300,169/0/default.jpg",Inherent Vice (2014),4,0.012546296,1084,,,,
INHE-01826,"https://digitalscholarship.brynmawr.edu/pta/inhe/inhe-01826/tiles/full/300,169/0/default.jpg",Inherent Vice (2014),4,0.012800926,1106,,,,
INHE-01925,"https://digitalscholarship.brynmawr.edu/pta/inhe/inhe-01925/tiles/full/300,169/0/default.jpg",Inherent Vice (2014),4,0.013483796,1165,,,,
INHE-01953,"https://digitalscholarship.brynmawr.edu/pta/inhe/inhe-01953/tiles/full/300,169/0/default.jpg",Inherent Vice (2014),4,0.01380787,1193,,,,
INHE-02006,"https://digitalscholarship.brynmawr.edu/pta/inhe/inhe-02006/tiles/full/300,169/0/default.jpg",Inherent Vice (2014),4,0.013958333,1206,,,,
INHE-02008,"https://digitalscholarship.brynmawr.edu/pta/inhe/inhe-02008/tiles/full/300,169/0/default.jpg",Inherent Vice (2014),4,0.013981481,1208,,,,
INHE-02026,"https://digitalscholarship.brynmawr.edu/pta/inhe/inhe-02026/tiles/full/300,169/0/default.jpg",Inherent Vice (2014),4,0.014189815,1226,,,,
INHE-02038,"https://digitalscholarship.brynmawr.edu/pta/inhe/inhe-02038/tiles/full/300,169/0/default.jpg",Inherent Vice (2014),4,0.014328704,1238,,,,
INHE-02055,"https://digitalscholarship.brynmawr.edu/pta/inhe/inhe-02055/tiles/full/300,169/0/default.jpg",Inherent Vice (2014),4,0.014525463,1255,,,,
INHE-02106,"https://digitalscholarship.brynmawr.edu/pta/inhe/inhe-02106/tiles/full/300,169/0/default.jpg",Inherent Vice (2014),5,0.014652778,1266,,,,
INHE-02120,"https://digitalscholarship.brynmawr.edu/pta/inhe/inhe-02120/tiles/full/300,169/0/default.jpg",Inherent Vice (2014),5,0.014814815,1280,,,,
INHE-02313,"https://digitalscholarship.brynmawr.edu/pta/inhe/inhe-02313/tiles/full/300,169/0/default.jpg",Inherent Vice (2014),5,0.016122685,1393,,,,
INHE-02337,"https://digitalscholarship.brynmawr.edu/pta/inhe/inhe-02337/tiles/full/300,169/0/default.jpg",Inherent Vice (2014),5,0.016400463,1417,,,,
INHE-02410,"https://digitalscholarship.brynmawr.edu/pta/inhe/inhe-02410/tiles/full/300,169/0/default.jpg",Inherent Vice (2014),5,0.016782407,1450,,,,
INHE-02432,"https://digitalscholarship.brynmawr.edu/pta/inhe/inhe-02432/tiles/full/300,169/0/default.jpg",Inherent Vice (2014),5,0.017037037,1472,,,,
INHE-02436,"https://digitalscholarship.brynmawr.edu/pta/inhe/inhe-02436/tiles/full/300,169/0/default.jpg",Inherent Vice (2014),5,0.017083333,1476,,,,
INHE-02508,"https://digitalscholarship.brynmawr.edu/pta/inhe/inhe-02508/tiles/full/300,169/0/default.jpg",Inherent Vice (2014),5,0.017453704,1508,,,,
INHE-02520,"https://digitalscholarship.brynmawr.edu/pta/inhe/inhe-02520/tiles/full/300,169/0/default.jpg",Inherent Vice (2014),5,0.017592593,1520,,,,
INHE-02537,"https://digitalscholarship.brynmawr.edu/pta/inhe/inhe-02537/tiles/full/300,169/0/default.jpg",Inherent Vice (2014),5,0.017789352,1537,,,,
INHE-02542,"https://digitalscholarship.brynmawr.edu/pta/inhe/inhe-02542/tiles/full/300,169/0/default.jpg",Inherent Vice (2014),5,0.017847222,1542,,,,
INHE-02639,"https://digitalscholarship.brynmawr.edu/pta/inhe/inhe-02639/tiles/full/300,169/0/default.jpg",Inherent Vice (2014),5,0.018506944,1599,,,,
INHE-02703,"https://digitalscholarship.brynmawr.edu/pta/inhe/inhe-02703/tiles/full/300,169/0/default.jpg",Inherent Vice (2014),5,0.018784722,1623,,,,
INHE-02709,"https://digitalscholarship.brynmawr.edu/pta/inhe/inhe-02709/tiles/full/300,169/0/default.jpg",Inherent Vice (2014),5,0.018854167,1629,,,,
INHE-02716,"https://digitalscholarship.brynmawr.edu/pta/inhe/inhe-02716/tiles/full/300,169/0/default.jpg",Inherent Vice (2014),5,0.018935185,1636,,,,
INHE-02808,"https://digitalscholarship.brynmawr.edu/pta/inhe/inhe-02808/tiles/full/300,169/0/default.jpg",Inherent Vice (2014),5,0.019537037,1688,,,,
INHE-02818,"https://digitalscholarship.brynmawr.edu/pta/inhe/inhe-02818/tiles/full/300,169/0/default.jpg",Inherent Vice (2014),6,0.019652778,1698,,,,
INHE-02830,"https://digitalscholarship.brynmawr.edu/pta/inhe/inhe-02830/tiles/full/300,169/0/default.jpg",Inherent Vice (2014),6,0.019791667,1710,,,,
INHE-02932,"https://digitalscholarship.brynmawr.edu/pta/inhe/inhe-02932/tiles/full/300,169/0/default.jpg",Inherent Vice (2014),6,0.020509259,1772,,,,
INHE-02942,"https://digitalscholarship.brynmawr.edu/pta/inhe/inhe-02942/tiles/full/300,169/0/default.jpg",Inherent Vice (2014),6,0.020625,1782,,,,
INHE-03130,"https://digitalscholarship.brynmawr.edu/pta/inhe/inhe-03130/tiles/full/300,169/0/default.jpg",Inherent Vice (2014),6,0.021875,1890,,,,
INHE-03153,"https://digitalscholarship.brynmawr.edu/pta/inhe/inhe-03153/tiles/full/300,169/0/default.jpg",Inherent Vice (2014),6,0.022141204,1913,,,,
INHE-03154,"https://digitalscholarship.brynmawr.edu/pta/inhe/inhe-03154/tiles/full/300,169/0/default.jpg",Inherent Vice (2014),6,0.022152778,1914,,,,
INHE-03202,"https://digitalscholarship.brynmawr.edu/pta/inhe/inhe-03202/tiles/full/300,169/0/default.jpg",Inherent Vice (2014),6,0.02224537,1922,,,,
INHE-03216,"https://digitalscholarship.brynmawr.edu/pta/inhe/inhe-03216/tiles/full/300,169/0/default.jpg",Inherent Vice (2014),6,0.022407407,1936,,,,
INHE-03237,"https://digitalscholarship.brynmawr.edu/pta/inhe/inhe-03237/tiles/full/300,169/0/default.jpg",Inherent Vice (2014),6,0.022650463,1957,,,,
INHE-03245,"https://digitalscholarship.brynmawr.edu/pta/inhe/inhe-03245/tiles/full/300,169/0/default.jpg",Inherent Vice (2014),7,0.022743056,1965,,,,
INHE-03253,"https://digitalscholarship.brynmawr.edu/pta/inhe/inhe-03253/tiles/full/300,169/0/default.jpg",Inherent Vice (2014),7,0.022835648,1973,,,,
INHE-03300,"https://digitalscholarship.brynmawr.edu/pta/inhe/inhe-03300/tiles/full/300,169/0/default.jpg",Inherent Vice (2014),7,0.022916667,1980,,,,
INHE-03303,"https://digitalscholarship.brynmawr.edu/pta/inhe/inhe-03303/tiles/full/300,169/0/default.jpg",Inherent Vice (2014),7,0.022951389,1983,,,,
INHE-03306,"https://digitalscholarship.brynmawr.edu/pta/inhe/inhe-03306/tiles/full/300,169/0/default.jpg",Inherent Vice (2014),7,0.022986111,1986,,,,
INHE-03320,"https://digitalscholarship.brynmawr.edu/pta/inhe/inhe-03320/tiles/full/300,169/0/default.jpg",Inherent Vice (2014),7,0.023148148,2000,,,,
INHE-03339,"https://digitalscholarship.brynmawr.edu/pta/inhe/inhe-03339/tiles/full/300,169/0/default.jpg",Inherent Vice (2014),7,0.023368056,2019,,,,
INHE-03400,"https://digitalscholarship.brynmawr.edu/pta/inhe/inhe-03400/tiles/full/300,169/0/default.jpg",Inherent Vice (2014),7,0.023611111,2040,,,,
INHE-03435,"https://digitalscholarship.brynmawr.edu/pta/inhe/inhe-03435/tiles/full/300,169/0/default.jpg",Inherent Vice (2014),7,0.024016204,2075,,,,
INHE-03442,"https://digitalscholarship.brynmawr.edu/pta/inhe/inhe-03442/tiles/full/300,169/0/default.jpg",Inherent Vice (2014),7,0.024097222,2082,,,,
INHE-03516,"https://digitalscholarship.brynmawr.edu/pta/inhe/inhe-03516/tiles/full/300,169/0/default.jpg",Inherent Vice (2014),7,0.024490741,2116,,,,
INHE-03524,"https://digitalscholarship.brynmawr.edu/pta/inhe/inhe-03524/tiles/full/300,169/0/default.jpg",Inherent Vice (2014),7,0.024583333,2124,,,,
INHE-03537,"https://digitalscholarship.brynmawr.edu/pta/inhe/inhe-03537/tiles/full/300,169/0/default.jpg",Inherent Vice (2014),7,0.024733796,2137,,,,
INHE-03617,"https://digitalscholarship.brynmawr.edu/pta/inhe/inhe-03617/tiles/full/300,169/0/default.jpg",Inherent Vice (2014),7,0.025196759,2177,,,,
INHE-03655,"https://digitalscholarship.brynmawr.edu/pta/inhe/inhe-03655/tiles/full/300,169/0/default.jpg",Inherent Vice (2014),7,0.025636574,2215,,,,
INHE-03708,"https://digitalscholarship.brynmawr.edu/pta/inhe/inhe-03708/tiles/full/300,169/0/default.jpg",Inherent Vice (2014),7,0.025787037,2228,,,,
INHE-03744,"https://digitalscholarship.brynmawr.edu/pta/inhe/inhe-03744/tiles/full/300,169/0/default.jpg",Inherent Vice (2014),8,0.026203704,2264,,,,
INHE-03923,"https://digitalscholarship.brynmawr.edu/pta/inhe/inhe-03923/tiles/full/300,169/0/default.jpg",Inherent Vice (2014),8,0.027349537,2363,,,,
INHE-04012,"https://digitalscholarship.brynmawr.edu/pta/inhe/inhe-04012/tiles/full/300,169/0/default.jpg",Inherent Vice (2014),8,0.027916667,2412,,,,
INHE-04024,"https://digitalscholarship.brynmawr.edu/pta/inhe/inhe-04024/tiles/full/300,169/0/default.jpg",Inherent Vice (2014),8,0.028055556,2424,,,,
INHE-04036,"https://digitalscholarship.brynmawr.edu/pta/inhe/inhe-04036/tiles/full/300,169/0/default.jpg",Inherent Vice (2014),8,0.028194444,2436,,,,
INHE-04045,"https://digitalscholarship.brynmawr.edu/pta/inhe/inhe-04045/tiles/full/300,169/0/default.jpg",Inherent Vice (2014),8,0.028298611,2445,,,,
INHE-04216,"https://digitalscholarship.brynmawr.edu/pta/inhe/inhe-04216/tiles/full/300,169/0/default.jpg",Inherent Vice (2014),8,0.029351852,2536,,,,
INHE-04236,"https://digitalscholarship.brynmawr.edu/pta/inhe/inhe-04236/tiles/full/300,169/0/default.jpg",Inherent Vice (2014),8,0.029583333,2556,,,,
INHE-04252,"https://digitalscholarship.brynmawr.edu/pta/inhe/inhe-04252/tiles/full/300,169/0/default.jpg",Inherent Vice (2014),8,0.029768519,2572,,,,
INHE-04253,"https://digitalscholarship.brynmawr.edu/pta/inhe/inhe-04253/tiles/full/300,169/0/default.jpg",Inherent Vice (2014),9,0.029780093,2573,,,,
INHE-04303,"https://digitalscholarship.brynmawr.edu/pta/inhe/inhe-04303/tiles/full/300,169/0/default.jpg",Inherent Vice (2014),9,0.029895833,2583,,,,
INHE-04317,"https://digitalscholarship.brynmawr.edu/pta/inhe/inhe-04317/tiles/full/300,169/0/default.jpg",Inherent Vice (2014),9,0.03005787,2597,,,,
INHE-04323,"https://digitalscholarship.brynmawr.edu/pta/inhe/inhe-04323/tiles/full/300,169/0/default.jpg",Inherent Vice (2014),9,0.030127315,2603,,,,
INHE-04334,"https://digitalscholarship.brynmawr.edu/pta/inhe/inhe-04334/tiles/full/300,169/0/default.jpg",Inherent Vice (2014),9,0.03025463,2614,,,,
INHE-04341,"https://digitalscholarship.brynmawr.edu/pta/inhe/inhe-04341/tiles/full/300,169/0/default.jpg",Inherent Vice (2014),9,0.030335648,2621,,,,
INHE-04350,"https://digitalscholarship.brynmawr.edu/pta/inhe/inhe-04350/tiles/full/300,169/0/default.jpg",Inherent Vice (2014),9,0.030439815,2630,,,,
INHE-04356,"https://digitalscholarship.brynmawr.edu/pta/inhe/inhe-04356/tiles/full/300,169/0/default.jpg",Inherent Vice (2014),9,0.030509259,2636,,,,
INHE-04501,"https://digitalscholarship.brynmawr.edu/pta/inhe/inhe-04501/tiles/full/300,169/0/default.jpg",Inherent Vice (2014),9,0.031261574,2701,,,,
INHE-04607,"https://digitalscholarship.brynmawr.edu/pta/inhe/inhe-04607/tiles/full/300,169/0/default.jpg",Inherent Vice (2014),9,0.032025463,2767,,,,
INHE-04727,"https://digitalscholarship.brynmawr.edu/pta/inhe/inhe-04727/tiles/full/300,169/0/default.jpg",Inherent Vice (2014),9,0.032951389,2847,,,,
INHE-04756,"https://digitalscholarship.brynmawr.edu/pta/inhe/inhe-04756/tiles/full/300,169/0/default.jpg",Inherent Vice (2014),10,0.033287037,2876,,,,
INHE-04806,"https://digitalscholarship.brynmawr.edu/pta/inhe/inhe-04806/tiles/full/300,169/0/default.jpg",Inherent Vice (2014),10,0.033402778,2886,,,,
INHE-04844,"https://digitalscholarship.brynmawr.edu/pta/inhe/inhe-04844/tiles/full/300,169/0/default.jpg",Inherent Vice (2014),10,0.033842593,2924,,,,
INHE-04858,"https://digitalscholarship.brynmawr.edu/pta/inhe/inhe-04858/tiles/full/300,169/0/default.jpg",Inherent Vice (2014),10,0.03400463,2938,,,,
INHE-04914,"https://digitalscholarship.brynmawr.edu/pta/inhe/inhe-04914/tiles/full/300,169/0/default.jpg",Inherent Vice (2014),10,0.034189815,2954,,,,
INHE-05005,"https://digitalscholarship.brynmawr.edu/pta/inhe/inhe-05005/tiles/full/300,169/0/default.jpg",Inherent Vice (2014),10,0.034780093,3005,,,,
INHE-05049,"https://digitalscholarship.brynmawr.edu/pta/inhe/inhe-05049/tiles/full/300,169/0/default.jpg",Inherent Vice (2014),10,0.035289352,3049,,,,
INHE-05134,"https://digitalscholarship.brynmawr.edu/pta/inhe/inhe-05134/tiles/full/300,169/0/default.jpg",Inherent Vice (2014),10,0.035810185,3094,,,,
INHE-05236,"https://digitalscholarship.brynmawr.edu/pta/inhe/inhe-05236/tiles/full/300,169/0/default.jpg",Inherent Vice (2014),10,0.036527778,3156,,,,
INHE-05316,"https://digitalscholarship.brynmawr.edu/pta/inhe/inhe-05316/tiles/full/300,169/0/default.jpg",Inherent Vice (2014),10,0.036990741,3196,,,,
INHE-05320,"https://digitalscholarship.brynmawr.edu/pta/inhe/inhe-05320/tiles/full/300,169/0/default.jpg",Inherent Vice (2014),10,0.037037037,3200,,,,
INHE-05327,"https://digitalscholarship.brynmawr.edu/pta/inhe/inhe-05327/tiles/full/300,169/0/default.jpg",Inherent Vice (2014),10,0.037118056,3207,,,,
INHE-05332,"https://digitalscholarship.brynmawr.edu/pta/inhe/inhe-05332/tiles/full/300,169/0/default.jpg",Inherent Vice (2014),10,0.037175926,3212,,,,
INHE-05356,"https://digitalscholarship.brynmawr.edu/pta/inhe/inhe-05356/tiles/full/300,169/0/default.jpg",Inherent Vice (2014),11,0.037453704,3236,,,,
INHE-05512,"https://digitalscholarship.brynmawr.edu/pta/inhe/inhe-05512/tiles/full/300,169/0/default.jpg",Inherent Vice (2014),11,0.038333333,3312,,,,
INHE-05522,"https://digitalscholarship.brynmawr.edu/pta/inhe/inhe-05522/tiles/full/300,169/0/default.jpg",Inherent Vice (2014),11,0.038449074,3322,,,,
INHE-05541,"https://digitalscholarship.brynmawr.edu/pta/inhe/inhe-05541/tiles/full/300,169/0/default.jpg",Inherent Vice (2014),11,0.038668981,3341,,,,
INHE-05545,"https://digitalscholarship.brynmawr.edu/pta/inhe/inhe-05545/tiles/full/300,169/0/default.jpg",Inherent Vice (2014),11,0.038715278,3345,,,,
INHE-05643,"https://digitalscholarship.brynmawr.edu/pta/inhe/inhe-05643/tiles/full/300,169/0/default.jpg",Inherent Vice (2014),11,0.039386574,3403,,,,
INHE-05650,"https://digitalscholarship.brynmawr.edu/pta/inhe/inhe-05650/tiles/full/300,169/0/default.jpg",Inherent Vice (2014),12,0.039467593,3410,,,,
INHE-05704,"https://digitalscholarship.brynmawr.edu/pta/inhe/inhe-05704/tiles/full/300,169/0/default.jpg",Inherent Vice (2014),12,0.03962963,3424,,,,
INHE-05736,"https://digitalscholarship.brynmawr.edu/pta/inhe/inhe-05736/tiles/full/300,169/0/default.jpg",Inherent Vice (2014),12,0.04,3456,,,,
INHE-05757,"https://digitalscholarship.brynmawr.edu/pta/inhe/inhe-05757/tiles/full/300,169/0/default.jpg",Inherent Vice (2014),12,0.040243056,3477,,,,
INHE-05846,"https://digitalscholarship.brynmawr.edu/pta/inhe/inhe-05846/tiles/full/300,169/0/default.jpg",Inherent Vice (2014),12,0.040810185,3526,,,,
INHE-05931,"https://digitalscholarship.brynmawr.edu/pta/inhe/inhe-05931/tiles/full/300,169/0/default.jpg",Inherent Vice (2014),12,0.041331019,3571,,,,
INHE-10140,"https://digitalscholarship.brynmawr.edu/pta/inhe/inhe-10140/tiles/full/300,169/0/default.jpg",Inherent Vice (2014),12,0.042824074,3700,,,,
INHE-10347,"https://digitalscholarship.brynmawr.edu/pta/inhe/inhe-10347/tiles/full/300,169/0/default.jpg",Inherent Vice (2014),12,0.044293981,3827,,,,
INHE-10350,"https://digitalscholarship.brynmawr.edu/pta/inhe/inhe-10350/tiles/full/300,169/0/default.jpg",Inherent Vice (2014),12,0.044328704,3830,,,,
INHE-10355,"https://digitalscholarship.brynmawr.edu/pta/inhe/inhe-10355/tiles/full/300,169/0/default.jpg",Inherent Vice (2014),12,0.044386574,3835,,,,
INHE-10403,"https://digitalscholarship.brynmawr.edu/pta/inhe/inhe-10403/tiles/full/300,169/0/default.jpg",Inherent Vice (2014),12,0.044479167,3843,,,,
INHE-10409,"https://digitalscholarship.brynmawr.edu/pta/inhe/inhe-10409/tiles/full/300,169/0/default.jpg",Inherent Vice (2014),12,0.044548611,3849,,,,
INHE-10411,"https://digitalscholarship.brynmawr.edu/pta/inhe/inhe-10411/tiles/full/300,169/0/default.jpg",Inherent Vice (2014),12,0.044571759,3851,,,,
INHE-10424,"https://digitalscholarship.brynmawr.edu/pta/inhe/inhe-10424/tiles/full/300,169/0/default.jpg",Inherent Vice (2014),12,0.044722222,3864,,,,
INHE-10503,"https://digitalscholarship.brynmawr.edu/pta/inhe/inhe-10503/tiles/full/300,169/0/default.jpg",Inherent Vice (2014),12,0.045173611,3903,,,,
INHE-10507,"https://digitalscholarship.brynmawr.edu/pta/inhe/inhe-10507/tiles/full/300,169/0/default.jpg",Inherent Vice (2014),13,0.045219907,3907,,,,
INHE-10525,"https://digitalscholarship.brynmawr.edu/pta/inhe/inhe-10525/tiles/full/300,169/0/default.jpg",Inherent Vice (2014),13,0.045428241,3925,,,,
INHE-10555,"https://digitalscholarship.brynmawr.edu/pta/inhe/inhe-10555/tiles/full/300,169/0/default.jpg",Inherent Vice (2014),13,0.045775463,3955,,,,
INHE-10610,"https://digitalscholarship.brynmawr.edu/pta/inhe/inhe-10610/tiles/full/300,169/0/default.jpg",Inherent Vice (2014),13,0.045949074,3970,,,,
INHE-10623,"https://digitalscholarship.brynmawr.edu/pta/inhe/inhe-10623/tiles/full/300,169/0/default.jpg",Inherent Vice (2014),13,0.046099537,3983,,,,
INHE-10637,"https://digitalscholarship.brynmawr.edu/pta/inhe/inhe-10637/tiles/full/300,169/0/default.jpg",Inherent Vice (2014),13,0.046261574,3997,,,,
INHE-10641,"https://digitalscholarship.brynmawr.edu/pta/inhe/inhe-10641/tiles/full/300,169/0/default.jpg",Inherent Vice (2014),13,0.04630787,4001,,,,
INHE-10722,"https://digitalscholarship.brynmawr.edu/pta/inhe/inhe-10722/tiles/full/300,169/0/default.jpg",Inherent Vice (2014),14,0.046782407,4042,,,,
INHE-10740,"https://digitalscholarship.brynmawr.edu/pta/inhe/inhe-10740/tiles/full/300,169/0/default.jpg",Inherent Vice (2014),14,0.046990741,4060,,,,
INHE-10745,"https://digitalscholarship.brynmawr.edu/pta/inhe/inhe-10745/tiles/full/300,169/0/default.jpg",Inherent Vice (2014),14,0.047048611,4065,,,,
INHE-10759,"https://digitalscholarship.brynmawr.edu/pta/inhe/inhe-10759/tiles/full/300,169/0/default.jpg",Inherent Vice (2014),14,0.047210648,4079,,,,
INHE-10808,"https://digitalscholarship.brynmawr.edu/pta/inhe/inhe-10808/tiles/full/300,169/0/default.jpg",Inherent Vice (2014),14,0.047314815,4088,,,,
INHE-10848,"https://digitalscholarship.brynmawr.edu/pta/inhe/inhe-10848/tiles/full/300,169/0/default.jpg",Inherent Vice (2014),14,0.047777778,4128,,,,
INHE-10857,"https://digitalscholarship.brynmawr.edu/pta/inhe/inhe-10857/tiles/full/300,169/0/default.jpg",Inherent Vice (2014),14,0.047881944,4137,,,,
INHE-10917,"https://digitalscholarship.brynmawr.edu/pta/inhe/inhe-10917/tiles/full/300,169/0/default.jpg",Inherent Vice (2014),14,0.048113426,4157,,,,
INHE-10923,"https://digitalscholarship.brynmawr.edu/pta/inhe/inhe-10923/tiles/full/300,169/0/default.jpg",Inherent Vice (2014),14,0.04818287,4163,,,,
INHE-11023,"https://digitalscholarship.brynmawr.edu/pta/inhe/inhe-11023/tiles/full/300,169/0/default.jpg",Inherent Vice (2014),14,0.048877315,4223,,,,
INHE-11049,"https://digitalscholarship.brynmawr.edu/pta/inhe/inhe-11049/tiles/full/300,169/0/default.jpg",Inherent Vice (2014),14,0.049178241,4249,,,,
INHE-11100,"https://digitalscholarship.brynmawr.edu/pta/inhe/inhe-11100/tiles/full/300,169/0/default.jpg",Inherent Vice (2014),14,0.049305556,4260,,,,
INHE-11113,"https://digitalscholarship.brynmawr.edu/pta/inhe/inhe-11113/tiles/full/300,169/0/default.jpg",Inherent Vice (2014),14,0.049456019,4273,,,,
INHE-11153,"https://digitalscholarship.brynmawr.edu/pta/inhe/inhe-11153/tiles/full/300,169/0/default.jpg",Inherent Vice (2014),14,0.049918981,4313,,,,
INHE-11158,"https://digitalscholarship.brynmawr.edu/pta/inhe/inhe-11158/tiles/full/300,169/0/default.jpg",Inherent Vice (2014),14,0.049976852,4318,,,,
INHE-11208,"https://digitalscholarship.brynmawr.edu/pta/inhe/inhe-11208/tiles/full/300,169/0/default.jpg",Inherent Vice (2014),14,0.050092593,4328,,,,
INHE-11210,"https://digitalscholarship.brynmawr.edu/pta/inhe/inhe-11210/tiles/full/300,169/0/default.jpg",Inherent Vice (2014),15,0.050115741,4330,,,,
INHE-11232,"https://digitalscholarship.brynmawr.edu/pta/inhe/inhe-11232/tiles/full/300,169/0/default.jpg",Inherent Vice (2014),15,0.05037037,4352,,,,
INHE-11255,"https://digitalscholarship.brynmawr.edu/pta/inhe/inhe-11255/tiles/full/300,169/0/default.jpg",Inherent Vice (2014),15,0.050636574,4375,,,,
INHE-11310,"https://digitalscholarship.brynmawr.edu/pta/inhe/inhe-11310/tiles/full/300,169/0/default.jpg",Inherent Vice (2014),15,0.050810185,4390,,,,
INHE-11319,"https://digitalscholarship.brynmawr.edu/pta/inhe/inhe-11319/tiles/full/300,169/0/default.jpg",Inherent Vice (2014),15,0.050914352,4399,,,,
INHE-11325,"https://digitalscholarship.brynmawr.edu/pta/inhe/inhe-11325/tiles/full/300,169/0/default.jpg",Inherent Vice (2014),15,0.050983796,4405,,,,
INHE-11337,"https://digitalscholarship.brynmawr.edu/pta/inhe/inhe-11337/tiles/full/300,169/0/default.jpg",Inherent Vice (2014),15,0.051122685,4417,,,,
INHE-11343,"https://digitalscholarship.brynmawr.edu/pta/inhe/inhe-11343/tiles/full/300,169/0/default.jpg",Inherent Vice (2014),15,0.05119213,4423,,,,
INHE-11352,"https://digitalscholarship.brynmawr.edu/pta/inhe/inhe-11352/tiles/full/300,169/0/default.jpg",Inherent Vice (2014),15,0.051296296,4432,,,,
INHE-11353,"https://digitalscholarship.brynmawr.edu/pta/inhe/inhe-11353/tiles/full/300,169/0/default.jpg",Inherent Vice (2014),15,0.05130787,4433,,,,
INHE-11357,"https://digitalscholarship.brynmawr.edu/pta/inhe/inhe-11357/tiles/full/300,169/0/default.jpg",Inherent Vice (2014),15,0.051354167,4437,,,,
INHE-11402,"https://digitalscholarship.brynmawr.edu/pta/inhe/inhe-11402/tiles/full/300,169/0/default.jpg",Inherent Vice (2014),15,0.051412037,4442,,,,
INHE-11419,"https://digitalscholarship.brynmawr.edu/pta/inhe/inhe-11419/tiles/full/300,169/0/default.jpg",Inherent Vice (2014),15,0.051608796,4459,,,,
INHE-11430,"https://digitalscholarship.brynmawr.edu/pta/inhe/inhe-11430/tiles/full/300,169/0/default.jpg",Inherent Vice (2014),15,0.051736111,4470,,,,
INHE-11435,"https://digitalscholarship.brynmawr.edu/pta/inhe/inhe-11435/tiles/full/300,169/0/default.jpg",Inherent Vice (2014),15,0.051793981,4475,,,,
INHE-11441,"https://digitalscholarship.brynmawr.edu/pta/inhe/inhe-11441/tiles/full/300,169/0/default.jpg",Inherent Vice (2014),15,0.051863426,4481,,,,
INHE-11455,"https://digitalscholarship.brynmawr.edu/pta/inhe/inhe-11455/tiles/full/300,169/0/default.jpg",Inherent Vice (2014),15,0.052025463,4495,,,,
INHE-11515,"https://digitalscholarship.brynmawr.edu/pta/inhe/inhe-11515/tiles/full/300,169/0/default.jpg",Inherent Vice (2014),15,0.052256944,4515,,,,
INHE-11528,"https://digitalscholarship.brynmawr.edu/pta/inhe/inhe-11528/tiles/full/300,169/0/default.jpg",Inherent Vice (2014),15,0.052407407,4528,,,,
INHE-11533,"https://digitalscholarship.brynmawr.edu/pta/inhe/inhe-11533/tiles/full/300,169/0/default.jpg",Inherent Vice (2014),15,0.052465278,4533,,,,
INHE-11541,"https://digitalscholarship.brynmawr.edu/pta/inhe/inhe-11541/tiles/full/300,169/0/default.jpg",Inherent Vice (2014),16,0.05255787,4541,,,,
INHE-11557,"https://digitalscholarship.brynmawr.edu/pta/inhe/inhe-11557/tiles/full/300,169/0/default.jpg",Inherent Vice (2014),16,0.052743056,4557,,,,
INHE-11607,"https://digitalscholarship.brynmawr.edu/pta/inhe/inhe-11607/tiles/full/300,169/0/default.jpg",Inherent Vice (2014),16,0.052858796,4567,,,,
INHE-11612,"https://digitalscholarship.brynmawr.edu/pta/inhe/inhe-11612/tiles/full/300,169/0/default.jpg",Inherent Vice (2014),16,0.052916667,4572,,,,
INHE-11640,"https://digitalscholarship.brynmawr.edu/pta/inhe/inhe-11640/tiles/full/300,169/0/default.jpg",Inherent Vice (2014),16,0.053240741,4600,,,,
INHE-11649,"https://digitalscholarship.brynmawr.edu/pta/inhe/inhe-11649/tiles/full/300,169/0/default.jpg",Inherent Vice (2014),16,0.053344907,4609,,,,
INHE-11702,"https://digitalscholarship.brynmawr.edu/pta/inhe/inhe-11702/tiles/full/300,169/0/default.jpg",Inherent Vice (2014),16,0.05349537,4622,,,,
INHE-11715,"https://digitalscholarship.brynmawr.edu/pta/inhe/inhe-11715/tiles/full/300,169/0/default.jpg",Inherent Vice (2014),16,0.053645833,4635,,,,
INHE-11725,"https://digitalscholarship.brynmawr.edu/pta/inhe/inhe-11725/tiles/full/300,169/0/default.jpg",Inherent Vice (2014),16,0.053761574,4645,,,,
INHE-11730,"https://digitalscholarship.brynmawr.edu/pta/inhe/inhe-11730/tiles/full/300,169/0/default.jpg",Inherent Vice (2014),16,0.053819444,4650,,,,
INHE-11746,"https://digitalscholarship.brynmawr.edu/pta/inhe/inhe-11746/tiles/full/300,169/0/default.jpg",Inherent Vice (2014),16,0.05400463,4666,,,,
INHE-11748,"https://digitalscholarship.brynmawr.edu/pta/inhe/inhe-11748/tiles/full/300,169/0/default.jpg",Inherent Vice (2014),16,0.054027778,4668,,,,
INHE-11903,"https://digitalscholarship.brynmawr.edu/pta/inhe/inhe-11903/tiles/full/300,169/0/default.jpg",Inherent Vice (2014),16,0.054895833,4743,,,,
INHE-11912,"https://digitalscholarship.brynmawr.edu/pta/inhe/inhe-11912/tiles/full/300,169/0/default.jpg",Inherent Vice (2014),16,0.055,4752,,,,
INHE-11916,"https://digitalscholarship.brynmawr.edu/pta/inhe/inhe-11916/tiles/full/300,169/0/default.jpg",Inherent Vice (2014),16,0.055046296,4756,,,,
INHE-11925,"https://digitalscholarship.brynmawr.edu/pta/inhe/inhe-11925/tiles/full/300,169/0/default.jpg",Inherent Vice (2014),16,0.055150463,4765,,,,
INHE-11953,"https://digitalscholarship.brynmawr.edu/pta/inhe/inhe-11953/tiles/full/300,169/0/default.jpg",Inherent Vice (2014),16,0.055474537,4793,,,,
INHE-12007,"https://digitalscholarship.brynmawr.edu/pta/inhe/inhe-12007/tiles/full/300,169/0/default.jpg",Inherent Vice (2014),16,0.055636574,4807,,,,
INHE-12023,"https://digitalscholarship.brynmawr.edu/pta/inhe/inhe-12023/tiles/full/300,169/0/default.jpg",Inherent Vice (2014),16,0.055821759,4823,,,,
INHE-12026,"https://digitalscholarship.brynmawr.edu/pta/inhe/inhe-12026/tiles/full/300,169/0/default.jpg",Inherent Vice (2014),16,0.055856481,4826,,,,
INHE-12028,"https://digitalscholarship.brynmawr.edu/pta/inhe/inhe-12028/tiles/full/300,169/0/default.jpg",Inherent Vice (2014),16,0.05587963,4828,,,,
INHE-12049,"https://digitalscholarship.brynmawr.edu/pta/inhe/inhe-12049/tiles/full/300,169/0/default.jpg",Inherent Vice (2014),16,0.056122685,4849,,,,
INHE-12110,"https://digitalscholarship.brynmawr.edu/pta/inhe/inhe-12110/tiles/full/300,169/0/default.jpg",Inherent Vice (2014),16,0.056365741,4870,,,,
INHE-12132,"https://digitalscholarship.brynmawr.edu/pta/inhe/inhe-12132/tiles/full/300,169/0/default.jpg",Inherent Vice (2014),16,0.05662037,4892,,,,
INHE-12211,"https://digitalscholarship.brynmawr.edu/pta/inhe/inhe-12211/tiles/full/300,169/0/default.jpg",Inherent Vice (2014),16,0.057071759,4931,,,,
INHE-12220,"https://digitalscholarship.brynmawr.edu/pta/inhe/inhe-12220/tiles/full/300,169/0/default.jpg",Inherent Vice (2014),16,0.057175926,4940,,,,
INHE-12305,"https://digitalscholarship.brynmawr.edu/pta/inhe/inhe-12305/tiles/full/300,169/0/default.jpg",Inherent Vice (2014),16,0.057696759,4985,,,,
INHE-12309,"https://digitalscholarship.brynmawr.edu/pta/inhe/inhe-12309/tiles/full/300,169/0/default.jpg",Inherent Vice (2014),16,0.057743056,4989,,,,
INHE-12322,"https://digitalscholarship.brynmawr.edu/pta/inhe/inhe-12322/tiles/full/300,169/0/default.jpg",Inherent Vice (2014),16,0.057893519,5002,,,,
INHE-12331,"https://digitalscholarship.brynmawr.edu/pta/inhe/inhe-12331/tiles/full/300,169/0/default.jpg",Inherent Vice (2014),16,0.057997685,5011,,,,
INHE-12341,"https://digitalscholarship.brynmawr.edu/pta/inhe/inhe-12341/tiles/full/300,169/0/default.jpg",Inherent Vice (2014),16,0.058113426,5021,,,,
INHE-12349,"https://digitalscholarship.brynmawr.edu/pta/inhe/inhe-12349/tiles/full/300,169/0/default.jpg",Inherent Vice (2014),16,0.058206019,5029,,,,
INHE-12357,"https://digitalscholarship.brynmawr.edu/pta/inhe/inhe-12357/tiles/full/300,169/0/default.jpg",Inherent Vice (2014),16,0.058298611,5037,,,,
INHE-12418,"https://digitalscholarship.brynmawr.edu/pta/inhe/inhe-12418/tiles/full/300,169/0/default.jpg",Inherent Vice (2014),16,0.058541667,5058,,,,
INHE-12431,"https://digitalscholarship.brynmawr.edu/pta/inhe/inhe-12431/tiles/full/300,169/0/default.jpg",Inherent Vice (2014),16,0.05869213,5071,,,,
INHE-12444,"https://digitalscholarship.brynmawr.edu/pta/inhe/inhe-12444/tiles/full/300,169/0/default.jpg",Inherent Vice (2014),17,0.058842593,5084,,,,
INHE-12448,"https://digitalscholarship.brynmawr.edu/pta/inhe/inhe-12448/tiles/full/300,169/0/default.jpg",Inherent Vice (2014),17,0.058888889,5088,,,,
INHE-12515,"https://digitalscholarship.brynmawr.edu/pta/inhe/inhe-12515/tiles/full/300,169/0/default.jpg",Inherent Vice (2014),17,0.059201389,5115,,,,
INHE-12524,"https://digitalscholarship.brynmawr.edu/pta/inhe/inhe-12524/tiles/full/300,169/0/default.jpg",Inherent Vice (2014),17,0.059305556,5124,,,,
INHE-12642,"https://digitalscholarship.brynmawr.edu/pta/inhe/inhe-12642/tiles/full/300,169/0/default.jpg",Inherent Vice (2014),17,0.060208333,5202,,,,
INHE-12654,"https://digitalscholarship.brynmawr.edu/pta/inhe/inhe-12654/tiles/full/300,169/0/default.jpg",Inherent Vice (2014),17,0.060347222,5214,,,,
INHE-12655,"https://digitalscholarship.brynmawr.edu/pta/inhe/inhe-12655/tiles/full/300,169/0/default.jpg",Inherent Vice (2014),17,0.060358796,5215,,,,
INHE-12806,"https://digitalscholarship.brynmawr.edu/pta/inhe/inhe-12806/tiles/full/300,169/0/default.jpg",Inherent Vice (2014),17,0.061180556,5286,,,,
INHE-13024,"https://digitalscholarship.brynmawr.edu/pta/inhe/inhe-13024/tiles/full/300,169/0/default.jpg",Inherent Vice (2014),17,0.062777778,5424,,,,
INHE-13034,"https://digitalscholarship.brynmawr.edu/pta/inhe/inhe-13034/tiles/full/300,169/0/default.jpg",Inherent Vice (2014),17,0.062893519,5434,,,,
INHE-13045,"https://digitalscholarship.brynmawr.edu/pta/inhe/inhe-13045/tiles/full/300,169/0/default.jpg",Inherent Vice (2014),17,0.063020833,5445,,,,
INHE-13056,"https://digitalscholarship.brynmawr.edu/pta/inhe/inhe-13056/tiles/full/300,169/0/default.jpg",Inherent Vice (2014),18,0.063148148,5456,,,,
INHE-13126,"https://digitalscholarship.brynmawr.edu/pta/inhe/inhe-13126/tiles/full/300,169/0/default.jpg",Inherent Vice (2014),18,0.06349537,5486,,,,
INHE-13141,"https://digitalscholarship.brynmawr.edu/pta/inhe/inhe-13141/tiles/full/300,169/0/default.jpg",Inherent Vice (2014),18,0.063668981,5501,,,,
INHE-13214,"https://digitalscholarship.brynmawr.edu/pta/inhe/inhe-13214/tiles/full/300,169/0/default.jpg",Inherent Vice (2014),18,0.064050926,5534,,,,
INHE-13231,"https://digitalscholarship.brynmawr.edu/pta/inhe/inhe-13231/tiles/full/300,169/0/default.jpg",Inherent Vice (2014),18,0.064247685,5551,,,,
INHE-13235,"https://digitalscholarship.brynmawr.edu/pta/inhe/inhe-13235/tiles/full/300,169/0/default.jpg",Inherent Vice (2014),18,0.064293981,5555,,,,
INHE-13307,"https://digitalscholarship.brynmawr.edu/pta/inhe/inhe-13307/tiles/full/300,169/0/default.jpg",Inherent Vice (2014),18,0.064664352,5587,,,,
INHE-13312,"https://digitalscholarship.brynmawr.edu/pta/inhe/inhe-13312/tiles/full/300,169/0/default.jpg",Inherent Vice (2014),18,0.064722222,5592,,,,
INHE-13316,"https://digitalscholarship.brynmawr.edu/pta/inhe/inhe-13316/tiles/full/300,169/0/default.jpg",Inherent Vice (2014),18,0.064768519,5596,,,,
INHE-13327,"https://digitalscholarship.brynmawr.edu/pta/inhe/inhe-13327/tiles/full/300,169/0/default.jpg",Inherent Vice (2014),18,0.064895833,5607,,,,
INHE-13332,"https://digitalscholarship.brynmawr.edu/pta/inhe/inhe-13332/tiles/full/300,169/0/default.jpg",Inherent Vice (2014),18,0.064953704,5612,,,,
INHE-13340,"https://digitalscholarship.brynmawr.edu/pta/inhe/inhe-13340/tiles/full/300,169/0/default.jpg",Inherent Vice (2014),18,0.065046296,5620,,,,
INHE-13354,"https://digitalscholarship.brynmawr.edu/pta/inhe/inhe-13354/tiles/full/300,169/0/default.jpg",Inherent Vice (2014),18,0.065208333,5634,,,,
INHE-13409,"https://digitalscholarship.brynmawr.edu/pta/inhe/inhe-13409/tiles/full/300,169/0/default.jpg",Inherent Vice (2014),18,0.065381944,5649,,,,
INHE-13416,"https://digitalscholarship.brynmawr.edu/pta/inhe/inhe-13416/tiles/full/300,169/0/default.jpg",Inherent Vice (2014),18,0.065462963,5656,,,,
INHE-13424,"https://digitalscholarship.brynmawr.edu/pta/inhe/inhe-13424/tiles/full/300,169/0/default.jpg",Inherent Vice (2014),18,0.065555556,5664,,,,
INHE-13429,"https://digitalscholarship.brynmawr.edu/pta/inhe/inhe-13429/tiles/full/300,169/0/default.jpg",Inherent Vice (2014),18,0.065613426,5669,,,,
iNHE-13515,"https://digitalscholarship.brynmawr.edu/pta/inhe/inhe-13515/tiles/full/300,169/0/default.jpg",Inherent Vice (2014),18,0.066145833,5715,,,,
INHE-13518,"https://digitalscholarship.brynmawr.edu/pta/inhe/inhe-13518/tiles/full/300,169/0/default.jpg",Inherent Vice (2014),18,0.066180556,5718,,,,
INHE-13530,"https://digitalscholarship.brynmawr.edu/pta/inhe/inhe-13530/tiles/full/300,169/0/default.jpg",Inherent Vice (2014),18,0.066319444,5730,,,,
INHE-13543,"https://digitalscholarship.brynmawr.edu/pta/inhe/inhe-13543/tiles/full/300,169/0/default.jpg",Inherent Vice (2014),18,0.066469907,5743,,,,
INHE-13546,"https://digitalscholarship.brynmawr.edu/pta/inhe/inhe-13546/tiles/full/300,169/0/default.jpg",Inherent Vice (2014),18,0.06650463,5746,,,,
INHE-13551,"https://digitalscholarship.brynmawr.edu/pta/inhe/inhe-13551/tiles/full/300,169/0/default.jpg",Inherent Vice (2014),18,0.0665625,5751,,,,
INHE-13553,"https://digitalscholarship.brynmawr.edu/pta/inhe/inhe-13553/tiles/full/300,169/0/default.jpg",Inherent Vice (2014),18,0.066585648,5753,,,,
INHE-13611,"https://digitalscholarship.brynmawr.edu/pta/inhe/inhe-13611/tiles/full/300,169/0/default.jpg",Inherent Vice (2014),18,0.066793981,5771,,,,
INHE-13625,"https://digitalscholarship.brynmawr.edu/pta/inhe/inhe-13625/tiles/full/300,169/0/default.jpg",Inherent Vice (2014),18,0.066956019,5785,,,,
INHE-13628,"https://digitalscholarship.brynmawr.edu/pta/inhe/inhe-13628/tiles/full/300,169/0/default.jpg",Inherent Vice (2014),18,0.066990741,5788,,,,
INHE-13645,"https://digitalscholarship.brynmawr.edu/pta/inhe/inhe-13645/tiles/full/300,169/0/default.jpg",Inherent Vice (2014),18,0.0671875,5805,,,,
INHE-13822,"https://digitalscholarship.brynmawr.edu/pta/inhe/inhe-13822/tiles/full/300,169/0/default.jpg",Inherent Vice (2014),18,0.068310185,5902,,,,
INHE-13838,"https://digitalscholarship.brynmawr.edu/pta/inhe/inhe-13838/tiles/full/300,169/0/default.jpg",Inherent Vice (2014),18,0.06849537,5918,,,,
INHE-13848,"https://digitalscholarship.brynmawr.edu/pta/inhe/inhe-13848/tiles/full/300,169/0/default.jpg",Inherent Vice (2014),18,0.068611111,5928,,,,
INHE-13854,"https://digitalscholarship.brynmawr.edu/pta/inhe/inhe-13854/tiles/full/300,169/0/default.jpg",Inherent Vice (2014),18,0.068680556,5934,,,,
INHE-13912,"https://digitalscholarship.brynmawr.edu/pta/inhe/inhe-13912/tiles/full/300,169/0/default.jpg",Inherent Vice (2014),19,0.068888889,5952,,,,
INHE-13917,"https://digitalscholarship.brynmawr.edu/pta/inhe/inhe-13917/tiles/full/300,169/0/default.jpg",Inherent Vice (2014),19,0.068946759,5957,,,,
INHE-13940,"https://digitalscholarship.brynmawr.edu/pta/inhe/inhe-13940/tiles/full/300,169/0/default.jpg",Inherent Vice (2014),19,0.069212963,5980,,,,
INHE-13947,"https://digitalscholarship.brynmawr.edu/pta/inhe/inhe-13947/tiles/full/300,169/0/default.jpg",Inherent Vice (2014),19,0.069293981,5987,,,,
INHE-13957,"https://digitalscholarship.brynmawr.edu/pta/inhe/inhe-13957/tiles/full/300,169/0/default.jpg",Inherent Vice (2014),19,0.069409722,5997,,,,
INHE-14118,"https://digitalscholarship.brynmawr.edu/pta/inhe/inhe-14118/tiles/full/300,169/0/default.jpg",Inherent Vice (2014),19,0.070347222,6078,,,,
INHE-14121,"https://digitalscholarship.brynmawr.edu/pta/inhe/inhe-14121/tiles/full/300,169/0/default.jpg",Inherent Vice (2014),19,0.070381944,6081,,,,
INHE-14144,"https://digitalscholarship.brynmawr.edu/pta/inhe/inhe-14144/tiles/full/300,169/0/default.jpg",Inherent Vice (2014),19,0.070648148,6104,,,,
INHE-14156,"https://digitalscholarship.brynmawr.edu/pta/inhe/inhe-14156/tiles/full/300,169/0/default.jpg",Inherent Vice (2014),19,0.070787037,6116,,,,
INHE-14227,"https://digitalscholarship.brynmawr.edu/pta/inhe/inhe-14227/tiles/full/300,169/0/default.jpg",Inherent Vice (2014),19,0.071145833,6147,,,,
INHE-14306,"https://digitalscholarship.brynmawr.edu/pta/inhe/inhe-14306/tiles/full/300,169/0/default.jpg",Inherent Vice (2014),19,0.071597222,6186,,,,
INHE-14334,"https://digitalscholarship.brynmawr.edu/pta/inhe/inhe-14334/tiles/full/300,169/0/default.jpg",Inherent Vice (2014),19,0.071921296,6214,,,,
INHE-14341,"https://digitalscholarship.brynmawr.edu/pta/inhe/inhe-14341/tiles/full/300,169/0/default.jpg",Inherent Vice (2014),19,0.072002315,6221,,,,
INHE-14524,"https://digitalscholarship.brynmawr.edu/pta/inhe/inhe-14524/tiles/full/300,169/0/default.jpg",Inherent Vice (2014),19,0.073194444,6324,,,,
INHE-14839,"https://digitalscholarship.brynmawr.edu/pta/inhe/inhe-14839/tiles/full/300,169/0/default.jpg",Inherent Vice (2014),19,0.075451389,6519,,,,
INHE-14910,"https://digitalscholarship.brynmawr.edu/pta/inhe/inhe-14910/tiles/full/300,169/0/default.jpg",Inherent Vice (2014),19,0.075810185,6550,,,,
INHE-15021,"https://digitalscholarship.brynmawr.edu/pta/inhe/inhe-15021/tiles/full/300,169/0/default.jpg",Inherent Vice (2014),19,0.076631944,6621,,,,
INHE-15104,"https://digitalscholarship.brynmawr.edu/pta/inhe/inhe-15104/tiles/full/300,169/0/default.jpg",Inherent Vice (2014),19,0.07712963,6664,,,,
INHE-15124,"https://digitalscholarship.brynmawr.edu/pta/inhe/inhe-15124/tiles/full/300,169/0/default.jpg",Inherent Vice (2014),19,0.077361111,6684,,,,
INHE-15204,"https://digitalscholarship.brynmawr.edu/pta/inhe/inhe-15204/tiles/full/300,169/0/default.jpg",Inherent Vice (2014),19,0.077824074,6724,,,,
INHE-15208,"https://digitalscholarship.brynmawr.edu/pta/inhe/inhe-15208/tiles/full/300,169/0/default.jpg",Inherent Vice (2014),19,0.07787037,6728,,,,
INHE-15315,"https://digitalscholarship.brynmawr.edu/pta/inhe/inhe-15315/tiles/full/300,169/0/default.jpg",Inherent Vice (2014),20,0.078645833,6795,,,,
INHE-15319,"https://digitalscholarship.brynmawr.edu/pta/inhe/inhe-15319/tiles/full/300,169/0/default.jpg",Inherent Vice (2014),20,0.07869213,6799,,,,
INHE-15322,"https://digitalscholarship.brynmawr.edu/pta/inhe/inhe-15322/tiles/full/300,169/0/default.jpg",Inherent Vice (2014),20,0.078726852,6802,,,,
INHE-15357,"https://digitalscholarship.brynmawr.edu/pta/inhe/inhe-15357/tiles/full/300,169/0/default.jpg",Inherent Vice (2014),20,0.079131944,6837,,,,
INHE-15426,"https://digitalscholarship.brynmawr.edu/pta/inhe/inhe-15426/tiles/full/300,169/0/default.jpg",Inherent Vice (2014),20,0.079467593,6866,,,,
INHE-15436,"https://digitalscholarship.brynmawr.edu/pta/inhe/inhe-15436/tiles/full/300,169/0/default.jpg",Inherent Vice (2014),20,0.079583333,6876,,,,
INHE-15458,"https://digitalscholarship.brynmawr.edu/pta/inhe/inhe-15458/tiles/full/300,169/0/default.jpg",Inherent Vice (2014),20,0.079837963,6898,,,,
INHE-15505,"https://digitalscholarship.brynmawr.edu/pta/inhe/inhe-15505/tiles/full/300,169/0/default.jpg",Inherent Vice (2014),20,0.079918981,6905,,,,
INHE-15520,"https://digitalscholarship.brynmawr.edu/pta/inhe/inhe-15520/tiles/full/300,169/0/default.jpg",Inherent Vice (2014),20,0.080092593,6920,,,,
INHE-15537,"https://digitalscholarship.brynmawr.edu/pta/inhe/inhe-15537/tiles/full/300,169/0/default.jpg",Inherent Vice (2014),20,0.080289352,6937,,,,
INHE-15545,"https://digitalscholarship.brynmawr.edu/pta/inhe/inhe-15545/tiles/full/300,169/0/default.jpg",Inherent Vice (2014),20,0.080381944,6945,,,,
INHE-15552,"https://digitalscholarship.brynmawr.edu/pta/inhe/inhe-15552/tiles/full/300,169/0/default.jpg",Inherent Vice (2014),20,0.080462963,6952,,,,
INHE-15559,"https://digitalscholarship.brynmawr.edu/pta/inhe/inhe-15559/tiles/full/300,169/0/default.jpg",Inherent Vice (2014),20,0.080543981,6959,,,,
INHE-15623,"https://digitalscholarship.brynmawr.edu/pta/inhe/inhe-15623/tiles/full/300,169/0/default.jpg",Inherent Vice (2014),20,0.080821759,6983,,,,
INHE-15637,"https://digitalscholarship.brynmawr.edu/pta/inhe/inhe-15637/tiles/full/300,169/0/default.jpg",Inherent Vice (2014),20,0.080983796,6997,,,,
INHE-15649,"https://digitalscholarship.brynmawr.edu/pta/inhe/inhe-15649/tiles/full/300,169/0/default.jpg",Inherent Vice (2014),20,0.081122685,7009,,,,
INHE-15655,"https://digitalscholarship.brynmawr.edu/pta/inhe/inhe-15655/tiles/full/300,169/0/default.jpg",Inherent Vice (2014),20,0.08119213,7015,,,,
INHE-15657,"https://digitalscholarship.brynmawr.edu/pta/inhe/inhe-15657/tiles/full/300,169/0/default.jpg",Inherent Vice (2014),20,0.081215278,7017,,,,
INHE-15704,"https://digitalscholarship.brynmawr.edu/pta/inhe/inhe-15704/tiles/full/300,169/0/default.jpg",Inherent Vice (2014),20,0.081296296,7024,,,,
INHE-15759,"https://digitalscholarship.brynmawr.edu/pta/inhe/inhe-15759/tiles/full/300,169/0/default.jpg",Inherent Vice (2014),20,0.08193287,7079,,,,
INHE-15827,"https://digitalscholarship.brynmawr.edu/pta/inhe/inhe-15827/tiles/full/300,169/0/default.jpg",Inherent Vice (2014),20,0.082256944,7107,,,,
INHE-15840,"https://digitalscholarship.brynmawr.edu/pta/inhe/inhe-15840/tiles/full/300,169/0/default.jpg",Inherent Vice (2014),20,0.082407407,7120,,,,
INHE-15947,"https://digitalscholarship.brynmawr.edu/pta/inhe/inhe-15947/tiles/full/300,169/0/default.jpg",Inherent Vice (2014),20,0.08318287,7187,,,,
INHE-15955,"https://digitalscholarship.brynmawr.edu/pta/inhe/inhe-15955/tiles/full/300,169/0/default.jpg",Inherent Vice (2014),20,0.083275463,7195,,,,
INHE-20043,"https://digitalscholarship.brynmawr.edu/pta/inhe/inhe-20043/tiles/full/300,169/0/default.jpg",Inherent Vice (2014),20,0.083831019,7243,,,,
INHE-20047,"https://digitalscholarship.brynmawr.edu/pta/inhe/inhe-20047/tiles/full/300,169/0/default.jpg",Inherent Vice (2014),20,0.083877315,7247,,,,
INHE-20051,"https://digitalscholarship.brynmawr.edu/pta/inhe/inhe-20051/tiles/full/300,169/0/default.jpg",Inherent Vice (2014),20,0.083923611,7251,,,,
INHE-20112,"https://digitalscholarship.brynmawr.edu/pta/inhe/inhe-20112/tiles/full/300,169/0/default.jpg",Inherent Vice (2014),20,0.084166667,7272,,,,
INHE-20142,"https://digitalscholarship.brynmawr.edu/pta/inhe/inhe-20142/tiles/full/300,169/0/default.jpg",Inherent Vice (2014),20,0.084513889,7302,,,,
INHE-20150,"https://digitalscholarship.brynmawr.edu/pta/inhe/inhe-20150/tiles/full/300,169/0/default.jpg",Inherent Vice (2014),20,0.084606481,7310,,,,
INHE-20151,"https://digitalscholarship.brynmawr.edu/pta/inhe/inhe-20151/tiles/full/300,169/0/default.jpg",Inherent Vice (2014),20,0.084618056,7311,,,,
INHE-20211,"https://digitalscholarship.brynmawr.edu/pta/inhe/inhe-20211/tiles/full/300,169/0/default.jpg",Inherent Vice (2014),20,0.084849537,7331,,,,
INHE-20245,"https://digitalscholarship.brynmawr.edu/pta/inhe/inhe-20245/tiles/full/300,169/0/default.jpg",Inherent Vice (2014),20,0.085243056,7365,,,,
INHE-20337,"https://digitalscholarship.brynmawr.edu/pta/inhe/inhe-20337/tiles/full/300,169/0/default.jpg",Inherent Vice (2014),20,0.085844907,7417,,,,
INHE-20354,"https://digitalscholarship.brynmawr.edu/pta/inhe/inhe-20354/tiles/full/300,169/0/default.jpg",Inherent Vice (2014),21,0.086041667,7434,,,,
INHE-20408,"https://digitalscholarship.brynmawr.edu/pta/inhe/inhe-20408/tiles/full/300,169/0/default.jpg",Inherent Vice (2014),21,0.086203704,7448,,,,
INHE-20413,"https://digitalscholarship.brynmawr.edu/pta/inhe/inhe-20413/tiles/full/300,169/0/default.jpg",Inherent Vice (2014),21,0.086261574,7453,,,,
INHE-20455,"https://digitalscholarship.brynmawr.edu/pta/inhe/inhe-20455/tiles/full/300,169/0/default.jpg",Inherent Vice (2014),21,0.086747685,7495,,,,
INHE-20459,"https://digitalscholarship.brynmawr.edu/pta/inhe/inhe-20459/tiles/full/300,169/0/default.jpg",Inherent Vice (2014),21,0.086793981,7499,,,,
INHE-20515,"https://digitalscholarship.brynmawr.edu/pta/inhe/inhe-20515/tiles/full/300,169/0/default.jpg",Inherent Vice (2014),21,0.086979167,7515,,,,
INHE-20530,"https://digitalscholarship.brynmawr.edu/pta/inhe/inhe-20530/tiles/full/300,169/0/default.jpg",Inherent Vice (2014),21,0.087152778,7530,,,,
INHE-20641,"https://digitalscholarship.brynmawr.edu/pta/inhe/inhe-20641/tiles/full/300,169/0/default.jpg",Inherent Vice (2014),21,0.087974537,7601,,,,
INHE-20659,"https://digitalscholarship.brynmawr.edu/pta/inhe/inhe-20659/tiles/full/300,169/0/default.jpg",Inherent Vice (2014),21,0.08818287,7619,,,,
INHE-20733,"https://digitalscholarship.brynmawr.edu/pta/inhe/inhe-20733/tiles/full/300,169/0/default.jpg",Inherent Vice (2014),21,0.088576389,7653,,,,
INHE-20925,"https://digitalscholarship.brynmawr.edu/pta/inhe/inhe-20925/tiles/full/300,169/0/default.jpg",Inherent Vice (2014),21,0.089872685,7765,,,,
INHE-21126,"https://digitalscholarship.brynmawr.edu/pta/inhe/inhe-21126/tiles/full/300,169/0/default.jpg",Inherent Vice (2014),21,0.091273148,7886,,,,
INHE-21140,"https://digitalscholarship.brynmawr.edu/pta/inhe/inhe-21140/tiles/full/300,169/0/default.jpg",Inherent Vice (2014),21,0.091435185,7900,,,,
INHE-21205,"https://digitalscholarship.brynmawr.edu/pta/inhe/inhe-21205/tiles/full/300,169/0/default.jpg",Inherent Vice (2014),21,0.091724537,7925,,,,
INHE-21226,"https://digitalscholarship.brynmawr.edu/pta/inhe/inhe-21226/tiles/full/300,169/0/default.jpg",Inherent Vice (2014),21,0.091967593,7946,,,,
INHE-21241,"https://digitalscholarship.brynmawr.edu/pta/inhe/inhe-21241/tiles/full/300,169/0/default.jpg",Inherent Vice (2014),21,0.092141204,7961,,,,
INHE-21315,"https://digitalscholarship.brynmawr.edu/pta/inhe/inhe-21315/tiles/full/300,169/0/default.jpg",Inherent Vice (2014),21,0.092534722,7995,,,,
INHE-21334,"https://digitalscholarship.brynmawr.edu/pta/inhe/inhe-21334/tiles/full/300,169/0/default.jpg",Inherent Vice (2014),21,0.09275463,8014,,,,
INHE-21354,"https://digitalscholarship.brynmawr.edu/pta/inhe/inhe-21354/tiles/full/300,169/0/default.jpg",Inherent Vice (2014),22,0.092986111,8034,,,,
INHE-21407,"https://digitalscholarship.brynmawr.edu/pta/inhe/inhe-21407/tiles/full/300,169/0/default.jpg",Inherent Vice (2014),22,0.093136574,8047,,,,
INHE-21430,"https://digitalscholarship.brynmawr.edu/pta/inhe/inhe-21430/tiles/full/300,169/0/default.jpg",Inherent Vice (2014),22,0.093402778,8070,,,,
INHE-21537,"https://digitalscholarship.brynmawr.edu/pta/inhe/inhe-21537/tiles/full/300,169/0/default.jpg",Inherent Vice (2014),22,0.094178241,8137,,,,
INHE-21552,"https://digitalscholarship.brynmawr.edu/pta/inhe/inhe-21552/tiles/full/300,169/0/default.jpg",Inherent Vice (2014),22,0.094351852,8152,,,,
INHE-21603,"https://digitalscholarship.brynmawr.edu/pta/inhe/inhe-21603/tiles/full/300,169/0/default.jpg",Inherent Vice (2014),22,0.094479167,8163,,,,
INHE-21610,"https://digitalscholarship.brynmawr.edu/pta/inhe/inhe-21610/tiles/full/300,169/0/default.jpg",Inherent Vice (2014),23,0.094560185,8170,,,,
INHE-21614,"https://digitalscholarship.brynmawr.edu/pta/inhe/inhe-21614/tiles/full/300,169/0/default.jpg",Inherent Vice (2014),23,0.094606481,8174,,,,
INHE-21619,"https://digitalscholarship.brynmawr.edu/pta/inhe/inhe-21619/tiles/full/300,169/0/default.jpg",Inherent Vice (2014),23,0.094664352,8179,,,,
INHE-21622,"https://digitalscholarship.brynmawr.edu/pta/inhe/inhe-21622/tiles/full/300,169/0/default.jpg",Inherent Vice (2014),23,0.094699074,8182,,,,
INHE-21627,"https://digitalscholarship.brynmawr.edu/pta/inhe/inhe-21627/tiles/full/300,169/0/default.jpg",Inherent Vice (2014),23,0.094756944,8187,,,,
INHE-21642,"https://digitalscholarship.brynmawr.edu/pta/inhe/inhe-21642/tiles/full/300,169/0/default.jpg",Inherent Vice (2014),23,0.094930556,8202,,,,
INHE-21706,"https://digitalscholarship.brynmawr.edu/pta/inhe/inhe-21706/tiles/full/300,169/0/default.jpg",Inherent Vice (2014),23,0.095208333,8226,,,,
INHE-21710,"https://digitalscholarship.brynmawr.edu/pta/inhe/inhe-21710/tiles/full/300,169/0/default.jpg",Inherent Vice (2014),23,0.09525463,8230,,,,
INHE-21733,"https://digitalscholarship.brynmawr.edu/pta/inhe/inhe-21733/tiles/full/300,169/0/default.jpg",Inherent Vice (2014),23,0.095520833,8253,,,,
INHE-21855,"https://digitalscholarship.brynmawr.edu/pta/inhe/inhe-21855/tiles/full/300,169/0/default.jpg",Inherent Vice (2014),23,0.096469907,8335,,,,
INHE-21904,"https://digitalscholarship.brynmawr.edu/pta/inhe/inhe-21904/tiles/full/300,169/0/default.jpg",Inherent Vice (2014),23,0.096574074,8344,,,,
INHE-21907,"https://digitalscholarship.brynmawr.edu/pta/inhe/inhe-21907/tiles/full/300,169/0/default.jpg",Inherent Vice (2014),23,0.096608796,8347,,,,
INHE-21918,"https://digitalscholarship.brynmawr.edu/pta/inhe/inhe-21918/tiles/full/300,169/0/default.jpg",Inherent Vice (2014),23,0.096736111,8358,,,,
INHE-22006,"https://digitalscholarship.brynmawr.edu/pta/inhe/inhe-22006/tiles/full/300,169/0/default.jpg",Inherent Vice (2014),24,0.097291667,8406,,,,
INHE-22044,"https://digitalscholarship.brynmawr.edu/pta/inhe/inhe-22044/tiles/full/300,169/0/default.jpg",Inherent Vice (2014),24,0.097731481,8444,,,,
INHE-22152,"https://digitalscholarship.brynmawr.edu/pta/inhe/inhe-22152/tiles/full/300,169/0/default.jpg",Inherent Vice (2014),25,0.098518519,8512,,,,
INHE-22158,"https://digitalscholarship.brynmawr.edu/pta/inhe/inhe-22158/tiles/full/300,169/0/default.jpg",Inherent Vice (2014),25,0.098587963,8518,,,,
INHE-22211,"https://digitalscholarship.brynmawr.edu/pta/inhe/inhe-22211/tiles/full/300,169/0/default.jpg",Inherent Vice (2014),25,0.098738426,8531,,,,
INHE-22817,"https://digitalscholarship.brynmawr.edu/pta/inhe/inhe-22817/tiles/full/300,169/0/default.jpg",Inherent Vice (2014),25,0.102905093,8891,,,,
INHE-22821,"https://digitalscholarship.brynmawr.edu/pta/inhe/inhe-22821/tiles/full/300,169/0/default.jpg",Inherent Vice (2014),25,0.103020833,8901,,,,
PHAN-00033,"https://digitalscholarship.brynmawr.edu/pta/phan/phan-00033/tiles/full/300,169/0/default.jpg",Phantom Thread (2017),1,0.000381944,33,,,,
PHAN-00046,"https://digitalscholarship.brynmawr.edu/pta/phan/phan-00046/tiles/full/300,169/0/default.jpg",Phantom Thread (2017),1,0.000532407,46,,,,
PHAN-00115,"https://digitalscholarship.brynmawr.edu/pta/phan/phan-00115/tiles/full/300,169/0/default.jpg",Phantom Thread (2017),1,0.000868056,75,,,,
PHAN-00124,"https://digitalscholarship.brynmawr.edu/pta/phan/phan-00124/tiles/full/300,169/0/default.jpg",Phantom Thread (2017),1,0.000972222,84,,,,
PHAN-00135,"https://digitalscholarship.brynmawr.edu/pta/phan/phan-00135/tiles/full/300,169/0/default.jpg",Phantom Thread (2017),1,0.001099537,95,,,,
PHAN-00136,"https://digitalscholarship.brynmawr.edu/pta/phan/phan-00136/tiles/full/300,169/0/default.jpg",Phantom Thread (2017),1,0.001111111,96,,,,
PHAN-00139,"https://digitalscholarship.brynmawr.edu/pta/phan/phan-00139/tiles/full/300,169/0/default.jpg",Phantom Thread (2017),1,0.001145833,99,,,,
PHAN-00141,"https://digitalscholarship.brynmawr.edu/pta/phan/phan-00141/tiles/full/300,169/0/default.jpg",Phantom Thread (2017),1,0.001168981,101,,,,
PHAN-00143,"https://digitalscholarship.brynmawr.edu/pta/phan/phan-00143/tiles/full/300,169/0/default.jpg",Phantom Thread (2017),1,0.00119213,103,,,,
PHAN-00145,"https://digitalscholarship.brynmawr.edu/pta/phan/phan-00145/tiles/full/300,169/0/default.jpg",Phantom Thread (2017),1,0.001215278,105,,,,
PHAN-00148,"https://digitalscholarship.brynmawr.edu/pta/phan/phan-00148/tiles/full/300,169/0/default.jpg",Phantom Thread (2017),1,0.00125,108,,,,
PHAN-00150,"https://digitalscholarship.brynmawr.edu/pta/phan/phan-00150/tiles/full/300,169/0/default.jpg",Phantom Thread (2017),1,0.001273148,110,,,,
PHAN-00156,"https://digitalscholarship.brynmawr.edu/pta/phan/phan-00156/tiles/full/300,169/0/default.jpg",Phantom Thread (2017),1,0.001342593,116,,,,
PHAN-00206,"https://digitalscholarship.brynmawr.edu/pta/phan/phan-00206/tiles/full/300,169/0/default.jpg",Phantom Thread (2017),1,0.001458333,126,,,,
PHAN-00208,"https://digitalscholarship.brynmawr.edu/pta/phan/phan-00208/tiles/full/300,169/0/default.jpg",Phantom Thread (2017),1,0.001481481,128,,,,
PHAN-00212,"https://digitalscholarship.brynmawr.edu/pta/phan/phan-00212/tiles/full/300,169/0/default.jpg",Phantom Thread (2017),1,0.001527778,132,,,,
PHAN-00219,"https://digitalscholarship.brynmawr.edu/pta/phan/phan-00219/tiles/full/300,169/0/default.jpg",Phantom Thread (2017),1,0.001608796,139,,,,
PHAN-00223,"https://digitalscholarship.brynmawr.edu/pta/phan/phan-00223/tiles/full/300,169/0/default.jpg",Phantom Thread (2017),1,0.001655093,143,,,,
PHAN-00226,"https://digitalscholarship.brynmawr.edu/pta/phan/phan-00226/tiles/full/300,169/0/default.jpg",Phantom Thread (2017),1,0.001689815,146,,,,
PHAN-00230,"https://digitalscholarship.brynmawr.edu/pta/phan/phan-00230/tiles/full/300,169/0/default.jpg",Phantom Thread (2017),1,0.001736111,150,,,,
PHAN-00235,"https://digitalscholarship.brynmawr.edu/pta/phan/phan-00235/tiles/full/300,169/0/default.jpg",Phantom Thread (2017),1,0.001793981,155,,,,
PHAN-00245,"https://digitalscholarship.brynmawr.edu/pta/phan/phan-00245/tiles/full/300,169/0/default.jpg",Phantom Thread (2017),1,0.001909722,165,,,,
PHAN-00251,"https://digitalscholarship.brynmawr.edu/pta/phan/phan-00251/tiles/full/300,169/0/default.jpg",Phantom Thread (2017),1,0.001979167,171,,,,
PHAN-00252,"https://digitalscholarship.brynmawr.edu/pta/phan/phan-00252/tiles/full/300,169/0/default.jpg",Phantom Thread (2017),1,0.001990741,172,,,,
PHAN-00301,"https://digitalscholarship.brynmawr.edu/pta/phan/phan-00301/tiles/full/300,169/0/default.jpg",Phantom Thread (2017),1,0.002094907,181,,,,
PHAN-00305,"https://digitalscholarship.brynmawr.edu/pta/phan/phan-00305/tiles/full/300,169/0/default.jpg",Phantom Thread (2017),1,0.002141204,185,,,,
PHAN-00310,"https://digitalscholarship.brynmawr.edu/pta/phan/phan-00310/tiles/full/300,169/0/default.jpg",Phantom Thread (2017),1,0.002199074,190,,,,
PHAN-00311,"https://digitalscholarship.brynmawr.edu/pta/phan/phan-00311/tiles/full/300,169/0/default.jpg",Phantom Thread (2017),1,0.002210648,191,,,,
PHAN-00314,"https://digitalscholarship.brynmawr.edu/pta/phan/phan-00314/tiles/full/300,169/0/default.jpg",Phantom Thread (2017),1,0.00224537,194,,,,
PHAN-00319,"https://digitalscholarship.brynmawr.edu/pta/phan/phan-00319/tiles/full/300,169/0/default.jpg",Phantom Thread (2017),1,0.002303241,199,,,,
PHAN-00328,"https://digitalscholarship.brynmawr.edu/pta/phan/phan-00328/tiles/full/300,169/0/default.jpg",Phantom Thread (2017),1,0.002407407,208,,,,
PHAN-00334,"https://digitalscholarship.brynmawr.edu/pta/phan/phan-00334/tiles/full/300,169/0/default.jpg",Phantom Thread (2017),1,0.002476852,214,,,,
PHAN-00345,"https://digitalscholarship.brynmawr.edu/pta/phan/phan-00345/tiles/full/300,169/0/default.jpg",Phantom Thread (2017),1,0.002604167,225,,,,
PHAN-00347,"https://digitalscholarship.brynmawr.edu/pta/phan/phan-00347/tiles/full/300,169/0/default.jpg",Phantom Thread (2017),1,0.002627315,227,,,,
PHAN-00349,"https://digitalscholarship.brynmawr.edu/pta/phan/phan-00349/tiles/full/300,169/0/default.jpg",Phantom Thread (2017),1,0.002650463,229,,,,
PHAN-00355,"https://digitalscholarship.brynmawr.edu/pta/phan/phan-00355/tiles/full/300,169/0/default.jpg",Phantom Thread (2017),1,0.002719907,235,,,,
PHAN-00357,"https://digitalscholarship.brynmawr.edu/pta/phan/phan-00357/tiles/full/300,169/0/default.jpg",Phantom Thread (2017),1,0.002743056,237,,,,
PHAN-00404,"https://digitalscholarship.brynmawr.edu/pta/phan/phan-00404/tiles/full/300,169/0/default.jpg",Phantom Thread (2017),1,0.002824074,244,,,,
PHAN-00406,"https://digitalscholarship.brynmawr.edu/pta/phan/phan-00406/tiles/full/300,169/0/default.jpg",Phantom Thread (2017),1,0.002847222,246,,,,
PHAN-00407,"https://digitalscholarship.brynmawr.edu/pta/phan/phan-00407/tiles/full/300,169/0/default.jpg",Phantom Thread (2017),1,0.002858796,247,,,,
PHAN-00411,"https://digitalscholarship.brynmawr.edu/pta/phan/phan-00411/tiles/full/300,169/0/default.jpg",Phantom Thread (2017),1,0.002905093,251,,,,
PHAN-00415,"https://digitalscholarship.brynmawr.edu/pta/phan/phan-00415/tiles/full/300,169/0/default.jpg",Phantom Thread (2017),1,0.002951389,255,,,,
PHAN-00418,"https://digitalscholarship.brynmawr.edu/pta/phan/phan-00418/tiles/full/300,169/0/default.jpg",Phantom Thread (2017),1,0.002986111,258,,,,
PHAN-00422,"https://digitalscholarship.brynmawr.edu/pta/phan/phan-00422/tiles/full/300,169/0/default.jpg",Phantom Thread (2017),1,0.003032407,262,,,,
PHAN-00438,"https://digitalscholarship.brynmawr.edu/pta/phan/phan-00438/tiles/full/300,169/0/default.jpg",Phantom Thread (2017),1,0.003217593,278,,,,
PHAN-00440,"https://digitalscholarship.brynmawr.edu/pta/phan/phan-00440/tiles/full/300,169/0/default.jpg",Phantom Thread (2017),1,0.003240741,280,,,,
PHAN-00447,"https://digitalscholarship.brynmawr.edu/pta/phan/phan-00447/tiles/full/300,169/0/default.jpg",Phantom Thread (2017),1,0.003321759,287,,,,
PHAN-00450,"https://digitalscholarship.brynmawr.edu/pta/phan/phan-00450/tiles/full/300,169/0/default.jpg",Phantom Thread (2017),1,0.003356481,290,,,,
PHAN-00454,"https://digitalscholarship.brynmawr.edu/pta/phan/phan-00454/tiles/full/300,169/0/default.jpg",Phantom Thread (2017),1,0.003402778,294,,,,
PHAN-00457,"https://digitalscholarship.brynmawr.edu/pta/phan/phan-00457/tiles/full/300,169/0/default.jpg",Phantom Thread (2017),1,0.0034375,297,,,,
PHAN-00505,"https://digitalscholarship.brynmawr.edu/pta/phan/phan-00505/tiles/full/300,169/0/default.jpg",Phantom Thread (2017),1,0.003530093,305,,,,
PHAN-00507,"https://digitalscholarship.brynmawr.edu/pta/phan/phan-00507/tiles/full/300,169/0/default.jpg",Phantom Thread (2017),1,0.003553241,307,,,,
PHAN-00513,"https://digitalscholarship.brynmawr.edu/pta/phan/phan-00513/tiles/full/300,169/0/default.jpg",Phantom Thread (2017),1,0.003622685,313,,,,
PHAN-00520,"https://digitalscholarship.brynmawr.edu/pta/phan/phan-00520/tiles/full/300,169/0/default.jpg",Phantom Thread (2017),1,0.003703704,320,,,,
PHAN-00529,"https://digitalscholarship.brynmawr.edu/pta/phan/phan-00529/tiles/full/300,169/0/default.jpg",Phantom Thread (2017),1,0.00380787,329,,,,
PHAN-00531,"https://digitalscholarship.brynmawr.edu/pta/phan/phan-00531/tiles/full/300,169/0/default.jpg",Phantom Thread (2017),1,0.003831019,331,,,,
PHAN-00543,"https://digitalscholarship.brynmawr.edu/pta/phan/phan-00543/tiles/full/300,169/0/default.jpg",Phantom Thread (2017),1,0.003969907,343,,,,
PHAN-00544,"https://digitalscholarship.brynmawr.edu/pta/phan/phan-00544/tiles/full/300,169/0/default.jpg",Phantom Thread (2017),1,0.003981481,344,,,,
PHAN-00548,"https://digitalscholarship.brynmawr.edu/pta/phan/phan-00548/tiles/full/300,169/0/default.jpg",Phantom Thread (2017),1,0.004027778,348,,,,
PHAN-00556,"https://digitalscholarship.brynmawr.edu/pta/phan/phan-00556/tiles/full/300,169/0/default.jpg",Phantom Thread (2017),2,0.00412037,356,,,,
PHAN-00558,"https://digitalscholarship.brynmawr.edu/pta/phan/phan-00558/tiles/full/300,169/0/default.jpg",Phantom Thread (2017),2,0.004143519,358,,,,
PHAN-00601,"https://digitalscholarship.brynmawr.edu/pta/phan/phan-00601/tiles/full/300,169/0/default.jpg",Phantom Thread (2017),2,0.004178241,361,,,,
PHAN-00606,"https://digitalscholarship.brynmawr.edu/pta/phan/phan-00606/tiles/full/300,169/0/default.jpg",Phantom Thread (2017),2,0.004236111,366,,,,
PHAN-00616,"https://digitalscholarship.brynmawr.edu/pta/phan/phan-00616/tiles/full/300,169/0/default.jpg",Phantom Thread (2017),2,0.004351852,376,,,,
PHAN-00619,"https://digitalscholarship.brynmawr.edu/pta/phan/phan-00619/tiles/full/300,169/0/default.jpg",Phantom Thread (2017),2,0.004386574,379,,,,
PHAN-00620,"https://digitalscholarship.brynmawr.edu/pta/phan/phan-00620/tiles/full/300,169/0/default.jpg",Phantom Thread (2017),2,0.004398148,380,,,,
PHAN-00623,"https://digitalscholarship.brynmawr.edu/pta/phan/phan-00623/tiles/full/300,169/0/default.jpg",Phantom Thread (2017),2,0.00443287,383,,,,
PHAN-00626,"https://digitalscholarship.brynmawr.edu/pta/phan/phan-00626/tiles/full/300,169/0/default.jpg",Phantom Thread (2017),2,0.004467593,386,,,,
PHAN-00628,"https://digitalscholarship.brynmawr.edu/pta/phan/phan-00628/tiles/full/300,169/0/default.jpg",Phantom Thread (2017),2,0.004490741,388,,,,
PHAN-00633,"https://digitalscholarship.brynmawr.edu/pta/phan/phan-00633/tiles/full/300,169/0/default.jpg",Phantom Thread (2017),2,0.004548611,393,,,,
PHAN-00642,"https://digitalscholarship.brynmawr.edu/pta/phan/phan-00642/tiles/full/300,169/0/default.jpg",Phantom Thread (2017),2,0.004652778,402,,,,
PHAN-00647,"https://digitalscholarship.brynmawr.edu/pta/phan/phan-00647/tiles/full/300,169/0/default.jpg",Phantom Thread (2017),2,0.004710648,407,,,,
PHAN-00649,"https://digitalscholarship.brynmawr.edu/pta/phan/phan-00649/tiles/full/300,169/0/default.jpg",Phantom Thread (2017),2,0.004733796,409,,,,
PHAN-00655,"https://digitalscholarship.brynmawr.edu/pta/phan/phan-00655/tiles/full/300,169/0/default.jpg",Phantom Thread (2017),2,0.004803241,415,,,,
PHAN-00658,"https://digitalscholarship.brynmawr.edu/pta/phan/phan-00658/tiles/full/300,169/0/default.jpg",Phantom Thread (2017),2,0.004837963,418,,,,
PHAN-00701,"https://digitalscholarship.brynmawr.edu/pta/phan/phan-00701/tiles/full/300,169/0/default.jpg",Phantom Thread (2017),2,0.004872685,421,,,,
PHAN-00703,"https://digitalscholarship.brynmawr.edu/pta/phan/phan-00703/tiles/full/300,169/0/default.jpg",Phantom Thread (2017),2,0.004895833,423,,,,
PHAN-00705,"https://digitalscholarship.brynmawr.edu/pta/phan/phan-00705/tiles/full/300,169/0/default.jpg",Phantom Thread (2017),2,0.004918981,425,,,,
PHAN-00707,"https://digitalscholarship.brynmawr.edu/pta/phan/phan-00707/tiles/full/300,169/0/default.jpg",Phantom Thread (2017),2,0.00494213,427,,,,
PHAN-00722,"https://digitalscholarship.brynmawr.edu/pta/phan/phan-00722/tiles/full/300,169/0/default.jpg",Phantom Thread (2017),2,0.005115741,442,,,,
PHAN-00729,"https://digitalscholarship.brynmawr.edu/pta/phan/phan-00729/tiles/full/300,169/0/default.jpg",Phantom Thread (2017),2,0.005196759,449,,,,
PHAN-00740,"https://digitalscholarship.brynmawr.edu/pta/phan/phan-00740/tiles/full/300,169/0/default.jpg",Phantom Thread (2017),2,0.005324074,460,,,,
PHAN-00747,"https://digitalscholarship.brynmawr.edu/pta/phan/phan-00747/tiles/full/300,169/0/default.jpg",Phantom Thread (2017),2,0.005405093,467,,,,
PHAN-00749,"https://digitalscholarship.brynmawr.edu/pta/phan/phan-00749/tiles/full/300,169/0/default.jpg",Phantom Thread (2017),2,0.005428241,469,,,,
PHAN-00758,"https://digitalscholarship.brynmawr.edu/pta/phan/phan-00758/tiles/full/300,169/0/default.jpg",Phantom Thread (2017),2,0.005532407,478,,,,
PHAN-00801,"https://digitalscholarship.brynmawr.edu/pta/phan/phan-00801/tiles/full/300,169/0/default.jpg",Phantom Thread (2017),2,0.00556713,481,,,,
PHAN-00805,"https://digitalscholarship.brynmawr.edu/pta/phan/phan-00805/tiles/full/300,169/0/default.jpg",Phantom Thread (2017),2,0.005613426,485,,,,
PHAN-00813,"https://digitalscholarship.brynmawr.edu/pta/phan/phan-00813/tiles/full/300,169/0/default.jpg",Phantom Thread (2017),2,0.005706019,493,,,,
PHAN-00815,"https://digitalscholarship.brynmawr.edu/pta/phan/phan-00815/tiles/full/300,169/0/default.jpg",Phantom Thread (2017),2,0.005729167,495,,,,
PHAN-00820,"https://digitalscholarship.brynmawr.edu/pta/phan/phan-00820/tiles/full/300,169/0/default.jpg",Phantom Thread (2017),2,0.005787037,500,,,,
PHAN-00830,"https://digitalscholarship.brynmawr.edu/pta/phan/phan-00830/tiles/full/300,169/0/default.jpg",Phantom Thread (2017),2,0.005902778,510,,,,
PHAN-00832,"https://digitalscholarship.brynmawr.edu/pta/phan/phan-00832/tiles/full/300,169/0/default.jpg",Phantom Thread (2017),3,0.005925926,512,,,,
PHAN-00843,"https://digitalscholarship.brynmawr.edu/pta/phan/phan-00843/tiles/full/300,169/0/default.jpg",Phantom Thread (2017),3,0.006053241,523,,,,
PHAN-00846,"https://digitalscholarship.brynmawr.edu/pta/phan/phan-00846/tiles/full/300,169/0/default.jpg",Phantom Thread (2017),3,0.006087963,526,,,,
PHAN-00850,"https://digitalscholarship.brynmawr.edu/pta/phan/phan-00850/tiles/full/300,169/0/default.jpg",Phantom Thread (2017),3,0.006134259,530,,,,
PHAN-00853,"https://digitalscholarship.brynmawr.edu/pta/phan/phan-00853/tiles/full/300,169/0/default.jpg",Phantom Thread (2017),3,0.006168981,533,,,,
PHAN-00905,"https://digitalscholarship.brynmawr.edu/pta/phan/phan-00905/tiles/full/300,169/0/default.jpg",Phantom Thread (2017),3,0.00630787,545,,,,
PHAN-00916,"https://digitalscholarship.brynmawr.edu/pta/phan/phan-00916/tiles/full/300,169/0/default.jpg",Phantom Thread (2017),3,0.006435185,556,,,,
PHAN-00923,"https://digitalscholarship.brynmawr.edu/pta/phan/phan-00923/tiles/full/300,169/0/default.jpg",Phantom Thread (2017),3,0.006516204,563,,,,
PHAN-00940,"https://digitalscholarship.brynmawr.edu/pta/phan/phan-00940/tiles/full/300,169/0/default.jpg",Phantom Thread (2017),3,0.006712963,580,,,,
PHAN-00947,"https://digitalscholarship.brynmawr.edu/pta/phan/phan-00947/tiles/full/300,169/0/default.jpg",Phantom Thread (2017),3,0.006793981,587,,,,
PHAN-01014,"https://digitalscholarship.brynmawr.edu/pta/phan/phan-01014/tiles/full/300,169/0/default.jpg",Phantom Thread (2017),3,0.007106481,614,,,,
PHAN-01021,"https://digitalscholarship.brynmawr.edu/pta/phan/phan-01021/tiles/full/300,169/0/default.jpg",Phantom Thread (2017),3,0.0071875,621,,,,
PHAN-01052,"https://digitalscholarship.brynmawr.edu/pta/phan/phan-01052/tiles/full/300,169/0/default.jpg",Phantom Thread (2017),3,0.007546296,652,,,,
PHAN-01106,"https://digitalscholarship.brynmawr.edu/pta/phan/phan-01106/tiles/full/300,169/0/default.jpg",Phantom Thread (2017),3,0.007708333,666,,,,
PHAN-01110,"https://digitalscholarship.brynmawr.edu/pta/phan/phan-01110/tiles/full/300,169/0/default.jpg",Phantom Thread (2017),3,0.00775463,670,,,,
PHAN-01115,"https://digitalscholarship.brynmawr.edu/pta/phan/phan-01115/tiles/full/300,169/0/default.jpg",Phantom Thread (2017),3,0.0078125,675,,,,
PHAN-01121,"https://digitalscholarship.brynmawr.edu/pta/phan/phan-01121/tiles/full/300,169/0/default.jpg",Phantom Thread (2017),3,0.007881944,681,,,,
PHAN-01127,"https://digitalscholarship.brynmawr.edu/pta/phan/phan-01127/tiles/full/300,169/0/default.jpg",Phantom Thread (2017),3,0.007951389,687,,,,
PHAN-01130,"https://digitalscholarship.brynmawr.edu/pta/phan/phan-01130/tiles/full/300,169/0/default.jpg",Phantom Thread (2017),3,0.007986111,690,,,,
PHAN-01143,"https://digitalscholarship.brynmawr.edu/pta/phan/phan-01143/tiles/full/300,169/0/default.jpg",Phantom Thread (2017),3,0.008136574,703,,,,
PHAN-01148,"https://digitalscholarship.brynmawr.edu/pta/phan/phan-01148/tiles/full/300,169/0/default.jpg",Phantom Thread (2017),3,0.008194444,708,,,,
PHAN-01155,"https://digitalscholarship.brynmawr.edu/pta/phan/phan-01155/tiles/full/300,169/0/default.jpg",Phantom Thread (2017),3,0.008275463,715,,,,
PHAN-01203,"https://digitalscholarship.brynmawr.edu/pta/phan/phan-01203/tiles/full/300,169/0/default.jpg",Phantom Thread (2017),3,0.008368056,723,,,,
PHAN-01211,"https://digitalscholarship.brynmawr.edu/pta/phan/phan-01211/tiles/full/300,169/0/default.jpg",Phantom Thread (2017),3,0.008460648,731,,,,
PHAN-01213,"https://digitalscholarship.brynmawr.edu/pta/phan/phan-01213/tiles/full/300,169/0/default.jpg",Phantom Thread (2017),3,0.008483796,733,,,,
PHAN-01216,"https://digitalscholarship.brynmawr.edu/pta/phan/phan-01216/tiles/full/300,169/0/default.jpg",Phantom Thread (2017),3,0.008518519,736,,,,
PHAN-01228,"https://digitalscholarship.brynmawr.edu/pta/phan/phan-01228/tiles/full/300,169/0/default.jpg",Phantom Thread (2017),3,0.008657407,748,,,,
PHAN-01237,"https://digitalscholarship.brynmawr.edu/pta/phan/phan-01237/tiles/full/300,169/0/default.jpg",Phantom Thread (2017),3,0.008761574,757,,,,
PHAN-01242,"https://digitalscholarship.brynmawr.edu/pta/phan/phan-01242/tiles/full/300,169/0/default.jpg",Phantom Thread (2017),3,0.008819444,762,,,,
PHAN-01247,"https://digitalscholarship.brynmawr.edu/pta/phan/phan-01247/tiles/full/300,169/0/default.jpg",Phantom Thread (2017),3,0.008877315,767,,,,
PHAN-01248,"https://digitalscholarship.brynmawr.edu/pta/phan/phan-01248/tiles/full/300,169/0/default.jpg",Phantom Thread (2017),3,0.008888889,768,,,,
PHAN-01250,"https://digitalscholarship.brynmawr.edu/pta/phan/phan-01250/tiles/full/300,169/0/default.jpg",Phantom Thread (2017),3,0.008912037,770,,,,
PHAN-01253,"https://digitalscholarship.brynmawr.edu/pta/phan/phan-01253/tiles/full/300,169/0/default.jpg",Phantom Thread (2017),3,0.008946759,773,,,,
PHAN-01300,"https://digitalscholarship.brynmawr.edu/pta/phan/phan-01300/tiles/full/300,169/0/default.jpg",Phantom Thread (2017),3,0.009027778,780,,,,
PHAN-01304,"https://digitalscholarship.brynmawr.edu/pta/phan/phan-01304/tiles/full/300,169/0/default.jpg",Phantom Thread (2017),3,0.009074074,784,,,,
PHAN-01305,"https://digitalscholarship.brynmawr.edu/pta/phan/phan-01305/tiles/full/300,169/0/default.jpg",Phantom Thread (2017),3,0.009085648,785,,,,
PHAN-01307,"https://digitalscholarship.brynmawr.edu/pta/phan/phan-01307/tiles/full/300,169/0/default.jpg",Phantom Thread (2017),3,0.009108796,787,,,,
PHAN-01316,"https://digitalscholarship.brynmawr.edu/pta/phan/phan-01316/tiles/full/300,169/0/default.jpg",Phantom Thread (2017),3,0.009212963,796,,,,
PHAN-01326,"https://digitalscholarship.brynmawr.edu/pta/phan/phan-01326/tiles/full/300,169/0/default.jpg",Phantom Thread (2017),3,0.009328704,806,,,,
PHAN-01334,"https://digitalscholarship.brynmawr.edu/pta/phan/phan-01334/tiles/full/300,169/0/default.jpg",Phantom Thread (2017),3,0.009421296,814,,,,
PHAN-01338,"https://digitalscholarship.brynmawr.edu/pta/phan/phan-01338/tiles/full/300,169/0/default.jpg",Phantom Thread (2017),3,0.009467593,818,,,,
PHAN-01341,"https://digitalscholarship.brynmawr.edu/pta/phan/phan-01341/tiles/full/300,169/0/default.jpg",Phantom Thread (2017),3,0.009502315,821,,,,
PHAN-01423,"https://digitalscholarship.brynmawr.edu/pta/phan/phan-01423/tiles/full/300,169/0/default.jpg",Phantom Thread (2017),3,0.009988426,863,,,,
PHAN-01437,"https://digitalscholarship.brynmawr.edu/pta/phan/phan-01437/tiles/full/300,169/0/default.jpg",Phantom Thread (2017),3,0.010150463,877,,,,
PHAN-01503,"https://digitalscholarship.brynmawr.edu/pta/phan/phan-01503/tiles/full/300,169/0/default.jpg",Phantom Thread (2017),3,0.010451389,903,,,,
PHAN-01537,"https://digitalscholarship.brynmawr.edu/pta/phan/phan-01537/tiles/full/300,169/0/default.jpg",Phantom Thread (2017),3,0.010844907,937,,,,
PHAN-01545,"https://digitalscholarship.brynmawr.edu/pta/phan/phan-01545/tiles/full/300,169/0/default.jpg",Phantom Thread (2017),3,0.0109375,945,,,,
PHAN-01553,"https://digitalscholarship.brynmawr.edu/pta/phan/phan-01553/tiles/full/300,169/0/default.jpg",Phantom Thread (2017),4,0.011030093,953,,,,
PHAN-01619,"https://digitalscholarship.brynmawr.edu/pta/phan/phan-01619/tiles/full/300,169/0/default.jpg",Phantom Thread (2017),4,0.011331019,979,,,,
PHAN-01632,"https://digitalscholarship.brynmawr.edu/pta/phan/phan-01632/tiles/full/300,169/0/default.jpg",Phantom Thread (2017),4,0.011481481,992,,,,
PHAN-01637,"https://digitalscholarship.brynmawr.edu/pta/phan/phan-01637/tiles/full/300,169/0/default.jpg",Phantom Thread (2017),4,0.011539352,997,,,,
PHAN-01644,"https://digitalscholarship.brynmawr.edu/pta/phan/phan-01644/tiles/full/300,169/0/default.jpg",Phantom Thread (2017),4,0.01162037,1004,,,,
PHAN-01653,"https://digitalscholarship.brynmawr.edu/pta/phan/phan-01653/tiles/full/300,169/0/default.jpg",Phantom Thread (2017),4,0.011724537,1013,,,,
PHAN-01706,"https://digitalscholarship.brynmawr.edu/pta/phan/phan-01706/tiles/full/300,169/0/default.jpg",Phantom Thread (2017),4,0.011875,1026,,,,
PHAN-01711,"https://digitalscholarship.brynmawr.edu/pta/phan/phan-01711/tiles/full/300,169/0/default.jpg",Phantom Thread (2017),4,0.01193287,1031,,,,
PHAN-01717,"https://digitalscholarship.brynmawr.edu/pta/phan/phan-01717/tiles/full/300,169/0/default.jpg",Phantom Thread (2017),4,0.012002315,1037,,,,
PHAN-01723,"https://digitalscholarship.brynmawr.edu/pta/phan/phan-01723/tiles/full/300,169/0/default.jpg",Phantom Thread (2017),4,0.012071759,1043,,,,
PHAN-01730,"https://digitalscholarship.brynmawr.edu/pta/phan/phan-01730/tiles/full/300,169/0/default.jpg",Phantom Thread (2017),4,0.012152778,1050,,,,
PHAN-01735,"https://digitalscholarship.brynmawr.edu/pta/phan/phan-01735/tiles/full/300,169/0/default.jpg",Phantom Thread (2017),4,0.012210648,1055,,,,
PHAN-01809,"https://digitalscholarship.brynmawr.edu/pta/phan/phan-01809/tiles/full/300,169/0/default.jpg",Phantom Thread (2017),4,0.012604167,1089,,,,
PHAN-01811,"https://digitalscholarship.brynmawr.edu/pta/phan/phan-01811/tiles/full/300,169/0/default.jpg",Phantom Thread (2017),4,0.012627315,1091,,,,
PHAN-01847,"https://digitalscholarship.brynmawr.edu/pta/phan/phan-01847/tiles/full/300,169/0/default.jpg",Phantom Thread (2017),4,0.013043981,1127,,,,
PHAN-01912,"https://digitalscholarship.brynmawr.edu/pta/phan/phan-01912/tiles/full/300,169/0/default.jpg",Phantom Thread (2017),4,0.013333333,1152,,,,
PHAN-01925,"https://digitalscholarship.brynmawr.edu/pta/phan/phan-01925/tiles/full/300,169/0/default.jpg",Phantom Thread (2017),4,0.013483796,1165,,,,
PHAN-01926,"https://digitalscholarship.brynmawr.edu/pta/phan/phan-01926/tiles/full/300,169/0/default.jpg",Phantom Thread (2017),4,0.01349537,1166,,,,
PHAN-01928,"https://digitalscholarship.brynmawr.edu/pta/phan/phan-01928/tiles/full/300,169/0/default.jpg",Phantom Thread (2017),4,0.013518519,1168,,,,
PHAN-01930,"https://digitalscholarship.brynmawr.edu/pta/phan/phan-01930/tiles/full/300,169/0/default.jpg",Phantom Thread (2017),4,0.013541667,1170,,,,
PHAN-01934,"https://digitalscholarship.brynmawr.edu/pta/phan/phan-01934/tiles/full/300,169/0/default.jpg",Phantom Thread (2017),4,0.013587963,1174,,,,
PHAN-01942,"https://digitalscholarship.brynmawr.edu/pta/phan/phan-01942/tiles/full/300,169/0/default.jpg",Phantom Thread (2017),4,0.013680556,1182,,,,
PHAN-01947,"https://digitalscholarship.brynmawr.edu/pta/phan/phan-01947/tiles/full/300,169/0/default.jpg",Phantom Thread (2017),4,0.013738426,1187,,,,
PHAN-02005,"https://digitalscholarship.brynmawr.edu/pta/phan/phan-02005/tiles/full/300,169/0/default.jpg",Phantom Thread (2017),4,0.013946759,1205,,,,
PHAN-02006,"https://digitalscholarship.brynmawr.edu/pta/phan/phan-02006/tiles/full/300,169/0/default.jpg",Phantom Thread (2017),4,0.013958333,1206,,,,
PHAN-02009,"https://digitalscholarship.brynmawr.edu/pta/phan/phan-02009/tiles/full/300,169/0/default.jpg",Phantom Thread (2017),4,0.013993056,1209,,,,
PHAN-02016,"https://digitalscholarship.brynmawr.edu/pta/phan/phan-02016/tiles/full/300,169/0/default.jpg",Phantom Thread (2017),4,0.014074074,1216,,,,
PHAN-02058,"https://digitalscholarship.brynmawr.edu/pta/phan/phan-02058/tiles/full/300,169/0/default.jpg",Phantom Thread (2017),4,0.014560185,1258,,,,
PHAN-02131,"https://digitalscholarship.brynmawr.edu/pta/phan/phan-02131/tiles/full/300,169/0/default.jpg",Phantom Thread (2017),4,0.01494213,1291,,,,
PHAN-02133,"https://digitalscholarship.brynmawr.edu/pta/phan/phan-02133/tiles/full/300,169/0/default.jpg",Phantom Thread (2017),4,0.014965278,1293,,,,
PHAN-02145,"https://digitalscholarship.brynmawr.edu/pta/phan/phan-02145/tiles/full/300,169/0/default.jpg",Phantom Thread (2017),4,0.015104167,1305,,,,
PHAN-02158,"https://digitalscholarship.brynmawr.edu/pta/phan/phan-02158/tiles/full/300,169/0/default.jpg",Phantom Thread (2017),4,0.01525463,1318,,,,
PHAN-02228,"https://digitalscholarship.brynmawr.edu/pta/phan/phan-02228/tiles/full/300,169/0/default.jpg",Phantom Thread (2017),4,0.015601852,1348,,,,
PHAN-02233,"https://digitalscholarship.brynmawr.edu/pta/phan/phan-02233/tiles/full/300,169/0/default.jpg",Phantom Thread (2017),4,0.015659722,1353,,,,
PHAN-02312,"https://digitalscholarship.brynmawr.edu/pta/phan/phan-02312/tiles/full/300,169/0/default.jpg",Phantom Thread (2017),4,0.016111111,1392,,,,
PHAN-02355,"https://digitalscholarship.brynmawr.edu/pta/phan/phan-02355/tiles/full/300,169/0/default.jpg",Phantom Thread (2017),4,0.016608796,1435,,,,
PHAN-02359,"https://digitalscholarship.brynmawr.edu/pta/phan/phan-02359/tiles/full/300,169/0/default.jpg",Phantom Thread (2017),4,0.016655093,1439,,,,
PHAN-02401,"https://digitalscholarship.brynmawr.edu/pta/phan/phan-02401/tiles/full/300,169/0/default.jpg",Phantom Thread (2017),5,0.016678241,1441,,,,
PHAN-02419,"https://digitalscholarship.brynmawr.edu/pta/phan/phan-02419/tiles/full/300,169/0/default.jpg",Phantom Thread (2017),5,0.016886574,1459,,,,
PHAN-02423,"https://digitalscholarship.brynmawr.edu/pta/phan/phan-02423/tiles/full/300,169/0/default.jpg",Phantom Thread (2017),5,0.01693287,1463,,,,
PHAN-02437,"https://digitalscholarship.brynmawr.edu/pta/phan/phan-02437/tiles/full/300,169/0/default.jpg",Phantom Thread (2017),5,0.017094907,1477,,,,
PHAN-02442,"https://digitalscholarship.brynmawr.edu/pta/phan/phan-02442/tiles/full/300,169/0/default.jpg",Phantom Thread (2017),5,0.017152778,1482,,,,
PHAN-02446,"https://digitalscholarship.brynmawr.edu/pta/phan/phan-02446/tiles/full/300,169/0/default.jpg",Phantom Thread (2017),5,0.017199074,1486,,,,
PHAN-02450,"https://digitalscholarship.brynmawr.edu/pta/phan/phan-02450/tiles/full/300,169/0/default.jpg",Phantom Thread (2017),5,0.01724537,1490,,,,
PHAN-02451,"https://digitalscholarship.brynmawr.edu/pta/phan/phan-02451/tiles/full/300,169/0/default.jpg",Phantom Thread (2017),5,0.017256944,1491,,,,
PHAN-02502,"https://digitalscholarship.brynmawr.edu/pta/phan/phan-02502/tiles/full/300,169/0/default.jpg",Phantom Thread (2017),5,0.017384259,1502,,,,
PHAN-02513,"https://digitalscholarship.brynmawr.edu/pta/phan/phan-02513/tiles/full/300,169/0/default.jpg",Phantom Thread (2017),5,0.017511574,1513,,,,
PHAN-02524,"https://digitalscholarship.brynmawr.edu/pta/phan/phan-02524/tiles/full/300,169/0/default.jpg",Phantom Thread (2017),5,0.017638889,1524,,,,
PHAN-02530,"https://digitalscholarship.brynmawr.edu/pta/phan/phan-02530/tiles/full/300,169/0/default.jpg",Phantom Thread (2017),5,0.017708333,1530,,,,
PHAN-02536,"https://digitalscholarship.brynmawr.edu/pta/phan/phan-02536/tiles/full/300,169/0/default.jpg",Phantom Thread (2017),5,0.017777778,1536,,,,
PHAN-02544,"https://digitalscholarship.brynmawr.edu/pta/phan/phan-02544/tiles/full/300,169/0/default.jpg",Phantom Thread (2017),5,0.01787037,1544,,,,
PHAN-02554,"https://digitalscholarship.brynmawr.edu/pta/phan/phan-02554/tiles/full/300,169/0/default.jpg",Phantom Thread (2017),5,0.017986111,1554,,,,
PHAN-02602,"https://digitalscholarship.brynmawr.edu/pta/phan/phan-02602/tiles/full/300,169/0/default.jpg",Phantom Thread (2017),5,0.018078704,1562,,,,
PHAN-02607,"https://digitalscholarship.brynmawr.edu/pta/phan/phan-02607/tiles/full/300,169/0/default.jpg",Phantom Thread (2017),5,0.018136574,1567,,,,
PHAN-02618,"https://digitalscholarship.brynmawr.edu/pta/phan/phan-02618/tiles/full/300,169/0/default.jpg",Phantom Thread (2017),5,0.018263889,1578,,,,
PHAN-02622,"https://digitalscholarship.brynmawr.edu/pta/phan/phan-02622/tiles/full/300,169/0/default.jpg",Phantom Thread (2017),5,0.018310185,1582,,,,
PHAN-02639,"https://digitalscholarship.brynmawr.edu/pta/phan/phan-02639/tiles/full/300,169/0/default.jpg",Phantom Thread (2017),5,0.018506944,1599,,,,
PHAN-02651,"https://digitalscholarship.brynmawr.edu/pta/phan/phan-02651/tiles/full/300,169/0/default.jpg",Phantom Thread (2017),5,0.018645833,1611,,,,
PHAN-02653,"https://digitalscholarship.brynmawr.edu/pta/phan/phan-02653/tiles/full/300,169/0/default.jpg",Phantom Thread (2017),5,0.018668981,1613,,,,
PHAN-02655,"https://digitalscholarship.brynmawr.edu/pta/phan/phan-02655/tiles/full/300,169/0/default.jpg",Phantom Thread (2017),5,0.01869213,1615,,,,
PHAN-02659,"https://digitalscholarship.brynmawr.edu/pta/phan/phan-02659/tiles/full/300,169/0/default.jpg",Phantom Thread (2017),5,0.018738426,1619,,,,
PHAN-02705,"https://digitalscholarship.brynmawr.edu/pta/phan/phan-02705/tiles/full/300,169/0/default.jpg",Phantom Thread (2017),5,0.01880787,1625,,,,
PHAN-02707,"https://digitalscholarship.brynmawr.edu/pta/phan/phan-02707/tiles/full/300,169/0/default.jpg",Phantom Thread (2017),5,0.018831019,1627,,,,
PHAN-02710,"https://digitalscholarship.brynmawr.edu/pta/phan/phan-02710/tiles/full/300,169/0/default.jpg",Phantom Thread (2017),5,0.018865741,1630,,,,
PHAN-02712,"https://digitalscholarship.brynmawr.edu/pta/phan/phan-02712/tiles/full/300,169/0/default.jpg",Phantom Thread (2017),5,0.018888889,1632,,,,
PHAN-02716,"https://digitalscholarship.brynmawr.edu/pta/phan/phan-02716/tiles/full/300,169/0/default.jpg",Phantom Thread (2017),5,0.018935185,1636,,,,
PHAN-02721,"https://digitalscholarship.brynmawr.edu/pta/phan/phan-02721/tiles/full/300,169/0/default.jpg",Phantom Thread (2017),5,0.018993056,1641,,,,
PHAN-02724,"https://digitalscholarship.brynmawr.edu/pta/phan/phan-02724/tiles/full/300,169/0/default.jpg",Phantom Thread (2017),5,0.019027778,1644,,,,
PHAN-02726,"https://digitalscholarship.brynmawr.edu/pta/phan/phan-02726/tiles/full/300,169/0/default.jpg",Phantom Thread (2017),5,0.019050926,1646,,,,
PHAN-02734,"https://digitalscholarship.brynmawr.edu/pta/phan/phan-02734/tiles/full/300,169/0/default.jpg",Phantom Thread (2017),5,0.019143519,1654,,,,
PHAN-02743,"https://digitalscholarship.brynmawr.edu/pta/phan/phan-02743/tiles/full/300,169/0/default.jpg",Phantom Thread (2017),5,0.019247685,1663,,,,
PHAN-02757,"https://digitalscholarship.brynmawr.edu/pta/phan/phan-02757/tiles/full/300,169/0/default.jpg",Phantom Thread (2017),5,0.019409722,1677,,,,
PHAN-02805,"https://digitalscholarship.brynmawr.edu/pta/phan/phan-02805/tiles/full/300,169/0/default.jpg",Phantom Thread (2017),5,0.019502315,1685,,,,
PHAN-02810,"https://digitalscholarship.brynmawr.edu/pta/phan/phan-02810/tiles/full/300,169/0/default.jpg",Phantom Thread (2017),5,0.019560185,1690,,,,
PHAN-02813,"https://digitalscholarship.brynmawr.edu/pta/phan/phan-02813/tiles/full/300,169/0/default.jpg",Phantom Thread (2017),5,0.019594907,1693,,,,
PHAN-02819,"https://digitalscholarship.brynmawr.edu/pta/phan/phan-02819/tiles/full/300,169/0/default.jpg",Phantom Thread (2017),5,0.019664352,1699,,,,
PHAN-02822,"https://digitalscholarship.brynmawr.edu/pta/phan/phan-02822/tiles/full/300,169/0/default.jpg",Phantom Thread (2017),5,0.019699074,1702,,,,
PHAN-02823,"https://digitalscholarship.brynmawr.edu/pta/phan/phan-02823/tiles/full/300,169/0/default.jpg",Phantom Thread (2017),5,0.019710648,1703,,,,
PHAN-02832,"https://digitalscholarship.brynmawr.edu/pta/phan/phan-02832/tiles/full/300,169/0/default.jpg",Phantom Thread (2017),5,0.019814815,1712,,,,
PHAN-02837,"https://digitalscholarship.brynmawr.edu/pta/phan/phan-02837/tiles/full/300,169/0/default.jpg",Phantom Thread (2017),5,0.019872685,1717,,,,
PHAN-02841,"https://digitalscholarship.brynmawr.edu/pta/phan/phan-02841/tiles/full/300,169/0/default.jpg",Phantom Thread (2017),5,0.019918981,1721,,,,
PHAN-02843,"https://digitalscholarship.brynmawr.edu/pta/phan/phan-02843/tiles/full/300,169/0/default.jpg",Phantom Thread (2017),5,0.01994213,1723,,,,
PHAN-02845,"https://digitalscholarship.brynmawr.edu/pta/phan/phan-02845/tiles/full/300,169/0/default.jpg",Phantom Thread (2017),5,0.019965278,1725,,,,
PHAN-02849,"https://digitalscholarship.brynmawr.edu/pta/phan/phan-02849/tiles/full/300,169/0/default.jpg",Phantom Thread (2017),5,0.020011574,1729,,,,
PHAN-02852,"https://digitalscholarship.brynmawr.edu/pta/phan/phan-02852/tiles/full/300,169/0/default.jpg",Phantom Thread (2017),5,0.020046296,1732,,,,
PHAN-02903,"https://digitalscholarship.brynmawr.edu/pta/phan/phan-02903/tiles/full/300,169/0/default.jpg",Phantom Thread (2017),5,0.020173611,1743,,,,
PHAN-02923,"https://digitalscholarship.brynmawr.edu/pta/phan/phan-02923/tiles/full/300,169/0/default.jpg",Phantom Thread (2017),5,0.020405093,1763,,,,
PHAN-02936,"https://digitalscholarship.brynmawr.edu/pta/phan/phan-02936/tiles/full/300,169/0/default.jpg",Phantom Thread (2017),5,0.020555556,1776,,,,
PHAN-02950,"https://digitalscholarship.brynmawr.edu/pta/phan/phan-02950/tiles/full/300,169/0/default.jpg",Phantom Thread (2017),5,0.020717593,1790,,,,
PHAN-02959,"https://digitalscholarship.brynmawr.edu/pta/phan/phan-02959/tiles/full/300,169/0/default.jpg",Phantom Thread (2017),5,0.020821759,1799,,,,
PHAN-03003,"https://digitalscholarship.brynmawr.edu/pta/phan/phan-03003/tiles/full/300,169/0/default.jpg",Phantom Thread (2017),5,0.020868056,1803,,,,
PHAN-03004,"https://digitalscholarship.brynmawr.edu/pta/phan/phan-03004/tiles/full/300,169/0/default.jpg",Phantom Thread (2017),5,0.02087963,1804,,,,
PHAN-03009,"https://digitalscholarship.brynmawr.edu/pta/phan/phan-03009/tiles/full/300,169/0/default.jpg",Phantom Thread (2017),5,0.0209375,1809,,,,
PHAN-03013,"https://digitalscholarship.brynmawr.edu/pta/phan/phan-03013/tiles/full/300,169/0/default.jpg",Phantom Thread (2017),5,0.020983796,1813,,,,
PHAN-03020,"https://digitalscholarship.brynmawr.edu/pta/phan/phan-03020/tiles/full/300,169/0/default.jpg",Phantom Thread (2017),5,0.021064815,1820,,,,
PHAN-03028,"https://digitalscholarship.brynmawr.edu/pta/phan/phan-03028/tiles/full/300,169/0/default.jpg",Phantom Thread (2017),5,0.021157407,1828,,,,
PHAN-03040,"https://digitalscholarship.brynmawr.edu/pta/phan/phan-03040/tiles/full/300,169/0/default.jpg",Phantom Thread (2017),5,0.021296296,1840,,,,
PHAN-03043,"https://digitalscholarship.brynmawr.edu/pta/phan/phan-03043/tiles/full/300,169/0/default.jpg",Phantom Thread (2017),5,0.021331019,1843,,,,
PHAN-03049,"https://digitalscholarship.brynmawr.edu/pta/phan/phan-03049/tiles/full/300,169/0/default.jpg",Phantom Thread (2017),6,0.021400463,1849,,,,
PHAN-03057,"https://digitalscholarship.brynmawr.edu/pta/phan/phan-03057/tiles/full/300,169/0/default.jpg",Phantom Thread (2017),6,0.021493056,1857,,,,
PHAN-03101,"https://digitalscholarship.brynmawr.edu/pta/phan/phan-03101/tiles/full/300,169/0/default.jpg",Phantom Thread (2017),6,0.021539352,1861,,,,
PHAN-03112,"https://digitalscholarship.brynmawr.edu/pta/phan/phan-03112/tiles/full/300,169/0/default.jpg",Phantom Thread (2017),6,0.021666667,1872,,,,
PHAN-03117,"https://digitalscholarship.brynmawr.edu/pta/phan/phan-03117/tiles/full/300,169/0/default.jpg",Phantom Thread (2017),6,0.021724537,1877,,,,
PHAN-03129,"https://digitalscholarship.brynmawr.edu/pta/phan/phan-03129/tiles/full/300,169/0/default.jpg",Phantom Thread (2017),6,0.021863426,1889,,,,
PHAN-03158,"https://digitalscholarship.brynmawr.edu/pta/phan/phan-03158/tiles/full/300,169/0/default.jpg",Phantom Thread (2017),6,0.022199074,1918,,,,
PHAN-03215,"https://digitalscholarship.brynmawr.edu/pta/phan/phan-03215/tiles/full/300,169/0/default.jpg",Phantom Thread (2017),6,0.022395833,1935,,,,
PHAN-03223,"https://digitalscholarship.brynmawr.edu/pta/phan/phan-03223/tiles/full/300,169/0/default.jpg",Phantom Thread (2017),6,0.022488426,1943,,,,
PHAN-03249,"https://digitalscholarship.brynmawr.edu/pta/phan/phan-03249/tiles/full/300,169/0/default.jpg",Phantom Thread (2017),6,0.022789352,1969,,,,
PHAN-03254,"https://digitalscholarship.brynmawr.edu/pta/phan/phan-03254/tiles/full/300,169/0/default.jpg",Phantom Thread (2017),6,0.022847222,1974,,,,
PHAN-03300,"https://digitalscholarship.brynmawr.edu/pta/phan/phan-03300/tiles/full/300,169/0/default.jpg",Phantom Thread (2017),6,0.022916667,1980,,,,
PHAN-03310,"https://digitalscholarship.brynmawr.edu/pta/phan/phan-03310/tiles/full/300,169/0/default.jpg",Phantom Thread (2017),6,0.023032407,1990,,,,
PHAN-03312,"https://digitalscholarship.brynmawr.edu/pta/phan/phan-03312/tiles/full/300,169/0/default.jpg",Phantom Thread (2017),6,0.023055556,1992,,,,
PHAN-03316,"https://digitalscholarship.brynmawr.edu/pta/phan/phan-03316/tiles/full/300,169/0/default.jpg",Phantom Thread (2017),6,0.023101852,1996,,,,
PHAN-03324,"https://digitalscholarship.brynmawr.edu/pta/phan/phan-03324/tiles/full/300,169/0/default.jpg",Phantom Thread (2017),6,0.023194444,2004,,,,
PHAN-03333,"https://digitalscholarship.brynmawr.edu/pta/phan/phan-03333/tiles/full/300,169/0/default.jpg",Phantom Thread (2017),6,0.023298611,2013,,,,
PHAN-03335,"https://digitalscholarship.brynmawr.edu/pta/phan/phan-03335/tiles/full/300,169/0/default.jpg",Phantom Thread (2017),6,0.023321759,2015,,,,
PHAN-03406,"https://digitalscholarship.brynmawr.edu/pta/phan/phan-03406/tiles/full/300,169/0/default.jpg",Phantom Thread (2017),6,0.023680556,2046,,,,
PHAN-03420,"https://digitalscholarship.brynmawr.edu/pta/phan/phan-03420/tiles/full/300,169/0/default.jpg",Phantom Thread (2017),6,0.023842593,2060,,,,
PHAN-03421,"https://digitalscholarship.brynmawr.edu/pta/phan/phan-03421/tiles/full/300,169/0/default.jpg",Phantom Thread (2017),6,0.023854167,2061,,,,
PHAN-03431,"https://digitalscholarship.brynmawr.edu/pta/phan/phan-03431/tiles/full/300,169/0/default.jpg",Phantom Thread (2017),6,0.023969907,2071,,,,
PHAN-03435,"https://digitalscholarship.brynmawr.edu/pta/phan/phan-03435/tiles/full/300,169/0/default.jpg",Phantom Thread (2017),7,0.024016204,2075,,,,
PHAN-03446,"https://digitalscholarship.brynmawr.edu/pta/phan/phan-03446/tiles/full/300,169/0/default.jpg",Phantom Thread (2017),7,0.024143519,2086,,,,
PHAN-03453,"https://digitalscholarship.brynmawr.edu/pta/phan/phan-03453/tiles/full/300,169/0/default.jpg",Phantom Thread (2017),7,0.024224537,2093,,,,
PHAN-03503,"https://digitalscholarship.brynmawr.edu/pta/phan/phan-03503/tiles/full/300,169/0/default.jpg",Phantom Thread (2017),7,0.024340278,2103,,,,
PHAN-03510,"https://digitalscholarship.brynmawr.edu/pta/phan/phan-03510/tiles/full/300,169/0/default.jpg",Phantom Thread (2017),7,0.024421296,2110,,,,
PHAN-03536,"https://digitalscholarship.brynmawr.edu/pta/phan/phan-03536/tiles/full/300,169/0/default.jpg",Phantom Thread (2017),7,0.024722222,2136,,,,
PHAN-03557,"https://digitalscholarship.brynmawr.edu/pta/phan/phan-03557/tiles/full/300,169/0/default.jpg",Phantom Thread (2017),7,0.024965278,2157,,,,
PHAN-03616,"https://digitalscholarship.brynmawr.edu/pta/phan/phan-03616/tiles/full/300,169/0/default.jpg",Phantom Thread (2017),7,0.025185185,2176,,,,
PHAN-03633,"https://digitalscholarship.brynmawr.edu/pta/phan/phan-03633/tiles/full/300,169/0/default.jpg",Phantom Thread (2017),7,0.025381944,2193,,,,
PHAN-03637,"https://digitalscholarship.brynmawr.edu/pta/phan/phan-03637/tiles/full/300,169/0/default.jpg",Phantom Thread (2017),7,0.025428241,2197,,,,
PHAN-03659,"https://digitalscholarship.brynmawr.edu/pta/phan/phan-03659/tiles/full/300,169/0/default.jpg",Phantom Thread (2017),7,0.02568287,2219,,,,
PHAN-03705,"https://digitalscholarship.brynmawr.edu/pta/phan/phan-03705/tiles/full/300,169/0/default.jpg",Phantom Thread (2017),7,0.025752315,2225,,,,
PHAN-03715,"https://digitalscholarship.brynmawr.edu/pta/phan/phan-03715/tiles/full/300,169/0/default.jpg",Phantom Thread (2017),7,0.025868056,2235,,,,
PHAN-03723,"https://digitalscholarship.brynmawr.edu/pta/phan/phan-03723/tiles/full/300,169/0/default.jpg",Phantom Thread (2017),7,0.025960648,2243,,,,
PHAN-03729,"https://digitalscholarship.brynmawr.edu/pta/phan/phan-03729/tiles/full/300,169/0/default.jpg",Phantom Thread (2017),7,0.026030093,2249,,,,
PHAN-03740,"https://digitalscholarship.brynmawr.edu/pta/phan/phan-03740/tiles/full/300,169/0/default.jpg",Phantom Thread (2017),7,0.026157407,2260,,,,
PHAN-03745,"https://digitalscholarship.brynmawr.edu/pta/phan/phan-03745/tiles/full/300,169/0/default.jpg",Phantom Thread (2017),7,0.026215278,2265,,,,
PHAN-03759,"https://digitalscholarship.brynmawr.edu/pta/phan/phan-03759/tiles/full/300,169/0/default.jpg",Phantom Thread (2017),7,0.026377315,2279,,,,
PHAN-03829,"https://digitalscholarship.brynmawr.edu/pta/phan/phan-03829/tiles/full/300,169/0/default.jpg",Phantom Thread (2017),7,0.026724537,2309,,,,
PHAN-03831,"https://digitalscholarship.brynmawr.edu/pta/phan/phan-03831/tiles/full/300,169/0/default.jpg",Phantom Thread (2017),7,0.026747685,2311,,,,
PHAN-03836,"https://digitalscholarship.brynmawr.edu/pta/phan/phan-03836/tiles/full/300,169/0/default.jpg",Phantom Thread (2017),7,0.026805556,2316,,,,
PHAN-03838,"https://digitalscholarship.brynmawr.edu/pta/phan/phan-03838/tiles/full/300,169/0/default.jpg",Phantom Thread (2017),7,0.026828704,2318,,,,
PHAN-03843,"https://digitalscholarship.brynmawr.edu/pta/phan/phan-03843/tiles/full/300,169/0/default.jpg",Phantom Thread (2017),7,0.026886574,2323,,,,
PHAN-03846,"https://digitalscholarship.brynmawr.edu/pta/phan/phan-03846/tiles/full/300,169/0/default.jpg",Phantom Thread (2017),7,0.026921296,2326,,,,
PHAN-03849,"https://digitalscholarship.brynmawr.edu/pta/phan/phan-03849/tiles/full/300,169/0/default.jpg",Phantom Thread (2017),7,0.026956019,2329,,,,
PHAN-03903,"https://digitalscholarship.brynmawr.edu/pta/phan/phan-03903/tiles/full/300,169/0/default.jpg",Phantom Thread (2017),7,0.027118056,2343,,,,
PHAN-03905,"https://digitalscholarship.brynmawr.edu/pta/phan/phan-03905/tiles/full/300,169/0/default.jpg",Phantom Thread (2017),7,0.027141204,2345,,,,
PHAN-03942,"https://digitalscholarship.brynmawr.edu/pta/phan/phan-03942/tiles/full/300,169/0/default.jpg",Phantom Thread (2017),7,0.027569444,2382,,,,
PHAN-03953,"https://digitalscholarship.brynmawr.edu/pta/phan/phan-03953/tiles/full/300,169/0/default.jpg",Phantom Thread (2017),7,0.027696759,2393,,,,
PHAN-03955,"https://digitalscholarship.brynmawr.edu/pta/phan/phan-03955/tiles/full/300,169/0/default.jpg",Phantom Thread (2017),8,0.027719907,2395,,,,
PHAN-03959,"https://digitalscholarship.brynmawr.edu/pta/phan/phan-03959/tiles/full/300,169/0/default.jpg",Phantom Thread (2017),8,0.027766204,2399,,,,
PHAN-04002,"https://digitalscholarship.brynmawr.edu/pta/phan/phan-04002/tiles/full/300,169/0/default.jpg",Phantom Thread (2017),8,0.027800926,2402,,,,
PHAN-04003,"https://digitalscholarship.brynmawr.edu/pta/phan/phan-04003/tiles/full/300,169/0/default.jpg",Phantom Thread (2017),8,0.0278125,2403,,,,
PHAN-04007,"https://digitalscholarship.brynmawr.edu/pta/phan/phan-04007/tiles/full/300,169/0/default.jpg",Phantom Thread (2017),8,0.027858796,2407,,,,
PHAN-04009,"https://digitalscholarship.brynmawr.edu/pta/phan/phan-04009/tiles/full/300,169/0/default.jpg",Phantom Thread (2017),8,0.027881944,2409,,,,
PHAN-04015,"https://digitalscholarship.brynmawr.edu/pta/phan/phan-04015/tiles/full/300,169/0/default.jpg",Phantom Thread (2017),8,0.027951389,2415,,,,
PHAN-04019,"https://digitalscholarship.brynmawr.edu/pta/phan/phan-04019/tiles/full/300,169/0/default.jpg",Phantom Thread (2017),8,0.027997685,2419,,,,
PHAN-04026,"https://digitalscholarship.brynmawr.edu/pta/phan/phan-04026/tiles/full/300,169/0/default.jpg",Phantom Thread (2017),8,0.028078704,2426,,,,
PHAN-04031,"https://digitalscholarship.brynmawr.edu/pta/phan/phan-04031/tiles/full/300,169/0/default.jpg",Phantom Thread (2017),8,0.028136574,2431,,,,
PHAN-04039,"https://digitalscholarship.brynmawr.edu/pta/phan/phan-04039/tiles/full/300,169/0/default.jpg",Phantom Thread (2017),8,0.028229167,2439,,,,
PHAN-04045,"https://digitalscholarship.brynmawr.edu/pta/phan/phan-04045/tiles/full/300,169/0/default.jpg",Phantom Thread (2017),8,0.028298611,2445,,,,
PHAN-04050,"https://digitalscholarship.brynmawr.edu/pta/phan/phan-04050/tiles/full/300,169/0/default.jpg",Phantom Thread (2017),8,0.028356481,2450,,,,
PHAN-04101,"https://digitalscholarship.brynmawr.edu/pta/phan/phan-04101/tiles/full/300,169/0/default.jpg",Phantom Thread (2017),8,0.028483796,2461,,,,
PHAN-04105,"https://digitalscholarship.brynmawr.edu/pta/phan/phan-04105/tiles/full/300,169/0/default.jpg",Phantom Thread (2017),8,0.028530093,2465,,,,
PHAN-04120,"https://digitalscholarship.brynmawr.edu/pta/phan/phan-04120/tiles/full/300,169/0/default.jpg",Phantom Thread (2017),8,0.028703704,2480,,,,
PHAN-04140,"https://digitalscholarship.brynmawr.edu/pta/phan/phan-04140/tiles/full/300,169/0/default.jpg",Phantom Thread (2017),8,0.028935185,2500,,,,
PHAN-04148,"https://digitalscholarship.brynmawr.edu/pta/phan/phan-04148/tiles/full/300,169/0/default.jpg",Phantom Thread (2017),8,0.029027778,2508,,,,
PHAN-04156,"https://digitalscholarship.brynmawr.edu/pta/phan/phan-04156/tiles/full/300,169/0/default.jpg",Phantom Thread (2017),8,0.02912037,2516,,,,
PHAN-04159,"https://digitalscholarship.brynmawr.edu/pta/phan/phan-04159/tiles/full/300,169/0/default.jpg",Phantom Thread (2017),8,0.029155093,2519,,,,
PHAN-04203,"https://digitalscholarship.brynmawr.edu/pta/phan/phan-04203/tiles/full/300,169/0/default.jpg",Phantom Thread (2017),8,0.029201389,2523,,,,
PHAN-04204,"https://digitalscholarship.brynmawr.edu/pta/phan/phan-04204/tiles/full/300,169/0/default.jpg",Phantom Thread (2017),8,0.029212963,2524,,,,
PHAN-04212,"https://digitalscholarship.brynmawr.edu/pta/phan/phan-04212/tiles/full/300,169/0/default.jpg",Phantom Thread (2017),8,0.029305556,2532,,,,
PHAN-04214,"https://digitalscholarship.brynmawr.edu/pta/phan/phan-04214/tiles/full/300,169/0/default.jpg",Phantom Thread (2017),8,0.029328704,2534,,,,
PHAN-04216,"https://digitalscholarship.brynmawr.edu/pta/phan/phan-04216/tiles/full/300,169/0/default.jpg",Phantom Thread (2017),8,0.029351852,2536,,,,
PHAN-04219,"https://digitalscholarship.brynmawr.edu/pta/phan/phan-04219/tiles/full/300,169/0/default.jpg",Phantom Thread (2017),8,0.029386574,2539,,,,
PHAN-04222,"https://digitalscholarship.brynmawr.edu/pta/phan/phan-04222/tiles/full/300,169/0/default.jpg",Phantom Thread (2017),8,0.029421296,2542,,,,
PHAN-04228,"https://digitalscholarship.brynmawr.edu/pta/phan/phan-04228/tiles/full/300,169/0/default.jpg",Phantom Thread (2017),8,0.029490741,2548,,,,
PHAN-04235,"https://digitalscholarship.brynmawr.edu/pta/phan/phan-04235/tiles/full/300,169/0/default.jpg",Phantom Thread (2017),8,0.029571759,2555,,,,
PHAN-04236,"https://digitalscholarship.brynmawr.edu/pta/phan/phan-04236/tiles/full/300,169/0/default.jpg",Phantom Thread (2017),8,0.029583333,2556,,,,
PHAN-04244,"https://digitalscholarship.brynmawr.edu/pta/phan/phan-04244/tiles/full/300,169/0/default.jpg",Phantom Thread (2017),8,0.029675926,2564,,,,
PHAN-04249,"https://digitalscholarship.brynmawr.edu/pta/phan/phan-04249/tiles/full/300,169/0/default.jpg",Phantom Thread (2017),8,0.029733796,2569,,,,
PHAN-04252,"https://digitalscholarship.brynmawr.edu/pta/phan/phan-04252/tiles/full/300,169/0/default.jpg",Phantom Thread (2017),8,0.029768519,2572,,,,
PHAN-04253,"https://digitalscholarship.brynmawr.edu/pta/phan/phan-04253/tiles/full/300,169/0/default.jpg",Phantom Thread (2017),8,0.029780093,2573,,,,
PHAN-04257,"https://digitalscholarship.brynmawr.edu/pta/phan/phan-04257/tiles/full/300,169/0/default.jpg",Phantom Thread (2017),8,0.029826389,2577,,,,
PHAN-04258,"https://digitalscholarship.brynmawr.edu/pta/phan/phan-04258/tiles/full/300,169/0/default.jpg",Phantom Thread (2017),8,0.029837963,2578,,,,
PHAN-04303,"https://digitalscholarship.brynmawr.edu/pta/phan/phan-04303/tiles/full/300,169/0/default.jpg",Phantom Thread (2017),8,0.029895833,2583,,,,
PHAN-04310,"https://digitalscholarship.brynmawr.edu/pta/phan/phan-04310/tiles/full/300,169/0/default.jpg",Phantom Thread (2017),8,0.029976852,2590,,,,
PHAN-04313,"https://digitalscholarship.brynmawr.edu/pta/phan/phan-04313/tiles/full/300,169/0/default.jpg",Phantom Thread (2017),8,0.030011574,2593,,,,
PHAN-04316,"https://digitalscholarship.brynmawr.edu/pta/phan/phan-04316/tiles/full/300,169/0/default.jpg",Phantom Thread (2017),8,0.030046296,2596,,,,
PHAN-04321,"https://digitalscholarship.brynmawr.edu/pta/phan/phan-04321/tiles/full/300,169/0/default.jpg",Phantom Thread (2017),8,0.030104167,2601,,,,
PHAN-04324,"https://digitalscholarship.brynmawr.edu/pta/phan/phan-04324/tiles/full/300,169/0/default.jpg",Phantom Thread (2017),8,0.030138889,2604,,,,
PHAN-04326,"https://digitalscholarship.brynmawr.edu/pta/phan/phan-04326/tiles/full/300,169/0/default.jpg",Phantom Thread (2017),8,0.030162037,2606,,,,
PHAN-04333,"https://digitalscholarship.brynmawr.edu/pta/phan/phan-04333/tiles/full/300,169/0/default.jpg",Phantom Thread (2017),8,0.030243056,2613,,,,
PHAN-04334,"https://digitalscholarship.brynmawr.edu/pta/phan/phan-04334/tiles/full/300,169/0/default.jpg",Phantom Thread (2017),8,0.03025463,2614,,,,
PHAN-04349,"https://digitalscholarship.brynmawr.edu/pta/phan/phan-04349/tiles/full/300,169/0/default.jpg",Phantom Thread (2017),8,0.030428241,2629,,,,
PHAN-04353,"https://digitalscholarship.brynmawr.edu/pta/phan/phan-04353/tiles/full/300,169/0/default.jpg",Phantom Thread (2017),8,0.030474537,2633,,,,
PHAN-04356,"https://digitalscholarship.brynmawr.edu/pta/phan/phan-04356/tiles/full/300,169/0/default.jpg",Phantom Thread (2017),8,0.030509259,2636,,,,
PHAN-04400,"https://digitalscholarship.brynmawr.edu/pta/phan/phan-04400/tiles/full/300,169/0/default.jpg",Phantom Thread (2017),8,0.030555556,2640,,,,
PHAN-04404,"https://digitalscholarship.brynmawr.edu/pta/phan/phan-04404/tiles/full/300,169/0/default.jpg",Phantom Thread (2017),8,0.030601852,2644,,,,
PHAN-04407,"https://digitalscholarship.brynmawr.edu/pta/phan/phan-04407/tiles/full/300,169/0/default.jpg",Phantom Thread (2017),8,0.030636574,2647,,,,
PHAN-04415,"https://digitalscholarship.brynmawr.edu/pta/phan/phan-04415/tiles/full/300,169/0/default.jpg",Phantom Thread (2017),8,0.030729167,2655,,,,
PHAN-04423,"https://digitalscholarship.brynmawr.edu/pta/phan/phan-04423/tiles/full/300,169/0/default.jpg",Phantom Thread (2017),8,0.030821759,2663,,,,
PHAN-04426,"https://digitalscholarship.brynmawr.edu/pta/phan/phan-04426/tiles/full/300,169/0/default.jpg",Phantom Thread (2017),9,0.030856481,2666,,,,
PHAN-04435,"https://digitalscholarship.brynmawr.edu/pta/phan/phan-04435/tiles/full/300,169/0/default.jpg",Phantom Thread (2017),9,0.030960648,2675,,,,
PHAN-04508,"https://digitalscholarship.brynmawr.edu/pta/phan/phan-04508/tiles/full/300,169/0/default.jpg",Phantom Thread (2017),9,0.031342593,2708,,,,
PHAN-04511,"https://digitalscholarship.brynmawr.edu/pta/phan/phan-04511/tiles/full/300,169/0/default.jpg",Phantom Thread (2017),9,0.031377315,2711,,,,
PHAN-04520,"https://digitalscholarship.brynmawr.edu/pta/phan/phan-04520/tiles/full/300,169/0/default.jpg",Phantom Thread (2017),9,0.031481481,2720,,,,
PHAN-04536,"https://digitalscholarship.brynmawr.edu/pta/phan/phan-04536/tiles/full/300,169/0/default.jpg",Phantom Thread (2017),9,0.031666667,2736,,,,
PHAN-04547,"https://digitalscholarship.brynmawr.edu/pta/phan/phan-04547/tiles/full/300,169/0/default.jpg",Phantom Thread (2017),9,0.031793981,2747,,,,
PHAN-04558,"https://digitalscholarship.brynmawr.edu/pta/phan/phan-04558/tiles/full/300,169/0/default.jpg",Phantom Thread (2017),9,0.031921296,2758,,,,
PHAN-04601,"https://digitalscholarship.brynmawr.edu/pta/phan/phan-04601/tiles/full/300,169/0/default.jpg",Phantom Thread (2017),9,0.031956019,2761,,,,
PHAN-04603,"https://digitalscholarship.brynmawr.edu/pta/phan/phan-04603/tiles/full/300,169/0/default.jpg",Phantom Thread (2017),9,0.031979167,2763,,,,
PHAN-04611,"https://digitalscholarship.brynmawr.edu/pta/phan/phan-04611/tiles/full/300,169/0/default.jpg",Phantom Thread (2017),9,0.032071759,2771,,,,
PHAN-04616,"https://digitalscholarship.brynmawr.edu/pta/phan/phan-04616/tiles/full/300,169/0/default.jpg",Phantom Thread (2017),9,0.03212963,2776,,,,
PHAN-04620,"https://digitalscholarship.brynmawr.edu/pta/phan/phan-04620/tiles/full/300,169/0/default.jpg",Phantom Thread (2017),9,0.032175926,2780,,,,
PHAN-04626,"https://digitalscholarship.brynmawr.edu/pta/phan/phan-04626/tiles/full/300,169/0/default.jpg",Phantom Thread (2017),9,0.03224537,2786,,,,
PHAN-04639,"https://digitalscholarship.brynmawr.edu/pta/phan/phan-04639/tiles/full/300,169/0/default.jpg",Phantom Thread (2017),9,0.032395833,2799,,,,
PHAN-04653,"https://digitalscholarship.brynmawr.edu/pta/phan/phan-04653/tiles/full/300,169/0/default.jpg",Phantom Thread (2017),9,0.03255787,2813,,,,
PHAN-04711,"https://digitalscholarship.brynmawr.edu/pta/phan/phan-04711/tiles/full/300,169/0/default.jpg",Phantom Thread (2017),9,0.032766204,2831,,,,
PHAN-04714,"https://digitalscholarship.brynmawr.edu/pta/phan/phan-04714/tiles/full/300,169/0/default.jpg",Phantom Thread (2017),9,0.032800926,2834,,,,
PHAN-04724,"https://digitalscholarship.brynmawr.edu/pta/phan/phan-04724/tiles/full/300,169/0/default.jpg",Phantom Thread (2017),9,0.032916667,2844,,,,
PHAN-04733,"https://digitalscholarship.brynmawr.edu/pta/phan/phan-04733/tiles/full/300,169/0/default.jpg",Phantom Thread (2017),9,0.033020833,2853,,,,
PHAN-04748,"https://digitalscholarship.brynmawr.edu/pta/phan/phan-04748/tiles/full/300,169/0/default.jpg",Phantom Thread (2017),9,0.033194444,2868,,,,
PHAN-04750,"https://digitalscholarship.brynmawr.edu/pta/phan/phan-04750/tiles/full/300,169/0/default.jpg",Phantom Thread (2017),9,0.033217593,2870,,,,
PHAN-04808,"https://digitalscholarship.brynmawr.edu/pta/phan/phan-04808/tiles/full/300,169/0/default.jpg",Phantom Thread (2017),9,0.033425926,2888,,,,
PHAN-04813,"https://digitalscholarship.brynmawr.edu/pta/phan/phan-04813/tiles/full/300,169/0/default.jpg",Phantom Thread (2017),10,0.033483796,2893,,,,
PHAN-04816,"https://digitalscholarship.brynmawr.edu/pta/phan/phan-04816/tiles/full/300,169/0/default.jpg",Phantom Thread (2017),10,0.033518519,2896,,,,
PHAN-04820,"https://digitalscholarship.brynmawr.edu/pta/phan/phan-04820/tiles/full/300,169/0/default.jpg",Phantom Thread (2017),10,0.033564815,2900,,,,
PHAN-04821,"https://digitalscholarship.brynmawr.edu/pta/phan/phan-04821/tiles/full/300,169/0/default.jpg",Phantom Thread (2017),10,0.033576389,2901,,,,
PHAN-04832,"https://digitalscholarship.brynmawr.edu/pta/phan/phan-04832/tiles/full/300,169/0/default.jpg",Phantom Thread (2017),10,0.033703704,2912,,,,
PHAN-04847,"https://digitalscholarship.brynmawr.edu/pta/phan/phan-04847/tiles/full/300,169/0/default.jpg",Phantom Thread (2017),10,0.033877315,2927,,,,
PHAN-04918,"https://digitalscholarship.brynmawr.edu/pta/phan/phan-04918/tiles/full/300,169/0/default.jpg",Phantom Thread (2017),10,0.034236111,2958,,,,
PHAN-04921,"https://digitalscholarship.brynmawr.edu/pta/phan/phan-04921/tiles/full/300,169/0/default.jpg",Phantom Thread (2017),10,0.034270833,2961,,,,
PHAN-04932,"https://digitalscholarship.brynmawr.edu/pta/phan/phan-04932/tiles/full/300,169/0/default.jpg",Phantom Thread (2017),10,0.034398148,2972,,,,
PHAN-04940,"https://digitalscholarship.brynmawr.edu/pta/phan/phan-04940/tiles/full/300,169/0/default.jpg",Phantom Thread (2017),10,0.034490741,2980,,,,
PHAN-04948,"https://digitalscholarship.brynmawr.edu/pta/phan/phan-04948/tiles/full/300,169/0/default.jpg",Phantom Thread (2017),10,0.034583333,2988,,,,
PHAN-04958,"https://digitalscholarship.brynmawr.edu/pta/phan/phan-04958/tiles/full/300,169/0/default.jpg",Phantom Thread (2017),10,0.034699074,2998,,,,
PHAN-05005,"https://digitalscholarship.brynmawr.edu/pta/phan/phan-05005/tiles/full/300,169/0/default.jpg",Phantom Thread (2017),10,0.034780093,3005,,,,
PHAN-05009,"https://digitalscholarship.brynmawr.edu/pta/phan/phan-05009/tiles/full/300,169/0/default.jpg",Phantom Thread (2017),10,0.034826389,3009,,,,
PHAN-05020,"https://digitalscholarship.brynmawr.edu/pta/phan/phan-05020/tiles/full/300,169/0/default.jpg",Phantom Thread (2017),10,0.034953704,3020,,,,
PHAN-05048,"https://digitalscholarship.brynmawr.edu/pta/phan/phan-05048/tiles/full/300,169/0/default.jpg",Phantom Thread (2017),10,0.035277778,3048,,,,
PHAN-05129,"https://digitalscholarship.brynmawr.edu/pta/phan/phan-05129/tiles/full/300,169/0/default.jpg",Phantom Thread (2017),10,0.035752315,3089,,,,
PHAN-05141,"https://digitalscholarship.brynmawr.edu/pta/phan/phan-05141/tiles/full/300,169/0/default.jpg",Phantom Thread (2017),10,0.035891204,3101,,,,
PHAN-05152,"https://digitalscholarship.brynmawr.edu/pta/phan/phan-05152/tiles/full/300,169/0/default.jpg",Phantom Thread (2017),10,0.036018519,3112,,,,
PHAN-05155,"https://digitalscholarship.brynmawr.edu/pta/phan/phan-05155/tiles/full/300,169/0/default.jpg",Phantom Thread (2017),10,0.036053241,3115,,,,
PHAN-05157,"https://digitalscholarship.brynmawr.edu/pta/phan/phan-05157/tiles/full/300,169/0/default.jpg",Phantom Thread (2017),10,0.036076389,3117,,,,
PHAN-05204,"https://digitalscholarship.brynmawr.edu/pta/phan/phan-05204/tiles/full/300,169/0/default.jpg",Phantom Thread (2017),10,0.036157407,3124,,,,
PHAN-05207,"https://digitalscholarship.brynmawr.edu/pta/phan/phan-05207/tiles/full/300,169/0/default.jpg",Phantom Thread (2017),10,0.03619213,3127,,,,
PHAN-05215,"https://digitalscholarship.brynmawr.edu/pta/phan/phan-05215/tiles/full/300,169/0/default.jpg",Phantom Thread (2017),10,0.036284722,3135,,,,
PHAN-05217,"https://digitalscholarship.brynmawr.edu/pta/phan/phan-05217/tiles/full/300,169/0/default.jpg",Phantom Thread (2017),10,0.03630787,3137,,,,
PHAN-05219,"https://digitalscholarship.brynmawr.edu/pta/phan/phan-05219/tiles/full/300,169/0/default.jpg",Phantom Thread (2017),10,0.036331019,3139,,,,
PHAN-05227,"https://digitalscholarship.brynmawr.edu/pta/phan/phan-05227/tiles/full/300,169/0/default.jpg",Phantom Thread (2017),10,0.036423611,3147,,,,
PHAN-05230,"https://digitalscholarship.brynmawr.edu/pta/phan/phan-05230/tiles/full/300,169/0/default.jpg",Phantom Thread (2017),10,0.036458333,3150,,,,
PHAN-05244,"https://digitalscholarship.brynmawr.edu/pta/phan/phan-05244/tiles/full/300,169/0/default.jpg",Phantom Thread (2017),10,0.03662037,3164,,,,
PHAN-05251,"https://digitalscholarship.brynmawr.edu/pta/phan/phan-05251/tiles/full/300,169/0/default.jpg",Phantom Thread (2017),10,0.036701389,3171,,,,
PHAN-05300,"https://digitalscholarship.brynmawr.edu/pta/phan/phan-05300/tiles/full/300,169/0/default.jpg",Phantom Thread (2017),10,0.036805556,3180,,,,
PHAN-05305,"https://digitalscholarship.brynmawr.edu/pta/phan/phan-05305/tiles/full/300,169/0/default.jpg",Phantom Thread (2017),10,0.036863426,3185,,,,
PHAN-05311,"https://digitalscholarship.brynmawr.edu/pta/phan/phan-05311/tiles/full/300,169/0/default.jpg",Phantom Thread (2017),10,0.03693287,3191,,,,
PHAN-05322,"https://digitalscholarship.brynmawr.edu/pta/phan/phan-05322/tiles/full/300,169/0/default.jpg",Phantom Thread (2017),10,0.037060185,3202,,,,
PHAN-05335,"https://digitalscholarship.brynmawr.edu/pta/phan/phan-05335/tiles/full/300,169/0/default.jpg",Phantom Thread (2017),10,0.037210648,3215,,,,
PHAN-05354,"https://digitalscholarship.brynmawr.edu/pta/phan/phan-05354/tiles/full/300,169/0/default.jpg",Phantom Thread (2017),10,0.037430556,3234,,,,
PHAN-05408,"https://digitalscholarship.brynmawr.edu/pta/phan/phan-05408/tiles/full/300,169/0/default.jpg",Phantom Thread (2017),10,0.037592593,3248,,,,
PHAN-05411,"https://digitalscholarship.brynmawr.edu/pta/phan/phan-05411/tiles/full/300,169/0/default.jpg",Phantom Thread (2017),10,0.037627315,3251,,,,
PHAN-05414,"https://digitalscholarship.brynmawr.edu/pta/phan/phan-05414/tiles/full/300,169/0/default.jpg",Phantom Thread (2017),10,0.037662037,3254,,,,
PHAN-05418,"https://digitalscholarship.brynmawr.edu/pta/phan/phan-05418/tiles/full/300,169/0/default.jpg",Phantom Thread (2017),10,0.037708333,3258,,,,
PHAN-05420,"https://digitalscholarship.brynmawr.edu/pta/phan/phan-05420/tiles/full/300,169/0/default.jpg",Phantom Thread (2017),10,0.037731481,3260,,,,
PHAN-05449,"https://digitalscholarship.brynmawr.edu/pta/phan/phan-05449/tiles/full/300,169/0/default.jpg",Phantom Thread (2017),10,0.03806713,3289,,,,
PHAN-05453,"https://digitalscholarship.brynmawr.edu/pta/phan/phan-05453/tiles/full/300,169/0/default.jpg",Phantom Thread (2017),10,0.038113426,3293,,,,
PHAN-05455,"https://digitalscholarship.brynmawr.edu/pta/phan/phan-05455/tiles/full/300,169/0/default.jpg",Phantom Thread (2017),10,0.038136574,3295,,,,
PHAN-05458,"https://digitalscholarship.brynmawr.edu/pta/phan/phan-05458/tiles/full/300,169/0/default.jpg",Phantom Thread (2017),10,0.038171296,3298,,,,
PHAN-05502,"https://digitalscholarship.brynmawr.edu/pta/phan/phan-05502/tiles/full/300,169/0/default.jpg",Phantom Thread (2017),10,0.038217593,3302,,,,
PHAN-05505,"https://digitalscholarship.brynmawr.edu/pta/phan/phan-05505/tiles/full/300,169/0/default.jpg",Phantom Thread (2017),10,0.038252315,3305,,,,
PHAN-05512,"https://digitalscholarship.brynmawr.edu/pta/phan/phan-05512/tiles/full/300,169/0/default.jpg",Phantom Thread (2017),10,0.038333333,3312,,,,
PHAN-05518,"https://digitalscholarship.brynmawr.edu/pta/phan/phan-05518/tiles/full/300,169/0/default.jpg",Phantom Thread (2017),10,0.038402778,3318,,,,
PHAN-05522,"https://digitalscholarship.brynmawr.edu/pta/phan/phan-05522/tiles/full/300,169/0/default.jpg",Phantom Thread (2017),10,0.038449074,3322,,,,
PHAN-05525,"https://digitalscholarship.brynmawr.edu/pta/phan/phan-05525/tiles/full/300,169/0/default.jpg",Phantom Thread (2017),10,0.038483796,3325,,,,
PHAN-05544,"https://digitalscholarship.brynmawr.edu/pta/phan/phan-05544/tiles/full/300,169/0/default.jpg",Phantom Thread (2017),10,0.038703704,3344,,,,
PHAN-05550,"https://digitalscholarship.brynmawr.edu/pta/phan/phan-05550/tiles/full/300,169/0/default.jpg",Phantom Thread (2017),10,0.038773148,3350,,,,
PHAN-05557,"https://digitalscholarship.brynmawr.edu/pta/phan/phan-05557/tiles/full/300,169/0/default.jpg",Phantom Thread (2017),10,0.038854167,3357,,,,
PHAN-05629,"https://digitalscholarship.brynmawr.edu/pta/phan/phan-05629/tiles/full/300,169/0/default.jpg",Phantom Thread (2017),10,0.039224537,3389,,,,
PHAN-05638,"https://digitalscholarship.brynmawr.edu/pta/phan/phan-05638/tiles/full/300,169/0/default.jpg",Phantom Thread (2017),11,0.039328704,3398,,,,
PHAN-05643,"https://digitalscholarship.brynmawr.edu/pta/phan/phan-05643/tiles/full/300,169/0/default.jpg",Phantom Thread (2017),11,0.039386574,3403,,,,
PHAN-05648,"https://digitalscholarship.brynmawr.edu/pta/phan/phan-05648/tiles/full/300,169/0/default.jpg",Phantom Thread (2017),11,0.039444444,3408,,,,
PHAN-05700,"https://digitalscholarship.brynmawr.edu/pta/phan/phan-05700/tiles/full/300,169/0/default.jpg",Phantom Thread (2017),11,0.039583333,3420,,,,
PHAN-05712,"https://digitalscholarship.brynmawr.edu/pta/phan/phan-05712/tiles/full/300,169/0/default.jpg",Phantom Thread (2017),11,0.039722222,3432,,,,
PHAN-05721,"https://digitalscholarship.brynmawr.edu/pta/phan/phan-05721/tiles/full/300,169/0/default.jpg",Phantom Thread (2017),11,0.039826389,3441,,,,
PHAN-05728,"https://digitalscholarship.brynmawr.edu/pta/phan/phan-05728/tiles/full/300,169/0/default.jpg",Phantom Thread (2017),11,0.039907407,3448,,,,
PHAN-05748,"https://digitalscholarship.brynmawr.edu/pta/phan/phan-05748/tiles/full/300,169/0/default.jpg",Phantom Thread (2017),11,0.040138889,3468,,,,
PHAN-05752,"https://digitalscholarship.brynmawr.edu/pta/phan/phan-05752/tiles/full/300,169/0/default.jpg",Phantom Thread (2017),11,0.040185185,3472,,,,
PHAN-05801,"https://digitalscholarship.brynmawr.edu/pta/phan/phan-05801/tiles/full/300,169/0/default.jpg",Phantom Thread (2017),11,0.040289352,3481,,,,
PHAN-05817,"https://digitalscholarship.brynmawr.edu/pta/phan/phan-05817/tiles/full/300,169/0/default.jpg",Phantom Thread (2017),11,0.040474537,3497,,,,
PHAN-05821,"https://digitalscholarship.brynmawr.edu/pta/phan/phan-05821/tiles/full/300,169/0/default.jpg",Phantom Thread (2017),11,0.040520833,3501,,,,
PHAN-05824,"https://digitalscholarship.brynmawr.edu/pta/phan/phan-05824/tiles/full/300,169/0/default.jpg",Phantom Thread (2017),11,0.040555556,3504,,,,
PHAN-05850,"https://digitalscholarship.brynmawr.edu/pta/phan/phan-05850/tiles/full/300,169/0/default.jpg",Phantom Thread (2017),11,0.040856481,3530,,,,
PHAN-05858,"https://digitalscholarship.brynmawr.edu/pta/phan/phan-05858/tiles/full/300,169/0/default.jpg",Phantom Thread (2017),11,0.040949074,3538,,,,
PHAN-05903,"https://digitalscholarship.brynmawr.edu/pta/phan/phan-05903/tiles/full/300,169/0/default.jpg",Phantom Thread (2017),11,0.041006944,3543,,,,
PHAN-05908,"https://digitalscholarship.brynmawr.edu/pta/phan/phan-05908/tiles/full/300,169/0/default.jpg",Phantom Thread (2017),11,0.041064815,3548,,,,
PHAN-05926,"https://digitalscholarship.brynmawr.edu/pta/phan/phan-05926/tiles/full/300,169/0/default.jpg",Phantom Thread (2017),11,0.041273148,3566,,,,
PHAN-05953,"https://digitalscholarship.brynmawr.edu/pta/phan/phan-05953/tiles/full/300,169/0/default.jpg",Phantom Thread (2017),11,0.041585648,3593,,,,
PHAN-05957,"https://digitalscholarship.brynmawr.edu/pta/phan/phan-05957/tiles/full/300,169/0/default.jpg",Phantom Thread (2017),12,0.041631944,3597,,,,
PHAN-10004,"https://digitalscholarship.brynmawr.edu/pta/phan/phan-10004/tiles/full/300,169/0/default.jpg",Phantom Thread (2017),12,0.041712963,3604,,,,
PHAN-10011,"https://digitalscholarship.brynmawr.edu/pta/phan/phan-10011/tiles/full/300,169/0/default.jpg",Phantom Thread (2017),12,0.041793981,3611,,,,
PHAN-10013,"https://digitalscholarship.brynmawr.edu/pta/phan/phan-10013/tiles/full/300,169/0/default.jpg",Phantom Thread (2017),12,0.04181713,3613,,,,
PHAN-10020,"https://digitalscholarship.brynmawr.edu/pta/phan/phan-10020/tiles/full/300,169/0/default.jpg",Phantom Thread (2017),12,0.041898148,3620,,,,
PHAN-10035,"https://digitalscholarship.brynmawr.edu/pta/phan/phan-10035/tiles/full/300,169/0/default.jpg",Phantom Thread (2017),12,0.042071759,3635,,,,
PHAN-10101,"https://digitalscholarship.brynmawr.edu/pta/phan/phan-10101/tiles/full/300,169/0/default.jpg",Phantom Thread (2017),12,0.042372685,3661,,,,
PHAN-10150,"https://digitalscholarship.brynmawr.edu/pta/phan/phan-10150/tiles/full/300,169/0/default.jpg",Phantom Thread (2017),12,0.042939815,3710,,,,
PHAN-10157,"https://digitalscholarship.brynmawr.edu/pta/phan/phan-10157/tiles/full/300,169/0/default.jpg",Phantom Thread (2017),12,0.043020833,3717,,,,
PHAN-10206,"https://digitalscholarship.brynmawr.edu/pta/phan/phan-10206/tiles/full/300,169/0/default.jpg",Phantom Thread (2017),12,0.043125,3726,,,,
PHAN-10211,"https://digitalscholarship.brynmawr.edu/pta/phan/phan-10211/tiles/full/300,169/0/default.jpg",Phantom Thread (2017),12,0.04318287,3731,,,,
PHAN-10213,"https://digitalscholarship.brynmawr.edu/pta/phan/phan-10213/tiles/full/300,169/0/default.jpg",Phantom Thread (2017),12,0.043206019,3733,,,,
PHAN-10215,"https://digitalscholarship.brynmawr.edu/pta/phan/phan-10215/tiles/full/300,169/0/default.jpg",Phantom Thread (2017),12,0.043229167,3735,,,,
PHAN-10222,"https://digitalscholarship.brynmawr.edu/pta/phan/phan-10222/tiles/full/300,169/0/default.jpg",Phantom Thread (2017),12,0.043310185,3742,,,,
PHAN-10228,"https://digitalscholarship.brynmawr.edu/pta/phan/phan-10228/tiles/full/300,169/0/default.jpg",Phantom Thread (2017),12,0.04337963,3748,,,,
PHAN-10241,"https://digitalscholarship.brynmawr.edu/pta/phan/phan-10241/tiles/full/300,169/0/default.jpg",Phantom Thread (2017),12,0.043530093,3761,,,,
PHAN-10244,"https://digitalscholarship.brynmawr.edu/pta/phan/phan-10244/tiles/full/300,169/0/default.jpg",Phantom Thread (2017),12,0.043564815,3764,,,,
PHAN-10251,"https://digitalscholarship.brynmawr.edu/pta/phan/phan-10251/tiles/full/300,169/0/default.jpg",Phantom Thread (2017),12,0.043645833,3771,,,,
PHAN-10306,"https://digitalscholarship.brynmawr.edu/pta/phan/phan-10306/tiles/full/300,169/0/default.jpg",Phantom Thread (2017),12,0.043819444,3786,,,,
PHAN-10319,"https://digitalscholarship.brynmawr.edu/pta/phan/phan-10319/tiles/full/300,169/0/default.jpg",Phantom Thread (2017),12,0.043969907,3799,,,,
PHAN-10348,"https://digitalscholarship.brynmawr.edu/pta/phan/phan-10348/tiles/full/300,169/0/default.jpg",Phantom Thread (2017),12,0.044305556,3828,,,,
PHAN-10405,"https://digitalscholarship.brynmawr.edu/pta/phan/phan-10405/tiles/full/300,169/0/default.jpg",Phantom Thread (2017),12,0.044502315,3845,,,,
PHAN-10410,"https://digitalscholarship.brynmawr.edu/pta/phan/phan-10410/tiles/full/300,169/0/default.jpg",Phantom Thread (2017),12,0.044560185,3850,,,,
PHAN-10422,"https://digitalscholarship.brynmawr.edu/pta/phan/phan-10422/tiles/full/300,169/0/default.jpg",Phantom Thread (2017),12,0.044699074,3862,,,,
PHAN-10428,"https://digitalscholarship.brynmawr.edu/pta/phan/phan-10428/tiles/full/300,169/0/default.jpg",Phantom Thread (2017),12,0.044768519,3868,,,,
PHAN-10431,"https://digitalscholarship.brynmawr.edu/pta/phan/phan-10431/tiles/full/300,169/0/default.jpg",Phantom Thread (2017),12,0.044803241,3871,,,,
PHAN-10439,"https://digitalscholarship.brynmawr.edu/pta/phan/phan-10439/tiles/full/300,169/0/default.jpg",Phantom Thread (2017),12,0.044895833,3879,,,,
PHAN-10441,"https://digitalscholarship.brynmawr.edu/pta/phan/phan-10441/tiles/full/300,169/0/default.jpg",Phantom Thread (2017),12,0.044918981,3881,,,,
PHAN-10443,"https://digitalscholarship.brynmawr.edu/pta/phan/phan-10443/tiles/full/300,169/0/default.jpg",Phantom Thread (2017),12,0.04494213,3883,,,,
PHAN-10451,"https://digitalscholarship.brynmawr.edu/pta/phan/phan-10451/tiles/full/300,169/0/default.jpg",Phantom Thread (2017),12,0.045034722,3891,,,,
PHAN-10455,"https://digitalscholarship.brynmawr.edu/pta/phan/phan-10455/tiles/full/300,169/0/default.jpg",Phantom Thread (2017),12,0.045081019,3895,,,,
PHAN-10535,"https://digitalscholarship.brynmawr.edu/pta/phan/phan-10535/tiles/full/300,169/0/default.jpg",Phantom Thread (2017),12,0.045543981,3935,,,,
PHAN-10550,"https://digitalscholarship.brynmawr.edu/pta/phan/phan-10550/tiles/full/300,169/0/default.jpg",Phantom Thread (2017),12,0.045717593,3950,,,,
PHAN-10555,"https://digitalscholarship.brynmawr.edu/pta/phan/phan-10555/tiles/full/300,169/0/default.jpg",Phantom Thread (2017),12,0.045775463,3955,,,,
PHAN-10601,"https://digitalscholarship.brynmawr.edu/pta/phan/phan-10601/tiles/full/300,169/0/default.jpg",Phantom Thread (2017),12,0.045844907,3961,,,,
PHAN-10603,"https://digitalscholarship.brynmawr.edu/pta/phan/phan-10603/tiles/full/300,169/0/default.jpg",Phantom Thread (2017),12,0.045868056,3963,,,,
PHAN-10605,"https://digitalscholarship.brynmawr.edu/pta/phan/phan-10605/tiles/full/300,169/0/default.jpg",Phantom Thread (2017),12,0.045891204,3965,,,,
PHAN-10617,"https://digitalscholarship.brynmawr.edu/pta/phan/phan-10617/tiles/full/300,169/0/default.jpg",Phantom Thread (2017),12,0.046030093,3977,,,,
PHAN-10623,"https://digitalscholarship.brynmawr.edu/pta/phan/phan-10623/tiles/full/300,169/0/default.jpg",Phantom Thread (2017),12,0.046099537,3983,,,,
PHAN-10631,"https://digitalscholarship.brynmawr.edu/pta/phan/phan-10631/tiles/full/300,169/0/default.jpg",Phantom Thread (2017),12,0.04619213,3991,,,,
PHAN-10643,"https://digitalscholarship.brynmawr.edu/pta/phan/phan-10643/tiles/full/300,169/0/default.jpg",Phantom Thread (2017),12,0.046331019,4003,,,,
PHAN-10718,"https://digitalscholarship.brynmawr.edu/pta/phan/phan-10718/tiles/full/300,169/0/default.jpg",Phantom Thread (2017),12,0.046736111,4038,,,,
PHAN-10752,"https://digitalscholarship.brynmawr.edu/pta/phan/phan-10752/tiles/full/300,169/0/default.jpg",Phantom Thread (2017),12,0.04712963,4072,,,,
PHAN-10841,"https://digitalscholarship.brynmawr.edu/pta/phan/phan-10841/tiles/full/300,169/0/default.jpg",Phantom Thread (2017),12,0.047696759,4121,,,,
PHAN-10844,"https://digitalscholarship.brynmawr.edu/pta/phan/phan-10844/tiles/full/300,169/0/default.jpg",Phantom Thread (2017),12,0.047731481,4124,,,,
PHAN-10917,"https://digitalscholarship.brynmawr.edu/pta/phan/phan-10917/tiles/full/300,169/0/default.jpg",Phantom Thread (2017),12,0.048113426,4157,,,,
PHAN-10928,"https://digitalscholarship.brynmawr.edu/pta/phan/phan-10928/tiles/full/300,169/0/default.jpg",Phantom Thread (2017),12,0.048240741,4168,,,,
PHAN-10937,"https://digitalscholarship.brynmawr.edu/pta/phan/phan-10937/tiles/full/300,169/0/default.jpg",Phantom Thread (2017),12,0.048344907,4177,,,,
PHAN-10958,"https://digitalscholarship.brynmawr.edu/pta/phan/phan-10958/tiles/full/300,169/0/default.jpg",Phantom Thread (2017),12,0.048587963,4198,,,,
PHAN-11034,"https://digitalscholarship.brynmawr.edu/pta/phan/phan-11034/tiles/full/300,169/0/default.jpg",Phantom Thread (2017),12,0.04900463,4234,,,,
PHAN-11035,"https://digitalscholarship.brynmawr.edu/pta/phan/phan-11035/tiles/full/300,169/0/default.jpg",Phantom Thread (2017),12,0.049016204,4235,,,,
PHAN-11048,"https://digitalscholarship.brynmawr.edu/pta/phan/phan-11048/tiles/full/300,169/0/default.jpg",Phantom Thread (2017),12,0.049166667,4248,,,,
PHAN-11050,"https://digitalscholarship.brynmawr.edu/pta/phan/phan-11050/tiles/full/300,169/0/default.jpg",Phantom Thread (2017),13,0.049189815,4250,,,,
PHAN-11108,"https://digitalscholarship.brynmawr.edu/pta/phan/phan-11108/tiles/full/300,169/0/default.jpg",Phantom Thread (2017),13,0.049398148,4268,,,,
PHAN-11115,"https://digitalscholarship.brynmawr.edu/pta/phan/phan-11115/tiles/full/300,169/0/default.jpg",Phantom Thread (2017),13,0.049479167,4275,,,,
PHAN-11125,"https://digitalscholarship.brynmawr.edu/pta/phan/phan-11125/tiles/full/300,169/0/default.jpg",Phantom Thread (2017),13,0.049594907,4285,,,,
PHAN-11135,"https://digitalscholarship.brynmawr.edu/pta/phan/phan-11135/tiles/full/300,169/0/default.jpg",Phantom Thread (2017),13,0.049710648,4295,,,,
PHAN-11149,"https://digitalscholarship.brynmawr.edu/pta/phan/phan-11149/tiles/full/300,169/0/default.jpg",Phantom Thread (2017),13,0.049872685,4309,,,,
PHAN-11208,"https://digitalscholarship.brynmawr.edu/pta/phan/phan-11208/tiles/full/300,169/0/default.jpg",Phantom Thread (2017),13,0.050092593,4328,,,,
PHAN-11217,"https://digitalscholarship.brynmawr.edu/pta/phan/phan-11217/tiles/full/300,169/0/default.jpg",Phantom Thread (2017),13,0.050196759,4337,,,,
PHAN-11224,"https://digitalscholarship.brynmawr.edu/pta/phan/phan-11224/tiles/full/300,169/0/default.jpg",Phantom Thread (2017),13,0.050277778,4344,,,,
PHAN-11331,"https://digitalscholarship.brynmawr.edu/pta/phan/phan-11331/tiles/full/300,169/0/default.jpg",Phantom Thread (2017),13,0.051053241,4411,,,,
PHAN-11334,"https://digitalscholarship.brynmawr.edu/pta/phan/phan-11334/tiles/full/300,169/0/default.jpg",Phantom Thread (2017),13,0.051087963,4414,,,,
PHAN-11353,"https://digitalscholarship.brynmawr.edu/pta/phan/phan-11353/tiles/full/300,169/0/default.jpg",Phantom Thread (2017),13,0.05130787,4433,,,,
PHAN-11404,"https://digitalscholarship.brynmawr.edu/pta/phan/phan-11404/tiles/full/300,169/0/default.jpg",Phantom Thread (2017),13,0.051435185,4444,,,,
PHAN-11407,"https://digitalscholarship.brynmawr.edu/pta/phan/phan-11407/tiles/full/300,169/0/default.jpg",Phantom Thread (2017),13,0.051469907,4447,,,,
PHAN-11442,"https://digitalscholarship.brynmawr.edu/pta/phan/phan-11442/tiles/full/300,169/0/default.jpg",Phantom Thread (2017),13,0.051875,4482,,,,
PHAN-11509,"https://digitalscholarship.brynmawr.edu/pta/phan/phan-11509/tiles/full/300,169/0/default.jpg",Phantom Thread (2017),13,0.0521875,4509,,,,
PHAN-11540,"https://digitalscholarship.brynmawr.edu/pta/phan/phan-11540/tiles/full/300,169/0/default.jpg",Phantom Thread (2017),13,0.052546296,4540,,,,
PAHN-11554,"https://digitalscholarship.brynmawr.edu/pta/phan/phan-11554/tiles/full/300,169/0/default.jpg",Phantom Thread (2017),13,0.052708333,4554,,,,
PHAN-11556,"https://digitalscholarship.brynmawr.edu/pta/phan/phan-11556/tiles/full/300,169/0/default.jpg",Phantom Thread (2017),13,0.052731481,4556,,,,
PHAN-11608,"https://digitalscholarship.brynmawr.edu/pta/phan/phan-11608/tiles/full/300,169/0/default.jpg",Phantom Thread (2017),13,0.05287037,4568,,,,
PHAN-11621,"https://digitalscholarship.brynmawr.edu/pta/phan/phan-11621/tiles/full/300,169/0/default.jpg",Phantom Thread (2017),13,0.053020833,4581,,,,
PAHN-11632,"https://digitalscholarship.brynmawr.edu/pta/phan/phan-11632/tiles/full/300,169/0/default.jpg",Phantom Thread (2017),13,0.053148148,4592,,,,
PHAN-11644,"https://digitalscholarship.brynmawr.edu/pta/phan/phan-11644/tiles/full/300,169/0/default.jpg",Phantom Thread (2017),13,0.053287037,4604,,,,
PHAN-11646,"https://digitalscholarship.brynmawr.edu/pta/phan/phan-11646/tiles/full/300,169/0/default.jpg",Phantom Thread (2017),13,0.053310185,4606,,,,
PHAN-11701,"https://digitalscholarship.brynmawr.edu/pta/phan/phan-11701/tiles/full/300,169/0/default.jpg",Phantom Thread (2017),13,0.053483796,4621,,,,
PHAN-11710,"https://digitalscholarship.brynmawr.edu/pta/phan/phan-11710/tiles/full/300,169/0/default.jpg",Phantom Thread (2017),13,0.053587963,4630,,,,
PHAN-11727,"https://digitalscholarship.brynmawr.edu/pta/phan/phan-11727/tiles/full/300,169/0/default.jpg",Phantom Thread (2017),13,0.053784722,4647,,,,
PHAN-11808,"https://digitalscholarship.brynmawr.edu/pta/phan/phan-11808/tiles/full/300,169/0/default.jpg",Phantom Thread (2017),13,0.054259259,4688,,,,
PHAN-11813,"https://digitalscholarship.brynmawr.edu/pta/phan/phan-11813/tiles/full/300,169/0/default.jpg",Phantom Thread (2017),13,0.05431713,4693,,,,
PHAN-11816,"https://digitalscholarship.brynmawr.edu/pta/phan/phan-11816/tiles/full/300,169/0/default.jpg",Phantom Thread (2017),13,0.054351852,4696,,,,
PHAN-11825,"https://digitalscholarship.brynmawr.edu/pta/phan/phan-11825/tiles/full/300,169/0/default.jpg",Phantom Thread (2017),13,0.054456019,4705,,,,
PHAN-11854,"https://digitalscholarship.brynmawr.edu/pta/phan/phan-11854/tiles/full/300,169/0/default.jpg",Phantom Thread (2017),13,0.054791667,4734,,,,
PHAN-11857,"https://digitalscholarship.brynmawr.edu/pta/phan/phan-11857/tiles/full/300,169/0/default.jpg",Phantom Thread (2017),13,0.054791667,4734,,,,
PHAN-11908,"https://digitalscholarship.brynmawr.edu/pta/phan/phan-11908/tiles/full/300,169/0/default.jpg",Phantom Thread (2017),13,0.054953704,4748,,,,
PHAN-11916,"https://digitalscholarship.brynmawr.edu/pta/phan/phan-11916/tiles/full/300,169/0/default.jpg",Phantom Thread (2017),13,0.055046296,4756,,,,
PHAN-11921,"https://digitalscholarship.brynmawr.edu/pta/phan/phan-11921/tiles/full/300,169/0/default.jpg",Phantom Thread (2017),13,0.055104167,4761,,,,
PHAN-11933,"https://digitalscholarship.brynmawr.edu/pta/phan/phan-11933/tiles/full/300,169/0/default.jpg",Phantom Thread (2017),13,0.055243056,4773,,,,
PHAN-11947,"https://digitalscholarship.brynmawr.edu/pta/phan/phan-11947/tiles/full/300,169/0/default.jpg",Phantom Thread (2017),13,0.055405093,4787,,,,
PHAN-11952,"https://digitalscholarship.brynmawr.edu/pta/phan/phan-11952/tiles/full/300,169/0/default.jpg",Phantom Thread (2017),13,0.055462963,4792,,,,
PHAN-12010,"https://digitalscholarship.brynmawr.edu/pta/phan/phan-12010/tiles/full/300,169/0/default.jpg",Phantom Thread (2017),13,0.055671296,4810,,,,
PHAN-12023,"https://digitalscholarship.brynmawr.edu/pta/phan/phan-12023/tiles/full/300,169/0/default.jpg",Phantom Thread (2017),13,0.055821759,4823,,,,
PHAN-12039,"https://digitalscholarship.brynmawr.edu/pta/phan/phan-12039/tiles/full/300,169/0/default.jpg",Phantom Thread (2017),13,0.056006944,4839,,,,
PHAN-12050,"https://digitalscholarship.brynmawr.edu/pta/phan/phan-12050/tiles/full/300,169/0/default.jpg",Phantom Thread (2017),13,0.056134259,4850,,,,
PHAN-12057,"https://digitalscholarship.brynmawr.edu/pta/phan/phan-12057/tiles/full/300,169/0/default.jpg",Phantom Thread (2017),14,0.056215278,4857,,,,
PHAN-12105,"https://digitalscholarship.brynmawr.edu/pta/phan/phan-12105/tiles/full/300,169/0/default.jpg",Phantom Thread (2017),14,0.05630787,4865,,,,
PHAN-12127,"https://digitalscholarship.brynmawr.edu/pta/phan/phan-12127/tiles/full/300,169/0/default.jpg",Phantom Thread (2017),14,0.0565625,4887,,,,
PHAN-12137,"https://digitalscholarship.brynmawr.edu/pta/phan/phan-12137/tiles/full/300,169/0/default.jpg",Phantom Thread (2017),14,0.056678241,4897,,,,
PHAN-12151,"https://digitalscholarship.brynmawr.edu/pta/phan/phan-12151/tiles/full/300,169/0/default.jpg",Phantom Thread (2017),14,0.056840278,4911,,,,
PHAN-12159,"https://digitalscholarship.brynmawr.edu/pta/phan/phan-12159/tiles/full/300,169/0/default.jpg",Phantom Thread (2017),14,0.05693287,4919,,,,
PHAN-12203,"https://digitalscholarship.brynmawr.edu/pta/phan/phan-12203/tiles/full/300,169/0/default.jpg",Phantom Thread (2017),14,0.056979167,4923,,,,
PHAN-12207,"https://digitalscholarship.brynmawr.edu/pta/phan/phan-12207/tiles/full/300,169/0/default.jpg",Phantom Thread (2017),14,0.057025463,4927,,,,
PHAN-12228,"https://digitalscholarship.brynmawr.edu/pta/phan/phan-12228/tiles/full/300,169/0/default.jpg",Phantom Thread (2017),14,0.057268519,4948,,,,
PHAN-12239,"https://digitalscholarship.brynmawr.edu/pta/phan/phan-12239/tiles/full/300,169/0/default.jpg",Phantom Thread (2017),14,0.057395833,4959,,,,
PHAN-12248,"https://digitalscholarship.brynmawr.edu/pta/phan/phan-12248/tiles/full/300,169/0/default.jpg",Phantom Thread (2017),14,0.0575,4968,,,,
PHAN-12252,"https://digitalscholarship.brynmawr.edu/pta/phan/phan-12252/tiles/full/300,169/0/default.jpg",Phantom Thread (2017),14,0.057546296,4972,,,,
PHAN-12324,"https://digitalscholarship.brynmawr.edu/pta/phan/phan-12324/tiles/full/300,169/0/default.jpg",Phantom Thread (2017),14,0.057916667,5004,,,,
PHAN-12332,"https://digitalscholarship.brynmawr.edu/pta/phan/phan-12332/tiles/full/300,169/0/default.jpg",Phantom Thread (2017),14,0.058009259,5012,,,,
PHAN-12341,"https://digitalscholarship.brynmawr.edu/pta/phan/phan-12341/tiles/full/300,169/0/default.jpg",Phantom Thread (2017),14,0.058113426,5021,,,,
PHAN-12355,"https://digitalscholarship.brynmawr.edu/pta/phan/phan-12355/tiles/full/300,169/0/default.jpg",Phantom Thread (2017),14,0.058275463,5035,,,,
PHAN-12410,"https://digitalscholarship.brynmawr.edu/pta/phan/phan-12410/tiles/full/300,169/0/default.jpg",Phantom Thread (2017),14,0.058449074,5050,,,,
PHAN-12419,"https://digitalscholarship.brynmawr.edu/pta/phan/phan-12419/tiles/full/300,169/0/default.jpg",Phantom Thread (2017),14,0.058553241,5059,,,,
PHAN-12424,"https://digitalscholarship.brynmawr.edu/pta/phan/phan-12424/tiles/full/300,169/0/default.jpg",Phantom Thread (2017),14,0.058611111,5064,,,,
PHAN-12442,"https://digitalscholarship.brynmawr.edu/pta/phan/phan-12442/tiles/full/300,169/0/default.jpg",Phantom Thread (2017),14,0.058819444,5082,,,,
PHAN-12501,"https://digitalscholarship.brynmawr.edu/pta/phan/phan-12501/tiles/full/300,169/0/default.jpg",Phantom Thread (2017),14,0.059039352,5101,,,,
PHAN-12512,"https://digitalscholarship.brynmawr.edu/pta/phan/phan-12512/tiles/full/300,169/0/default.jpg",Phantom Thread (2017),14,0.059166667,5112,,,,
PHAN-12527,"https://digitalscholarship.brynmawr.edu/pta/phan/phan-12527/tiles/full/300,169/0/default.jpg",Phantom Thread (2017),14,0.059340278,5127,,,,
PHAN-12546,"https://digitalscholarship.brynmawr.edu/pta/phan/phan-12546/tiles/full/300,169/0/default.jpg",Phantom Thread (2017),14,0.059560185,5146,,,,
PHAN-12605,"https://digitalscholarship.brynmawr.edu/pta/phan/phan-12605/tiles/full/300,169/0/default.jpg",Phantom Thread (2017),14,0.059780093,5165,,,,
PHAN-12645,"https://digitalscholarship.brynmawr.edu/pta/phan/phan-12645/tiles/full/300,169/0/default.jpg",Phantom Thread (2017),14,0.060243056,5205,,,,
PHAN-12658,"https://digitalscholarship.brynmawr.edu/pta/phan/phan-12658/tiles/full/300,169/0/default.jpg",Phantom Thread (2017),14,0.060393519,5218,,,,
PHAN-12715,"https://digitalscholarship.brynmawr.edu/pta/phan/phan-12715/tiles/full/300,169/0/default.jpg",Phantom Thread (2017),14,0.060590278,5235,,,,
PHAN-12728,"https://digitalscholarship.brynmawr.edu/pta/phan/phan-12728/tiles/full/300,169/0/default.jpg",Phantom Thread (2017),14,0.060740741,5248,,,,
PHAN-12745,"https://digitalscholarship.brynmawr.edu/pta/phan/phan-12745/tiles/full/300,169/0/default.jpg",Phantom Thread (2017),14,0.0609375,5265,,,,
PHAN-12746,"https://digitalscholarship.brynmawr.edu/pta/phan/phan-12746/tiles/full/300,169/0/default.jpg",Phantom Thread (2017),14,0.060949074,5266,,,,
PHAN-12801,"https://digitalscholarship.brynmawr.edu/pta/phan/phan-12801/tiles/full/300,169/0/default.jpg",Phantom Thread (2017),14,0.061122685,5281,,,,
PHAN-12809,"https://digitalscholarship.brynmawr.edu/pta/phan/phan-12809/tiles/full/300,169/0/default.jpg",Phantom Thread (2017),14,0.061215278,5289,,,,
PHAN-12820,"https://digitalscholarship.brynmawr.edu/pta/phan/phan-12820/tiles/full/300,169/0/default.jpg",Phantom Thread (2017),14,0.061342593,5300,,,,
PHAN-12821,"https://digitalscholarship.brynmawr.edu/pta/phan/phan-12821/tiles/full/300,169/0/default.jpg",Phantom Thread (2017),14,0.061354167,5301,,,,
PHAN-12919,"https://digitalscholarship.brynmawr.edu/pta/phan/phan-12919/tiles/full/300,169/0/default.jpg",Phantom Thread (2017),14,0.062025463,5359,,,,
PHAN-12928,"https://digitalscholarship.brynmawr.edu/pta/phan/phan-12928/tiles/full/300,169/0/default.jpg",Phantom Thread (2017),14,0.06212963,5368,,,,
PHAN-12959,"https://digitalscholarship.brynmawr.edu/pta/phan/phan-12959/tiles/full/300,169/0/default.jpg",Phantom Thread (2017),14,0.062488426,5399,,,,
PHAN-13005,"https://digitalscholarship.brynmawr.edu/pta/phan/phan-13005/tiles/full/300,169/0/default.jpg",Phantom Thread (2017),14,0.06255787,5405,,,,
PHAN-13018,"https://digitalscholarship.brynmawr.edu/pta/phan/phan-13018/tiles/full/300,169/0/default.jpg",Phantom Thread (2017),14,0.062708333,5418,,,,
PHAN-13023,"https://digitalscholarship.brynmawr.edu/pta/phan/phan-13023/tiles/full/300,169/0/default.jpg",Phantom Thread (2017),14,0.062766204,5423,,,,
PHAN-13035,"https://digitalscholarship.brynmawr.edu/pta/phan/phan-13035/tiles/full/300,169/0/default.jpg",Phantom Thread (2017),14,0.062905093,5435,,,,
PHAN-13040,"https://digitalscholarship.brynmawr.edu/pta/phan/phan-13040/tiles/full/300,169/0/default.jpg",Phantom Thread (2017),14,0.062962963,5440,,,,
PHAN-13121,"https://digitalscholarship.brynmawr.edu/pta/phan/phan-13121/tiles/full/300,169/0/default.jpg",Phantom Thread (2017),14,0.0634375,5481,,,,
PHAN-13135,"https://digitalscholarship.brynmawr.edu/pta/phan/phan-13135/tiles/full/300,169/0/default.jpg",Phantom Thread (2017),15,0.063599537,5495,,,,
PHAN-13141,"https://digitalscholarship.brynmawr.edu/pta/phan/phan-13141/tiles/full/300,169/0/default.jpg",Phantom Thread (2017),15,0.063668981,5501,,,,
PHAN-13158,"https://digitalscholarship.brynmawr.edu/pta/phan/phan-13158/tiles/full/300,169/0/default.jpg",Phantom Thread (2017),15,0.063865741,5518,,,,
PHAN-13208,"https://digitalscholarship.brynmawr.edu/pta/phan/phan-13208/tiles/full/300,169/0/default.jpg",Phantom Thread (2017),15,0.063981481,5528,,,,
PHAN-13235,"https://digitalscholarship.brynmawr.edu/pta/phan/phan-13235/tiles/full/300,169/0/default.jpg",Phantom Thread (2017),15,0.064293981,5555,,,,
PHAN-13358,"https://digitalscholarship.brynmawr.edu/pta/phan/phan-13358/tiles/full/300,169/0/default.jpg",Phantom Thread (2017),15,0.06525463,5638,,,,
PHAN-13505,"https://digitalscholarship.brynmawr.edu/pta/phan/phan-13505/tiles/full/300,169/0/default.jpg",Phantom Thread (2017),15,0.066030093,5705,,,,
PHAN-13532,"https://digitalscholarship.brynmawr.edu/pta/phan/phan-13532/tiles/full/300,169/0/default.jpg",Phantom Thread (2017),15,0.066342593,5732,,,,
PHAN-13541,"https://digitalscholarship.brynmawr.edu/pta/phan/phan-13541/tiles/full/300,169/0/default.jpg",Phantom Thread (2017),15,0.066446759,5741,,,,
PHAN-13556,"https://digitalscholarship.brynmawr.edu/pta/phan/phan-13556/tiles/full/300,169/0/default.jpg",Phantom Thread (2017),15,0.06662037,5756,,,,
PHAN-13604,"https://digitalscholarship.brynmawr.edu/pta/phan/phan-13604/tiles/full/300,169/0/default.jpg",Phantom Thread (2017),16,0.066712963,5764,,,,
PHAN-13610,"https://digitalscholarship.brynmawr.edu/pta/phan/phan-13610/tiles/full/300,169/0/default.jpg",Phantom Thread (2017),16,0.066782407,5770,,,,
PHAN-13615,"https://digitalscholarship.brynmawr.edu/pta/phan/phan-13615/tiles/full/300,169/0/default.jpg",Phantom Thread (2017),16,0.066840278,5775,,,,
PHAN-13621,"https://digitalscholarship.brynmawr.edu/pta/phan/phan-13621/tiles/full/300,169/0/default.jpg",Phantom Thread (2017),16,0.066909722,5781,,,,
PHAN-13639,"https://digitalscholarship.brynmawr.edu/pta/phan/phan-13639/tiles/full/300,169/0/default.jpg",Phantom Thread (2017),16,0.067118056,5799,,,,
PHAN-13644,"https://digitalscholarship.brynmawr.edu/pta/phan/phan-13644/tiles/full/300,169/0/default.jpg",Phantom Thread (2017),16,0.067175926,5804,,,,
PHAN-13653,"https://digitalscholarship.brynmawr.edu/pta/phan/phan-13653/tiles/full/300,169/0/default.jpg",Phantom Thread (2017),16,0.067280093,5813,,,,
PHAN-13659,"https://digitalscholarship.brynmawr.edu/pta/phan/phan-13659/tiles/full/300,169/0/default.jpg",Phantom Thread (2017),16,0.067349537,5819,,,,
PHAN-13704,"https://digitalscholarship.brynmawr.edu/pta/phan/phan-13704/tiles/full/300,169/0/default.jpg",Phantom Thread (2017),16,0.067407407,5824,,,,
PHAN-13714,"https://digitalscholarship.brynmawr.edu/pta/phan/phan-13714/tiles/full/300,169/0/default.jpg",Phantom Thread (2017),16,0.067523148,5834,,,,
PHAN-13719,"https://digitalscholarship.brynmawr.edu/pta/phan/phan-13719/tiles/full/300,169/0/default.jpg",Phantom Thread (2017),16,0.067581019,5839,,,,
PHAN-13725,"https://digitalscholarship.brynmawr.edu/pta/phan/phan-13725/tiles/full/300,169/0/default.jpg",Phantom Thread (2017),16,0.067650463,5845,,,,
PHAN-13728,"https://digitalscholarship.brynmawr.edu/pta/phan/phan-13728/tiles/full/300,169/0/default.jpg",Phantom Thread (2017),16,0.067685185,5848,,,,
PHAN-13734,"https://digitalscholarship.brynmawr.edu/pta/phan/phan-13734/tiles/full/300,169/0/default.jpg",Phantom Thread (2017),16,0.06775463,5854,,,,
PHAN-13801,"https://digitalscholarship.brynmawr.edu/pta/phan/phan-13801/tiles/full/300,169/0/default.jpg",Phantom Thread (2017),16,0.06806713,5881,,,,
PHAN-13839,"https://digitalscholarship.brynmawr.edu/pta/phan/phan-13839/tiles/full/300,169/0/default.jpg",Phantom Thread (2017),16,0.068506944,5919,,,,
PHAN-13855,"https://digitalscholarship.brynmawr.edu/pta/phan/phan-13855/tiles/full/300,169/0/default.jpg",Phantom Thread (2017),16,0.06869213,5935,,,,
PHAN-13900,"https://digitalscholarship.brynmawr.edu/pta/phan/phan-13900/tiles/full/300,169/0/default.jpg",Phantom Thread (2017),16,0.06875,5940,,,,
PHAN-13907,"https://digitalscholarship.brynmawr.edu/pta/phan/phan-13907/tiles/full/300,169/0/default.jpg",Phantom Thread (2017),16,0.068831019,5947,,,,
PHAN-13916,"https://digitalscholarship.brynmawr.edu/pta/phan/phan-13916/tiles/full/300,169/0/default.jpg",Phantom Thread (2017),16,0.068935185,5956,,,,
PHAN-13932,"https://digitalscholarship.brynmawr.edu/pta/phan/phan-13932/tiles/full/300,169/0/default.jpg",Phantom Thread (2017),16,0.06912037,5972,,,,
PHAN-13936,"https://digitalscholarship.brynmawr.edu/pta/phan/phan-13936/tiles/full/300,169/0/default.jpg",Phantom Thread (2017),16,0.069166667,5976,,,,
PHAN-13939,"https://digitalscholarship.brynmawr.edu/pta/phan/phan-13939/tiles/full/300,169/0/default.jpg",Phantom Thread (2017),16,0.069201389,5979,,,,
PHAN-14024,"https://digitalscholarship.brynmawr.edu/pta/phan/phan-14024/tiles/full/300,169/0/default.jpg",Phantom Thread (2017),16,0.069722222,6024,,,,
PHAN-14028,"https://digitalscholarship.brynmawr.edu/pta/phan/phan-14028/tiles/full/300,169/0/default.jpg",Phantom Thread (2017),16,0.069768519,6028,,,,
PHAN-14030,"https://digitalscholarship.brynmawr.edu/pta/phan/phan-14030/tiles/full/300,169/0/default.jpg",Phantom Thread (2017),16,0.069791667,6030,,,,
PHAN-14034,"https://digitalscholarship.brynmawr.edu/pta/phan/phan-14034/tiles/full/300,169/0/default.jpg",Phantom Thread (2017),16,0.069837963,6034,,,,
PHAN-14044,"https://digitalscholarship.brynmawr.edu/pta/phan/phan-14044/tiles/full/300,169/0/default.jpg",Phantom Thread (2017),16,0.069953704,6044,,,,
PHAN-14059,"https://digitalscholarship.brynmawr.edu/pta/phan/phan-14059/tiles/full/300,169/0/default.jpg",Phantom Thread (2017),16,0.070127315,6059,,,,
PHAN-14109,"https://digitalscholarship.brynmawr.edu/pta/phan/phan-14109/tiles/full/300,169/0/default.jpg",Phantom Thread (2017),16,0.070243056,6069,,,,
PHAN-14116,"https://digitalscholarship.brynmawr.edu/pta/phan/phan-14116/tiles/full/300,169/0/default.jpg",Phantom Thread (2017),16,0.070324074,6076,,,,
PHAN-14126,"https://digitalscholarship.brynmawr.edu/pta/phan/phan-14126/tiles/full/300,169/0/default.jpg",Phantom Thread (2017),16,0.070439815,6086,,,,
PHAN-14134,"https://digitalscholarship.brynmawr.edu/pta/phan/phan-14134/tiles/full/300,169/0/default.jpg",Phantom Thread (2017),16,0.070532407,6094,,,,
PHAN-14138,"https://digitalscholarship.brynmawr.edu/pta/phan/phan-14138/tiles/full/300,169/0/default.jpg",Phantom Thread (2017),16,0.070578704,6098,,,,
PHAN-14143,"https://digitalscholarship.brynmawr.edu/pta/phan/phan-14143/tiles/full/300,169/0/default.jpg",Phantom Thread (2017),16,0.070636574,6103,,,,
PHAN-14201,"https://digitalscholarship.brynmawr.edu/pta/phan/phan-14201/tiles/full/300,169/0/default.jpg",Phantom Thread (2017),16,0.070844907,6121,,,,
PHAN-14204,"https://digitalscholarship.brynmawr.edu/pta/phan/phan-14204/tiles/full/300,169/0/default.jpg",Phantom Thread (2017),17,0.07087963,6124,,,,
PHAN-14211,"https://digitalscholarship.brynmawr.edu/pta/phan/phan-14211/tiles/full/300,169/0/default.jpg",Phantom Thread (2017),17,0.070960648,6131,,,,
PHAN-14221,"https://digitalscholarship.brynmawr.edu/pta/phan/phan-14221/tiles/full/300,169/0/default.jpg",Phantom Thread (2017),17,0.071076389,6141,,,,
PHAN-14312,"https://digitalscholarship.brynmawr.edu/pta/phan/phan-14312/tiles/full/300,169/0/default.jpg",Phantom Thread (2017),17,0.071666667,6192,,,,
PHAN-14313,"https://digitalscholarship.brynmawr.edu/pta/phan/phan-14313/tiles/full/300,169/0/default.jpg",Phantom Thread (2017),17,0.071678241,6193,,,,
PHAN-14328,"https://digitalscholarship.brynmawr.edu/pta/phan/phan-14328/tiles/full/300,169/0/default.jpg",Phantom Thread (2017),17,0.071851852,6208,,,,
PHAN-14333,"https://digitalscholarship.brynmawr.edu/pta/phan/phan-14333/tiles/full/300,169/0/default.jpg",Phantom Thread (2017),17,0.071909722,6213,,,,
PHAN-14350,"https://digitalscholarship.brynmawr.edu/pta/phan/phan-14350/tiles/full/300,169/0/default.jpg",Phantom Thread (2017),17,0.072106481,6230,,,,
PHAN-14356,"https://digitalscholarship.brynmawr.edu/pta/phan/phan-14356/tiles/full/300,169/0/default.jpg",Phantom Thread (2017),17,0.072175926,6236,,,,
PHAN-14402,"https://digitalscholarship.brynmawr.edu/pta/phan/phan-14402/tiles/full/300,169/0/default.jpg",Phantom Thread (2017),17,0.07224537,6242,,,,
PHAN-14408,"https://digitalscholarship.brynmawr.edu/pta/phan/phan-14408/tiles/full/300,169/0/default.jpg",Phantom Thread (2017),17,0.072314815,6248,,,,
PHAN-14419,"https://digitalscholarship.brynmawr.edu/pta/phan/phan-14419/tiles/full/300,169/0/default.jpg",Phantom Thread (2017),17,0.07244213,6259,,,,
PHAN-14427,"https://digitalscholarship.brynmawr.edu/pta/phan/phan-14427/tiles/full/300,169/0/default.jpg",Phantom Thread (2017),17,0.072534722,6267,,,,
PHAN-14439,"https://digitalscholarship.brynmawr.edu/pta/phan/phan-14439/tiles/full/300,169/0/default.jpg",Phantom Thread (2017),17,0.072673611,6279,,,,
PHAN-14442,"https://digitalscholarship.brynmawr.edu/pta/phan/phan-14442/tiles/full/300,169/0/default.jpg",Phantom Thread (2017),17,0.072708333,6282,,,,
PHAN-14450,"https://digitalscholarship.brynmawr.edu/pta/phan/phan-14450/tiles/full/300,169/0/default.jpg",Phantom Thread (2017),17,0.072800926,6290,,,,
PHAN-14505,"https://digitalscholarship.brynmawr.edu/pta/phan/phan-14505/tiles/full/300,169/0/default.jpg",Phantom Thread (2017),17,0.072974537,6305,,,,
PHAN-14509,"https://digitalscholarship.brynmawr.edu/pta/phan/phan-14509/tiles/full/300,169/0/default.jpg",Phantom Thread (2017),17,0.073020833,6309,,,,
PHAN-14518,"https://digitalscholarship.brynmawr.edu/pta/phan/phan-14518/tiles/full/300,169/0/default.jpg",Phantom Thread (2017),17,0.073125,6318,,,,
PHAN-14525,"https://digitalscholarship.brynmawr.edu/pta/phan/phan-14525/tiles/full/300,169/0/default.jpg",Phantom Thread (2017),17,0.073206019,6325,,,,
PHAN-14531,"https://digitalscholarship.brynmawr.edu/pta/phan/phan-14531/tiles/full/300,169/0/default.jpg",Phantom Thread (2017),17,0.073275463,6331,,,,
PHAN-14541,"https://digitalscholarship.brynmawr.edu/pta/phan/phan-14541/tiles/full/300,169/0/default.jpg",Phantom Thread (2017),17,0.073391204,6341,,,,
PHAN-14556,"https://digitalscholarship.brynmawr.edu/pta/phan/phan-14556/tiles/full/300,169/0/default.jpg",Phantom Thread (2017),17,0.073564815,6356,,,,
PHAN-14557,"https://digitalscholarship.brynmawr.edu/pta/phan/phan-14557/tiles/full/300,169/0/default.jpg",Phantom Thread (2017),17,0.073576389,6357,,,,
PHAN-14605,"https://digitalscholarship.brynmawr.edu/pta/phan/phan-14605/tiles/full/300,169/0/default.jpg",Phantom Thread (2017),17,0.073668981,6365,,,,
PHAN-14606,"https://digitalscholarship.brynmawr.edu/pta/phan/phan-14606/tiles/full/300,169/0/default.jpg",Phantom Thread (2017),17,0.073680556,6366,,,,
PHAN-14608,"https://digitalscholarship.brynmawr.edu/pta/phan/phan-14608/tiles/full/300,169/0/default.jpg",Phantom Thread (2017),17,0.073703704,6368,,,,
PHAN-14615,"https://digitalscholarship.brynmawr.edu/pta/phan/phan-14615/tiles/full/300,169/0/default.jpg",Phantom Thread (2017),17,0.073784722,6375,,,,
PHAN-14623,"https://digitalscholarship.brynmawr.edu/pta/phan/phan-14623/tiles/full/300,169/0/default.jpg",Phantom Thread (2017),17,0.073877315,6383,,,,
PHAN-14625,"https://digitalscholarship.brynmawr.edu/pta/phan/phan-14625/tiles/full/300,169/0/default.jpg",Phantom Thread (2017),17,0.073900463,6385,,,,
PHAN-14646,"https://digitalscholarship.brynmawr.edu/pta/phan/phan-14646/tiles/full/300,169/0/default.jpg",Phantom Thread (2017),17,0.074143519,6406,,,,
PHAN-14702,"https://digitalscholarship.brynmawr.edu/pta/phan/phan-14702/tiles/full/300,169/0/default.jpg",Phantom Thread (2017),17,0.074328704,6422,,,,
PHAN-14711,"https://digitalscholarship.brynmawr.edu/pta/phan/phan-14711/tiles/full/300,169/0/default.jpg",Phantom Thread (2017),17,0.07443287,6431,,,,
PHAN-14716,"https://digitalscholarship.brynmawr.edu/pta/phan/phan-14716/tiles/full/300,169/0/default.jpg",Phantom Thread (2017),17,0.074490741,6436,,,,
PHAN-14720,"https://digitalscholarship.brynmawr.edu/pta/phan/phan-14720/tiles/full/300,169/0/default.jpg",Phantom Thread (2017),17,0.074537037,6440,,,,
PHAN-14724,"https://digitalscholarship.brynmawr.edu/pta/phan/phan-14724/tiles/full/300,169/0/default.jpg",Phantom Thread (2017),18,0.074583333,6444,,,,
PHAN-14741,"https://digitalscholarship.brynmawr.edu/pta/phan/phan-14741/tiles/full/300,169/0/default.jpg",Phantom Thread (2017),18,0.074780093,6461,,,,
PHAN-14749,"https://digitalscholarship.brynmawr.edu/pta/phan/phan-14749/tiles/full/300,169/0/default.jpg",Phantom Thread (2017),18,0.074872685,6469,,,,
PHAN-14758,"https://digitalscholarship.brynmawr.edu/pta/phan/phan-14758/tiles/full/300,169/0/default.jpg",Phantom Thread (2017),18,0.074976852,6478,,,,
PHAN-14813,"https://digitalscholarship.brynmawr.edu/pta/phan/phan-14813/tiles/full/300,169/0/default.jpg",Phantom Thread (2017),18,0.075150463,6493,,,,
PHAN-14815,"https://digitalscholarship.brynmawr.edu/pta/phan/phan-14815/tiles/full/300,169/0/default.jpg",Phantom Thread (2017),18,0.075173611,6495,,,,
PHAN-14819,"https://digitalscholarship.brynmawr.edu/pta/phan/phan-14819/tiles/full/300,169/0/default.jpg",Phantom Thread (2017),18,0.075219907,6499,,,,
PHAN-14825,"https://digitalscholarship.brynmawr.edu/pta/phan/phan-14825/tiles/full/300,169/0/default.jpg",Phantom Thread (2017),18,0.075289352,6505,,,,
PHAN-14829,"https://digitalscholarship.brynmawr.edu/pta/phan/phan-14829/tiles/full/300,169/0/default.jpg",Phantom Thread (2017),18,0.075335648,6509,,,,
PHAN-14842,"https://digitalscholarship.brynmawr.edu/pta/phan/phan-14842/tiles/full/300,169/0/default.jpg",Phantom Thread (2017),18,0.075486111,6522,,,,
PHAN-14958,"https://digitalscholarship.brynmawr.edu/pta/phan/phan-14958/tiles/full/300,169/0/default.jpg",Phantom Thread (2017),18,0.076365741,6598,,,,
PHAN.15023,"https://digitalscholarship.brynmawr.edu/pta/phan/phan-15023/tiles/full/300,169/0/default.jpg",Phantom Thread (2017),18,0.076655093,6623,,,,
PHAN-15036,"https://digitalscholarship.brynmawr.edu/pta/phan/phan-15036/tiles/full/300,169/0/default.jpg",Phantom Thread (2017),18,0.076805556,6636,,,,
PHAN-15044,"https://digitalscholarship.brynmawr.edu/pta/phan/phan-15044/tiles/full/300,169/0/default.jpg",Phantom Thread (2017),18,0.076898148,6644,,,,
PHAN-15054,"https://digitalscholarship.brynmawr.edu/pta/phan/phan-15054/tiles/full/300,169/0/default.jpg",Phantom Thread (2017),18,0.077013889,6654,,,,
PHAN-15123,"https://digitalscholarship.brynmawr.edu/pta/phan/phan-15123/tiles/full/300,169/0/default.jpg",Phantom Thread (2017),18,0.077349537,6683,,,,
PHAN-15139,"https://digitalscholarship.brynmawr.edu/pta/phan/phan-15139/tiles/full/300,169/0/default.jpg",Phantom Thread (2017),18,0.077534722,6699,,,,
PHAN-15147,"https://digitalscholarship.brynmawr.edu/pta/phan/phan-15147/tiles/full/300,169/0/default.jpg",Phantom Thread (2017),18,0.077627315,6707,,,,
PHAN-15153,"https://digitalscholarship.brynmawr.edu/pta/phan/phan-15153/tiles/full/300,169/0/default.jpg",Phantom Thread (2017),18,0.077696759,6713,,,,
PHAN-15200,"https://digitalscholarship.brynmawr.edu/pta/phan/phan-15200/tiles/full/300,169/0/default.jpg",Phantom Thread (2017),18,0.077777778,6720,,,,
PHAN-15215,"https://digitalscholarship.brynmawr.edu/pta/phan/phan-15215/tiles/full/300,169/0/default.jpg",Phantom Thread (2017),19,0.077951389,6735,,,,
PHAN-15232,"https://digitalscholarship.brynmawr.edu/pta/phan/phan-15232/tiles/full/300,169/0/default.jpg",Phantom Thread (2017),19,0.078148148,6752,,,,
PHAN-15235,"https://digitalscholarship.brynmawr.edu/pta/phan/phan-15235/tiles/full/300,169/0/default.jpg",Phantom Thread (2017),19,0.07818287,6755,,,,
PHAN-15245,"https://digitalscholarship.brynmawr.edu/pta/phan/phan-15245/tiles/full/300,169/0/default.jpg",Phantom Thread (2017),19,0.078298611,6765,,,,
PHAN-15250,"https://digitalscholarship.brynmawr.edu/pta/phan/phan-15250/tiles/full/300,169/0/default.jpg",Phantom Thread (2017),19,0.078356481,6770,,,,
PHAN-15257,"https://digitalscholarship.brynmawr.edu/pta/phan/phan-15257/tiles/full/300,169/0/default.jpg",Phantom Thread (2017),19,0.0784375,6777,,,,
PHAN-15310,"https://digitalscholarship.brynmawr.edu/pta/phan/phan-15310/tiles/full/300,169/0/default.jpg",Phantom Thread (2017),19,0.078587963,6790,,,,
PHAN-15324,"https://digitalscholarship.brynmawr.edu/pta/phan/phan-15324/tiles/full/300,169/0/default.jpg",Phantom Thread (2017),19,0.07875,6804,,,,
PHAN-15328,"https://digitalscholarship.brynmawr.edu/pta/phan/phan-15328/tiles/full/300,169/0/default.jpg",Phantom Thread (2017),19,0.078796296,6808,,,,
PHAN-15403,"https://digitalscholarship.brynmawr.edu/pta/phan/phan-15403/tiles/full/300,169/0/default.jpg",Phantom Thread (2017),19,0.079201389,6843,,,,
PHAN-15406,"https://digitalscholarship.brynmawr.edu/pta/phan/phan-15406/tiles/full/300,169/0/default.jpg",Phantom Thread (2017),19,0.079236111,6846,,,,
PHAN-15414,"https://digitalscholarship.brynmawr.edu/pta/phan/phan-15414/tiles/full/300,169/0/default.jpg",Phantom Thread (2017),19,0.079328704,6854,,,,
PHAN-15416,"https://digitalscholarship.brynmawr.edu/pta/phan/phan-15416/tiles/full/300,169/0/default.jpg",Phantom Thread (2017),19,0.079351852,6856,,,,
PHAN-15434,"https://digitalscholarship.brynmawr.edu/pta/phan/phan-15434/tiles/full/300,169/0/default.jpg",Phantom Thread (2017),19,0.079560185,6874,,,,
PHAN-15501,"https://digitalscholarship.brynmawr.edu/pta/phan/phan-15501/tiles/full/300,169/0/default.jpg",Phantom Thread (2017),19,0.079872685,6901,,,,
PHAN-15515,"https://digitalscholarship.brynmawr.edu/pta/phan/phan-15515/tiles/full/300,169/0/default.jpg",Phantom Thread (2017),19,0.080034722,6915,,,,
PHAN-15531,"https://digitalscholarship.brynmawr.edu/pta/phan/phan-15531/tiles/full/300,169/0/default.jpg",Phantom Thread (2017),19,0.080219907,6931,,,,
PHAN-15556,"https://digitalscholarship.brynmawr.edu/pta/phan/phan-15556/tiles/full/300,169/0/default.jpg",Phantom Thread (2017),19,0.080509259,6956,,,,
PHAN-15620,"https://digitalscholarship.brynmawr.edu/pta/phan/phan-15620/tiles/full/300,169/0/default.jpg",Phantom Thread (2017),19,0.080787037,6980,,,,
PHAN-15633,"https://digitalscholarship.brynmawr.edu/pta/phan/phan-15633/tiles/full/300,169/0/default.jpg",Phantom Thread (2017),19,0.0809375,6993,,,,
PHAN-15659,"https://digitalscholarship.brynmawr.edu/pta/phan/phan-15659/tiles/full/300,169/0/default.jpg",Phantom Thread (2017),19,0.081238426,7019,,,,
PHAN-15715,"https://digitalscholarship.brynmawr.edu/pta/phan/phan-15715/tiles/full/300,169/0/default.jpg",Phantom Thread (2017),19,0.081423611,7035,,,,
PHAN-15735,"https://digitalscholarship.brynmawr.edu/pta/phan/phan-15735/tiles/full/300,169/0/default.jpg",Phantom Thread (2017),19,0.081655093,7055,,,,
PHAN-15815,"https://digitalscholarship.brynmawr.edu/pta/phan/phan-15815/tiles/full/300,169/0/default.jpg",Phantom Thread (2017),19,0.082118056,7095,,,,
PHAN-15852,"https://digitalscholarship.brynmawr.edu/pta/phan/phan-15852/tiles/full/300,169/0/default.jpg",Phantom Thread (2017),19,0.082546296,7132,,,,
PHAN-15926,"https://digitalscholarship.brynmawr.edu/pta/phan/phan-15926/tiles/full/300,169/0/default.jpg",Phantom Thread (2017),19,0.082939815,7166,,,,
PHAN-15942,"https://digitalscholarship.brynmawr.edu/pta/phan/phan-15942/tiles/full/300,169/0/default.jpg",Phantom Thread (2017),19,0.083125,7182,,,,
PHAN-15951,"https://digitalscholarship.brynmawr.edu/pta/phan/phan-15951/tiles/full/300,169/0/default.jpg",Phantom Thread (2017),19,0.083229167,7191,,,,
PHAN-20016,"https://digitalscholarship.brynmawr.edu/pta/phan/phan-20016/tiles/full/300,169/0/default.jpg",Phantom Thread (2017),19,0.083518519,7216,,,,
PHAN-20059,"https://digitalscholarship.brynmawr.edu/pta/phan/phan-20059/tiles/full/300,169/0/default.jpg",Phantom Thread (2017),20,0.084016204,7259,,,,
PHAN-20107,"https://digitalscholarship.brynmawr.edu/pta/phan/phan-20107/tiles/full/300,169/0/default.jpg",Phantom Thread (2017),20,0.084108796,7267,,,,
PHAN-20110,"https://digitalscholarship.brynmawr.edu/pta/phan/phan-20110/tiles/full/300,169/0/default.jpg",Phantom Thread (2017),20,0.084143519,7270,,,,
PHAN-20116,"https://digitalscholarship.brynmawr.edu/pta/phan/phan-20116/tiles/full/300,169/0/default.jpg",Phantom Thread (2017),20,0.084212963,7276,,,,
PHAN-20122,"https://digitalscholarship.brynmawr.edu/pta/phan/phan-20122/tiles/full/300,169/0/default.jpg",Phantom Thread (2017),20,0.084282407,7282,,,,
PHAN-20128,"https://digitalscholarship.brynmawr.edu/pta/phan/phan-20128/tiles/full/300,169/0/default.jpg",Phantom Thread (2017),20,0.084351852,7288,,,,
PHAN-20140,"https://digitalscholarship.brynmawr.edu/pta/phan/phan-20140/tiles/full/300,169/0/default.jpg",Phantom Thread (2017),20,0.084027778,7260,,,,
PHAN-20144,"https://digitalscholarship.brynmawr.edu/pta/phan/phan-20144/tiles/full/300,169/0/default.jpg",Phantom Thread (2017),20,0.084537037,7304,,,,
PHAN-20147,"https://digitalscholarship.brynmawr.edu/pta/phan/phan-20147/tiles/full/300,169/0/default.jpg",Phantom Thread (2017),20,0.084571759,7307,,,,
PHAN-20152,"https://digitalscholarship.brynmawr.edu/pta/phan/phan-20152/tiles/full/300,169/0/default.jpg",Phantom Thread (2017),20,0.08462963,7312,,,,
PHAN-20153,"https://digitalscholarship.brynmawr.edu/pta/phan/phan-20153/tiles/full/300,169/0/default.jpg",Phantom Thread (2017),20,0.084641204,7313,,,,
PHAN-20155,"https://digitalscholarship.brynmawr.edu/pta/phan/phan-20155/tiles/full/300,169/0/default.jpg",Phantom Thread (2017),20,0.084664352,7315,,,,
PHAN-20159,"https://digitalscholarship.brynmawr.edu/pta/phan/phan-20159/tiles/full/300,169/0/default.jpg",Phantom Thread (2017),20,0.084710648,7319,,,,
PHAN-20217,"https://digitalscholarship.brynmawr.edu/pta/phan/phan-20217/tiles/full/300,169/0/default.jpg",Phantom Thread (2017),20,0.084918981,7337,,,,
PHAN-20229,"https://digitalscholarship.brynmawr.edu/pta/phan/phan-20229/tiles/full/300,169/0/default.jpg",Phantom Thread (2017),20,0.08505787,7349,,,,
PHAN-20233,"https://digitalscholarship.brynmawr.edu/pta/phan/phan-20233/tiles/full/300,169/0/default.jpg",Phantom Thread (2017),20,0.085104167,7353,,,,
PHAN-20246,"https://digitalscholarship.brynmawr.edu/pta/phan/phan-20246/tiles/full/300,169/0/default.jpg",Phantom Thread (2017),20,0.08525463,7366,,,,
PHAN-20253,"https://digitalscholarship.brynmawr.edu/pta/phan/phan-20253/tiles/full/300,169/0/default.jpg",Phantom Thread (2017),20,0.085335648,7373,,,,
PHAN-20255,"https://digitalscholarship.brynmawr.edu/pta/phan/phan-20255/tiles/full/300,169/0/default.jpg",Phantom Thread (2017),20,0.085358796,7375,,,,
PHAN-20305,"https://digitalscholarship.brynmawr.edu/pta/phan/phan-20305/tiles/full/300,169/0/default.jpg",Phantom Thread (2017),20,0.085474537,7385,,,,
PHAN-20312,"https://digitalscholarship.brynmawr.edu/pta/phan/phan-20312/tiles/full/300,169/0/default.jpg",Phantom Thread (2017),20,0.085555556,7392,,,,
PHAN-20319,"https://digitalscholarship.brynmawr.edu/pta/phan/phan-20319/tiles/full/300,169/0/default.jpg",Phantom Thread (2017),20,0.085636574,7399,,,,
PHAN-20327,"https://digitalscholarship.brynmawr.edu/pta/phan/phan-20327/tiles/full/300,169/0/default.jpg",Phantom Thread (2017),20,0.085729167,7407,,,,
PHAN-20346,"https://digitalscholarship.brynmawr.edu/pta/phan/phan-20346/tiles/full/300,169/0/default.jpg",Phantom Thread (2017),20,0.085949074,7426,,,,
PHAN-20355,"https://digitalscholarship.brynmawr.edu/pta/phan/phan-20355/tiles/full/300,169/0/default.jpg",Phantom Thread (2017),21,0.086053241,7435,,,,
PHAN-20400,"https://digitalscholarship.brynmawr.edu/pta/phan/phan-20400/tiles/full/300,169/0/default.jpg",Phantom Thread (2017),21,0.086111111,7440,,,,
PHAN-20500,"https://digitalscholarship.brynmawr.edu/pta/phan/phan-20500/tiles/full/300,169/0/default.jpg",Phantom Thread (2017),21,0.086805556,7500,,,,
PHAN-20523,"https://digitalscholarship.brynmawr.edu/pta/phan/phan-20523/tiles/full/300,169/0/default.jpg",Phantom Thread (2017),21,0.087071759,7523,,,,
LICO-00021,"https://digitalscholarship.brynmawr.edu/pta/lico/lico-00021/tiles/full/300,169/0/default.jpg",Licorice Pizza (2021),1,0.000243056,21,,,,
LICO-00027,"https://digitalscholarship.brynmawr.edu/pta/lico/lico-00027/tiles/full/300,169/0/default.jpg",Licorice Pizza (2021),1,0.0003125,27,,,,
LICO-00037,"https://digitalscholarship.brynmawr.edu/pta/lico/lico-00037/tiles/full/300,169/0/default.jpg",Licorice Pizza (2021),1,0.000428241,37,,,,
LICO-00039,"https://digitalscholarship.brynmawr.edu/pta/lico/lico-00039/tiles/full/300,169/0/default.jpg",Licorice Pizza (2021),1,0.000451389,39,,,,
LICO-00049,"https://digitalscholarship.brynmawr.edu/pta/lico/lico-00049/tiles/full/300,169/0/default.jpg",Licorice Pizza (2021),1,0.00056713,49,,,,
LICO-00056,"https://digitalscholarship.brynmawr.edu/pta/lico/lico-00056/tiles/full/300,169/0/default.jpg",Licorice Pizza (2021),1,0.000648148,56,,,,
LICO-00108,"https://digitalscholarship.brynmawr.edu/pta/lico/lico-00108/tiles/full/300,169/0/default.jpg",Licorice Pizza (2021),1,0.000787037,68,,,,
LICO-00111,"https://digitalscholarship.brynmawr.edu/pta/lico/lico-00111/tiles/full/300,169/0/default.jpg",Licorice Pizza (2021),1,0.000821759,71,,,,
LICO-00115,"https://digitalscholarship.brynmawr.edu/pta/lico/lico-00115/tiles/full/300,169/0/default.jpg",Licorice Pizza (2021),1,0.000868056,75,,,,
LICO-00126,"https://digitalscholarship.brynmawr.edu/pta/lico/lico-00126/tiles/full/300,169/0/default.jpg",Licorice Pizza (2021),1,0.00099537,86,,,,
LICO-00137,"https://digitalscholarship.brynmawr.edu/pta/lico/lico-00137/tiles/full/300,169/0/default.jpg",Licorice Pizza (2021),1,0.001122685,97,,,,
LICO-00332,"https://digitalscholarship.brynmawr.edu/pta/lico/lico-00332/tiles/full/300,169/0/default.jpg",Licorice Pizza (2021),1,0.002453704,212,,,,
LICO-00404,"https://digitalscholarship.brynmawr.edu/pta/lico/lico-00404/tiles/full/300,169/0/default.jpg",Licorice Pizza (2021),1,0.002824074,244,,,,
LICO-00421,"https://digitalscholarship.brynmawr.edu/pta/lico/lico-00421/tiles/full/300,169/0/default.jpg",Licorice Pizza (2021),1,0.003020833,261,,,,
LICO-00444,"https://digitalscholarship.brynmawr.edu/pta/lico/lico-00444/tiles/full/300,169/0/default.jpg",Licorice Pizza (2021),1,0.003287037,284,,,,
LICO-00450,"https://digitalscholarship.brynmawr.edu/pta/lico/lico-00450/tiles/full/300,169/0/default.jpg",Licorice Pizza (2021),1,0.003356481,290,,,,
LICO-00500,"https://digitalscholarship.brynmawr.edu/pta/lico/lico-00500/tiles/full/300,169/0/default.jpg",Licorice Pizza (2021),1,0.003472222,300,,,,
LICO-00511,"https://digitalscholarship.brynmawr.edu/pta/lico/lico-00511/tiles/full/300,169/0/default.jpg",Licorice Pizza (2021),1,0.003599537,311,,,,
LICO-00527,"https://digitalscholarship.brynmawr.edu/pta/lico/lico-00527/tiles/full/300,169/0/default.jpg",Licorice Pizza (2021),1,0.003784722,327,,,,
LICO-00533,"https://digitalscholarship.brynmawr.edu/pta/lico/lico-00533/tiles/full/300,169/0/default.jpg",Licorice Pizza (2021),2,0.003854167,333,,,,
LICO-00542,"https://digitalscholarship.brynmawr.edu/pta/lico/lico-00542/tiles/full/300,169/0/default.jpg",Licorice Pizza (2021),2,0.003958333,342,,,,
LICO-00550,"https://digitalscholarship.brynmawr.edu/pta/lico/lico-00550/tiles/full/300,169/0/default.jpg",Licorice Pizza (2021),2,0.004050926,350,,,,
LICO-00615,"https://digitalscholarship.brynmawr.edu/pta/lico/lico-00615/tiles/full/300,169/0/default.jpg",Licorice Pizza (2021),2,0.004340278,375,,,,
LICO-00617,"https://digitalscholarship.brynmawr.edu/pta/lico/lico-00617/tiles/full/300,169/0/default.jpg",Licorice Pizza (2021),2,0.004363426,377,,,,
LICO-00627,"https://digitalscholarship.brynmawr.edu/pta/lico/lico-00627/tiles/full/300,169/0/default.jpg",Licorice Pizza (2021),2,0.004479167,387,,,,
LICO-00637,"https://digitalscholarship.brynmawr.edu/pta/lico/lico-00637/tiles/full/300,169/0/default.jpg",Licorice Pizza (2021),2,0.004594907,397,,,,
LICO-00645,"https://digitalscholarship.brynmawr.edu/pta/lico/lico-00645/tiles/full/300,169/0/default.jpg",Licorice Pizza (2021),2,0.0046875,405,,,,
LICO-00653,"https://digitalscholarship.brynmawr.edu/pta/lico/lico-00653/tiles/full/300,169/0/default.jpg",Licorice Pizza (2021),2,0.004780093,413,,,,
LICO-00658,"https://digitalscholarship.brynmawr.edu/pta/lico/lico-00658/tiles/full/300,169/0/default.jpg",Licorice Pizza (2021),2,0.004837963,418,,,,
LICO-00711,"https://digitalscholarship.brynmawr.edu/pta/lico/lico-00711/tiles/full/300,169/0/default.jpg",Licorice Pizza (2021),2,0.004988426,431,,,,
LICO-00805,"https://digitalscholarship.brynmawr.edu/pta/lico/lico-00805/tiles/full/300,169/0/default.jpg",Licorice Pizza (2021),2,0.005613426,485,,,,
LICO-00808,"https://digitalscholarship.brynmawr.edu/pta/lico/lico-00808/tiles/full/300,169/0/default.jpg",Licorice Pizza (2021),2,0.005648148,488,,,,
LICO-00844,"https://digitalscholarship.brynmawr.edu/pta/lico/lico-00844/tiles/full/300,169/0/default.jpg",Licorice Pizza (2021),2,0.006064815,524,,,,
LICO-00911,"https://digitalscholarship.brynmawr.edu/pta/lico/lico-00911/tiles/full/300,169/0/default.jpg",Licorice Pizza (2021),2,0.006377315,551,,,,
LICO-00929,"https://digitalscholarship.brynmawr.edu/pta/lico/lico-00929/tiles/full/300,169/0/default.jpg",Licorice Pizza (2021),2,0.006585648,569,,,,
LICO-01023,"https://digitalscholarship.brynmawr.edu/pta/lico/lico-01023/tiles/full/300,169/0/default.jpg",Licorice Pizza (2021),2,0.007210648,623,,,,
LICO-01049,"https://digitalscholarship.brynmawr.edu/pta/lico/lico-01049/tiles/full/300,169/0/default.jpg",Licorice Pizza (2021),2,0.007511574,649,,,,
LICO-01124,"https://digitalscholarship.brynmawr.edu/pta/lico/lico-01124/tiles/full/300,169/0/default.jpg",Licorice Pizza (2021),2,0.007916667,684,,,,
LICO-01137,"https://digitalscholarship.brynmawr.edu/pta/lico/lico-01137/tiles/full/300,169/0/default.jpg",Licorice Pizza (2021),2,0.00806713,697,,,,
LICO-01152,"https://digitalscholarship.brynmawr.edu/pta/lico/lico-01152/tiles/full/300,169/0/default.jpg",Licorice Pizza (2021),2,0.008240741,712,,,,
LICO-01211,"https://digitalscholarship.brynmawr.edu/pta/lico/lico-01211/tiles/full/300,169/0/default.jpg",Licorice Pizza (2021),2,0.008460648,731,,,,
LICO-01214,"https://digitalscholarship.brynmawr.edu/pta/lico/lico-01214/tiles/full/300,169/0/default.jpg",Licorice Pizza (2021),2,0.00849537,734,,,,
LICO-01220,"https://digitalscholarship.brynmawr.edu/pta/lico/lico-01220/tiles/full/300,169/0/default.jpg",Licorice Pizza (2021),2,0.008564815,740,,,,
LICO-01223,"https://digitalscholarship.brynmawr.edu/pta/lico/lico-01223/tiles/full/300,169/0/default.jpg",Licorice Pizza (2021),2,0.008599537,743,,,,
LICO-01225,"https://digitalscholarship.brynmawr.edu/pta/lico/lico-01225/tiles/full/300,169/0/default.jpg",Licorice Pizza (2021),2,0.008622685,745,,,,
LICO-01227,"https://digitalscholarship.brynmawr.edu/pta/lico/lico-01227/tiles/full/300,169/0/default.jpg",Licorice Pizza (2021),2,0.008645833,747,,,,
LICO-01234,"https://digitalscholarship.brynmawr.edu/pta/lico/lico-01234/tiles/full/300,169/0/default.jpg",Licorice Pizza (2021),3,0.008726852,754,,,,
LICO-01246,"https://digitalscholarship.brynmawr.edu/pta/lico/lico-01246/tiles/full/300,169/0/default.jpg",Licorice Pizza (2021),3,0.008865741,766,,,,
LICO-01252,"https://digitalscholarship.brynmawr.edu/pta/lico/lico-01252/tiles/full/300,169/0/default.jpg",Licorice Pizza (2021),3,0.008935185,772,,,,
LICO-01313,"https://digitalscholarship.brynmawr.edu/pta/lico/lico-01313/tiles/full/300,169/0/default.jpg",Licorice Pizza (2021),3,0.009178241,793,,,,
LICO-01327,"https://digitalscholarship.brynmawr.edu/pta/lico/lico-01327/tiles/full/300,169/0/default.jpg",Licorice Pizza (2021),3,0.009340278,807,,,,
LICO-01339,"https://digitalscholarship.brynmawr.edu/pta/lico/lico-01339/tiles/full/300,169/0/default.jpg",Licorice Pizza (2021),3,0.009479167,819,,,,
LICO-01356,"https://digitalscholarship.brynmawr.edu/pta/lico/lico-01356/tiles/full/300,169/0/default.jpg",Licorice Pizza (2021),3,0.009675926,836,,,,
LICO-01402,"https://digitalscholarship.brynmawr.edu/pta/lico/lico-01402/tiles/full/300,169/0/default.jpg",Licorice Pizza (2021),3,0.00974537,842,,,,
LICO-01414,"https://digitalscholarship.brynmawr.edu/pta/lico/lico-01414/tiles/full/300,169/0/default.jpg",Licorice Pizza (2021),3,0.009884259,854,,,,
LICO-01419,"https://digitalscholarship.brynmawr.edu/pta/lico/lico-01419/tiles/full/300,169/0/default.jpg",Licorice Pizza (2021),3,0.00994213,859,,,,
LICO-01438,"https://digitalscholarship.brynmawr.edu/pta/lico/lico-01438/tiles/full/300,169/0/default.jpg",Licorice Pizza (2021),3,0.010162037,878,,,,
LICO-01446,"https://digitalscholarship.brynmawr.edu/pta/lico/lico-01446/tiles/full/300,169/0/default.jpg",Licorice Pizza (2021),3,0.01025463,886,,,,
LICO-01524,"https://digitalscholarship.brynmawr.edu/pta/lico/lico-01524/tiles/full/300,169/0/default.jpg",Licorice Pizza (2021),3,0.010694444,924,,,,
LICO-01526,"https://digitalscholarship.brynmawr.edu/pta/lico/lico-01526/tiles/full/300,169/0/default.jpg",Licorice Pizza (2021),3,0.010717593,926,,,,
LICO-01532,"https://digitalscholarship.brynmawr.edu/pta/lico/lico-01532/tiles/full/300,169/0/default.jpg",Licorice Pizza (2021),3,0.010787037,932,,,,
LICO-01551,"https://digitalscholarship.brynmawr.edu/pta/lico/lico-01551/tiles/full/300,169/0/default.jpg",Licorice Pizza (2021),3,0.011006944,951,,,,
LICO-01552,"https://digitalscholarship.brynmawr.edu/pta/lico/lico-01552/tiles/full/300,169/0/default.jpg",Licorice Pizza (2021),3,0.011018519,952,,,,
LICO-01611,"https://digitalscholarship.brynmawr.edu/pta/lico/lico-01611/tiles/full/300,169/0/default.jpg",Licorice Pizza (2021),3,0.011238426,971,,,,
LICO-01618,"https://digitalscholarship.brynmawr.edu/pta/lico/lico-01618/tiles/full/300,169/0/default.jpg",Licorice Pizza (2021),3,0.011319444,978,,,,
LICO-01621,"https://digitalscholarship.brynmawr.edu/pta/lico/lico-01621/tiles/full/300,169/0/default.jpg",Licorice Pizza (2021),3,0.011354167,981,,,,
LICO-01626,"https://digitalscholarship.brynmawr.edu/pta/lico/lico-01626/tiles/full/300,169/0/default.jpg",Licorice Pizza (2021),3,0.011412037,986,,,,
LICO-01636,"https://digitalscholarship.brynmawr.edu/pta/lico/lico-01636/tiles/full/300,169/0/default.jpg",Licorice Pizza (2021),3,0.011527778,996,,,,
LICO-01705,"https://digitalscholarship.brynmawr.edu/pta/lico/lico-01705/tiles/full/300,169/0/default.jpg",Licorice Pizza (2021),4,0.011863426,1025,,,,
LICO-01721,"https://digitalscholarship.brynmawr.edu/pta/lico/lico-01721/tiles/full/300,169/0/default.jpg",Licorice Pizza (2021),4,0.012048611,1041,,,,
LICO-01732,"https://digitalscholarship.brynmawr.edu/pta/lico/lico-01732/tiles/full/300,169/0/default.jpg",Licorice Pizza (2021),4,0.012175926,1052,,,,
LICO-01750,"https://digitalscholarship.brynmawr.edu/pta/lico/lico-01750/tiles/full/300,169/0/default.jpg",Licorice Pizza (2021),4,0.012384259,1070,,,,
LICO-01756,"https://digitalscholarship.brynmawr.edu/pta/lico/lico-01756/tiles/full/300,169/0/default.jpg",Licorice Pizza (2021),4,0.012453704,1076,,,,
LICO-01808,"https://digitalscholarship.brynmawr.edu/pta/lico/lico-01808/tiles/full/300,169/0/default.jpg",Licorice Pizza (2021),4,0.012592593,1088,,,,
LICO-01811,"https://digitalscholarship.brynmawr.edu/pta/lico/lico-01811/tiles/full/300,169/0/default.jpg",Licorice Pizza (2021),4,0.012627315,1091,,,,
LICO-01839,"https://digitalscholarship.brynmawr.edu/pta/lico/lico-01839/tiles/full/300,169/0/default.jpg",Licorice Pizza (2021),4,0.012951389,1119,,,,
LICO-01911,"https://digitalscholarship.brynmawr.edu/pta/lico/lico-01911/tiles/full/300,169/0/default.jpg",Licorice Pizza (2021),4,0.013321759,1151,,,,
LICO-01913,"https://digitalscholarship.brynmawr.edu/pta/lico/lico-01913/tiles/full/300,169/0/default.jpg",Licorice Pizza (2021),4,0.013344907,1153,,,,
LICO-01917,"https://digitalscholarship.brynmawr.edu/pta/lico/lico-01917/tiles/full/300,169/0/default.jpg",Licorice Pizza (2021),4,0.013391204,1157,,,,
LICO-01923,"https://digitalscholarship.brynmawr.edu/pta/lico/lico-01923/tiles/full/300,169/0/default.jpg",Licorice Pizza (2021),4,0.013460648,1163,,,,
LICO-01938,"https://digitalscholarship.brynmawr.edu/pta/lico/lico-01938/tiles/full/300,169/0/default.jpg",Licorice Pizza (2021),4,0.013634259,1178,,,,
LICO-01959,"https://digitalscholarship.brynmawr.edu/pta/lico/lico-01959/tiles/full/300,169/0/default.jpg",Licorice Pizza (2021),4,0.013877315,1199,,,,
LICO-02004,"https://digitalscholarship.brynmawr.edu/pta/lico/lico-02004/tiles/full/300,169/0/default.jpg",Licorice Pizza (2021),4,0.013935185,1204,,,,
LICO-02016,"https://digitalscholarship.brynmawr.edu/pta/lico/lico-02016/tiles/full/300,169/0/default.jpg",Licorice Pizza (2021),4,0.014074074,1216,,,,
LICO-02020,"https://digitalscholarship.brynmawr.edu/pta/lico/lico-02020/tiles/full/300,169/0/default.jpg",Licorice Pizza (2021),4,0.01412037,1220,,,,
LICO-02031,"https://digitalscholarship.brynmawr.edu/pta/lico/lico-02031/tiles/full/300,169/0/default.jpg",Licorice Pizza (2021),4,0.014247685,1231,,,,
LICO-02038,"https://digitalscholarship.brynmawr.edu/pta/lico/lico-02038/tiles/full/300,169/0/default.jpg",Licorice Pizza (2021),4,0.014328704,1238,,,,
LICO-02047,"https://digitalscholarship.brynmawr.edu/pta/lico/lico-02047/tiles/full/300,169/0/default.jpg",Licorice Pizza (2021),4,0.01443287,1247,,,,
LICO-02112,"https://digitalscholarship.brynmawr.edu/pta/lico/lico-02112/tiles/full/300,169/0/default.jpg",Licorice Pizza (2021),4,0.014722222,1272,,,,
LICO-02123,"https://digitalscholarship.brynmawr.edu/pta/lico/lico-02123/tiles/full/300,169/0/default.jpg",Licorice Pizza (2021),4,0.014849537,1283,,,,
LICO-02132,"https://digitalscholarship.brynmawr.edu/pta/lico/lico-02132/tiles/full/300,169/0/default.jpg",Licorice Pizza (2021),4,0.014953704,1292,,,,
LICO-02144,"https://digitalscholarship.brynmawr.edu/pta/lico/lico-02144/tiles/full/300,169/0/default.jpg",Licorice Pizza (2021),4,0.015092593,1304,,,,
LICO-02149,"https://digitalscholarship.brynmawr.edu/pta/lico/lico-02149/tiles/full/300,169/0/default.jpg",Licorice Pizza (2021),4,0.015150463,1309,,,,
LICO-02154,"https://digitalscholarship.brynmawr.edu/pta/lico/lico-02154/tiles/full/300,169/0/default.jpg",Licorice Pizza (2021),4,0.015208333,1314,,,,
LICO-02157,"https://digitalscholarship.brynmawr.edu/pta/lico/lico-02157/tiles/full/300,169/0/default.jpg",Licorice Pizza (2021),4,0.015243056,1317,,,,
LICO-02202,"https://digitalscholarship.brynmawr.edu/pta/lico/lico-02202/tiles/full/300,169/0/default.jpg",Licorice Pizza (2021),4,0.015300926,1322,,,,
LICO-02212,"https://digitalscholarship.brynmawr.edu/pta/lico/lico-02212/tiles/full/300,169/0/default.jpg",Licorice Pizza (2021),4,0.015416667,1332,,,,
LICO-02218,"https://digitalscholarship.brynmawr.edu/pta/lico/lico-02218/tiles/full/300,169/0/default.jpg",Licorice Pizza (2021),4,0.015486111,1338,,,,
LICO-02222,"https://digitalscholarship.brynmawr.edu/pta/lico/lico-02222/tiles/full/300,169/0/default.jpg",Licorice Pizza (2021),4,0.015532407,1342,,,,
LICO-02240,"https://digitalscholarship.brynmawr.edu/pta/lico/lico-02240/tiles/full/300,169/0/default.jpg",Licorice Pizza (2021),4,0.015740741,1360,,,,
LICO-02244,"https://digitalscholarship.brynmawr.edu/pta/lico/lico-02244/tiles/full/300,169/0/default.jpg",Licorice Pizza (2021),4,0.015787037,1364,,,,
LICO-02249,"https://digitalscholarship.brynmawr.edu/pta/lico/lico-02249/tiles/full/300,169/0/default.jpg",Licorice Pizza (2021),4,0.015844907,1369,,,,
LICO-02258,"https://digitalscholarship.brynmawr.edu/pta/lico/lico-02258/tiles/full/300,169/0/default.jpg",Licorice Pizza (2021),4,0.015949074,1378,,,,
LICO-02306,"https://digitalscholarship.brynmawr.edu/pta/lico/lico-02306/tiles/full/300,169/0/default.jpg",Licorice Pizza (2021),4,0.016041667,1386,,,,
LICO-02307,"https://digitalscholarship.brynmawr.edu/pta/lico/lico-02307/tiles/full/300,169/0/default.jpg",Licorice Pizza (2021),5,0.016053241,1387,,,,
LICO-02311,"https://digitalscholarship.brynmawr.edu/pta/lico/lico-02311/tiles/full/300,169/0/default.jpg",Licorice Pizza (2021),5,0.016099537,1391,,,,
LICO-02327,"https://digitalscholarship.brynmawr.edu/pta/lico/lico-02327/tiles/full/300,169/0/default.jpg",Licorice Pizza (2021),5,0.016284722,1407,,,,
LICO-02333,"https://digitalscholarship.brynmawr.edu/pta/lico/lico-02333/tiles/full/300,169/0/default.jpg",Licorice Pizza (2021),5,0.016354167,1413,,,,
LICO-02341,"https://digitalscholarship.brynmawr.edu/pta/lico/lico-02341/tiles/full/300,169/0/default.jpg",Licorice Pizza (2021),5,0.016446759,1421,,,,
LICO-02346,"https://digitalscholarship.brynmawr.edu/pta/lico/lico-02346/tiles/full/300,169/0/default.jpg",Licorice Pizza (2021),5,0.01650463,1426,,,,
LICO-02357,"https://digitalscholarship.brynmawr.edu/pta/lico/lico-02357/tiles/full/300,169/0/default.jpg",Licorice Pizza (2021),5,0.016631944,1437,,,,
LICO-02410,"https://digitalscholarship.brynmawr.edu/pta/lico/lico-02410/tiles/full/300,169/0/default.jpg",Licorice Pizza (2021),5,0.016782407,1450,,,,
LICO-02414,"https://digitalscholarship.brynmawr.edu/pta/lico/lico-02414/tiles/full/300,169/0/default.jpg",Licorice Pizza (2021),5,0.016828704,1454,,,,
LICO-02433,"https://digitalscholarship.brynmawr.edu/pta/lico/lico-02433/tiles/full/300,169/0/default.jpg",Licorice Pizza (2021),5,0.017048611,1473,,,,
LICO-02438,"https://digitalscholarship.brynmawr.edu/pta/lico/lico-02438/tiles/full/300,169/0/default.jpg",Licorice Pizza (2021),5,0.017106481,1478,,,,
LICO-02444,"https://digitalscholarship.brynmawr.edu/pta/lico/lico-02444/tiles/full/300,169/0/default.jpg",Licorice Pizza (2021),5,0.017175926,1484,,,,
LICO-02448,"https://digitalscholarship.brynmawr.edu/pta/lico/lico-02448/tiles/full/300,169/0/default.jpg",Licorice Pizza (2021),5,0.017222222,1488,,,,
LICO-02456,"https://digitalscholarship.brynmawr.edu/pta/lico/lico-02456/tiles/full/300,169/0/default.jpg",Licorice Pizza (2021),5,0.017314815,1496,,,,
LICO-02514,"https://digitalscholarship.brynmawr.edu/pta/lico/lico-02514/tiles/full/300,169/0/default.jpg",Licorice Pizza (2021),5,0.017523148,1514,,,,
LICO-02519,"https://digitalscholarship.brynmawr.edu/pta/lico/lico-02519/tiles/full/300,169/0/default.jpg",Licorice Pizza (2021),5,0.017581019,1519,,,,
LICO-02541,"https://digitalscholarship.brynmawr.edu/pta/lico/lico-02541/tiles/full/300,169/0/default.jpg",Licorice Pizza (2021),5,0.017835648,1541,,,,
LICO-02543,"https://digitalscholarship.brynmawr.edu/pta/lico/lico-02543/tiles/full/300,169/0/default.jpg",Licorice Pizza (2021),5,0.017858796,1543,,,,
LICO-02548,"https://digitalscholarship.brynmawr.edu/pta/lico/lico-02548/tiles/full/300,169/0/default.jpg",Licorice Pizza (2021),5,0.017916667,1548,,,,
LICO-02557,"https://digitalscholarship.brynmawr.edu/pta/lico/lico-02557/tiles/full/300,169/0/default.jpg",Licorice Pizza (2021),5,0.018020833,1557,,,,
LICO-02607,"https://digitalscholarship.brynmawr.edu/pta/lico/lico-02607/tiles/full/300,169/0/default.jpg",Licorice Pizza (2021),5,0.018136574,1567,,,,
LICO-02614,"https://digitalscholarship.brynmawr.edu/pta/lico/lico-02614/tiles/full/300,169/0/default.jpg",Licorice Pizza (2021),5,0.018217593,1574,,,,
LICO-02627,"https://digitalscholarship.brynmawr.edu/pta/lico/lico-02627/tiles/full/300,169/0/default.jpg",Licorice Pizza (2021),5,0.018368056,1587,,,,
LICO-02631,"https://digitalscholarship.brynmawr.edu/pta/lico/lico-02631/tiles/full/300,169/0/default.jpg",Licorice Pizza (2021),5,0.018414352,1591,,,,
LICO-02640,"https://digitalscholarship.brynmawr.edu/pta/lico/lico-02640/tiles/full/300,169/0/default.jpg",Licorice Pizza (2021),5,0.018518519,1600,,,,
LICO-02658,"https://digitalscholarship.brynmawr.edu/pta/lico/lico-02658/tiles/full/300,169/0/default.jpg",Licorice Pizza (2021),5,0.018726852,1618,,,,
LICO-02703,"https://digitalscholarship.brynmawr.edu/pta/lico/lico-02703/tiles/full/300,169/0/default.jpg",Licorice Pizza (2021),5,0.018784722,1623,,,,
LICO-02707,"https://digitalscholarship.brynmawr.edu/pta/lico/lico-02707/tiles/full/300,169/0/default.jpg",Licorice Pizza (2021),5,0.018831019,1627,,,,
LICO-02810,"https://digitalscholarship.brynmawr.edu/pta/lico/lico-02810/tiles/full/300,169/0/default.jpg",Licorice Pizza (2021),5,0.019560185,1690,,,,
LICO-02818,"https://digitalscholarship.brynmawr.edu/pta/lico/lico-02818/tiles/full/300,169/0/default.jpg",Licorice Pizza (2021),5,0.019652778,1698,,,,
LICO-02822,"https://digitalscholarship.brynmawr.edu/pta/lico/lico-02822/tiles/full/300,169/0/default.jpg",Licorice Pizza (2021),5,0.019699074,1702,,,,
LICO-02825,"https://digitalscholarship.brynmawr.edu/pta/lico/lico-02825/tiles/full/300,169/0/default.jpg",Licorice Pizza (2021),5,0.019733796,1705,,,,
LICO-02840,"https://digitalscholarship.brynmawr.edu/pta/lico/lico-02840/tiles/full/300,169/0/default.jpg",Licorice Pizza (2021),5,0.019907407,1720,,,,
LICO-02844,"https://digitalscholarship.brynmawr.edu/pta/lico/lico-02844/tiles/full/300,169/0/default.jpg",Licorice Pizza (2021),5,0.019953704,1724,,,,
LICO-02904,"https://digitalscholarship.brynmawr.edu/pta/lico/lico-02904/tiles/full/300,169/0/default.jpg",Licorice Pizza (2021),5,0.020185185,1744,,,,
LICO-02912,"https://digitalscholarship.brynmawr.edu/pta/lico/lico-02912/tiles/full/300,169/0/default.jpg",Licorice Pizza (2021),5,0.020277778,1752,,,,
LICO-02915,"https://digitalscholarship.brynmawr.edu/pta/lico/lico-02915/tiles/full/300,169/0/default.jpg",Licorice Pizza (2021),5,0.0203125,1755,,,,
LICO-02924,"https://digitalscholarship.brynmawr.edu/pta/lico/lico-02924/tiles/full/300,169/0/default.jpg",Licorice Pizza (2021),5,0.020416667,1764,,,,
LICO-02932,"https://digitalscholarship.brynmawr.edu/pta/lico/lico-02932/tiles/full/300,169/0/default.jpg",Licorice Pizza (2021),5,0.020509259,1772,,,,
LICO-02942,"https://digitalscholarship.brynmawr.edu/pta/lico/lico-02942/tiles/full/300,169/0/default.jpg",Licorice Pizza (2021),6,0.020625,1782,,,,
LICO-02956,"https://digitalscholarship.brynmawr.edu/pta/lico/lico-02956/tiles/full/300,169/0/default.jpg",Licorice Pizza (2021),6,0.020787037,1796,,,,
LICO-03002,"https://digitalscholarship.brynmawr.edu/pta/lico/lico-03002/tiles/full/300,169/0/default.jpg",Licorice Pizza (2021),6,0.020856481,1802,,,,
LICO-03037,"https://digitalscholarship.brynmawr.edu/pta/lico/lico-03037/tiles/full/300,169/0/default.jpg",Licorice Pizza (2021),6,0.021261574,1837,,,,
LICO-03100,"https://digitalscholarship.brynmawr.edu/pta/lico/lico-03100/tiles/full/300,169/0/default.jpg",Licorice Pizza (2021),6,0.021527778,1860,,,,
LICO-03102,"https://digitalscholarship.brynmawr.edu/pta/lico/lico-03102/tiles/full/300,169/0/default.jpg",Licorice Pizza (2021),6,0.021550926,1862,,,,
LICO-03110,"https://digitalscholarship.brynmawr.edu/pta/lico/lico-03110/tiles/full/300,169/0/default.jpg",Licorice Pizza (2021),6,0.021643519,1870,,,,
LICO-03143,"https://digitalscholarship.brynmawr.edu/pta/lico/lico-03143/tiles/full/300,169/0/default.jpg",Licorice Pizza (2021),6,0.022025463,1903,,,,
LICO-03153,"https://digitalscholarship.brynmawr.edu/pta/lico/lico-03153/tiles/full/300,169/0/default.jpg",Licorice Pizza (2021),6,0.022141204,1913,,,,
LICO-03209,"https://digitalscholarship.brynmawr.edu/pta/lico/lico-03209/tiles/full/300,169/0/default.jpg",Licorice Pizza (2021),6,0.022326389,1929,,,,
LICO-03252,"https://digitalscholarship.brynmawr.edu/pta/lico/lico-03252/tiles/full/300,169/0/default.jpg",Licorice Pizza (2021),6,0.022824074,1972,,,,
LICO-03331,"https://digitalscholarship.brynmawr.edu/pta/lico/lico-03331/tiles/full/300,169/0/default.jpg",Licorice Pizza (2021),6,0.023275463,2011,,,,
LICO-03402,"https://digitalscholarship.brynmawr.edu/pta/lico/lico-03402/tiles/full/300,169/0/default.jpg",Licorice Pizza (2021),6,0.023634259,2042,,,,
LICO-03413,"https://digitalscholarship.brynmawr.edu/pta/lico/lico-03413/tiles/full/300,169/0/default.jpg",Licorice Pizza (2021),6,0.023761574,2053,,,,
LICO-03421,"https://digitalscholarship.brynmawr.edu/pta/lico/lico-03421/tiles/full/300,169/0/default.jpg",Licorice Pizza (2021),6,0.023854167,2061,,,,
LICO-03430,"https://digitalscholarship.brynmawr.edu/pta/lico/lico-03430/tiles/full/300,169/0/default.jpg",Licorice Pizza (2021),6,0.023958333,2070,,,,
LICO-03521,"https://digitalscholarship.brynmawr.edu/pta/lico/lico-03521/tiles/full/300,169/0/default.jpg",Licorice Pizza (2021),6,0.024548611,2121,,,,
LICO-03533,"https://digitalscholarship.brynmawr.edu/pta/lico/lico-03533/tiles/full/300,169/0/default.jpg",Licorice Pizza (2021),6,0.0246875,2133,,,,
LICO-03537,"https://digitalscholarship.brynmawr.edu/pta/lico/lico-03537/tiles/full/300,169/0/default.jpg",Licorice Pizza (2021),6,0.024733796,2137,,,,
LICO-03551,"https://digitalscholarship.brynmawr.edu/pta/lico/lico-03551/tiles/full/300,169/0/default.jpg",Licorice Pizza (2021),6,0.024895833,2151,,,,
LICO-03556,"https://digitalscholarship.brynmawr.edu/pta/lico/lico-03556/tiles/full/300,169/0/default.jpg",Licorice Pizza (2021),6,0.024953704,2156,,,,
LICO-03608,"https://digitalscholarship.brynmawr.edu/pta/lico/lico-03608/tiles/full/300,169/0/default.jpg",Licorice Pizza (2021),6,0.025092593,2168,,,,
LICO-03619,"https://digitalscholarship.brynmawr.edu/pta/lico/lico-03619/tiles/full/300,169/0/default.jpg",Licorice Pizza (2021),6,0.025219907,2179,,,,
LICO-03637,"https://digitalscholarship.brynmawr.edu/pta/lico/lico-03637/tiles/full/300,169/0/default.jpg",Licorice Pizza (2021),6,0.025428241,2197,,,,
LICO-03644,"https://digitalscholarship.brynmawr.edu/pta/lico/lico-03644/tiles/full/300,169/0/default.jpg",Licorice Pizza (2021),6,0.025509259,2204,,,,
LICO-03700,"https://digitalscholarship.brynmawr.edu/pta/lico/lico-03700/tiles/full/300,169/0/default.jpg",Licorice Pizza (2021),6,0.025694444,2220,,,,
LICO-03712,"https://digitalscholarship.brynmawr.edu/pta/lico/lico-03712/tiles/full/300,169/0/default.jpg",Licorice Pizza (2021),6,0.025833333,2232,,,,
LICO-03726,"https://digitalscholarship.brynmawr.edu/pta/lico/lico-03726/tiles/full/300,169/0/default.jpg",Licorice Pizza (2021),6,0.02599537,2246,,,,
LICO-03740,"https://digitalscholarship.brynmawr.edu/pta/lico/lico-03740/tiles/full/300,169/0/default.jpg",Licorice Pizza (2021),6,0.026157407,2260,,,,
LICO-03749,"https://digitalscholarship.brynmawr.edu/pta/lico/lico-03749/tiles/full/300,169/0/default.jpg",Licorice Pizza (2021),6,0.026261574,2269,,,,
LICO-03753,"https://digitalscholarship.brynmawr.edu/pta/lico/lico-03753/tiles/full/300,169/0/default.jpg",Licorice Pizza (2021),6,0.02630787,2273,,,,
LICO-03808,"https://digitalscholarship.brynmawr.edu/pta/lico/lico-03808/tiles/full/300,169/0/default.jpg",Licorice Pizza (2021),6,0.026481481,2288,,,,
LICO-03825,"https://digitalscholarship.brynmawr.edu/pta/lico/lico-03825/tiles/full/300,169/0/default.jpg",Licorice Pizza (2021),6,0.026678241,2305,,,,
LICO-03856,"https://digitalscholarship.brynmawr.edu/pta/lico/lico-03856/tiles/full/300,169/0/default.jpg",Licorice Pizza (2021),6,0.027037037,2336,,,,
LICO-03909,"https://digitalscholarship.brynmawr.edu/pta/lico/lico-03909/tiles/full/300,169/0/default.jpg",Licorice Pizza (2021),6,0.0271875,2349,,,,
LICO-03933,"https://digitalscholarship.brynmawr.edu/pta/lico/lico-03933/tiles/full/300,169/0/default.jpg",Licorice Pizza (2021),6,0.027465278,2373,,,,
LICO-03940,"https://digitalscholarship.brynmawr.edu/pta/lico/lico-03940/tiles/full/300,169/0/default.jpg",Licorice Pizza (2021),6,0.027546296,2380,,,,
LICO-04002,"https://digitalscholarship.brynmawr.edu/pta/lico/lico-04002/tiles/full/300,169/0/default.jpg",Licorice Pizza (2021),6,0.027800926,2402,,,,
LICO-04019,"https://digitalscholarship.brynmawr.edu/pta/lico/lico-04019/tiles/full/300,169/0/default.jpg",Licorice Pizza (2021),7,0.027997685,2419,,,,
LICO-04026,"https://digitalscholarship.brynmawr.edu/pta/lico/lico-04026/tiles/full/300,169/0/default.jpg",Licorice Pizza (2021),7,0.028078704,2426,,,,
LICO-04119,"https://digitalscholarship.brynmawr.edu/pta/lico/lico-04119/tiles/full/300,169/0/default.jpg",Licorice Pizza (2021),7,0.02869213,2479,,,,
LICO-04121,"https://digitalscholarship.brynmawr.edu/pta/lico/lico-04121/tiles/full/300,169/0/default.jpg",Licorice Pizza (2021),7,0.028715278,2481,,,,
LICO-04127,"https://digitalscholarship.brynmawr.edu/pta/lico/lico-04127/tiles/full/300,169/0/default.jpg",Licorice Pizza (2021),7,0.028784722,2487,,,,
LICO-04137,"https://digitalscholarship.brynmawr.edu/pta/lico/lico-04137/tiles/full/300,169/0/default.jpg",Licorice Pizza (2021),7,0.028900463,2497,,,,
LICO-04141,"https://digitalscholarship.brynmawr.edu/pta/lico/lico-04141/tiles/full/300,169/0/default.jpg",Licorice Pizza (2021),7,0.028946759,2501,,,,
LICO-04244,"https://digitalscholarship.brynmawr.edu/pta/lico/lico-04244/tiles/full/300,169/0/default.jpg",Licorice Pizza (2021),7,0.029675926,2564,,,,
LICO-04246,"https://digitalscholarship.brynmawr.edu/pta/lico/lico-04246/tiles/full/300,169/0/default.jpg",Licorice Pizza (2021),7,0.029699074,2566,,,,
LICO-04257,"https://digitalscholarship.brynmawr.edu/pta/lico/lico-04257/tiles/full/300,169/0/default.jpg",Licorice Pizza (2021),7,0.029826389,2577,,,,
LICO-04258,"https://digitalscholarship.brynmawr.edu/pta/lico/lico-04258/tiles/full/300,169/0/default.jpg",Licorice Pizza (2021),7,0.029837963,2578,,,,
LICO-04301,"https://digitalscholarship.brynmawr.edu/pta/lico/lico-04301/tiles/full/300,169/0/default.jpg",Licorice Pizza (2021),7,0.029872685,2581,,,,
LICO-04309,"https://digitalscholarship.brynmawr.edu/pta/lico/lico-04309/tiles/full/300,169/0/default.jpg",Licorice Pizza (2021),7,0.029965278,2589,,,,
LICO-04330,"https://digitalscholarship.brynmawr.edu/pta/lico/lico-04330/tiles/full/300,169/0/default.jpg",Licorice Pizza (2021),7,0.030208333,2610,,,,
LICO-04345,"https://digitalscholarship.brynmawr.edu/pta/lico/lico-04345/tiles/full/300,169/0/default.jpg",Licorice Pizza (2021),7,0.030381944,2625,,,,
LICO-04347,"https://digitalscholarship.brynmawr.edu/pta/lico/lico-04347/tiles/full/300,169/0/default.jpg",Licorice Pizza (2021),7,0.030405093,2627,,,,
LICO-04355,"https://digitalscholarship.brynmawr.edu/pta/lico/lico-04355/tiles/full/300,169/0/default.jpg",Licorice Pizza (2021),7,0.030497685,2635,,,,
LICO-04407,"https://digitalscholarship.brynmawr.edu/pta/lico/lico-04407/tiles/full/300,169/0/default.jpg",Licorice Pizza (2021),7,0.030636574,2647,,,,
LICO-04425,"https://digitalscholarship.brynmawr.edu/pta/lico/lico-04425/tiles/full/300,169/0/default.jpg",Licorice Pizza (2021),7,0.030844907,2665,,,,
LICO-04433,"https://digitalscholarship.brynmawr.edu/pta/lico/lico-04433/tiles/full/300,169/0/default.jpg",Licorice Pizza (2021),7,0.0309375,2673,,,,
LICO-04446,"https://digitalscholarship.brynmawr.edu/pta/lico/lico-04446/tiles/full/300,169/0/default.jpg",Licorice Pizza (2021),7,0.031087963,2686,,,,
LICO-04458,"https://digitalscholarship.brynmawr.edu/pta/lico/lico-04458/tiles/full/300,169/0/default.jpg",Licorice Pizza (2021),7,0.031226852,2698,,,,
LICO-04506,"https://digitalscholarship.brynmawr.edu/pta/lico/lico-04506/tiles/full/300,169/0/default.jpg",Licorice Pizza (2021),7,0.031319444,2706,,,,
LICO-04554,"https://digitalscholarship.brynmawr.edu/pta/lico/lico-04554/tiles/full/300,169/0/default.jpg",Licorice Pizza (2021),7,0.031875,2754,,,,
LICO-04612,"https://digitalscholarship.brynmawr.edu/pta/lico/lico-04612/tiles/full/300,169/0/default.jpg",Licorice Pizza (2021),7,0.032083333,2772,,,,
LICO-04618,"https://digitalscholarship.brynmawr.edu/pta/lico/lico-04618/tiles/full/300,169/0/default.jpg",Licorice Pizza (2021),7,0.032152778,2778,,,,
LICO-04629,"https://digitalscholarship.brynmawr.edu/pta/lico/lico-04629/tiles/full/300,169/0/default.jpg",Licorice Pizza (2021),7,0.032280093,2789,,,,
LICO-04644,"https://digitalscholarship.brynmawr.edu/pta/lico/lico-04644/tiles/full/300,169/0/default.jpg",Licorice Pizza (2021),7,0.032453704,2804,,,,
LICO-04653,"https://digitalscholarship.brynmawr.edu/pta/lico/lico-04653/tiles/full/300,169/0/default.jpg",Licorice Pizza (2021),7,0.03255787,2813,,,,
LICO-04704,"https://digitalscholarship.brynmawr.edu/pta/lico/lico-04704/tiles/full/300,169/0/default.jpg",Licorice Pizza (2021),7,0.032685185,2824,,,,
LICO-04713,"https://digitalscholarship.brynmawr.edu/pta/lico/lico-04713/tiles/full/300,169/0/default.jpg",Licorice Pizza (2021),7,0.032789352,2833,,,,
LICO-04820,"https://digitalscholarship.brynmawr.edu/pta/lico/lico-04820/tiles/full/300,169/0/default.jpg",Licorice Pizza (2021),7,0.033564815,2900,,,,
LICO-04832,"https://digitalscholarship.brynmawr.edu/pta/lico/lico-04832/tiles/full/300,169/0/default.jpg",Licorice Pizza (2021),7,0.033703704,2912,,,,
LICO-04836,"https://digitalscholarship.brynmawr.edu/pta/lico/lico-04836/tiles/full/300,169/0/default.jpg",Licorice Pizza (2021),8,0.03375,2916,,,,
LICO-04859,"https://digitalscholarship.brynmawr.edu/pta/lico/lico-04859/tiles/full/300,169/0/default.jpg",Licorice Pizza (2021),8,0.034016204,2939,,,,
LICO-04912,"https://digitalscholarship.brynmawr.edu/pta/lico/lico-04912/tiles/full/300,169/0/default.jpg",Licorice Pizza (2021),8,0.034166667,2952,,,,
LICO-04925,"https://digitalscholarship.brynmawr.edu/pta/lico/lico-04925/tiles/full/300,169/0/default.jpg",Licorice Pizza (2021),8,0.03431713,2965,,,,
LICO-04939,"https://digitalscholarship.brynmawr.edu/pta/lico/lico-04939/tiles/full/300,169/0/default.jpg",Licorice Pizza (2021),8,0.034479167,2979,,,,
LICO-04951,"https://digitalscholarship.brynmawr.edu/pta/lico/lico-04951/tiles/full/300,169/0/default.jpg",Licorice Pizza (2021),8,0.034618056,2991,,,,
LICO-05228,"https://digitalscholarship.brynmawr.edu/pta/lico/lico-05228/tiles/full/300,169/0/default.jpg",Licorice Pizza (2021),8,0.036435185,3148,,,,
LICO-05300,"https://digitalscholarship.brynmawr.edu/pta/lico/lico-05300/tiles/full/300,169/0/default.jpg",Licorice Pizza (2021),8,0.036805556,3180,,,,
LICO-05311,"https://digitalscholarship.brynmawr.edu/pta/lico/lico-05311/tiles/full/300,169/0/default.jpg",Licorice Pizza (2021),8,0.03693287,3191,,,,
LICO-05320,"https://digitalscholarship.brynmawr.edu/pta/lico/lico-05320/tiles/full/300,169/0/default.jpg",Licorice Pizza (2021),8,0.037037037,3200,,,,
LICO-05328,"https://digitalscholarship.brynmawr.edu/pta/lico/lico-05328/tiles/full/300,169/0/default.jpg",Licorice Pizza (2021),8,0.03712963,3208,,,,
LICO-05336,"https://digitalscholarship.brynmawr.edu/pta/lico/lico-05336/tiles/full/300,169/0/default.jpg",Licorice Pizza (2021),8,0.037222222,3216,,,,
LICO-05339,"https://digitalscholarship.brynmawr.edu/pta/lico/lico-05339/tiles/full/300,169/0/default.jpg",Licorice Pizza (2021),8,0.037256944,3219,,,,
LICO-05344,"https://digitalscholarship.brynmawr.edu/pta/lico/lico-05344/tiles/full/300,169/0/default.jpg",Licorice Pizza (2021),8,0.037314815,3224,,,,
LICO-05410,"https://digitalscholarship.brynmawr.edu/pta/lico/lico-05410/tiles/full/300,169/0/default.jpg",Licorice Pizza (2021),8,0.037615741,3250,,,,
LICO-05412,"https://digitalscholarship.brynmawr.edu/pta/lico/lico-05412/tiles/full/300,169/0/default.jpg",Licorice Pizza (2021),8,0.037638889,3252,,,,
LICO-05426,"https://digitalscholarship.brynmawr.edu/pta/lico/lico-05426/tiles/full/300,169/0/default.jpg",Licorice Pizza (2021),8,0.037800926,3266,,,,
LICO-05515,"https://digitalscholarship.brynmawr.edu/pta/lico/lico-05515/tiles/full/300,169/0/default.jpg",Licorice Pizza (2021),8,0.038368056,3315,,,,
LICO-05519,"https://digitalscholarship.brynmawr.edu/pta/lico/lico-05519/tiles/full/300,169/0/default.jpg",Licorice Pizza (2021),9,0.038414352,3319,,,,
LICO-05524,"https://digitalscholarship.brynmawr.edu/pta/lico/lico-05524/tiles/full/300,169/0/default.jpg",Licorice Pizza (2021),9,0.038472222,3324,,,,
LICO-05538,"https://digitalscholarship.brynmawr.edu/pta/lico/lico-05538/tiles/full/300,169/0/default.jpg",Licorice Pizza (2021),9,0.038634259,3338,,,,
LICO-05553,"https://digitalscholarship.brynmawr.edu/pta/lico/lico-05553/tiles/full/300,169/0/default.jpg",Licorice Pizza (2021),9,0.03880787,3353,,,,
LICO-05601,"https://digitalscholarship.brynmawr.edu/pta/lico/lico-05601/tiles/full/300,169/0/default.jpg",Licorice Pizza (2021),9,0.038900463,3361,,,,
LICO-05608,"https://digitalscholarship.brynmawr.edu/pta/lico/lico-05608/tiles/full/300,169/0/default.jpg",Licorice Pizza (2021),9,0.038981481,3368,,,,
LICO-05614,"https://digitalscholarship.brynmawr.edu/pta/lico/lico-05614/tiles/full/300,169/0/default.jpg",Licorice Pizza (2021),9,0.039050926,3374,,,,
LICO-05617,"https://digitalscholarship.brynmawr.edu/pta/lico/lico-05617/tiles/full/300,169/0/default.jpg",Licorice Pizza (2021),9,0.039085648,3377,,,,
LICO-05620,"https://digitalscholarship.brynmawr.edu/pta/lico/lico-05620/tiles/full/300,169/0/default.jpg",Licorice Pizza (2021),9,0.03912037,3380,,,,
LICO-05628,"https://digitalscholarship.brynmawr.edu/pta/lico/lico-05628/tiles/full/300,169/0/default.jpg",Licorice Pizza (2021),9,0.039212963,3388,,,,
LICO-05631,"https://digitalscholarship.brynmawr.edu/pta/lico/lico-05631/tiles/full/300,169/0/default.jpg",Licorice Pizza (2021),9,0.039247685,3391,,,,
LICO-05644,"https://digitalscholarship.brynmawr.edu/pta/lico/lico-05644/tiles/full/300,169/0/default.jpg",Licorice Pizza (2021),9,0.039398148,3404,,,,
LICO-05716,"https://digitalscholarship.brynmawr.edu/pta/lico/lico-05716/tiles/full/300,169/0/default.jpg",Licorice Pizza (2021),9,0.039768519,3436,,,,
LICO-05725,"https://digitalscholarship.brynmawr.edu/pta/lico/lico-05725/tiles/full/300,169/0/default.jpg",Licorice Pizza (2021),9,0.039872685,3445,,,,
LICO-05750,"https://digitalscholarship.brynmawr.edu/pta/lico/lico-05750/tiles/full/300,169/0/default.jpg",Licorice Pizza (2021),9,0.040162037,3470,,,,
LICO-05801,"https://digitalscholarship.brynmawr.edu/pta/lico/lico-05801/tiles/full/300,169/0/default.jpg",Licorice Pizza (2021),9,0.040289352,3481,,,,
LICO-05813,"https://digitalscholarship.brynmawr.edu/pta/lico/lico-05813/tiles/full/300,169/0/default.jpg",Licorice Pizza (2021),9,0.040428241,3493,,,,
LICO-05832,"https://digitalscholarship.brynmawr.edu/pta/lico/lico-05832/tiles/full/300,169/0/default.jpg",Licorice Pizza (2021),9,0.040648148,3512,,,,
LICO-05839,"https://digitalscholarship.brynmawr.edu/pta/lico/lico-05839/tiles/full/300,169/0/default.jpg",Licorice Pizza (2021),9,0.040729167,3519,,,,
LICO-05855,"https://digitalscholarship.brynmawr.edu/pta/lico/lico-05855/tiles/full/300,169/0/default.jpg",Licorice Pizza (2021),9,0.040914352,3535,,,,
LICO-05912,"https://digitalscholarship.brynmawr.edu/pta/lico/lico-05912/tiles/full/300,169/0/default.jpg",Licorice Pizza (2021),9,0.041111111,3552,,,,
LICO-05916,"https://digitalscholarship.brynmawr.edu/pta/lico/lico-05916/tiles/full/300,169/0/default.jpg",Licorice Pizza (2021),9,0.041157407,3556,,,,
LICO-05922,"https://digitalscholarship.brynmawr.edu/pta/lico/lico-05922/tiles/full/300,169/0/default.jpg",Licorice Pizza (2021),9,0.041226852,3562,,,,
LICO-05923,"https://digitalscholarship.brynmawr.edu/pta/lico/lico-05923/tiles/full/300,169/0/default.jpg",Licorice Pizza (2021),9,0.041238426,3563,,,,
LICO-05941,"https://digitalscholarship.brynmawr.edu/pta/lico/lico-05941/tiles/full/300,169/0/default.jpg",Licorice Pizza (2021),9,0.041446759,3581,,,,
LICO-05947,"https://digitalscholarship.brynmawr.edu/pta/lico/lico-05947/tiles/full/300,169/0/default.jpg",Licorice Pizza (2021),9,0.041516204,3587,,,,
LICO-10006,"https://digitalscholarship.brynmawr.edu/pta/lico/lico-10006/tiles/full/300,169/0/default.jpg",Licorice Pizza (2021),9,0.041736111,3606,,,,
LICO-10020,"https://digitalscholarship.brynmawr.edu/pta/lico/lico-10020/tiles/full/300,169/0/default.jpg",Licorice Pizza (2021),9,0.041898148,3620,,,,
LICO-10026,"https://digitalscholarship.brynmawr.edu/pta/lico/lico-10026/tiles/full/300,169/0/default.jpg",Licorice Pizza (2021),9,0.041967593,3626,,,,
LICO-10041,"https://digitalscholarship.brynmawr.edu/pta/lico/lico-10041/tiles/full/300,169/0/default.jpg",Licorice Pizza (2021),9,0.042141204,3641,,,,
LICO-10055,"https://digitalscholarship.brynmawr.edu/pta/lico/lico-10055/tiles/full/300,169/0/default.jpg",Licorice Pizza (2021),9,0.042303241,3655,,,,
LICO-10108,"https://digitalscholarship.brynmawr.edu/pta/lico/lico-10108/tiles/full/300,169/0/default.jpg",Licorice Pizza (2021),9,0.042453704,3668,,,,
LICO-10111,"https://digitalscholarship.brynmawr.edu/pta/lico/lico-10111/tiles/full/300,169/0/default.jpg",Licorice Pizza (2021),9,0.042488426,3671,,,,
LICO-10123,"https://digitalscholarship.brynmawr.edu/pta/lico/lico-10123/tiles/full/300,169/0/default.jpg",Licorice Pizza (2021),9,0.042627315,3683,,,,
LICO-10134,"https://digitalscholarship.brynmawr.edu/pta/lico/lico-10134/tiles/full/300,169/0/default.jpg",Licorice Pizza (2021),9,0.04275463,3694,,,,
LICO-10143,"https://digitalscholarship.brynmawr.edu/pta/lico/lico-10143/tiles/full/300,169/0/default.jpg",Licorice Pizza (2021),10,0.042858796,3703,,,,
LICO-10151,"https://digitalscholarship.brynmawr.edu/pta/lico/lico-10151/tiles/full/300,169/0/default.jpg",Licorice Pizza (2021),10,0.042951389,3711,,,,
LICO-10217,"https://digitalscholarship.brynmawr.edu/pta/lico/lico-10217/tiles/full/300,169/0/default.jpg",Licorice Pizza (2021),10,0.043252315,3737,,,,
LICO-10328,"https://digitalscholarship.brynmawr.edu/pta/lico/lico-10328/tiles/full/300,169/0/default.jpg",Licorice Pizza (2021),10,0.044074074,3808,,,,
LICO-10333,"https://digitalscholarship.brynmawr.edu/pta/lico/lico-10333/tiles/full/300,169/0/default.jpg",Licorice Pizza (2021),10,0.044131944,3813,,,,
LICO-10349,"https://digitalscholarship.brynmawr.edu/pta/lico/lico-10349/tiles/full/300,169/0/default.jpg",Licorice Pizza (2021),10,0.04431713,3829,,,,
LICO-10453,"https://digitalscholarship.brynmawr.edu/pta/lico/lico-10453/tiles/full/300,169/0/default.jpg",Licorice Pizza (2021),10,0.04505787,3893,,,,
LICO-10502,"https://digitalscholarship.brynmawr.edu/pta/lico/lico-10502/tiles/full/300,169/0/default.jpg",Licorice Pizza (2021),10,0.045162037,3902,,,,
LICO-10505,"https://digitalscholarship.brynmawr.edu/pta/lico/lico-10505/tiles/full/300,169/0/default.jpg",Licorice Pizza (2021),10,0.045196759,3905,,,,
LICO-10533,"https://digitalscholarship.brynmawr.edu/pta/lico/lico-10533/tiles/full/300,169/0/default.jpg",Licorice Pizza (2021),10,0.045520833,3933,,,,
LICO-10539,"https://digitalscholarship.brynmawr.edu/pta/lico/lico-10539/tiles/full/300,169/0/default.jpg",Licorice Pizza (2021),10,0.045590278,3939,,,,
LICO-10540,"https://digitalscholarship.brynmawr.edu/pta/lico/lico-10540/tiles/full/300,169/0/default.jpg",Licorice Pizza (2021),10,0.045601852,3940,,,,
LICO-10556,"https://digitalscholarship.brynmawr.edu/pta/lico/lico-10556/tiles/full/300,169/0/default.jpg",Licorice Pizza (2021),10,0.045787037,3956,,,,
LICO-10610,"https://digitalscholarship.brynmawr.edu/pta/lico/lico-10610/tiles/full/300,169/0/default.jpg",Licorice Pizza (2021),10,0.045949074,3970,,,,
LICO-10614,"https://digitalscholarship.brynmawr.edu/pta/lico/lico-10614/tiles/full/300,169/0/default.jpg",Licorice Pizza (2021),10,0.04599537,3974,,,,
LICO-10629,"https://digitalscholarship.brynmawr.edu/pta/lico/lico-10629/tiles/full/300,169/0/default.jpg",Licorice Pizza (2021),10,0.046168981,3989,,,,
LICO-10636,"https://digitalscholarship.brynmawr.edu/pta/lico/lico-10636/tiles/full/300,169/0/default.jpg",Licorice Pizza (2021),10,0.04625,3996,,,,
LICO-10711,"https://digitalscholarship.brynmawr.edu/pta/lico/lico-10711/tiles/full/300,169/0/default.jpg",Licorice Pizza (2021),10,0.046655093,4031,,,,
LICO-10718,"https://digitalscholarship.brynmawr.edu/pta/lico/lico-10718/tiles/full/300,169/0/default.jpg",Licorice Pizza (2021),10,0.046736111,4038,,,,
LICO-10724,"https://digitalscholarship.brynmawr.edu/pta/lico/lico-10724/tiles/full/300,169/0/default.jpg",Licorice Pizza (2021),10,0.046805556,4044,,,,
LICO-10924,"https://digitalscholarship.brynmawr.edu/pta/lico/lico-10924/tiles/full/300,169/0/default.jpg",Licorice Pizza (2021),10,0.048194444,4164,,,,
LICO-10943,"https://digitalscholarship.brynmawr.edu/pta/lico/lico-10943/tiles/full/300,169/0/default.jpg",Licorice Pizza (2021),10,0.048414352,4183,,,,
LICO-10947,"https://digitalscholarship.brynmawr.edu/pta/lico/lico-10947/tiles/full/300,169/0/default.jpg",Licorice Pizza (2021),10,0.048460648,4187,,,,
LICO-11007,"https://digitalscholarship.brynmawr.edu/pta/lico/lico-11007/tiles/full/300,169/0/default.jpg",Licorice Pizza (2021),10,0.04869213,4207,,,,
LICO-11108,"https://digitalscholarship.brynmawr.edu/pta/lico/lico-11108/tiles/full/300,169/0/default.jpg",Licorice Pizza (2021),10,0.049398148,4268,,,,
LICO-11115,"https://digitalscholarship.brynmawr.edu/pta/lico/lico-11115/tiles/full/300,169/0/default.jpg",Licorice Pizza (2021),10,0.049479167,4275,,,,
LICO-11154,"https://digitalscholarship.brynmawr.edu/pta/lico/lico-11154/tiles/full/300,169/0/default.jpg",Licorice Pizza (2021),10,0.049930556,4314,,,,
LICO-11158,"https://digitalscholarship.brynmawr.edu/pta/lico/lico-11158/tiles/full/300,169/0/default.jpg",Licorice Pizza (2021),10,0.049976852,4318,,,,
LICO-11205,"https://digitalscholarship.brynmawr.edu/pta/lico/lico-11205/tiles/full/300,169/0/default.jpg",Licorice Pizza (2021),10,0.05005787,4325,,,,
LICO-11232,"https://digitalscholarship.brynmawr.edu/pta/lico/lico-11232/tiles/full/300,169/0/default.jpg",Licorice Pizza (2021),10,0.05037037,4352,,,,
LICO-11239,"https://digitalscholarship.brynmawr.edu/pta/lico/lico-11239/tiles/full/300,169/0/default.jpg",Licorice Pizza (2021),10,0.050451389,4359,,,,
LICO-11247,"https://digitalscholarship.brynmawr.edu/pta/lico/lico-11247/tiles/full/300,169/0/default.jpg",Licorice Pizza (2021),10,0.050543981,4367,,,,
LICO-11248,"https://digitalscholarship.brynmawr.edu/pta/lico/lico-11248/tiles/full/300,169/0/default.jpg",Licorice Pizza (2021),10,0.050555556,4368,,,,
LICO-11254,"https://digitalscholarship.brynmawr.edu/pta/lico/lico-11254/tiles/full/300,169/0/default.jpg",Licorice Pizza (2021),10,0.050625,4374,,,,
LICO-11255,"https://digitalscholarship.brynmawr.edu/pta/lico/lico-11255/tiles/full/300,169/0/default.jpg",Licorice Pizza (2021),10,0.050636574,4375,,,,
LICO-11314,"https://digitalscholarship.brynmawr.edu/pta/lico/lico-11314/tiles/full/300,169/0/default.jpg",Licorice Pizza (2021),10,0.050856481,4394,,,,
LICO-11320,"https://digitalscholarship.brynmawr.edu/pta/lico/lico-11320/tiles/full/300,169/0/default.jpg",Licorice Pizza (2021),10,0.050925926,4400,,,,
LICO-11323,"https://digitalscholarship.brynmawr.edu/pta/lico/lico-11323/tiles/full/300,169/0/default.jpg",Licorice Pizza (2021),10,0.050960648,4403,,,,
LICO-11230,"https://digitalscholarship.brynmawr.edu/pta/lico/lico-11230/tiles/full/300,169/0/default.jpg",Licorice Pizza (2021),10,0.051041667,4410,,,,
LICO-11336,"https://digitalscholarship.brynmawr.edu/pta/lico/lico-11336/tiles/full/300,169/0/default.jpg",Licorice Pizza (2021),10,0.051111111,4416,,,,
LICO-11342,"https://digitalscholarship.brynmawr.edu/pta/lico/lico-11342/tiles/full/300,169/0/default.jpg",Licorice Pizza (2021),10,0.051180556,4422,,,,
LICO-11347,"https://digitalscholarship.brynmawr.edu/pta/lico/lico-11347/tiles/full/300,169/0/default.jpg",Licorice Pizza (2021),10,0.051238426,4427,,,,
LICO-11350,"https://digitalscholarship.brynmawr.edu/pta/lico/lico-11350/tiles/full/300,169/0/default.jpg",Licorice Pizza (2021),10,0.051273148,4430,,,,
LICO-11412,"https://digitalscholarship.brynmawr.edu/pta/lico/lico-11412/tiles/full/300,169/0/default.jpg",Licorice Pizza (2021),10,0.051527778,4452,,,,
LICO-11454,"https://digitalscholarship.brynmawr.edu/pta/lico/lico-11454/tiles/full/300,169/0/default.jpg",Licorice Pizza (2021),10,0.052013889,4494,,,,
LICO-11516,"https://digitalscholarship.brynmawr.edu/pta/lico/lico-11516/tiles/full/300,169/0/default.jpg",Licorice Pizza (2021),10,0.052268519,4516,,,,
LICO-11520,"https://digitalscholarship.brynmawr.edu/pta/lico/lico-11520/tiles/full/300,169/0/default.jpg",Licorice Pizza (2021),10,0.052314815,4520,,,,
LICO-11531,"https://digitalscholarship.brynmawr.edu/pta/lico/lico-11531/tiles/full/300,169/0/default.jpg",Licorice Pizza (2021),10,0.05244213,4531,,,,
LICO-11542,"https://digitalscholarship.brynmawr.edu/pta/lico/lico-11542/tiles/full/300,169/0/default.jpg",Licorice Pizza (2021),10,0.052569444,4542,,,,
LICO-11546,"https://digitalscholarship.brynmawr.edu/pta/lico/lico-11546/tiles/full/300,169/0/default.jpg",Licorice Pizza (2021),10,0.052615741,4546,,,,
LICO-11559,"https://digitalscholarship.brynmawr.edu/pta/lico/lico-11559/tiles/full/300,169/0/default.jpg",Licorice Pizza (2021),10,0.052766204,4559,,,,
LICO-11606,"https://digitalscholarship.brynmawr.edu/pta/lico/lico-11606/tiles/full/300,169/0/default.jpg",Licorice Pizza (2021),10,0.052847222,4566,,,,
LICO-11613,"https://digitalscholarship.brynmawr.edu/pta/lico/lico-11613/tiles/full/300,169/0/default.jpg",Licorice Pizza (2021),11,0.052928241,4573,,,,
LICO-11617,"https://digitalscholarship.brynmawr.edu/pta/lico/lico-11617/tiles/full/300,169/0/default.jpg",Licorice Pizza (2021),11,0.052974537,4577,,,,
LICO-11620,"https://digitalscholarship.brynmawr.edu/pta/lico/lico-11620/tiles/full/300,169/0/default.jpg",Licorice Pizza (2021),11,0.053009259,4580,,,,
LICO-11632,"https://digitalscholarship.brynmawr.edu/pta/lico/lico-11632/tiles/full/300,169/0/default.jpg",Licorice Pizza (2021),11,0.053148148,4592,,,,
LICO-11649,"https://digitalscholarship.brynmawr.edu/pta/lico/lico-11649/tiles/full/300,169/0/default.jpg",Licorice Pizza (2021),11,0.053344907,4609,,,,
LICO-11706,"https://digitalscholarship.brynmawr.edu/pta/lico/lico-11706/tiles/full/300,169/0/default.jpg",Licorice Pizza (2021),11,0.053541667,4626,,,,
LICO-11725,"https://digitalscholarship.brynmawr.edu/pta/lico/lico-11725/tiles/full/300,169/0/default.jpg",Licorice Pizza (2021),11,0.053761574,4645,,,,
LICO-11754,"https://digitalscholarship.brynmawr.edu/pta/lico/lico-11754/tiles/full/300,169/0/default.jpg",Licorice Pizza (2021),11,0.054097222,4674,,,,
LICO-11812,"https://digitalscholarship.brynmawr.edu/pta/lico/lico-11812/tiles/full/300,169/0/default.jpg",Licorice Pizza (2021),11,0.054305556,4692,,,,
LICO-11842,"https://digitalscholarship.brynmawr.edu/pta/lico/lico-11842/tiles/full/300,169/0/default.jpg",Licorice Pizza (2021),11,0.054652778,4722,,,,
LICO-11845,"https://digitalscholarship.brynmawr.edu/pta/lico/lico-11845/tiles/full/300,169/0/default.jpg",Licorice Pizza (2021),11,0.0546875,4725,,,,
LICO-11851,"https://digitalscholarship.brynmawr.edu/pta/lico/lico-11851/tiles/full/300,169/0/default.jpg",Licorice Pizza (2021),11,0.054756944,4731,,,,
LICO-11910,"https://digitalscholarship.brynmawr.edu/pta/lico/lico-11910/tiles/full/300,169/0/default.jpg",Licorice Pizza (2021),11,0.054976852,4750,,,,
LICO-11918,"https://digitalscholarship.brynmawr.edu/pta/lico/lico-11918/tiles/full/300,169/0/default.jpg",Licorice Pizza (2021),11,0.055069444,4758,,,,
LICO-11952,"https://digitalscholarship.brynmawr.edu/pta/lico/lico-11952/tiles/full/300,169/0/default.jpg",Licorice Pizza (2021),11,0.055462963,4792,,,,
LICO-11956,"https://digitalscholarship.brynmawr.edu/pta/lico/lico-11956/tiles/full/300,169/0/default.jpg",Licorice Pizza (2021),11,0.055509259,4796,,,,
LICO-12003,"https://digitalscholarship.brynmawr.edu/pta/lico/lico-12003/tiles/full/300,169/0/default.jpg",Licorice Pizza (2021),11,0.055590278,4803,,,,
LICO-12018,"https://digitalscholarship.brynmawr.edu/pta/lico/lico-12018/tiles/full/300,169/0/default.jpg",Licorice Pizza (2021),11,0.055763889,4818,,,,
LICO-12041,"https://digitalscholarship.brynmawr.edu/pta/lico/lico-12041/tiles/full/300,169/0/default.jpg",Licorice Pizza (2021),11,0.056030093,4841,,,,
LICO-12047,"https://digitalscholarship.brynmawr.edu/pta/lico/lico-12047/tiles/full/300,169/0/default.jpg",Licorice Pizza (2021),11,0.056099537,4847,,,,
LICO-12122,"https://digitalscholarship.brynmawr.edu/pta/lico/lico-12122/tiles/full/300,169/0/default.jpg",Licorice Pizza (2021),11,0.05650463,4882,,,,
LICO-12125,"https://digitalscholarship.brynmawr.edu/pta/lico/lico-12125/tiles/full/300,169/0/default.jpg",Licorice Pizza (2021),11,0.056539352,4885,,,,
LICO-12254,"https://digitalscholarship.brynmawr.edu/pta/lico/lico-12254/tiles/full/300,169/0/default.jpg",Licorice Pizza (2021),11,0.057569444,4974,,,,
LICO-12316,"https://digitalscholarship.brynmawr.edu/pta/lico/lico-12316/tiles/full/300,169/0/default.jpg",Licorice Pizza (2021),11,0.057824074,4996,,,,
LICO-12334,"https://digitalscholarship.brynmawr.edu/pta/lico/lico-12334/tiles/full/300,169/0/default.jpg",Licorice Pizza (2021),11,0.058032407,5014,,,,
LICO-12351,"https://digitalscholarship.brynmawr.edu/pta/lico/lico-12351/tiles/full/300,169/0/default.jpg",Licorice Pizza (2021),11,0.058229167,5031,,,,
LICO-12355,"https://digitalscholarship.brynmawr.edu/pta/lico/lico-12355/tiles/full/300,169/0/default.jpg",Licorice Pizza (2021),11,0.058275463,5035,,,,
LICO-12408,"https://digitalscholarship.brynmawr.edu/pta/lico/lico-12408/tiles/full/300,169/0/default.jpg",Licorice Pizza (2021),11,0.058425926,5048,,,,
LICO-12421,"https://digitalscholarship.brynmawr.edu/pta/lico/lico-12421/tiles/full/300,169/0/default.jpg",Licorice Pizza (2021),11,0.058576389,5061,,,,
LICO-12433,"https://digitalscholarship.brynmawr.edu/pta/lico/lico-12433/tiles/full/300,169/0/default.jpg",Licorice Pizza (2021),11,0.058715278,5073,,,,
LICO-12438,"https://digitalscholarship.brynmawr.edu/pta/lico/lico-12438/tiles/full/300,169/0/default.jpg",Licorice Pizza (2021),11,0.058773148,5078,,,,
LICO-12453,"https://digitalscholarship.brynmawr.edu/pta/lico/lico-12453/tiles/full/300,169/0/default.jpg",Licorice Pizza (2021),11,0.058946759,5093,,,,
LICO-12458,"https://digitalscholarship.brynmawr.edu/pta/lico/lico-12458/tiles/full/300,169/0/default.jpg",Licorice Pizza (2021),11,0.05900463,5098,,,,
LICO-12504,"https://digitalscholarship.brynmawr.edu/pta/lico/lico-12504/tiles/full/300,169/0/default.jpg",Licorice Pizza (2021),11,0.059074074,5104,,,,
LICO-12511,"https://digitalscholarship.brynmawr.edu/pta/lico/lico-12511/tiles/full/300,169/0/default.jpg",Licorice Pizza (2021),11,0.059155093,5111,,,,
LICO-12516,"https://digitalscholarship.brynmawr.edu/pta/lico/lico-12516/tiles/full/300,169/0/default.jpg",Licorice Pizza (2021),11,0.059212963,5116,,,,
LICO-12518,"https://digitalscholarship.brynmawr.edu/pta/lico/lico-12518/tiles/full/300,169/0/default.jpg",Licorice Pizza (2021),11,0.059236111,5118,,,,
LICO-12524,"https://digitalscholarship.brynmawr.edu/pta/lico/lico-12524/tiles/full/300,169/0/default.jpg",Licorice Pizza (2021),11,0.059305556,5124,,,,
LICO-12530,"https://digitalscholarship.brynmawr.edu/pta/lico/lico-12530/tiles/full/300,169/0/default.jpg",Licorice Pizza (2021),11,0.059375,5130,,,,
LICO-12542,"https://digitalscholarship.brynmawr.edu/pta/lico/lico-12542/tiles/full/300,169/0/default.jpg",Licorice Pizza (2021),11,0.059513889,5142,,,,
LICO-12548,"https://digitalscholarship.brynmawr.edu/pta/lico/lico-12548/tiles/full/300,169/0/default.jpg",Licorice Pizza (2021),11,0.059583333,5148,,,,
LICO-12603,"https://digitalscholarship.brynmawr.edu/pta/lico/lico-12603/tiles/full/300,169/0/default.jpg",Licorice Pizza (2021),11,0.059756944,5163,,,,
LICO-12628,"https://digitalscholarship.brynmawr.edu/pta/lico/lico-12628/tiles/full/300,169/0/default.jpg",Licorice Pizza (2021),11,0.060046296,5188,,,,
LICO-12651,"https://digitalscholarship.brynmawr.edu/pta/lico/lico-12651/tiles/full/300,169/0/default.jpg",Licorice Pizza (2021),11,0.0603125,5211,,,,
LICO-12702,"https://digitalscholarship.brynmawr.edu/pta/lico/lico-12702/tiles/full/300,169/0/default.jpg",Licorice Pizza (2021),11,0.060439815,5222,,,,
LICO-12806,"https://digitalscholarship.brynmawr.edu/pta/lico/lico-12806/tiles/full/300,169/0/default.jpg",Licorice Pizza (2021),11,0.061180556,5286,,,,
LICO-12813,"https://digitalscholarship.brynmawr.edu/pta/lico/lico-12813/tiles/full/300,169/0/default.jpg",Licorice Pizza (2021),11,0.061261574,5293,,,,
LICO-12832,"https://digitalscholarship.brynmawr.edu/pta/lico/lico-12832/tiles/full/300,169/0/default.jpg",Licorice Pizza (2021),11,0.061481481,5312,,,,
LICO-12850,"https://digitalscholarship.brynmawr.edu/pta/lico/lico-12850/tiles/full/300,169/0/default.jpg",Licorice Pizza (2021),11,0.061689815,5330,,,,
LICO-12856,"https://digitalscholarship.brynmawr.edu/pta/lico/lico-12856/tiles/full/300,169/0/default.jpg",Licorice Pizza (2021),11,0.061759259,5336,,,,
LICO-12902,"https://digitalscholarship.brynmawr.edu/pta/lico/lico-12902/tiles/full/300,169/0/default.jpg",Licorice Pizza (2021),11,0.061828704,5342,,,,
LICO-12939,"https://digitalscholarship.brynmawr.edu/pta/lico/lico-12939/tiles/full/300,169/0/default.jpg",Licorice Pizza (2021),11,0.062256944,5379,,,,
LICO-12957,"https://digitalscholarship.brynmawr.edu/pta/lico/lico-12957/tiles/full/300,169/0/default.jpg",Licorice Pizza (2021),11,0.062465278,5397,,,,
LICO-13001,"https://digitalscholarship.brynmawr.edu/pta/lico/lico-13001/tiles/full/300,169/0/default.jpg",Licorice Pizza (2021),11,0.062511574,5401,,,,
LICO-13012,"https://digitalscholarship.brynmawr.edu/pta/lico/lico-13012/tiles/full/300,169/0/default.jpg",Licorice Pizza (2021),11,0.062638889,5412,,,,
LICO-13021,"https://digitalscholarship.brynmawr.edu/pta/lico/lico-13021/tiles/full/300,169/0/default.jpg",Licorice Pizza (2021),11,0.062743056,5421,,,,
LICO-13029,"https://digitalscholarship.brynmawr.edu/pta/lico/lico-13029/tiles/full/300,169/0/default.jpg",Licorice Pizza (2021),11,0.062835648,5429,,,,
LICO-13048,"https://digitalscholarship.brynmawr.edu/pta/lico/lico-13048/tiles/full/300,169/0/default.jpg",Licorice Pizza (2021),11,0.063055556,5448,,,,
LICO-13052,"https://digitalscholarship.brynmawr.edu/pta/lico/lico-13052/tiles/full/300,169/0/default.jpg",Licorice Pizza (2021),11,0.063101852,5452,,,,
LICO-13057,"https://digitalscholarship.brynmawr.edu/pta/lico/lico-13057/tiles/full/300,169/0/default.jpg",Licorice Pizza (2021),11,0.063159722,5457,,,,
LICO-13100,"https://digitalscholarship.brynmawr.edu/pta/lico/lico-13100/tiles/full/300,169/0/default.jpg",Licorice Pizza (2021),11,0.063194444,5460,,,,
LICO-13105,"https://digitalscholarship.brynmawr.edu/pta/lico/lico-13105/tiles/full/300,169/0/default.jpg",Licorice Pizza (2021),11,0.063252315,5465,,,,
LICO-13108,"https://digitalscholarship.brynmawr.edu/pta/lico/lico-13108/tiles/full/300,169/0/default.jpg",Licorice Pizza (2021),11,0.063287037,5468,,,,
LICO-13112,"https://digitalscholarship.brynmawr.edu/pta/lico/lico-13112/tiles/full/300,169/0/default.jpg",Licorice Pizza (2021),11,0.063333333,5472,,,,
LICO-13120,"https://digitalscholarship.brynmawr.edu/pta/lico/lico-13120/tiles/full/300,169/0/default.jpg",Licorice Pizza (2021),11,0.063425926,5480,,,,
LICO-13128,"https://digitalscholarship.brynmawr.edu/pta/lico/lico-13128/tiles/full/300,169/0/default.jpg",Licorice Pizza (2021),11,0.063518519,5488,,,,
LICO-13156,"https://digitalscholarship.brynmawr.edu/pta/lico/lico-13156/tiles/full/300,169/0/default.jpg",Licorice Pizza (2021),11,0.063842593,5516,,,,
LICO-13206,"https://digitalscholarship.brynmawr.edu/pta/lico/lico-13206/tiles/full/300,169/0/default.jpg",Licorice Pizza (2021),11,0.063958333,5526,,,,
LICO-13210,"https://digitalscholarship.brynmawr.edu/pta/lico/lico-13210/tiles/full/300,169/0/default.jpg",Licorice Pizza (2021),11,0.06400463,5530,,,,
LICO-13242,"https://digitalscholarship.brynmawr.edu/pta/lico/lico-13242/tiles/full/300,169/0/default.jpg",Licorice Pizza (2021),11,0.064375,5562,,,,
LICO-13333,"https://digitalscholarship.brynmawr.edu/pta/lico/lico-13333/tiles/full/300,169/0/default.jpg",Licorice Pizza (2021),11,0.064965278,5613,,,,
LICO-13348,"https://digitalscholarship.brynmawr.edu/pta/lico/lico-13348/tiles/full/300,169/0/default.jpg",Licorice Pizza (2021),11,0.065138889,5628,,,,
LICO-13358,"https://digitalscholarship.brynmawr.edu/pta/lico/lico-13358/tiles/full/300,169/0/default.jpg",Licorice Pizza (2021),11,0.06525463,5638,,,,
LICO-13414,"https://digitalscholarship.brynmawr.edu/pta/lico/lico-13414/tiles/full/300,169/0/default.jpg",Licorice Pizza (2021),11,0.065439815,5654,,,,
LICO-13422,"https://digitalscholarship.brynmawr.edu/pta/lico/lico-13422/tiles/full/300,169/0/default.jpg",Licorice Pizza (2021),11,0.065532407,5662,,,,
LICO-13436,"https://digitalscholarship.brynmawr.edu/pta/lico/lico-13436/tiles/full/300,169/0/default.jpg",Licorice Pizza (2021),11,0.065694444,5676,,,,
LICO-13439,"https://digitalscholarship.brynmawr.edu/pta/lico/lico-13439/tiles/full/300,169/0/default.jpg",Licorice Pizza (2021),11,0.065729167,5679,,,,
LICO-13455,"https://digitalscholarship.brynmawr.edu/pta/lico/lico-13455/tiles/full/300,169/0/default.jpg",Licorice Pizza (2021),11,0.065914352,5695,,,,
LICO-13537,"https://digitalscholarship.brynmawr.edu/pta/lico/lico-13537/tiles/full/300,169/0/default.jpg",Licorice Pizza (2021),11,0.066400463,5737,,,,
LICO-13539,"https://digitalscholarship.brynmawr.edu/pta/lico/lico-13539/tiles/full/300,169/0/default.jpg",Licorice Pizza (2021),11,0.066423611,5739,,,,
LICO-13541,"https://digitalscholarship.brynmawr.edu/pta/lico/lico-13541/tiles/full/300,169/0/default.jpg",Licorice Pizza (2021),12,0.066446759,5741,,,,
LICO-13555,"https://digitalscholarship.brynmawr.edu/pta/lico/lico-13555/tiles/full/300,169/0/default.jpg",Licorice Pizza (2021),12,0.066608796,5755,,,,
LICO-13602,"https://digitalscholarship.brynmawr.edu/pta/lico/lico-13602/tiles/full/300,169/0/default.jpg",Licorice Pizza (2021),12,0.066689815,5762,,,,
LICO-13611,"https://digitalscholarship.brynmawr.edu/pta/lico/lico-13611/tiles/full/300,169/0/default.jpg",Licorice Pizza (2021),12,0.066793981,5771,,,,
LICO-13646,"https://digitalscholarship.brynmawr.edu/pta/lico/lico-13646/tiles/full/300,169/0/default.jpg",Licorice Pizza (2021),12,0.067199074,5806,,,,
LICO-13704,"https://digitalscholarship.brynmawr.edu/pta/lico/lico-13704/tiles/full/300,169/0/default.jpg",Licorice Pizza (2021),12,0.067407407,5824,,,,
LICO-13728,"https://digitalscholarship.brynmawr.edu/pta/lico/lico-13728/tiles/full/300,169/0/default.jpg",Licorice Pizza (2021),12,0.067685185,5848,,,,
LICO-13735,"https://digitalscholarship.brynmawr.edu/pta/lico/lico-13735/tiles/full/300,169/0/default.jpg",Licorice Pizza (2021),12,0.067766204,5855,,,,
LICO-13825,"https://digitalscholarship.brynmawr.edu/pta/lico/lico-13825/tiles/full/300,169/0/default.jpg",Licorice Pizza (2021),12,0.068344907,5905,,,,
LICO-13844,"https://digitalscholarship.brynmawr.edu/pta/lico/lico-13844/tiles/full/300,169/0/default.jpg",Licorice Pizza (2021),12,0.068564815,5924,,,,
LICO-13901,"https://digitalscholarship.brynmawr.edu/pta/lico/lico-13901/tiles/full/300,169/0/default.jpg",Licorice Pizza (2021),12,0.068761574,5941,,,,
LICO-13904,"https://digitalscholarship.brynmawr.edu/pta/lico/lico-13904/tiles/full/300,169/0/default.jpg",Licorice Pizza (2021),12,0.068796296,5944,,,,
LICO-13909,"https://digitalscholarship.brynmawr.edu/pta/lico/lico-13909/tiles/full/300,169/0/default.jpg",Licorice Pizza (2021),12,0.068854167,5949,,,,
LICO-13917,"https://digitalscholarship.brynmawr.edu/pta/lico/lico-13917/tiles/full/300,169/0/default.jpg",Licorice Pizza (2021),12,0.068946759,5957,,,,
LICO-13933,"https://digitalscholarship.brynmawr.edu/pta/lico/lico-13933/tiles/full/300,169/0/default.jpg",Licorice Pizza (2021),12,0.069131944,5973,,,,
LICO-13938,"https://digitalscholarship.brynmawr.edu/pta/lico/lico-13938/tiles/full/300,169/0/default.jpg",Licorice Pizza (2021),12,0.069189815,5978,,,,
LICO-13948,"https://digitalscholarship.brynmawr.edu/pta/lico/lico-13948/tiles/full/300,169/0/default.jpg",Licorice Pizza (2021),12,0.069305556,5988,,,,
LICO-13952,"https://digitalscholarship.brynmawr.edu/pta/lico/lico-13952/tiles/full/300,169/0/default.jpg",Licorice Pizza (2021),12,0.069351852,5992,,,,
LICO-13956,"https://digitalscholarship.brynmawr.edu/pta/lico/lico-13956/tiles/full/300,169/0/default.jpg",Licorice Pizza (2021),12,0.069398148,5996,,,,
LICO-14007,"https://digitalscholarship.brynmawr.edu/pta/lico/lico-14007/tiles/full/300,169/0/default.jpg",Licorice Pizza (2021),12,0.069525463,6007,,,,
LICO-14026,"https://digitalscholarship.brynmawr.edu/pta/lico/lico-14026/tiles/full/300,169/0/default.jpg",Licorice Pizza (2021),12,0.06974537,6026,,,,
LICO-14032,"https://digitalscholarship.brynmawr.edu/pta/lico/lico-14032/tiles/full/300,169/0/default.jpg",Licorice Pizza (2021),12,0.069814815,6032,,,,
LICO-14045,"https://digitalscholarship.brynmawr.edu/pta/lico/lico-14045/tiles/full/300,169/0/default.jpg",Licorice Pizza (2021),12,0.069965278,6045,,,,
LICO-14101,"https://digitalscholarship.brynmawr.edu/pta/lico/lico-14101/tiles/full/300,169/0/default.jpg",Licorice Pizza (2021),12,0.070150463,6061,,,,
LICO-14122,"https://digitalscholarship.brynmawr.edu/pta/lico/lico-14122/tiles/full/300,169/0/default.jpg",Licorice Pizza (2021),12,0.070393519,6082,,,,
LICO-14133,"https://digitalscholarship.brynmawr.edu/pta/lico/lico-14133/tiles/full/300,169/0/default.jpg",Licorice Pizza (2021),12,0.070520833,6093,,,,
LICO-14137,"https://digitalscholarship.brynmawr.edu/pta/lico/lico-14137/tiles/full/300,169/0/default.jpg",Licorice Pizza (2021),12,0.07056713,6097,,,,
LICO-14208,"https://digitalscholarship.brynmawr.edu/pta/lico/lico-14208/tiles/full/300,169/0/default.jpg",Licorice Pizza (2021),12,0.070925926,6128,,,,
LICO-14230,"https://digitalscholarship.brynmawr.edu/pta/lico/lico-14230/tiles/full/300,169/0/default.jpg",Licorice Pizza (2021),12,0.071180556,6150,,,,
LICO-14245,"https://digitalscholarship.brynmawr.edu/pta/lico/lico-14245/tiles/full/300,169/0/default.jpg",Licorice Pizza (2021),12,0.071354167,6165,,,,
LICO-14303,"https://digitalscholarship.brynmawr.edu/pta/lico/lico-14303/tiles/full/300,169/0/default.jpg",Licorice Pizza (2021),12,0.0715625,6183,,,,
LICO-14309,"https://digitalscholarship.brynmawr.edu/pta/lico/lico-14309/tiles/full/300,169/0/default.jpg",Licorice Pizza (2021),12,0.071631944,6189,,,,
LICO-14320,"https://digitalscholarship.brynmawr.edu/pta/lico/lico-14320/tiles/full/300,169/0/default.jpg",Licorice Pizza (2021),12,0.071759259,6200,,,,
LICO-14400,"https://digitalscholarship.brynmawr.edu/pta/lico/lico-14400/tiles/full/300,169/0/default.jpg",Licorice Pizza (2021),12,0.072222222,6240,,,,
LICO-14427,"https://digitalscholarship.brynmawr.edu/pta/lico/lico-14427/tiles/full/300,169/0/default.jpg",Licorice Pizza (2021),12,0.072534722,6267,,,,
LICO-14449,"https://digitalscholarship.brynmawr.edu/pta/lico/lico-14449/tiles/full/300,169/0/default.jpg",Licorice Pizza (2021),12,0.072789352,6289,,,,
LICO-14507,"https://digitalscholarship.brynmawr.edu/pta/lico/lico-14507/tiles/full/300,169/0/default.jpg",Licorice Pizza (2021),12,0.072997685,6307,,,,
LICO-14515,"https://digitalscholarship.brynmawr.edu/pta/lico/lico-14515/tiles/full/300,169/0/default.jpg",Licorice Pizza (2021),12,0.073090278,6315,,,,
LICO-14532,"https://digitalscholarship.brynmawr.edu/pta/lico/lico-14532/tiles/full/300,169/0/default.jpg",Licorice Pizza (2021),12,0.073287037,6332,,,,
LICO-14539,"https://digitalscholarship.brynmawr.edu/pta/lico/lico-14539/tiles/full/300,169/0/default.jpg",Licorice Pizza (2021),12,0.073368056,6339,,,,
LICO-14544,"https://digitalscholarship.brynmawr.edu/pta/lico/lico-14544/tiles/full/300,169/0/default.jpg",Licorice Pizza (2021),12,0.073425926,6344,,,,
LICO-14558,"https://digitalscholarship.brynmawr.edu/pta/lico/lico-14558/tiles/full/300,169/0/default.jpg",Licorice Pizza (2021),12,0.073587963,6358,,,,
LICO-14651,"https://digitalscholarship.brynmawr.edu/pta/lico/lico-14651/tiles/full/300,169/0/default.jpg",Licorice Pizza (2021),12,0.074201389,6411,,,,
LICO-14703,"https://digitalscholarship.brynmawr.edu/pta/lico/lico-14703/tiles/full/300,169/0/default.jpg",Licorice Pizza (2021),12,0.074340278,6423,,,,
LICO-14711,"https://digitalscholarship.brynmawr.edu/pta/lico/lico-14711/tiles/full/300,169/0/default.jpg",Licorice Pizza (2021),12,0.07443287,6431,,,,
LICO-14742,"https://digitalscholarship.brynmawr.edu/pta/lico/lico-14742/tiles/full/300,169/0/default.jpg",Licorice Pizza (2021),12,0.074791667,6462,,,,
LICO-14823,"https://digitalscholarship.brynmawr.edu/pta/lico/lico-14823/tiles/full/300,169/0/default.jpg",Licorice Pizza (2021),12,0.075266204,6503,,,,
LICO-14836,"https://digitalscholarship.brynmawr.edu/pta/lico/lico-14836/tiles/full/300,169/0/default.jpg",Licorice Pizza (2021),12,0.075416667,6516,,,,
LICO-14853,"https://digitalscholarship.brynmawr.edu/pta/lico/lico-14853/tiles/full/300,169/0/default.jpg",Licorice Pizza (2021),12,0.075613426,6533,,,,
LICO-14908,"https://digitalscholarship.brynmawr.edu/pta/lico/lico-14908/tiles/full/300,169/0/default.jpg",Licorice Pizza (2021),12,0.075787037,6548,,,,
LICO-14927,"https://digitalscholarship.brynmawr.edu/pta/lico/lico-14927/tiles/full/300,169/0/default.jpg",Licorice Pizza (2021),12,0.076006944,6567,,,,
LICO-14940,"https://digitalscholarship.brynmawr.edu/pta/lico/lico-14940/tiles/full/300,169/0/default.jpg",Licorice Pizza (2021),12,0.076157407,6580,,,,
LICO-14948,"https://digitalscholarship.brynmawr.edu/pta/lico/lico-14948/tiles/full/300,169/0/default.jpg",Licorice Pizza (2021),12,0.07625,6588,,,,
LICO-14950,"https://digitalscholarship.brynmawr.edu/pta/lico/lico-14950/tiles/full/300,169/0/default.jpg",Licorice Pizza (2021),12,0.076273148,6590,,,,
LICO-14957,"https://digitalscholarship.brynmawr.edu/pta/lico/lico-14957/tiles/full/300,169/0/default.jpg",Licorice Pizza (2021),12,0.076354167,6597,,,,
LICO-15001,"https://digitalscholarship.brynmawr.edu/pta/lico/lico-15001/tiles/full/300,169/0/default.jpg",Licorice Pizza (2021),12,0.076400463,6601,,,,
LICO-15002,"https://digitalscholarship.brynmawr.edu/pta/lico/lico-15002/tiles/full/300,169/0/default.jpg",Licorice Pizza (2021),13,0.076412037,6602,,,,
LICO-15017,"https://digitalscholarship.brynmawr.edu/pta/lico/lico-15017/tiles/full/300,169/0/default.jpg",Licorice Pizza (2021),13,0.076585648,6617,,,,
LICO-15021,"https://digitalscholarship.brynmawr.edu/pta/lico/lico-15021/tiles/full/300,169/0/default.jpg",Licorice Pizza (2021),13,0.076631944,6621,,,,
LICO-15049,"https://digitalscholarship.brynmawr.edu/pta/lico/lico-15049/tiles/full/300,169/0/default.jpg",Licorice Pizza (2021),13,0.076956019,6649,,,,
LICO-15057,"https://digitalscholarship.brynmawr.edu/pta/lico/lico-15057/tiles/full/300,169/0/default.jpg",Licorice Pizza (2021),13,0.077048611,6657,,,,
LICO-15102,"https://digitalscholarship.brynmawr.edu/pta/lico/lico-15102/tiles/full/300,169/0/default.jpg",Licorice Pizza (2021),13,0.077106481,6662,,,,
LICO-15107,"https://digitalscholarship.brynmawr.edu/pta/lico/lico-15107/tiles/full/300,169/0/default.jpg",Licorice Pizza (2021),13,0.077164352,6667,,,,
LICO-15117,"https://digitalscholarship.brynmawr.edu/pta/lico/lico-15117/tiles/full/300,169/0/default.jpg",Licorice Pizza (2021),13,0.077280093,6677,,,,
LICO-15130,"https://digitalscholarship.brynmawr.edu/pta/lico/lico-15130/tiles/full/300,169/0/default.jpg",Licorice Pizza (2021),13,0.077430556,6690,,,,
LICO-15158,"https://digitalscholarship.brynmawr.edu/pta/lico/lico-15158/tiles/full/300,169/0/default.jpg",Licorice Pizza (2021),13,0.07775463,6718,,,,
LICO-15207,"https://digitalscholarship.brynmawr.edu/pta/lico/lico-15207/tiles/full/300,169/0/default.jpg",Licorice Pizza (2021),13,0.077858796,6727,,,,
LICO-15214,"https://digitalscholarship.brynmawr.edu/pta/lico/lico-15214/tiles/full/300,169/0/default.jpg",Licorice Pizza (2021),14,0.077939815,6734,,,,
LICO-15248,"https://digitalscholarship.brynmawr.edu/pta/lico/lico-15248/tiles/full/300,169/0/default.jpg",Licorice Pizza (2021),14,0.078333333,6768,,,,
LICO-15312,"https://digitalscholarship.brynmawr.edu/pta/lico/lico-15312/tiles/full/300,169/0/default.jpg",Licorice Pizza (2021),14,0.078611111,6792,,,,
LICO-15358,"https://digitalscholarship.brynmawr.edu/pta/lico/lico-15358/tiles/full/300,169/0/default.jpg",Licorice Pizza (2021),14,0.079143519,6838,,,,
LICO-15423,"https://digitalscholarship.brynmawr.edu/pta/lico/lico-15423/tiles/full/300,169/0/default.jpg",Licorice Pizza (2021),14,0.07943287,6863,,,,
LICO-15434,"https://digitalscholarship.brynmawr.edu/pta/lico/lico-15434/tiles/full/300,169/0/default.jpg",Licorice Pizza (2021),14,0.079560185,6874,,,,
LICO-15510,"https://digitalscholarship.brynmawr.edu/pta/lico/lico-15510/tiles/full/300,169/0/default.jpg",Licorice Pizza (2021),14,0.079976852,6910,,,,
LICO-15540,"https://digitalscholarship.brynmawr.edu/pta/lico/lico-15540/tiles/full/300,169/0/default.jpg",Licorice Pizza (2021),14,0.080324074,6940,,,,
LICO-15608,"https://digitalscholarship.brynmawr.edu/pta/lico/lico-15608/tiles/full/300,169/0/default.jpg",Licorice Pizza (2021),14,0.080648148,6968,,,,
LICO-15622,"https://digitalscholarship.brynmawr.edu/pta/lico/lico-15622/tiles/full/300,169/0/default.jpg",Licorice Pizza (2021),14,0.080810185,6982,,,,
LICO-15640,"https://digitalscholarship.brynmawr.edu/pta/lico/lico-15640/tiles/full/300,169/0/default.jpg",Licorice Pizza (2021),14,0.081018519,7000,,,,
LICO-15651,"https://digitalscholarship.brynmawr.edu/pta/lico/lico-15651/tiles/full/300,169/0/default.jpg",Licorice Pizza (2021),14,0.081145833,7011,,,,
LICO-15653,"https://digitalscholarship.brynmawr.edu/pta/lico/lico-15653/tiles/full/300,169/0/default.jpg",Licorice Pizza (2021),14,0.081168981,7013,,,,
LICO-15700,"https://digitalscholarship.brynmawr.edu/pta/lico/lico-15700/tiles/full/300,169/0/default.jpg",Licorice Pizza (2021),14,0.08125,7020,,,,
LICO-15716,"https://digitalscholarship.brynmawr.edu/pta/lico/lico-15716/tiles/full/300,169/0/default.jpg",Licorice Pizza (2021),14,0.081435185,7036,,,,
LICO-15748,"https://digitalscholarship.brynmawr.edu/pta/lico/lico-15748/tiles/full/300,169/0/default.jpg",Licorice Pizza (2021),14,0.081805556,7068,,,,
LICO-15824,"https://digitalscholarship.brynmawr.edu/pta/lico/lico-15824/tiles/full/300,169/0/default.jpg",Licorice Pizza (2021),14,0.082222222,7104,,,,
LICO-15845,"https://digitalscholarship.brynmawr.edu/pta/lico/lico-15845/tiles/full/300,169/0/default.jpg",Licorice Pizza (2021),14,0.082465278,7125,,,,
LICO-15850,"https://digitalscholarship.brynmawr.edu/pta/lico/lico-15850/tiles/full/300,169/0/default.jpg",Licorice Pizza (2021),14,0.082523148,7130,,,,
LICO-20003,"https://digitalscholarship.brynmawr.edu/pta/lico/lico-20003/tiles/full/300,169/0/default.jpg",Licorice Pizza (2021),14,0.083368056,7203,,,,
LICO-20037,"https://digitalscholarship.brynmawr.edu/pta/lico/lico-20037/tiles/full/300,169/0/default.jpg",Licorice Pizza (2021),14,0.083761574,7237,,,,
LICO-20043,"https://digitalscholarship.brynmawr.edu/pta/lico/lico-20043/tiles/full/300,169/0/default.jpg",Licorice Pizza (2021),14,0.083831019,7243,,,,
LICO-20102,"https://digitalscholarship.brynmawr.edu/pta/lico/lico-20102/tiles/full/300,169/0/default.jpg",Licorice Pizza (2021),14,0.084050926,7262,,,,
LICO-20127,"https://digitalscholarship.brynmawr.edu/pta/lico/lico-20127/tiles/full/300,169/0/default.jpg",Licorice Pizza (2021),14,0.084340278,7287,,,,
LICO-20157,"https://digitalscholarship.brynmawr.edu/pta/lico/lico-20157/tiles/full/300,169/0/default.jpg",Licorice Pizza (2021),14,0.0846875,7317,,,,
LICO-20226,"https://digitalscholarship.brynmawr.edu/pta/lico/lico-20226/tiles/full/300,169/0/default.jpg",Licorice Pizza (2021),14,0.085023148,7346,,,,
LICO-20242,"https://digitalscholarship.brynmawr.edu/pta/lico/lico-20242/tiles/full/300,169/0/default.jpg",Licorice Pizza (2021),15,0.085208333,7362,,,,
LICO-20252,"https://digitalscholarship.brynmawr.edu/pta/lico/lico-20252/tiles/full/300,169/0/default.jpg",Licorice Pizza (2021),15,0.085324074,7372,,,,
LICO-20303,"https://digitalscholarship.brynmawr.edu/pta/lico/lico-20303/tiles/full/300,169/0/default.jpg",Licorice Pizza (2021),15,0.085451389,7383,,,,
LICO-20315,"https://digitalscholarship.brynmawr.edu/pta/lico/lico-20315/tiles/full/300,169/0/default.jpg",Licorice Pizza (2021),15,0.085590278,7395,,,,
LICO-20318,"https://digitalscholarship.brynmawr.edu/pta/lico/lico-20318/tiles/full/300,169/0/default.jpg",Licorice Pizza (2021),15,0.085625,7398,,,,
LICO-20323,"https://digitalscholarship.brynmawr.edu/pta/lico/lico-20323/tiles/full/300,169/0/default.jpg",Licorice Pizza (2021),15,0.08568287,7403,,,,
LICO-20330,"https://digitalscholarship.brynmawr.edu/pta/lico/lico-20330/tiles/full/300,169/0/default.jpg",Licorice Pizza (2021),15,0.085763889,7410,,,,
LICO-20347,"https://digitalscholarship.brynmawr.edu/pta/lico/lico-20347/tiles/full/300,169/0/default.jpg",Licorice Pizza (2021),15,0.085960648,7427,,,,
LICO-20358,"https://digitalscholarship.brynmawr.edu/pta/lico/lico-20358/tiles/full/300,169/0/default.jpg",Licorice Pizza (2021),15,0.086087963,7438,,,,
LICO-20408,"https://digitalscholarship.brynmawr.edu/pta/lico/lico-20408/tiles/full/300,169/0/default.jpg",Licorice Pizza (2021),15,0.086203704,7448,,,,
LICO-20420,"https://digitalscholarship.brynmawr.edu/pta/lico/lico-20420/tiles/full/300,169/0/default.jpg",Licorice Pizza (2021),15,0.086342593,7460,,,,
LICO-20424,"https://digitalscholarship.brynmawr.edu/pta/lico/lico-20424/tiles/full/300,169/0/default.jpg",Licorice Pizza (2021),15,0.086388889,7464,,,,
LICO-20425,"https://digitalscholarship.brynmawr.edu/pta/lico/lico-20425/tiles/full/300,169/0/default.jpg",Licorice Pizza (2021),15,0.086400463,7465,,,,
LICO-20449,"https://digitalscholarship.brynmawr.edu/pta/lico/lico-20449/tiles/full/300,169/0/default.jpg",Licorice Pizza (2021),15,0.086678241,7489,,,,
LICO-20454,"https://digitalscholarship.brynmawr.edu/pta/lico/lico-20454/tiles/full/300,169/0/default.jpg",Licorice Pizza (2021),15,0.086736111,7494,,,,
LICO-20515,"https://digitalscholarship.brynmawr.edu/pta/lico/lico-20515/tiles/full/300,169/0/default.jpg",Licorice Pizza (2021),15,0.086979167,7515,,,,
LICO-20517,"https://digitalscholarship.brynmawr.edu/pta/lico/lico-20517/tiles/full/300,169/0/default.jpg",Licorice Pizza (2021),15,0.087002315,7517,,,,
LICO-20526,"https://digitalscholarship.brynmawr.edu/pta/lico/lico-20526/tiles/full/300,169/0/default.jpg",Licorice Pizza (2021),15,0.087106481,7526,,,,
LICO-20532,"https://digitalscholarship.brynmawr.edu/pta/lico/lico-20532/tiles/full/300,169/0/default.jpg",Licorice Pizza (2021),15,0.087175926,7532,,,,
LICO-20541,"https://digitalscholarship.brynmawr.edu/pta/lico/lico-20541/tiles/full/300,169/0/default.jpg",Licorice Pizza (2021),15,0.087280093,7541,,,,
LICO-20542,"https://digitalscholarship.brynmawr.edu/pta/lico/lico-20542/tiles/full/300,169/0/default.jpg",Licorice Pizza (2021),15,0.087291667,7542,,,,
LICO-20547,"https://digitalscholarship.brynmawr.edu/pta/lico/lico-20547/tiles/full/300,169/0/default.jpg",Licorice Pizza (2021),15,0.087349537,7547,,,,
LICO-20550,"https://digitalscholarship.brynmawr.edu/pta/lico/lico-20550/tiles/full/300,169/0/default.jpg",Licorice Pizza (2021),15,0.087384259,7550,,,,
LICO-20606,"https://digitalscholarship.brynmawr.edu/pta/lico/lico-20606/tiles/full/300,169/0/default.jpg",Licorice Pizza (2021),15,0.087569444,7566,,,,
LICO-20616,"https://digitalscholarship.brynmawr.edu/pta/lico/lico-20616/tiles/full/300,169/0/default.jpg",Licorice Pizza (2021),15,0.087685185,7576,,,,
LICO-20619,"https://digitalscholarship.brynmawr.edu/pta/lico/lico-20619/tiles/full/300,169/0/default.jpg",Licorice Pizza (2021),16,0.087719907,7579,,,,
LICO-20622,"https://digitalscholarship.brynmawr.edu/pta/lico/lico-20622/tiles/full/300,169/0/default.jpg",Licorice Pizza (2021),16,0.08775463,7582,,,,
LICO-20632,"https://digitalscholarship.brynmawr.edu/pta/lico/lico-20632/tiles/full/300,169/0/default.jpg",Licorice Pizza (2021),16,0.08787037,7592,,,,
LICO-20635,"https://digitalscholarship.brynmawr.edu/pta/lico/lico-20635/tiles/full/300,169/0/default.jpg",Licorice Pizza (2021),16,0.087905093,7595,,,,
LICO-20753,"https://digitalscholarship.brynmawr.edu/pta/lico/lico-20753/tiles/full/300,169/0/default.jpg",Licorice Pizza (2021),16,0.08880787,7673,,,,
LICO-20852,"https://digitalscholarship.brynmawr.edu/pta/lico/lico-20852/tiles/full/300,169/0/default.jpg",Licorice Pizza (2021),16,0.089490741,7732,,,,
LICO-21309,"https://digitalscholarship.brynmawr.edu/pta/lico/lico-21309/tiles/full/300,169/0/default.jpg",Licorice Pizza (2021),16,0.092465278,7989,,,,
OBAA-00020,"https://ptannotated.com/iiif/obaa/obaa-00020/tiles/full/300,169/0/default.jpg",One Battle After Another (2025),1,0.000231481,20,,,,
OBAA-00039,"https://ptannotated.com/iiif/obaa/obaa-00039/tiles/full/300,169/0/default.jpg",One Battle After Another (2025),1,0.000451389,39,,,,
OBAA-00045,"https://ptannotated.com/iiif/obaa/obaa-00045/tiles/full/300,169/0/default.jpg",One Battle After Another (2025),1,0.000520833,45,,,,
OBAA-00055,"https://ptannotated.com/iiif/obaa/obaa-00055/tiles/full/300,169/0/default.jpg",One Battle After Another (2025),1,0.000636574,55,,,,
OBAA-00107,"https://ptannotated.com/iiif/obaa/obaa-00107/tiles/full/300,169/0/default.jpg",One Battle After Another (2025),1,0.000775463,67,,,,
OBAA-00112,"https://ptannotated.com/iiif/obaa/obaa-00112/tiles/full/300,169/0/default.jpg",One Battle After Another (2025),1,0.000833333,72,,,,
OBAA-00120,"https://ptannotated.com/iiif/obaa/obaa-00120/tiles/full/300,169/0/default.jpg",One Battle After Another (2025),1,0.000925926,80,,,,
OBAA-00125,"https://ptannotated.com/iiif/obaa/obaa-00125/tiles/full/300,169/0/default.jpg",One Battle After Another (2025),1,0.000983796,85,,,,
OBAA-00141,"https://ptannotated.com/iiif/obaa/obaa-00141/tiles/full/300,169/0/default.jpg",One Battle After Another (2025),1,0.001157407,100,,,,
OBAA-00144,"https://ptannotated.com/iiif/obaa/obaa-00144/tiles/full/300,169/0/default.jpg",One Battle After Another (2025),1,0.001203704,104,,,,
OBAA-00147,"https://ptannotated.com/iiif/obaa/obaa-00147/tiles/full/300,169/0/default.jpg",One Battle After Another (2025),1,0.001238426,107,,,,
OBAA-00158,"https://ptannotated.com/iiif/obaa/obaa-00158/tiles/full/300,169/0/default.jpg",One Battle After Another (2025),1,0.001365741,118,,,,
OBAA-00200,"https://ptannotated.com/iiif/obaa/obaa-00200/tiles/full/300,169/0/default.jpg",One Battle After Another (2025),1,0.001388889,120,,,,
OBAA-00218,"https://ptannotated.com/iiif/obaa/obaa-00218/tiles/full/300,169/0/default.jpg",One Battle After Another (2025),1,0.001597222,138,,,,
OBAA-00246,"https://ptannotated.com/iiif/obaa/obaa-00246/tiles/full/300,169/0/default.jpg",One Battle After Another (2025),1,0.001921296,166,,,,
OBAA-00255,"https://ptannotated.com/iiif/obaa/obaa-00255/tiles/full/300,169/0/default.jpg",One Battle After Another (2025),1,0.002025463,175,,,,
OBAA-00256,"https://ptannotated.com/iiif/obaa/obaa-00256/tiles/full/300,169/0/default.jpg",One Battle After Another (2025),1,0.002037037,176,,,,
OBAA-00303,"https://ptannotated.com/iiif/obaa/obaa-00303/tiles/full/300,169/0/default.jpg",One Battle After Another (2025),1,0.002118056,183,,,,
OBAA-00311,"https://ptannotated.com/iiif/obaa/obaa-00311/tiles/full/300,169/0/default.jpg",One Battle After Another (2025),1,0.002210648,191,,,,
OBAA-00314,"https://ptannotated.com/iiif/obaa/obaa-00314/tiles/full/300,169/0/default.jpg",One Battle After Another (2025),1,0.00224537,194,,,,
OBAA-00320,"https://ptannotated.com/iiif/obaa/obaa-00320/tiles/full/300,169/0/default.jpg",One Battle After Another (2025),1,0.002314815,200,,,,
OBAA-00329,"https://ptannotated.com/iiif/obaa/obaa-00329/tiles/full/300,169/0/default.jpg",One Battle After Another (2025),1,0.002418981,209,,,,
OBAA-00335,"https://ptannotated.com/iiif/obaa/obaa-00335/tiles/full/300,169/0/default.jpg",One Battle After Another (2025),1,0.002488426,215,,,,
OBAA-00337,"https://ptannotated.com/iiif/obaa/obaa-00337/tiles/full/300,169/0/default.jpg",One Battle After Another (2025),1,0.002511574,217,,,,
OBAA-00342,"https://ptannotated.com/iiif/obaa/obaa-00342/tiles/full/300,169/0/default.jpg",One Battle After Another (2025),1,0.002569444,222,,,,
OBAA-00345,"https://ptannotated.com/iiif/obaa/obaa-00345/tiles/full/300,169/0/default.jpg",One Battle After Another (2025),1,0.002604167,225,,,,
OBAA-00348,"https://ptannotated.com/iiif/obaa/obaa-00348/tiles/full/300,169/0/default.jpg",One Battle After Another (2025),1,0.002638889,228,,,,
OBAA-00351,"https://ptannotated.com/iiif/obaa/obaa-00351/tiles/full/300,169/0/default.jpg",One Battle After Another (2025),1,0.002673611,231,,,,
OBAA-00353,"https://ptannotated.com/iiif/obaa/obaa-00353/tiles/full/300,169/0/default.jpg",One Battle After Another (2025),1,0.002696759,233,,,,
OBAA-00357,"https://ptannotated.com/iiif/obaa/obaa-00357/tiles/full/300,169/0/default.jpg",One Battle After Another (2025),1,0.002743056,237,,,,
OBAA-00401,"https://ptannotated.com/iiif/obaa/obaa-00401/tiles/full/300,169/0/default.jpg",One Battle After Another (2025),1,0.002789352,241,,,,
OBAA-00407,"https://ptannotated.com/iiif/obaa/obaa-00407/tiles/full/300,169/0/default.jpg",One Battle After Another (2025),1,0.002858796,247,,,,
OBAA-00412,"https://ptannotated.com/iiif/obaa/obaa-00412/tiles/full/300,169/0/default.jpg",One Battle After Another (2025),1,0.002916667,252,,,,
OBAA-00417,"https://ptannotated.com/iiif/obaa/obaa-00417/tiles/full/300,169/0/default.jpg",One Battle After Another (2025),1,0.002974537,257,,,,
OBAA-00419,"https://ptannotated.com/iiif/obaa/obaa-00419/tiles/full/300,169/0/default.jpg",One Battle After Another (2025),1,0.002997685,259,,,,
OBAA-00424,"https://ptannotated.com/iiif/obaa/obaa-00424/tiles/full/300,169/0/default.jpg",One Battle After Another (2025),1,0.003055556,264,,,,
OBAA-00428,"https://ptannotated.com/iiif/obaa/obaa-00428/tiles/full/300,169/0/default.jpg",One Battle After Another (2025),1,0.003101852,268,,,,
OBAA-00430,"https://ptannotated.com/iiif/obaa/obaa-00430/tiles/full/300,169/0/default.jpg",One Battle After Another (2025),1,0.003125,270,,,,
OBAA-00438,"https://ptannotated.com/iiif/obaa/obaa-00438/tiles/full/300,169/0/default.jpg",One Battle After Another (2025),1,0.003217593,278,,,,
OBAA-00440,"https://ptannotated.com/iiif/obaa/obaa-00440/tiles/full/300,169/0/default.jpg",One Battle After Another (2025),1,0.003240741,280,,,,
OBAA-00444,"https://ptannotated.com/iiif/obaa/obaa-00444/tiles/full/300,169/0/default.jpg",One Battle After Another (2025),1,0.003287037,284,,,,
OBAA-00448,"https://ptannotated.com/iiif/obaa/obaa-00448/tiles/full/300,169/0/default.jpg",One Battle After Another (2025),1,0.003333333,288,,,,
OBAA-00530,"https://ptannotated.com/iiif/obaa/obaa-00530/tiles/full/300,169/0/default.jpg",One Battle After Another (2025),1,0.003819444,330,,,,
OBAA-00536,"https://ptannotated.com/iiif/obaa/obaa-00536/tiles/full/300,169/0/default.jpg",One Battle After Another (2025),1,0.003888889,336,,,,
OBAA-00600,"https://ptannotated.com/iiif/obaa/obaa-00600/tiles/full/300,169/0/default.jpg",One Battle After Another (2025),1,0.004166667,360,,,,
OBAA-00603,"https://ptannotated.com/iiif/obaa/obaa-00603/tiles/full/300,169/0/default.jpg",One Battle After Another (2025),1,0.004201389,363,,,,
OBAA-00604,"https://ptannotated.com/iiif/obaa/obaa-00604/tiles/full/300,169/0/default.jpg",One Battle After Another (2025),1,0.004212963,364,,,,
OBAA-00612,"https://ptannotated.com/iiif/obaa/obaa-00612/tiles/full/300,169/0/default.jpg",One Battle After Another (2025),1,0.004305556,372,,,,
OBAA-00614,"https://ptannotated.com/iiif/obaa/obaa-00614/tiles/full/300,169/0/default.jpg",One Battle After Another (2025),1,0.004328704,374,,,,
OBAA-00618,"https://ptannotated.com/iiif/obaa/obaa-00618/tiles/full/300,169/0/default.jpg",One Battle After Another (2025),1,0.004375,378,,,,
OBAA-00621,"https://ptannotated.com/iiif/obaa/obaa-00621/tiles/full/300,169/0/default.jpg",One Battle After Another (2025),1,0.004409722,381,,,,
OBAA-00629,"https://ptannotated.com/iiif/obaa/obaa-00629/tiles/full/300,169/0/default.jpg",One Battle After Another (2025),1,0.004502315,389,,,,
OBAA-00639,"https://ptannotated.com/iiif/obaa/obaa-00639/tiles/full/300,169/0/default.jpg",One Battle After Another (2025),1,0.004618056,399,,,,
OBAA-00647,"https://ptannotated.com/iiif/obaa/obaa-00647/tiles/full/300,169/0/default.jpg",One Battle After Another (2025),1,0.004710648,407,,,,
OBAA-00706,"https://ptannotated.com/iiif/obaa/obaa-00706/tiles/full/300,169/0/default.jpg",One Battle After Another (2025),1,0.004930556,426,,,,
OBAA-00710,"https://ptannotated.com/iiif/obaa/obaa-00710/tiles/full/300,169/0/default.jpg",One Battle After Another (2025),1,0.004976852,430,,,,
OBAA-00718,"https://ptannotated.com/iiif/obaa/obaa-00718/tiles/full/300,169/0/default.jpg",One Battle After Another (2025),1,0.005069444,438,,,,
OBAA-00722,"https://ptannotated.com/iiif/obaa/obaa-00722/tiles/full/300,169/0/default.jpg",One Battle After Another (2025),1,0.005115741,442,,,,
OBAA-00724,"https://ptannotated.com/iiif/obaa/obaa-00724/tiles/full/300,169/0/default.jpg",One Battle After Another (2025),1,0.005138889,444,,,,
OBAA-00734,"https://ptannotated.com/iiif/obaa/obaa-00734/tiles/full/300,169/0/default.jpg",One Battle After Another (2025),1,0.00525463,454,,,,
OBAA-00738,"https://ptannotated.com/iiif/obaa/obaa-00738/tiles/full/300,169/0/default.jpg",One Battle After Another (2025),1,0.005300926,458,,,,
OBAA-00740,"https://ptannotated.com/iiif/obaa/obaa-00740/tiles/full/300,169/0/default.jpg",One Battle After Another (2025),1,0.005324074,460,,,,
OBAA-00755,"https://ptannotated.com/iiif/obaa/obaa-00755/tiles/full/300,169/0/default.jpg",One Battle After Another (2025),1,0.005497685,475,,,,
OBAA-00801,"https://ptannotated.com/iiif/obaa/obaa-00801/tiles/full/300,169/0/default.jpg",One Battle After Another (2025),1,0.00556713,481,,,,
OBAA-00818,"https://ptannotated.com/iiif/obaa/obaa-00818/tiles/full/300,169/0/default.jpg",One Battle After Another (2025),1,0.005763889,498,,,,
OBAA-00838,"https://ptannotated.com/iiif/obaa/obaa-00838/tiles/full/300,169/0/default.jpg",One Battle After Another (2025),1,0.00599537,518,,,,
OBAA-00846,"https://ptannotated.com/iiif/obaa/obaa-00846/tiles/full/300,169/0/default.jpg",One Battle After Another (2025),1,0.006087963,526,,,,
OBAA-00859,"https://ptannotated.com/iiif/obaa/obaa-00859/tiles/full/300,169/0/default.jpg",One Battle After Another (2025),1,0.006238426,539,,,,
OBAA-00900,"https://ptannotated.com/iiif/obaa/obaa-00900/tiles/full/300,169/0/default.jpg",One Battle After Another (2025),2,0.00625,540,,,,
OBAA-00904,"https://ptannotated.com/iiif/obaa/obaa-00904/tiles/full/300,169/0/default.jpg",One Battle After Another (2025),2,0.006296296,544,,,,
OBAA-00919,"https://ptannotated.com/iiif/obaa/obaa-00919/tiles/full/300,169/0/default.jpg",One Battle After Another (2025),2,0.006469907,559,,,,
OBAA-00927,"https://ptannotated.com/iiif/obaa/obaa-00927/tiles/full/300,169/0/default.jpg",One Battle After Another (2025),2,0.0065625,567,,,,
OBAA-00931,"https://ptannotated.com/iiif/obaa/obaa-00931/tiles/full/300,169/0/default.jpg",One Battle After Another (2025),2,0.006608796,571,,,,
OBAA-00938,"https://ptannotated.com/iiif/obaa/obaa-00938/tiles/full/300,169/0/default.jpg",One Battle After Another (2025),2,0.006689815,578,,,,
OBAA-00944,"https://ptannotated.com/iiif/obaa/obaa-00944/tiles/full/300,169/0/default.jpg",One Battle After Another (2025),2,0.006759259,584,,,,
OBAA-00950,"https://ptannotated.com/iiif/obaa/obaa-00950/tiles/full/300,169/0/default.jpg",One Battle After Another (2025),2,0.006828704,590,,,,
OBAA-00958,"https://ptannotated.com/iiif/obaa/obaa-00958/tiles/full/300,169/0/default.jpg",One Battle After Another (2025),2,0.006921296,598,,,,
OBAA-01006,"https://ptannotated.com/iiif/obaa/obaa-01006/tiles/full/300,169/0/default.jpg",One Battle After Another (2025),2,0.007013889,606,,,,
OBAA-01015,"https://ptannotated.com/iiif/obaa/obaa-01015/tiles/full/300,169/0/default.jpg",One Battle After Another (2025),2,0.007118056,615,,,,
OBAA-01031,"https://ptannotated.com/iiif/obaa/obaa-01031/tiles/full/300,169/0/default.jpg",One Battle After Another (2025),2,0.007303241,631,,,,
OBAA-01032,"https://ptannotated.com/iiif/obaa/obaa-01032/tiles/full/300,169/0/default.jpg",One Battle After Another (2025),2,0.007314815,632,,,,
OBAA-01033,"https://ptannotated.com/iiif/obaa/obaa-01033/tiles/full/300,169/0/default.jpg",One Battle After Another (2025),2,0.007326389,633,,,,
OBAA-01037,"https://ptannotated.com/iiif/obaa/obaa-01037/tiles/full/300,169/0/default.jpg",One Battle After Another (2025),2,0.007372685,637,,,,
OBAA-01050,"https://ptannotated.com/iiif/obaa/obaa-01050/tiles/full/300,169/0/default.jpg",One Battle After Another (2025),2,0.007523148,650,,,,
OBAA-01052,"https://ptannotated.com/iiif/obaa/obaa-01052/tiles/full/300,169/0/default.jpg",One Battle After Another (2025),2,0.007546296,652,,,,
OBAA-01055,"https://ptannotated.com/iiif/obaa/obaa-01055/tiles/full/300,169/0/default.jpg",One Battle After Another (2025),2,0.007581019,655,,,,
OBAA-01058,"https://ptannotated.com/iiif/obaa/obaa-01058/tiles/full/300,169/0/default.jpg",One Battle After Another (2025),2,0.007615741,658,,,,
OBAA-01059,"https://ptannotated.com/iiif/obaa/obaa-01059/tiles/full/300,169/0/default.jpg",One Battle After Another (2025),2,0.007627315,659,,,,
OBAA-01101,"https://ptannotated.com/iiif/obaa/obaa-01101/tiles/full/300,169/0/default.jpg",One Battle After Another (2025),2,0.007650463,661,,,,
OBAA-01109,"https://ptannotated.com/iiif/obaa/obaa-01109/tiles/full/300,169/0/default.jpg",One Battle After Another (2025),2,0.007743056,669,,,,
OBAA-01116,"https://ptannotated.com/iiif/obaa/obaa-01116/tiles/full/300,169/0/default.jpg",One Battle After Another (2025),2,0.007824074,676,,,,
OBAA-01131,"https://ptannotated.com/iiif/obaa/obaa-01131/tiles/full/300,169/0/default.jpg",One Battle After Another (2025),2,0.007997685,691,,,,
OBAA-01134,"https://ptannotated.com/iiif/obaa/obaa-01134/tiles/full/300,169/0/default.jpg",One Battle After Another (2025),2,0.008032407,694,,,,
OBAA-01137,"https://ptannotated.com/iiif/obaa/obaa-01137/tiles/full/300,169/0/default.jpg",One Battle After Another (2025),2,0.00806713,697,,,,
OBAA-01142,"https://ptannotated.com/iiif/obaa/obaa-01142/tiles/full/300,169/0/default.jpg",One Battle After Another (2025),2,0.008125,702,,,,
OBAA-01146,"https://ptannotated.com/iiif/obaa/obaa-01146/tiles/full/300,169/0/default.jpg",One Battle After Another (2025),2,0.008171296,706,,,,
OBAA-01148,"https://ptannotated.com/iiif/obaa/obaa-01148/tiles/full/300,169/0/default.jpg",One Battle After Another (2025),2,0.008194444,708,,,,
OBAA-01152,"https://ptannotated.com/iiif/obaa/obaa-01152/tiles/full/300,169/0/default.jpg",One Battle After Another (2025),2,0.008240741,712,,,,
OBAA-01158,"https://ptannotated.com/iiif/obaa/obaa-01158/tiles/full/300,169/0/default.jpg",One Battle After Another (2025),2,0.008310185,718,,,,
OBAA-01202,"https://ptannotated.com/iiif/obaa/obaa-01202/tiles/full/300,169/0/default.jpg",One Battle After Another (2025),2,0.008356481,722,,,,
OBAA-01207,"https://ptannotated.com/iiif/obaa/obaa-01207/tiles/full/300,169/0/default.jpg",One Battle After Another (2025),2,0.008414352,727,,,,
OBAA-01217,"https://ptannotated.com/iiif/obaa/obaa-01217/tiles/full/300,169/0/default.jpg",One Battle After Another (2025),2,0.008530093,737,,,,
OBAA-01218,"https://ptannotated.com/iiif/obaa/obaa-01218/tiles/full/300,169/0/default.jpg",One Battle After Another (2025),2,0.008541667,738,,,,
OBAA-01223,"https://ptannotated.com/iiif/obaa/obaa-01223/tiles/full/300,169/0/default.jpg",One Battle After Another (2025),2,0.008599537,743,,,,
OBAA-01226,"https://ptannotated.com/iiif/obaa/obaa-01226/tiles/full/300,169/0/default.jpg",One Battle After Another (2025),2,0.008634259,746,,,,
OBAA-01238,"https://ptannotated.com/iiif/obaa/obaa-01238/tiles/full/300,169/0/default.jpg",One Battle After Another (2025),2,0.008773148,758,,,,
OBAA-01249,"https://ptannotated.com/iiif/obaa/obaa-01249/tiles/full/300,169/0/default.jpg",One Battle After Another (2025),2,0.008900463,769,,,,
OBAA-01255,"https://ptannotated.com/iiif/obaa/obaa-01255/tiles/full/300,169/0/default.jpg",One Battle After Another (2025),2,0.008969907,775,,,,
OBAA-01259,"https://ptannotated.com/iiif/obaa/obaa-01259/tiles/full/300,169/0/default.jpg",One Battle After Another (2025),2,0.009016204,779,,,,
OBAA-01302,"https://ptannotated.com/iiif/obaa/obaa-01302/tiles/full/300,169/0/default.jpg",One Battle After Another (2025),2,0.009050926,782,,,,
OBAA-01305,"https://ptannotated.com/iiif/obaa/obaa-01305/tiles/full/300,169/0/default.jpg",One Battle After Another (2025),2,0.009085648,785,,,,
OBAA-01307,"https://ptannotated.com/iiif/obaa/obaa-01307/tiles/full/300,169/0/default.jpg",One Battle After Another (2025),2,0.009108796,787,,,,
OBAA-01310,"https://ptannotated.com/iiif/obaa/obaa-01310/tiles/full/300,169/0/default.jpg",One Battle After Another (2025),2,0.009143519,790,,,,
OBAA-01312,"https://ptannotated.com/iiif/obaa/obaa-01312/tiles/full/300,169/0/default.jpg",One Battle After Another (2025),2,0.009166667,792,,,,
OBAA-01317,"https://ptannotated.com/iiif/obaa/obaa-01317/tiles/full/300,169/0/default.jpg",One Battle After Another (2025),2,0.009224537,797,,,,
OBAA-01325,"https://ptannotated.com/iiif/obaa/obaa-01325/tiles/full/300,169/0/default.jpg",One Battle After Another (2025),2,0.00931713,805,,,,
OBAA-01326,"https://ptannotated.com/iiif/obaa/obaa-01326/tiles/full/300,169/0/default.jpg",One Battle After Another (2025),2,0.009328704,806,,,,
OBAA-01329,"https://ptannotated.com/iiif/obaa/obaa-01329/tiles/full/300,169/0/default.jpg",One Battle After Another (2025),2,0.009363426,809,,,,
OBAA-01331,"https://ptannotated.com/iiif/obaa/obaa-01331/tiles/full/300,169/0/default.jpg",One Battle After Another (2025),2,0.009386574,811,,,,
OBAA-01338,"https://ptannotated.com/iiif/obaa/obaa-01338/tiles/full/300,169/0/default.jpg",One Battle After Another (2025),2,0.009467593,818,,,,
OBAA-01344,"https://ptannotated.com/iiif/obaa/obaa-01344/tiles/full/300,169/0/default.jpg",One Battle After Another (2025),2,0.009537037,824,,,,
OBAA-01348,"https://ptannotated.com/iiif/obaa/obaa-01348/tiles/full/300,169/0/default.jpg",One Battle After Another (2025),2,0.009583333,828,,,,
OBAA-01355,"https://ptannotated.com/iiif/obaa/obaa-01355/tiles/full/300,169/0/default.jpg",One Battle After Another (2025),2,0.009664352,835,,,,
OBAA-01356,"https://ptannotated.com/iiif/obaa/obaa-01356/tiles/full/300,169/0/default.jpg",One Battle After Another (2025),2,0.009675926,836,,,,
OBAA-01359,"https://ptannotated.com/iiif/obaa/obaa-01359/tiles/full/300,169/0/default.jpg",One Battle After Another (2025),2,0.009710648,839,,,,
OBAA-01402,"https://ptannotated.com/iiif/obaa/obaa-01402/tiles/full/300,169/0/default.jpg",One Battle After Another (2025),2,0.00974537,842,,,,
OBAA-01412,"https://ptannotated.com/iiif/obaa/obaa-01412/tiles/full/300,169/0/default.jpg",One Battle After Another (2025),2,0.009861111,852,,,,
OBAA-01452,"https://ptannotated.com/iiif/obaa/obaa-01452/tiles/full/300,169/0/default.jpg",One Battle After Another (2025),2,0.010324074,892,,,,
OBAA-01507,"https://ptannotated.com/iiif/obaa/obaa-01507/tiles/full/300,169/0/default.jpg",One Battle After Another (2025),2,0.010497685,907,,,,
OBAA-01509,"https://ptannotated.com/iiif/obaa/obaa-01509/tiles/full/300,169/0/default.jpg",One Battle After Another (2025),2,0.010520833,909,,,,
OBAA-01513,"https://ptannotated.com/iiif/obaa/obaa-01513/tiles/full/300,169/0/default.jpg",One Battle After Another (2025),2,0.01056713,913,,,,
OBAA-01518,"https://ptannotated.com/iiif/obaa/obaa-01518/tiles/full/300,169/0/default.jpg",One Battle After Another (2025),2,0.010625,918,,,,
OBAA-01525,"https://ptannotated.com/iiif/obaa/obaa-01525/tiles/full/300,169/0/default.jpg",One Battle After Another (2025),2,0.010706019,925,,,,
OBAA-01528,"https://ptannotated.com/iiif/obaa/obaa-01528/tiles/full/300,169/0/default.jpg",One Battle After Another (2025),2,0.010740741,928,,,,
OBAA-01531,"https://ptannotated.com/iiif/obaa/obaa-01531/tiles/full/300,169/0/default.jpg",One Battle After Another (2025),2,0.010775463,931,,,,
OBAA-01536,"https://ptannotated.com/iiif/obaa/obaa-01536/tiles/full/300,169/0/default.jpg",One Battle After Another (2025),2,0.010833333,936,,,,
OBAA-01541,"https://ptannotated.com/iiif/obaa/obaa-01541/tiles/full/300,169/0/default.jpg",One Battle After Another (2025),2,0.010891204,941,,,,
OBAA-01550,"https://ptannotated.com/iiif/obaa/obaa-01550/tiles/full/300,169/0/default.jpg",One Battle After Another (2025),2,0.01099537,950,,,,
OBAA-01601,"https://ptannotated.com/iiif/obaa/obaa-01601/tiles/full/300,169/0/default.jpg",One Battle After Another (2025),2,0.011122685,961,,,,
OBAA-01607,"https://ptannotated.com/iiif/obaa/obaa-01607/tiles/full/300,169/0/default.jpg",One Battle After Another (2025),2,0.01119213,967,,,,
OBAA-01609,"https://ptannotated.com/iiif/obaa/obaa-01609/tiles/full/300,169/0/default.jpg",One Battle After Another (2025),2,0.011215278,969,,,,
OBAA-01629,"https://ptannotated.com/iiif/obaa/obaa-01629/tiles/full/300,169/0/default.jpg",One Battle After Another (2025),2,0.011446759,989,,,,
OBAA-01630,"https://ptannotated.com/iiif/obaa/obaa-01630/tiles/full/300,169/0/default.jpg",One Battle After Another (2025),2,0.011458333,990,,,,
OBAA-01636,"https://ptannotated.com/iiif/obaa/obaa-01636/tiles/full/300,169/0/default.jpg",One Battle After Another (2025),3,0.011527778,996,,,,
OBAA-01641,"https://ptannotated.com/iiif/obaa/obaa-01641/tiles/full/300,169/0/default.jpg",One Battle After Another (2025),3,0.011585648,1001,,,,
OBAA-01652,"https://ptannotated.com/iiif/obaa/obaa-01652/tiles/full/300,169/0/default.jpg",One Battle After Another (2025),3,0.011712963,1012,,,,
OBAA-01658,"https://ptannotated.com/iiif/obaa/obaa-01658/tiles/full/300,169/0/default.jpg",One Battle After Another (2025),3,0.011782407,1018,,,,
OBAA-01704,"https://ptannotated.com/iiif/obaa/obaa-01704/tiles/full/300,169/0/default.jpg",One Battle After Another (2025),3,0.011851852,1024,,,,
OBAA-01708,"https://ptannotated.com/iiif/obaa/obaa-01708/tiles/full/300,169/0/default.jpg",One Battle After Another (2025),3,0.011898148,1028,,,,
OBAA-01716,"https://ptannotated.com/iiif/obaa/obaa-01716/tiles/full/300,169/0/default.jpg",One Battle After Another (2025),3,0.011990741,1036,,,,
OBAA-01732,"https://ptannotated.com/iiif/obaa/obaa-01732/tiles/full/300,169/0/default.jpg",One Battle After Another (2025),3,0.012175926,1052,,,,
OBAA-01741,"https://ptannotated.com/iiif/obaa/obaa-01741/tiles/full/300,169/0/default.jpg",One Battle After Another (2025),3,0.012280093,1061,,,,
OBAA-01747,"https://ptannotated.com/iiif/obaa/obaa-01747/tiles/full/300,169/0/default.jpg",One Battle After Another (2025),3,0.012349537,1067,,,,
OBAA-01801,"https://ptannotated.com/iiif/obaa/obaa-01801/tiles/full/300,169/0/default.jpg",One Battle After Another (2025),3,0.012511574,1081,,,,
OBAA-01804,"https://ptannotated.com/iiif/obaa/obaa-01804/tiles/full/300,169/0/default.jpg",One Battle After Another (2025),3,0.012546296,1084,,,,
OBAA-01809,"https://ptannotated.com/iiif/obaa/obaa-01809/tiles/full/300,169/0/default.jpg",One Battle After Another (2025),3,0.012604167,1089,,,,
OBAA-01822,"https://ptannotated.com/iiif/obaa/obaa-01822/tiles/full/300,169/0/default.jpg",One Battle After Another (2025),3,0.01275463,1102,,,,
OBAA-01832,"https://ptannotated.com/iiif/obaa/obaa-01832/tiles/full/300,169/0/default.jpg",One Battle After Another (2025),3,0.01287037,1112,,,,
OBAA-01841,"https://ptannotated.com/iiif/obaa/obaa-01841/tiles/full/300,169/0/default.jpg",One Battle After Another (2025),3,0.012974537,1121,,,,
OBAA-01850,"https://ptannotated.com/iiif/obaa/obaa-01850/tiles/full/300,169/0/default.jpg",One Battle After Another (2025),3,0.013078704,1130,,,,
OBAA-01858,"https://ptannotated.com/iiif/obaa/obaa-01858/tiles/full/300,169/0/default.jpg",One Battle After Another (2025),3,0.013171296,1138,,,,
OBAA-01901,"https://ptannotated.com/iiif/obaa/obaa-01901/tiles/full/300,169/0/default.jpg",One Battle After Another (2025),3,0.013206019,1141,,,,
OBAA-01906,"https://ptannotated.com/iiif/obaa/obaa-01906/tiles/full/300,169/0/default.jpg",One Battle After Another (2025),3,0.013263889,1146,,,,
OBAA-01922,"https://ptannotated.com/iiif/obaa/obaa-01922/tiles/full/300,169/0/default.jpg",One Battle After Another (2025),3,0.013449074,1162,,,,
OBAA-01924,"https://ptannotated.com/iiif/obaa/obaa-01924/tiles/full/300,169/0/default.jpg",One Battle After Another (2025),3,0.013472222,1164,,,,
OBAA-01929,"https://ptannotated.com/iiif/obaa/obaa-01929/tiles/full/300,169/0/default.jpg",One Battle After Another (2025),3,0.013530093,1169,,,,
OBAA-02008,"https://ptannotated.com/iiif/obaa/obaa-02008/tiles/full/300,169/0/default.jpg",One Battle After Another (2025),3,0.013981481,1208,,,,
OBAA-02041,"https://ptannotated.com/iiif/obaa/obaa-02041/tiles/full/300,169/0/default.jpg",One Battle After Another (2025),3,0.014363426,1241,,,,
OBAA-02059,"https://ptannotated.com/iiif/obaa/obaa-02059/tiles/full/300,169/0/default.jpg",One Battle After Another (2025),3,0.014571759,1259,,,,
OBAA-02102,"https://ptannotated.com/iiif/obaa/obaa-02102/tiles/full/300,169/0/default.jpg",One Battle After Another (2025),3,0.014606481,1262,,,,
OBAA-02112,"https://ptannotated.com/iiif/obaa/obaa-02112/tiles/full/300,169/0/default.jpg",One Battle After Another (2025),3,0.014722222,1272,,,,
OBAA-02136,"https://ptannotated.com/iiif/obaa/obaa-02136/tiles/full/300,169/0/default.jpg",One Battle After Another (2025),3,0.015,1296,,,,
OBAA-02140,"https://ptannotated.com/iiif/obaa/obaa-02140/tiles/full/300,169/0/default.jpg",One Battle After Another (2025),3,0.015046296,1300,,,,
OBAA-02150,"https://ptannotated.com/iiif/obaa/obaa-02150/tiles/full/300,169/0/default.jpg",One Battle After Another (2025),4,0.015162037,1310,,,,
OBAA-02155,"https://ptannotated.com/iiif/obaa/obaa-02155/tiles/full/300,169/0/default.jpg",One Battle After Another (2025),4,0.015219907,1315,,,,
OBAA-02204,"https://ptannotated.com/iiif/obaa/obaa-02204/tiles/full/300,169/0/default.jpg",One Battle After Another (2025),4,0.015324074,1324,,,,
OBAA-02226,"https://ptannotated.com/iiif/obaa/obaa-02226/tiles/full/300,169/0/default.jpg",One Battle After Another (2025),4,0.015578704,1346,,,,
OBAA-02239,"https://ptannotated.com/iiif/obaa/obaa-02239/tiles/full/300,169/0/default.jpg",One Battle After Another (2025),4,0.015729167,1359,,,,
OBAA-02241,"https://ptannotated.com/iiif/obaa/obaa-02241/tiles/full/300,169/0/default.jpg",One Battle After Another (2025),4,0.015752315,1361,,,,
OBAA-02248,"https://ptannotated.com/iiif/obaa/obaa-02248/tiles/full/300,169/0/default.jpg",One Battle After Another (2025),4,0.015833333,1368,,,,
OBAA-02250,"https://ptannotated.com/iiif/obaa/obaa-02250/tiles/full/300,169/0/default.jpg",One Battle After Another (2025),4,0.015856481,1370,,,,
OBAA-02253,"https://ptannotated.com/iiif/obaa/obaa-02253/tiles/full/300,169/0/default.jpg",One Battle After Another (2025),4,0.015891204,1373,,,,
OBAA-02254,"https://ptannotated.com/iiif/obaa/obaa-02254/tiles/full/300,169/0/default.jpg",One Battle After Another (2025),4,0.015902778,1374,,,,
OBAA-02300,"https://ptannotated.com/iiif/obaa/obaa-02300/tiles/full/300,169/0/default.jpg",One Battle After Another (2025),4,0.015972222,1380,,,,
OBAA-02304,"https://ptannotated.com/iiif/obaa/obaa-02304/tiles/full/300,169/0/default.jpg",One Battle After Another (2025),4,0.016018519,1384,,,,
OBAA-02305,"https://ptannotated.com/iiif/obaa/obaa-02305/tiles/full/300,169/0/default.jpg",One Battle After Another (2025),4,0.016030093,1385,,,,
OBAA-02306,"https://ptannotated.com/iiif/obaa/obaa-02306/tiles/full/300,169/0/default.jpg",One Battle After Another (2025),4,0.016041667,1386,,,,
OBAA-02308,"https://ptannotated.com/iiif/obaa/obaa-02308/tiles/full/300,169/0/default.jpg",One Battle After Another (2025),4,0.016064815,1388,,,,
OBAA-02309,"https://ptannotated.com/iiif/obaa/obaa-02309/tiles/full/300,169/0/default.jpg",One Battle After Another (2025),4,0.016076389,1389,,,,
OBAA-02312,"https://ptannotated.com/iiif/obaa/obaa-02312/tiles/full/300,169/0/default.jpg",One Battle After Another (2025),4,0.016111111,1392,,,,
OBAA-02314,"https://ptannotated.com/iiif/obaa/obaa-02314/tiles/full/300,169/0/default.jpg",One Battle After Another (2025),4,0.016134259,1394,,,,
OBAA-02315,"https://ptannotated.com/iiif/obaa/obaa-02315/tiles/full/300,169/0/default.jpg",One Battle After Another (2025),4,0.016145833,1395,,,,
OBAA-02316,"https://ptannotated.com/iiif/obaa/obaa-02316/tiles/full/300,169/0/default.jpg",One Battle After Another (2025),4,0.016157407,1396,,,,
OBAA-02319,"https://ptannotated.com/iiif/obaa/obaa-02319/tiles/full/300,169/0/default.jpg",One Battle After Another (2025),4,0.01619213,1399,,,,
OBAA-02322,"https://ptannotated.com/iiif/obaa/obaa-02322/tiles/full/300,169/0/default.jpg",One Battle After Another (2025),4,0.016226852,1402,,,,
OBAA-02323,"https://ptannotated.com/iiif/obaa/obaa-02323/tiles/full/300,169/0/default.jpg",One Battle After Another (2025),4,0.016238426,1403,,,,
OBAA-02327,"https://ptannotated.com/iiif/obaa/obaa-02327/tiles/full/300,169/0/default.jpg",One Battle After Another (2025),4,0.016284722,1407,,,,
OBAA-02332,"https://ptannotated.com/iiif/obaa/obaa-02332/tiles/full/300,169/0/default.jpg",One Battle After Another (2025),4,0.016342593,1412,,,,
OBAA-02334,"https://ptannotated.com/iiif/obaa/obaa-02334/tiles/full/300,169/0/default.jpg",One Battle After Another (2025),4,0.016365741,1414,,,,
OBAA-02335,"https://ptannotated.com/iiif/obaa/obaa-02335/tiles/full/300,169/0/default.jpg",One Battle After Another (2025),4,0.016377315,1415,,,,
OBAA-02338,"https://ptannotated.com/iiif/obaa/obaa-02338/tiles/full/300,169/0/default.jpg",One Battle After Another (2025),4,0.016412037,1418,,,,
OBAA-02341,"https://ptannotated.com/iiif/obaa/obaa-02341/tiles/full/300,169/0/default.jpg",One Battle After Another (2025),4,0.016446759,1421,,,,
OBAA-02342,"https://ptannotated.com/iiif/obaa/obaa-02342/tiles/full/300,169/0/default.jpg",One Battle After Another (2025),4,0.016458333,1422,,,,
OBAA-02348,"https://ptannotated.com/iiif/obaa/obaa-02348/tiles/full/300,169/0/default.jpg",One Battle After Another (2025),4,0.016527778,1428,,,,
OBAA-02350,"https://ptannotated.com/iiif/obaa/obaa-02350/tiles/full/300,169/0/default.jpg",One Battle After Another (2025),4,0.016550926,1430,,,,
OBAA-02354,"https://ptannotated.com/iiif/obaa/obaa-02354/tiles/full/300,169/0/default.jpg",One Battle After Another (2025),4,0.016597222,1434,,,,
OBAA-02356,"https://ptannotated.com/iiif/obaa/obaa-02356/tiles/full/300,169/0/default.jpg",One Battle After Another (2025),4,0.01662037,1436,,,,
OBAA-02357,"https://ptannotated.com/iiif/obaa/obaa-02357/tiles/full/300,169/0/default.jpg",One Battle After Another (2025),4,0.016631944,1437,,,,
OBAA-02358,"https://ptannotated.com/iiif/obaa/obaa-02358/tiles/full/300,169/0/default.jpg",One Battle After Another (2025),4,0.016643519,1438,,,,
OBAA-02359,"https://ptannotated.com/iiif/obaa/obaa-02359/tiles/full/300,169/0/default.jpg",One Battle After Another (2025),4,0.016655093,1439,,,,
OBAA-02401,"https://ptannotated.com/iiif/obaa/obaa-02401/tiles/full/300,169/0/default.jpg",One Battle After Another (2025),4,0.016678241,1441,,,,
OBAA-02403,"https://ptannotated.com/iiif/obaa/obaa-02403/tiles/full/300,169/0/default.jpg",One Battle After Another (2025),4,0.016701389,1443,,,,
OBAA-02406,"https://ptannotated.com/iiif/obaa/obaa-02406/tiles/full/300,169/0/default.jpg",One Battle After Another (2025),4,0.016736111,1446,,,,
OBAA-02409,"https://ptannotated.com/iiif/obaa/obaa-02409/tiles/full/300,169/0/default.jpg",One Battle After Another (2025),4,0.016770833,1449,,,,
OBAA-02411,"https://ptannotated.com/iiif/obaa/obaa-02411/tiles/full/300,169/0/default.jpg",One Battle After Another (2025),4,0.016793981,1451,,,,
OBAA-02415,"https://ptannotated.com/iiif/obaa/obaa-02415/tiles/full/300,169/0/default.jpg",One Battle After Another (2025),4,0.016840278,1455,,,,
OBAA-02416,"https://ptannotated.com/iiif/obaa/obaa-02416/tiles/full/300,169/0/default.jpg",One Battle After Another (2025),4,0.016851852,1456,,,,
OBAA-02420,"https://ptannotated.com/iiif/obaa/obaa-02420/tiles/full/300,169/0/default.jpg",One Battle After Another (2025),4,0.016898148,1460,,,,
OBAA-02423,"https://ptannotated.com/iiif/obaa/obaa-02423/tiles/full/300,169/0/default.jpg",One Battle After Another (2025),4,0.01693287,1463,,,,
OBAA-02427,"https://ptannotated.com/iiif/obaa/obaa-02427/tiles/full/300,169/0/default.jpg",One Battle After Another (2025),4,0.016979167,1467,,,,
OBAA-02428,"https://ptannotated.com/iiif/obaa/obaa-02428/tiles/full/300,169/0/default.jpg",One Battle After Another (2025),4,0.016990741,1468,,,,
OBAA-02429,"https://ptannotated.com/iiif/obaa/obaa-02429/tiles/full/300,169/0/default.jpg",One Battle After Another (2025),4,0.017002315,1469,,,,
OBAA-02434,"https://ptannotated.com/iiif/obaa/obaa-02434/tiles/full/300,169/0/default.jpg",One Battle After Another (2025),4,0.017060185,1474,,,,
OBAA-02435,"https://ptannotated.com/iiif/obaa/obaa-02435/tiles/full/300,169/0/default.jpg",One Battle After Another (2025),4,0.017071759,1475,,,,
OBAA-02440,"https://ptannotated.com/iiif/obaa/obaa-02440/tiles/full/300,169/0/default.jpg",One Battle After Another (2025),4,0.01712963,1480,,,,
OBAA-02443,"https://ptannotated.com/iiif/obaa/obaa-02443/tiles/full/300,169/0/default.jpg",One Battle After Another (2025),4,0.017164352,1483,,,,
OBAA-02454,"https://ptannotated.com/iiif/obaa/obaa-02454/tiles/full/300,169/0/default.jpg",One Battle After Another (2025),4,0.017291667,1494,,,,
OBAA-02458,"https://ptannotated.com/iiif/obaa/obaa-02458/tiles/full/300,169/0/default.jpg",One Battle After Another (2025),4,0.017337963,1498,,,,
OBAA-02501,"https://ptannotated.com/iiif/obaa/obaa-02501/tiles/full/300,169/0/default.jpg",One Battle After Another (2025),4,0.017372685,1501,,,,
OBAA-02518,"https://ptannotated.com/iiif/obaa/obaa-02518/tiles/full/300,169/0/default.jpg",One Battle After Another (2025),4,0.017569444,1518,,,,
OBAA-02522,"https://ptannotated.com/iiif/obaa/obaa-02522/tiles/full/300,169/0/default.jpg",One Battle After Another (2025),4,0.017615741,1522,,,,
OBAA-02544,"https://ptannotated.com/iiif/obaa/obaa-02544/tiles/full/300,169/0/default.jpg",One Battle After Another (2025),4,0.01787037,1544,,,,
OBAA-02609,"https://ptannotated.com/iiif/obaa/obaa-02609/tiles/full/300,169/0/default.jpg",One Battle After Another (2025),4,0.018159722,1569,,,,
OBAA-02634,"https://ptannotated.com/iiif/obaa/obaa-02634/tiles/full/300,169/0/default.jpg",One Battle After Another (2025),4,0.018449074,1594,,,,
OBAA-02638,"https://ptannotated.com/iiif/obaa/obaa-02638/tiles/full/300,169/0/default.jpg",One Battle After Another (2025),4,0.01849537,1598,,,,
OBAA-02645,"https://ptannotated.com/iiif/obaa/obaa-02645/tiles/full/300,169/0/default.jpg",One Battle After Another (2025),4,0.018576389,1605,,,,
OBAA-02647,"https://ptannotated.com/iiif/obaa/obaa-02647/tiles/full/300,169/0/default.jpg",One Battle After Another (2025),4,0.018599537,1607,,,,
OBAA-02649,"https://ptannotated.com/iiif/obaa/obaa-02649/tiles/full/300,169/0/default.jpg",One Battle After Another (2025),4,0.018622685,1609,,,,
OBAA-02655,"https://ptannotated.com/iiif/obaa/obaa-02655/tiles/full/300,169/0/default.jpg",One Battle After Another (2025),4,0.01869213,1615,,,,
OBAA-02709,"https://ptannotated.com/iiif/obaa/obaa-02709/tiles/full/300,169/0/default.jpg",One Battle After Another (2025),4,0.018854167,1629,,,,
OBAA-02718,"https://ptannotated.com/iiif/obaa/obaa-02718/tiles/full/300,169/0/default.jpg",One Battle After Another (2025),4,0.018958333,1638,,,,
OBAA-02720,"https://ptannotated.com/iiif/obaa/obaa-02720/tiles/full/300,169/0/default.jpg",One Battle After Another (2025),4,0.018981481,1640,,,,
OBAA-02723,"https://ptannotated.com/iiif/obaa/obaa-02723/tiles/full/300,169/0/default.jpg",One Battle After Another (2025),4,0.019016204,1643,,,,
OBAA-02735,"https://ptannotated.com/iiif/obaa/obaa-02735/tiles/full/300,169/0/default.jpg",One Battle After Another (2025),4,0.019155093,1655,,,,
OBAA-02741,"https://ptannotated.com/iiif/obaa/obaa-02741/tiles/full/300,169/0/default.jpg",One Battle After Another (2025),4,0.019224537,1661,,,,
OBAA-02819,"https://ptannotated.com/iiif/obaa/obaa-02819/tiles/full/300,169/0/default.jpg",One Battle After Another (2025),4,0.019664352,1699,,,,
OBAA-02826,"https://ptannotated.com/iiif/obaa/obaa-02826/tiles/full/300,169/0/default.jpg",One Battle After Another (2025),4,0.01974537,1706,,,,
OBAA-02830,"https://ptannotated.com/iiif/obaa/obaa-02830/tiles/full/300,169/0/default.jpg",One Battle After Another (2025),4,0.019791667,1710,,,,
OBAA-02835,"https://ptannotated.com/iiif/obaa/obaa-02835/tiles/full/300,169/0/default.jpg",One Battle After Another (2025),4,0.019849537,1715,,,,
OBAA-02840,"https://ptannotated.com/iiif/obaa/obaa-02840/tiles/full/300,169/0/default.jpg",One Battle After Another (2025),4,0.019907407,1720,,,,
OBAA-02850,"https://ptannotated.com/iiif/obaa/obaa-02850/tiles/full/300,169/0/default.jpg",One Battle After Another (2025),4,0.020023148,1730,,,,
OBAA-02852,"https://ptannotated.com/iiif/obaa/obaa-02852/tiles/full/300,169/0/default.jpg",One Battle After Another (2025),4,0.020046296,1732,,,,
OBAA-02857,"https://ptannotated.com/iiif/obaa/obaa-02857/tiles/full/300,169/0/default.jpg",One Battle After Another (2025),4,0.020104167,1737,,,,
OBAA-02910,"https://ptannotated.com/iiif/obaa/obaa-02910/tiles/full/300,169/0/default.jpg",One Battle After Another (2025),4,0.02025463,1750,,,,
OBAA-02915,"https://ptannotated.com/iiif/obaa/obaa-02915/tiles/full/300,169/0/default.jpg",One Battle After Another (2025),4,0.0203125,1755,,,,
OBAA-02918,"https://ptannotated.com/iiif/obaa/obaa-02918/tiles/full/300,169/0/default.jpg",One Battle After Another (2025),4,0.020347222,1758,,,,
OBAA-02924,"https://ptannotated.com/iiif/obaa/obaa-02924/tiles/full/300,169/0/default.jpg",One Battle After Another (2025),4,0.020416667,1764,,,,
OBAA-02927,"https://ptannotated.com/iiif/obaa/obaa-02927/tiles/full/300,169/0/default.jpg",One Battle After Another (2025),4,0.020451389,1767,,,,
OBAA-02933,"https://ptannotated.com/iiif/obaa/obaa-02933/tiles/full/300,169/0/default.jpg",One Battle After Another (2025),4,0.020520833,1773,,,,
OBAA-02938,"https://ptannotated.com/iiif/obaa/obaa-02938/tiles/full/300,169/0/default.jpg",One Battle After Another (2025),4,0.020578704,1778,,,,
OBAA-02946,"https://ptannotated.com/iiif/obaa/obaa-02946/tiles/full/300,169/0/default.jpg",One Battle After Another (2025),4,0.020671296,1786,,,,
OBAA-02949,"https://ptannotated.com/iiif/obaa/obaa-02949/tiles/full/300,169/0/default.jpg",One Battle After Another (2025),4,0.020706019,1789,,,,
OBAA-02951,"https://ptannotated.com/iiif/obaa/obaa-02951/tiles/full/300,169/0/default.jpg",One Battle After Another (2025),4,0.020729167,1791,,,,
OBAA-02957,"https://ptannotated.com/iiif/obaa/obaa-02957/tiles/full/300,169/0/default.jpg",One Battle After Another (2025),4,0.020798611,1797,,,,
OBAA-03009,"https://ptannotated.com/iiif/obaa/obaa-03009/tiles/full/300,169/0/default.jpg",One Battle After Another (2025),4,0.0209375,1809,,,,
OBAA-03011,"https://ptannotated.com/iiif/obaa/obaa-03011/tiles/full/300,169/0/default.jpg",One Battle After Another (2025),4,0.020960648,1811,,,,
OBAA-03015,"https://ptannotated.com/iiif/obaa/obaa-03015/tiles/full/300,169/0/default.jpg",One Battle After Another (2025),4,0.021006944,1815,,,,
OBAA-03018,"https://ptannotated.com/iiif/obaa/obaa-03018/tiles/full/300,169/0/default.jpg",One Battle After Another (2025),4,0.021041667,1818,,,,
OBAA-03019,"https://ptannotated.com/iiif/obaa/obaa-03019/tiles/full/300,169/0/default.jpg",One Battle After Another (2025),4,0.021053241,1819,,,,
OBAA-03022,"https://ptannotated.com/iiif/obaa/obaa-03022/tiles/full/300,169/0/default.jpg",One Battle After Another (2025),4,0.021087963,1822,,,,
OBAA-03023,"https://ptannotated.com/iiif/obaa/obaa-03023/tiles/full/300,169/0/default.jpg",One Battle After Another (2025),4,0.021099537,1823,,,,
OBAA-03028,"https://ptannotated.com/iiif/obaa/obaa-03028/tiles/full/300,169/0/default.jpg",One Battle After Another (2025),4,0.021157407,1828,,,,
OBAA-03030,"https://ptannotated.com/iiif/obaa/obaa-03030/tiles/full/300,169/0/default.jpg",One Battle After Another (2025),4,0.021180556,1830,,,,
OBAA-03032,"https://ptannotated.com/iiif/obaa/obaa-03032/tiles/full/300,169/0/default.jpg",One Battle After Another (2025),4,0.021203704,1832,,,,
OBAA-03034,"https://ptannotated.com/iiif/obaa/obaa-03034/tiles/full/300,169/0/default.jpg",One Battle After Another (2025),4,0.021226852,1834,,,,
OBAA-03037,"https://ptannotated.com/iiif/obaa/obaa-03037/tiles/full/300,169/0/default.jpg",One Battle After Another (2025),4,0.021261574,1837,,,,
OBAA-03038,"https://ptannotated.com/iiif/obaa/obaa-03038/tiles/full/300,169/0/default.jpg",One Battle After Another (2025),4,0.021273148,1838,,,,
OBAA-03048,"https://ptannotated.com/iiif/obaa/obaa-03048/tiles/full/300,169/0/default.jpg",One Battle After Another (2025),4,0.021388889,1848,,,,
OBAA-03055,"https://ptannotated.com/iiif/obaa/obaa-03055/tiles/full/300,169/0/default.jpg",One Battle After Another (2025),4,0.021469907,1855,,,,
OBAA-03101,"https://ptannotated.com/iiif/obaa/obaa-03101/tiles/full/300,169/0/default.jpg",One Battle After Another (2025),4,0.021539352,1861,,,,
OBAA-03103,"https://ptannotated.com/iiif/obaa/obaa-03103/tiles/full/300,169/0/default.jpg",One Battle After Another (2025),4,0.0215625,1863,,,,
OBAA-03109,"https://ptannotated.com/iiif/obaa/obaa-03109/tiles/full/300,169/0/default.jpg",One Battle After Another (2025),4,0.021631944,1869,,,,
OBAA-03114,"https://ptannotated.com/iiif/obaa/obaa-03114/tiles/full/300,169/0/default.jpg",One Battle After Another (2025),4,0.021689815,1874,,,,
OBAA-03120,"https://ptannotated.com/iiif/obaa/obaa-03120/tiles/full/300,169/0/default.jpg",One Battle After Another (2025),4,0.021759259,1880,,,,
OBAA-03121,"https://ptannotated.com/iiif/obaa/obaa-03121/tiles/full/300,169/0/default.jpg",One Battle After Another (2025),4,0.021770833,1881,,,,
OBAA-03128,"https://ptannotated.com/iiif/obaa/obaa-03128/tiles/full/300,169/0/default.jpg",One Battle After Another (2025),4,0.021851852,1888,,,,
OBAA-03138,"https://ptannotated.com/iiif/obaa/obaa-03138/tiles/full/300,169/0/default.jpg",One Battle After Another (2025),4,0.021967593,1898,,,,
OBAA-03144,"https://ptannotated.com/iiif/obaa/obaa-03144/tiles/full/300,169/0/default.jpg",One Battle After Another (2025),4,0.022037037,1904,,,,
OBAA-03158,"https://ptannotated.com/iiif/obaa/obaa-03158/tiles/full/300,169/0/default.jpg",One Battle After Another (2025),4,0.022199074,1918,,,,
OBAA-03205,"https://ptannotated.com/iiif/obaa/obaa-03205/tiles/full/300,169/0/default.jpg",One Battle After Another (2025),4,0.022280093,1925,,,,
OBAA-03214,"https://ptannotated.com/iiif/obaa/obaa-03214/tiles/full/300,169/0/default.jpg",One Battle After Another (2025),4,0.022384259,1934,,,,
OBAA-03215,"https://ptannotated.com/iiif/obaa/obaa-03215/tiles/full/300,169/0/default.jpg",One Battle After Another (2025),4,0.022395833,1935,,,,
OBAA-03221,"https://ptannotated.com/iiif/obaa/obaa-03221/tiles/full/300,169/0/default.jpg",One Battle After Another (2025),4,0.022465278,1941,,,,
OBAA-03228,"https://ptannotated.com/iiif/obaa/obaa-03228/tiles/full/300,169/0/default.jpg",One Battle After Another (2025),4,0.022546296,1948,,,,
OBAA-03232,"https://ptannotated.com/iiif/obaa/obaa-03232/tiles/full/300,169/0/default.jpg",One Battle After Another (2025),4,0.022592593,1952,,,,
OBAA-03236,"https://ptannotated.com/iiif/obaa/obaa-03236/tiles/full/300,169/0/default.jpg",One Battle After Another (2025),4,0.022638889,1956,,,,
OBAA-03238,"https://ptannotated.com/iiif/obaa/obaa-03238/tiles/full/300,169/0/default.jpg",One Battle After Another (2025),4,0.022662037,1958,,,,
OBAA-03241,"https://ptannotated.com/iiif/obaa/obaa-03241/tiles/full/300,169/0/default.jpg",One Battle After Another (2025),4,0.022696759,1961,,,,
OBAA-03242,"https://ptannotated.com/iiif/obaa/obaa-03242/tiles/full/300,169/0/default.jpg",One Battle After Another (2025),4,0.022708333,1962,,,,
OBAA-03245,"https://ptannotated.com/iiif/obaa/obaa-03245/tiles/full/300,169/0/default.jpg",One Battle After Another (2025),4,0.022743056,1965,,,,
OBAA-03248,"https://ptannotated.com/iiif/obaa/obaa-03248/tiles/full/300,169/0/default.jpg",One Battle After Another (2025),4,0.022777778,1968,,,,
OBAA-03253,"https://ptannotated.com/iiif/obaa/obaa-03253/tiles/full/300,169/0/default.jpg",One Battle After Another (2025),4,0.022835648,1973,,,,
OBAA-03254,"https://ptannotated.com/iiif/obaa/obaa-03254/tiles/full/300,169/0/default.jpg",One Battle After Another (2025),4,0.022847222,1974,,,,
OBAA-03258,"https://ptannotated.com/iiif/obaa/obaa-03258/tiles/full/300,169/0/default.jpg",One Battle After Another (2025),4,0.022893519,1978,,,,
OBAA-03306,"https://ptannotated.com/iiif/obaa/obaa-03306/tiles/full/300,169/0/default.jpg",One Battle After Another (2025),4,0.022986111,1986,,,,
OBAA-03310,"https://ptannotated.com/iiif/obaa/obaa-03310/tiles/full/300,169/0/default.jpg",One Battle After Another (2025),4,0.023032407,1990,,,,
OBAA-03315,"https://ptannotated.com/iiif/obaa/obaa-03315/tiles/full/300,169/0/default.jpg",One Battle After Another (2025),4,0.023090278,1995,,,,
OBAA-03320,"https://ptannotated.com/iiif/obaa/obaa-03320/tiles/full/300,169/0/default.jpg",One Battle After Another (2025),4,0.023148148,2000,,,,
OBAA-03325,"https://ptannotated.com/iiif/obaa/obaa-03325/tiles/full/300,169/0/default.jpg",One Battle After Another (2025),5,0.023206019,2005,,,,
OBAA-03340,"https://ptannotated.com/iiif/obaa/obaa-03340/tiles/full/300,169/0/default.jpg",One Battle After Another (2025),5,0.02337963,2020,,,,
OBAA-03350,"https://ptannotated.com/iiif/obaa/obaa-03350/tiles/full/300,169/0/default.jpg",One Battle After Another (2025),5,0.02349537,2030,,,,
OBAA-03353,"https://ptannotated.com/iiif/obaa/obaa-03353/tiles/full/300,169/0/default.jpg",One Battle After Another (2025),5,0.023530093,2033,,,,
OBAA-03400,"https://ptannotated.com/iiif/obaa/obaa-03400/tiles/full/300,169/0/default.jpg",One Battle After Another (2025),5,0.023611111,2040,,,,
OBAA-03405,"https://ptannotated.com/iiif/obaa/obaa-03405/tiles/full/300,169/0/default.jpg",One Battle After Another (2025),5,0.023668981,2045,,,,
OBAA-03427,"https://ptannotated.com/iiif/obaa/obaa-03427/tiles/full/300,169/0/default.jpg",One Battle After Another (2025),5,0.023923611,2067,,,,
OBAA-03440,"https://ptannotated.com/iiif/obaa/obaa-03440/tiles/full/300,169/0/default.jpg",One Battle After Another (2025),5,0.024074074,2080,,,,
OBAA-03510,"https://ptannotated.com/iiif/obaa/obaa-03510/tiles/full/300,169/0/default.jpg",One Battle After Another (2025),5,0.024421296,2110,,,,
OBAA-03525,"https://ptannotated.com/iiif/obaa/obaa-03525/tiles/full/300,169/0/default.jpg",One Battle After Another (2025),5,0.024594907,2125,,,,
OBAA-03556,"https://ptannotated.com/iiif/obaa/obaa-03556/tiles/full/300,169/0/default.jpg",One Battle After Another (2025),5,0.024953704,2156,,,,
OBAA-03713,"https://ptannotated.com/iiif/obaa/obaa-03713/tiles/full/300,169/0/default.jpg",One Battle After Another (2025),5,0.025844907,2233,,,,
OBAA-03721,"https://ptannotated.com/iiif/obaa/obaa-03721/tiles/full/300,169/0/default.jpg",One Battle After Another (2025),5,0.0259375,2241,,,,
OBAA-03724,"https://ptannotated.com/iiif/obaa/obaa-03724/tiles/full/300,169/0/default.jpg",One Battle After Another (2025),5,0.025972222,2244,,,,
OBAA-03736,"https://ptannotated.com/iiif/obaa/obaa-03736/tiles/full/300,169/0/default.jpg",One Battle After Another (2025),5,0.026111111,2256,,,,
OBAA-03749,"https://ptannotated.com/iiif/obaa/obaa-03749/tiles/full/300,169/0/default.jpg",One Battle After Another (2025),5,0.026261574,2269,,,,
OBAA-03756,"https://ptannotated.com/iiif/obaa/obaa-03756/tiles/full/300,169/0/default.jpg",One Battle After Another (2025),5,0.026342593,2276,,,,
OBAA-03811,"https://ptannotated.com/iiif/obaa/obaa-03811/tiles/full/300,169/0/default.jpg",One Battle After Another (2025),5,0.026516204,2291,,,,
OBAA-03822,"https://ptannotated.com/iiif/obaa/obaa-03822/tiles/full/300,169/0/default.jpg",One Battle After Another (2025),5,0.026643519,2302,,,,
OBAA-03825,"https://ptannotated.com/iiif/obaa/obaa-03825/tiles/full/300,169/0/default.jpg",One Battle After Another (2025),5,0.026678241,2305,,,,
OBAA-03834,"https://ptannotated.com/iiif/obaa/obaa-03834/tiles/full/300,169/0/default.jpg",One Battle After Another (2025),5,0.026782407,2314,,,,
OBAA-03842,"https://ptannotated.com/iiif/obaa/obaa-03842/tiles/full/300,169/0/default.jpg",One Battle After Another (2025),5,0.026875,2322,,,,
OBAA-03848,"https://ptannotated.com/iiif/obaa/obaa-03848/tiles/full/300,169/0/default.jpg",One Battle After Another (2025),5,0.026944444,2328,,,,
OBAA-03851,"https://ptannotated.com/iiif/obaa/obaa-03851/tiles/full/300,169/0/default.jpg",One Battle After Another (2025),5,0.026979167,2331,,,,
OBAA-03859,"https://ptannotated.com/iiif/obaa/obaa-03859/tiles/full/300,169/0/default.jpg",One Battle After Another (2025),5,0.027071759,2339,,,,
OBAA-03902,"https://ptannotated.com/iiif/obaa/obaa-03902/tiles/full/300,169/0/default.jpg",One Battle After Another (2025),5,0.027106481,2342,,,,
OBAA-03906,"https://ptannotated.com/iiif/obaa/obaa-03906/tiles/full/300,169/0/default.jpg",One Battle After Another (2025),5,0.027152778,2346,,,,
OBAA-03909,"https://ptannotated.com/iiif/obaa/obaa-03909/tiles/full/300,169/0/default.jpg",One Battle After Another (2025),5,0.0271875,2349,,,,
OBAA-03916,"https://ptannotated.com/iiif/obaa/obaa-03916/tiles/full/300,169/0/default.jpg",One Battle After Another (2025),5,0.027268519,2356,,,,
OBAA-03932,"https://ptannotated.com/iiif/obaa/obaa-03932/tiles/full/300,169/0/default.jpg",One Battle After Another (2025),5,0.027453704,2372,,,,
OBAA-03947,"https://ptannotated.com/iiif/obaa/obaa-03947/tiles/full/300,169/0/default.jpg",One Battle After Another (2025),5,0.027627315,2387,,,,
OBAA-03954,"https://ptannotated.com/iiif/obaa/obaa-03954/tiles/full/300,169/0/default.jpg",One Battle After Another (2025),5,0.027708333,2394,,,,
OBAA-04018,"https://ptannotated.com/iiif/obaa/obaa-04018/tiles/full/300,169/0/default.jpg",One Battle After Another (2025),5,0.027986111,2418,,,,
OBAA-04044,"https://ptannotated.com/iiif/obaa/obaa-04044/tiles/full/300,169/0/default.jpg",One Battle After Another (2025),5,0.028287037,2444,,,,
OBAA-04047,"https://ptannotated.com/iiif/obaa/obaa-04047/tiles/full/300,169/0/default.jpg",One Battle After Another (2025),5,0.028321759,2447,,,,
OBAA-04109,"https://ptannotated.com/iiif/obaa/obaa-04109/tiles/full/300,169/0/default.jpg",One Battle After Another (2025),5,0.028576389,2469,,,,
OBAA-04116,"https://ptannotated.com/iiif/obaa/obaa-04116/tiles/full/300,169/0/default.jpg",One Battle After Another (2025),5,0.028657407,2476,,,,
OBAA-04127,"https://ptannotated.com/iiif/obaa/obaa-04127/tiles/full/300,169/0/default.jpg",One Battle After Another (2025),5,0.028784722,2487,,,,
OBAA-04146,"https://ptannotated.com/iiif/obaa/obaa-04146/tiles/full/300,169/0/default.jpg",One Battle After Another (2025),5,0.02900463,2506,,,,
OBAA-04215,"https://ptannotated.com/iiif/obaa/obaa-04215/tiles/full/300,169/0/default.jpg",One Battle After Another (2025),5,0.029340278,2535,,,,
OBAA-04232,"https://ptannotated.com/iiif/obaa/obaa-04232/tiles/full/300,169/0/default.jpg",One Battle After Another (2025),5,0.029537037,2552,,,,
OBAA-04348,"https://ptannotated.com/iiif/obaa/obaa-04348/tiles/full/300,169/0/default.jpg",One Battle After Another (2025),5,0.030416667,2628,,,,
OBAA-04357,"https://ptannotated.com/iiif/obaa/obaa-04357/tiles/full/300,169/0/default.jpg",One Battle After Another (2025),5,0.030520833,2637,,,,
OBAA-04404,"https://ptannotated.com/iiif/obaa/obaa-04404/tiles/full/300,169/0/default.jpg",One Battle After Another (2025),5,0.030601852,2644,,,,
OBAA-04412,"https://ptannotated.com/iiif/obaa/obaa-04412/tiles/full/300,169/0/default.jpg",One Battle After Another (2025),5,0.030694444,2652,,,,
OBAA-04425,"https://ptannotated.com/iiif/obaa/obaa-04425/tiles/full/300,169/0/default.jpg",One Battle After Another (2025),5,0.030844907,2665,,,,
OBAA-04434,"https://ptannotated.com/iiif/obaa/obaa-04434/tiles/full/300,169/0/default.jpg",One Battle After Another (2025),5,0.030949074,2674,,,,
OBAA-04443,"https://ptannotated.com/iiif/obaa/obaa-04443/tiles/full/300,169/0/default.jpg",One Battle After Another (2025),6,0.031053241,2683,,,,
OBAA-04448,"https://ptannotated.com/iiif/obaa/obaa-04448/tiles/full/300,169/0/default.jpg",One Battle After Another (2025),6,0.031111111,2688,,,,
OBAA-04451,"https://ptannotated.com/iiif/obaa/obaa-04451/tiles/full/300,169/0/default.jpg",One Battle After Another (2025),6,0.031145833,2691,,,,
OBAA-04502,"https://ptannotated.com/iiif/obaa/obaa-04502/tiles/full/300,169/0/default.jpg",One Battle After Another (2025),6,0.031273148,2702,,,,
OBAA-04503,"https://ptannotated.com/iiif/obaa/obaa-04503/tiles/full/300,169/0/default.jpg",One Battle After Another (2025),6,0.031284722,2703,,,,
OBAA-04509,"https://ptannotated.com/iiif/obaa/obaa-04509/tiles/full/300,169/0/default.jpg",One Battle After Another (2025),6,0.031354167,2709,,,,
OBAA-04523,"https://ptannotated.com/iiif/obaa/obaa-04523/tiles/full/300,169/0/default.jpg",One Battle After Another (2025),6,0.031516204,2723,,,,
OBAA-04525,"https://ptannotated.com/iiif/obaa/obaa-04525/tiles/full/300,169/0/default.jpg",One Battle After Another (2025),6,0.031539352,2725,,,,
OBAA-04532,"https://ptannotated.com/iiif/obaa/obaa-04532/tiles/full/300,169/0/default.jpg",One Battle After Another (2025),6,0.03162037,2732,,,,
OBAA-04533,"https://ptannotated.com/iiif/obaa/obaa-04533/tiles/full/300,169/0/default.jpg",One Battle After Another (2025),6,0.031631944,2733,,,,
OBAA-04535,"https://ptannotated.com/iiif/obaa/obaa-04535/tiles/full/300,169/0/default.jpg",One Battle After Another (2025),6,0.031655093,2735,,,,
OBAA-04542,"https://ptannotated.com/iiif/obaa/obaa-04542/tiles/full/300,169/0/default.jpg",One Battle After Another (2025),6,0.031736111,2742,,,,
OBAA-04544,"https://ptannotated.com/iiif/obaa/obaa-04544/tiles/full/300,169/0/default.jpg",One Battle After Another (2025),6,0.031759259,2744,,,,
OBAA-04545,"https://ptannotated.com/iiif/obaa/obaa-04545/tiles/full/300,169/0/default.jpg",One Battle After Another (2025),6,0.031770833,2745,,,,
OBAA-04548,"https://ptannotated.com/iiif/obaa/obaa-04548/tiles/full/300,169/0/default.jpg",One Battle After Another (2025),6,0.031805556,2748,,,,
OBAA-04554,"https://ptannotated.com/iiif/obaa/obaa-04554/tiles/full/300,169/0/default.jpg",One Battle After Another (2025),6,0.031875,2754,,,,
OBAA-04602,"https://ptannotated.com/iiif/obaa/obaa-04602/tiles/full/300,169/0/default.jpg",One Battle After Another (2025),6,0.031967593,2762,,,,
OBAA-04604,"https://ptannotated.com/iiif/obaa/obaa-04604/tiles/full/300,169/0/default.jpg",One Battle After Another (2025),6,0.031990741,2764,,,,
OBAA-04608,"https://ptannotated.com/iiif/obaa/obaa-04608/tiles/full/300,169/0/default.jpg",One Battle After Another (2025),6,0.032037037,2768,,,,
OBAA-04612,"https://ptannotated.com/iiif/obaa/obaa-04612/tiles/full/300,169/0/default.jpg",One Battle After Another (2025),6,0.032083333,2772,,,,
OBAA-04614,"https://ptannotated.com/iiif/obaa/obaa-04614/tiles/full/300,169/0/default.jpg",One Battle After Another (2025),6,0.032106481,2774,,,,
OBAA-04618,"https://ptannotated.com/iiif/obaa/obaa-04618/tiles/full/300,169/0/default.jpg",One Battle After Another (2025),6,0.032152778,2778,,,,
OBAA-04620,"https://ptannotated.com/iiif/obaa/obaa-04620/tiles/full/300,169/0/default.jpg",One Battle After Another (2025),6,0.032175926,2780,,,,
OBAA-04623,"https://ptannotated.com/iiif/obaa/obaa-04623/tiles/full/300,169/0/default.jpg",One Battle After Another (2025),6,0.032210648,2783,,,,
OBAA-04631,"https://ptannotated.com/iiif/obaa/obaa-04631/tiles/full/300,169/0/default.jpg",One Battle After Another (2025),6,0.032303241,2791,,,,
OBAA-04637,"https://ptannotated.com/iiif/obaa/obaa-04637/tiles/full/300,169/0/default.jpg",One Battle After Another (2025),6,0.032372685,2797,,,,
OBAA-04641,"https://ptannotated.com/iiif/obaa/obaa-04641/tiles/full/300,169/0/default.jpg",One Battle After Another (2025),6,0.032418981,2801,,,,
OBAA-04645,"https://ptannotated.com/iiif/obaa/obaa-04645/tiles/full/300,169/0/default.jpg",One Battle After Another (2025),6,0.032465278,2805,,,,
OBAA-04655,"https://ptannotated.com/iiif/obaa/obaa-04655/tiles/full/300,169/0/default.jpg",One Battle After Another (2025),6,0.032581019,2815,,,,
OBAA-04657,"https://ptannotated.com/iiif/obaa/obaa-04657/tiles/full/300,169/0/default.jpg",One Battle After Another (2025),6,0.032604167,2817,,,,
OBAA-04702,"https://ptannotated.com/iiif/obaa/obaa-04702/tiles/full/300,169/0/default.jpg",One Battle After Another (2025),6,0.032662037,2822,,,,
OBAA-04713,"https://ptannotated.com/iiif/obaa/obaa-04713/tiles/full/300,169/0/default.jpg",One Battle After Another (2025),6,0.032789352,2833,,,,
OBAA-04716,"https://ptannotated.com/iiif/obaa/obaa-04716/tiles/full/300,169/0/default.jpg",One Battle After Another (2025),6,0.032824074,2836,,,,
OBAA-04718,"https://ptannotated.com/iiif/obaa/obaa-04718/tiles/full/300,169/0/default.jpg",One Battle After Another (2025),6,0.032847222,2838,,,,
OBAA-04719,"https://ptannotated.com/iiif/obaa/obaa-04719/tiles/full/300,169/0/default.jpg",One Battle After Another (2025),6,0.032858796,2839,,,,
OBAA-04807,"https://ptannotated.com/iiif/obaa/obaa-04807/tiles/full/300,169/0/default.jpg",One Battle After Another (2025),6,0.033414352,2887,,,,
OBAA-04839,"https://ptannotated.com/iiif/obaa/obaa-04839/tiles/full/300,169/0/default.jpg",One Battle After Another (2025),6,0.033784722,2919,,,,
OBAA-04844,"https://ptannotated.com/iiif/obaa/obaa-04844/tiles/full/300,169/0/default.jpg",One Battle After Another (2025),6,0.033842593,2924,,,,
OBAA-04850,"https://ptannotated.com/iiif/obaa/obaa-04850/tiles/full/300,169/0/default.jpg",One Battle After Another (2025),6,0.033912037,2930,,,,
OBAA-04854,"https://ptannotated.com/iiif/obaa/obaa-04854/tiles/full/300,169/0/default.jpg",One Battle After Another (2025),6,0.033958333,2934,,,,
OBAA-04913,"https://ptannotated.com/iiif/obaa/obaa-04913/tiles/full/300,169/0/default.jpg",One Battle After Another (2025),6,0.034178241,2953,,,,
OBAA-04915,"https://ptannotated.com/iiif/obaa/obaa-04915/tiles/full/300,169/0/default.jpg",One Battle After Another (2025),7,0.034201389,2955,,,,
OBAA-04927,"https://ptannotated.com/iiif/obaa/obaa-04927/tiles/full/300,169/0/default.jpg",One Battle After Another (2025),7,0.034340278,2967,,,,
OBAA-04931,"https://ptannotated.com/iiif/obaa/obaa-04931/tiles/full/300,169/0/default.jpg",One Battle After Another (2025),7,0.034386574,2971,,,,
OBAA-04933,"https://ptannotated.com/iiif/obaa/obaa-04933/tiles/full/300,169/0/default.jpg",One Battle After Another (2025),7,0.034409722,2973,,,,
OBAA-04940,"https://ptannotated.com/iiif/obaa/obaa-04940/tiles/full/300,169/0/default.jpg",One Battle After Another (2025),7,0.034490741,2980,,,,
OBAA-04947,"https://ptannotated.com/iiif/obaa/obaa-04947/tiles/full/300,169/0/default.jpg",One Battle After Another (2025),7,0.034571759,2987,,,,
OBAA-04956,"https://ptannotated.com/iiif/obaa/obaa-04956/tiles/full/300,169/0/default.jpg",One Battle After Another (2025),7,0.034675926,2996,,,,
OBAA-05001,"https://ptannotated.com/iiif/obaa/obaa-05001/tiles/full/300,169/0/default.jpg",One Battle After Another (2025),7,0.034733796,3001,,,,
OBAA-05005,"https://ptannotated.com/iiif/obaa/obaa-05005/tiles/full/300,169/0/default.jpg",One Battle After Another (2025),7,0.034780093,3005,,,,
OBAA-05007,"https://ptannotated.com/iiif/obaa/obaa-05007/tiles/full/300,169/0/default.jpg",One Battle After Another (2025),7,0.034803241,3007,,,,
OBAA-05008,"https://ptannotated.com/iiif/obaa/obaa-05008/tiles/full/300,169/0/default.jpg",One Battle After Another (2025),7,0.034814815,3008,,,,
OBAA-05015,"https://ptannotated.com/iiif/obaa/obaa-05015/tiles/full/300,169/0/default.jpg",One Battle After Another (2025),7,0.034895833,3015,,,,
OBAA-05017,"https://ptannotated.com/iiif/obaa/obaa-05017/tiles/full/300,169/0/default.jpg",One Battle After Another (2025),7,0.034918981,3017,,,,
OBAA-05021,"https://ptannotated.com/iiif/obaa/obaa-05021/tiles/full/300,169/0/default.jpg",One Battle After Another (2025),7,0.034965278,3021,,,,
OBAA-05026,"https://ptannotated.com/iiif/obaa/obaa-05026/tiles/full/300,169/0/default.jpg",One Battle After Another (2025),7,0.035023148,3026,,,,
OBAA-05029,"https://ptannotated.com/iiif/obaa/obaa-05029/tiles/full/300,169/0/default.jpg",One Battle After Another (2025),7,0.03505787,3029,,,,
OBAA-05033,"https://ptannotated.com/iiif/obaa/obaa-05033/tiles/full/300,169/0/default.jpg",One Battle After Another (2025),7,0.035104167,3033,,,,
OBAA-05036,"https://ptannotated.com/iiif/obaa/obaa-05036/tiles/full/300,169/0/default.jpg",One Battle After Another (2025),7,0.035138889,3036,,,,
OBAA-05044,"https://ptannotated.com/iiif/obaa/obaa-05044/tiles/full/300,169/0/default.jpg",One Battle After Another (2025),7,0.035231481,3044,,,,
OBAA-05048,"https://ptannotated.com/iiif/obaa/obaa-05048/tiles/full/300,169/0/default.jpg",One Battle After Another (2025),7,0.035277778,3048,,,,
OBAA-05055,"https://ptannotated.com/iiif/obaa/obaa-05055/tiles/full/300,169/0/default.jpg",One Battle After Another (2025),7,0.035358796,3055,,,,
OBAA-05105,"https://ptannotated.com/iiif/obaa/obaa-05105/tiles/full/300,169/0/default.jpg",One Battle After Another (2025),7,0.035474537,3065,,,,
OBAA-05106,"https://ptannotated.com/iiif/obaa/obaa-05106/tiles/full/300,169/0/default.jpg",One Battle After Another (2025),7,0.035486111,3066,,,,
OBAA-05123,"https://ptannotated.com/iiif/obaa/obaa-05123/tiles/full/300,169/0/default.jpg",One Battle After Another (2025),7,0.03568287,3083,,,,
OBAA-05127,"https://ptannotated.com/iiif/obaa/obaa-05127/tiles/full/300,169/0/default.jpg",One Battle After Another (2025),7,0.035729167,3087,,,,
OBAA-05140,"https://ptannotated.com/iiif/obaa/obaa-05140/tiles/full/300,169/0/default.jpg",One Battle After Another (2025),7,0.03587963,3100,,,,
OBAA-05150,"https://ptannotated.com/iiif/obaa/obaa-05150/tiles/full/300,169/0/default.jpg",One Battle After Another (2025),7,0.03599537,3110,,,,
OBAA-05154,"https://ptannotated.com/iiif/obaa/obaa-05154/tiles/full/300,169/0/default.jpg",One Battle After Another (2025),7,0.036041667,3114,,,,
OBAA-05158,"https://ptannotated.com/iiif/obaa/obaa-05158/tiles/full/300,169/0/default.jpg",One Battle After Another (2025),7,0.036087963,3118,,,,
OBAA-05200,"https://ptannotated.com/iiif/obaa/obaa-05200/tiles/full/300,169/0/default.jpg",One Battle After Another (2025),7,0.036111111,3120,,,,
OBAA-05203,"https://ptannotated.com/iiif/obaa/obaa-05203/tiles/full/300,169/0/default.jpg",One Battle After Another (2025),7,0.036145833,3123,,,,
OBAA-05230,"https://ptannotated.com/iiif/obaa/obaa-05230/tiles/full/300,169/0/default.jpg",One Battle After Another (2025),7,0.036458333,3150,,,,
OBAA-05235,"https://ptannotated.com/iiif/obaa/obaa-05235/tiles/full/300,169/0/default.jpg",One Battle After Another (2025),7,0.036516204,3155,,,,
OBAA-05317,"https://ptannotated.com/iiif/obaa/obaa-05317/tiles/full/300,169/0/default.jpg",One Battle After Another (2025),7,0.037002315,3197,,,,
OBAA-05322,"https://ptannotated.com/iiif/obaa/obaa-05322/tiles/full/300,169/0/default.jpg",One Battle After Another (2025),7,0.037060185,3202,,,,
OBAA-05351,"https://ptannotated.com/iiif/obaa/obaa-05351/tiles/full/300,169/0/default.jpg",One Battle After Another (2025),7,0.037395833,3231,,,,
OBAA-05355,"https://ptannotated.com/iiif/obaa/obaa-05355/tiles/full/300,169/0/default.jpg",One Battle After Another (2025),7,0.03744213,3235,,,,
OBAA-05357,"https://ptannotated.com/iiif/obaa/obaa-05357/tiles/full/300,169/0/default.jpg",One Battle After Another (2025),7,0.037465278,3237,,,,
OBAA-05404,"https://ptannotated.com/iiif/obaa/obaa-05404/tiles/full/300,169/0/default.jpg",One Battle After Another (2025),7,0.037546296,3244,,,,
OBAA-05407,"https://ptannotated.com/iiif/obaa/obaa-05407/tiles/full/300,169/0/default.jpg",One Battle After Another (2025),7,0.037581019,3247,,,,
OBAA-05423,"https://ptannotated.com/iiif/obaa/obaa-05423/tiles/full/300,169/0/default.jpg",One Battle After Another (2025),7,0.037766204,3263,,,,
OBAA-05427,"https://ptannotated.com/iiif/obaa/obaa-05427/tiles/full/300,169/0/default.jpg",One Battle After Another (2025),7,0.0378125,3267,,,,
OBAA-05432,"https://ptannotated.com/iiif/obaa/obaa-05432/tiles/full/300,169/0/default.jpg",One Battle After Another (2025),7,0.03787037,3272,,,,
OBAA-05440,"https://ptannotated.com/iiif/obaa/obaa-05440/tiles/full/300,169/0/default.jpg",One Battle After Another (2025),7,0.037962963,3280,,,,
OBAA-05441,"https://ptannotated.com/iiif/obaa/obaa-05441/tiles/full/300,169/0/default.jpg",One Battle After Another (2025),7,0.037974537,3281,,,,
OBAA-05442,"https://ptannotated.com/iiif/obaa/obaa-05442/tiles/full/300,169/0/default.jpg",One Battle After Another (2025),7,0.037986111,3282,,,,
OBAA-05444,"https://ptannotated.com/iiif/obaa/obaa-05444/tiles/full/300,169/0/default.jpg",One Battle After Another (2025),7,0.038009259,3284,,,,
OBAA-05449,"https://ptannotated.com/iiif/obaa/obaa-05449/tiles/full/300,169/0/default.jpg",One Battle After Another (2025),7,0.03806713,3289,,,,
OBAA-05452,"https://ptannotated.com/iiif/obaa/obaa-05452/tiles/full/300,169/0/default.jpg",One Battle After Another (2025),7,0.036712963,3172,,,,
OBAA-05501,"https://ptannotated.com/iiif/obaa/obaa-05501/tiles/full/300,169/0/default.jpg",One Battle After Another (2025),7,0.038206019,3301,,,,
OBAA-05507,"https://ptannotated.com/iiif/obaa/obaa-05507/tiles/full/300,169/0/default.jpg",One Battle After Another (2025),7,0.038275463,3307,,,,
OBAA-05514,"https://ptannotated.com/iiif/obaa/obaa-05514/tiles/full/300,169/0/default.jpg",One Battle After Another (2025),7,0.038356481,3314,,,,
OBAA-05519,"https://ptannotated.com/iiif/obaa/obaa-05519/tiles/full/300,169/0/default.jpg",One Battle After Another (2025),7,0.038414352,3319,,,,
OBAA-05527,"https://ptannotated.com/iiif/obaa/obaa-05527/tiles/full/300,169/0/default.jpg",One Battle After Another (2025),7,0.038506944,3327,,,,
OBAA-05537,"https://ptannotated.com/iiif/obaa/obaa-05537/tiles/full/300,169/0/default.jpg",One Battle After Another (2025),7,0.038622685,3337,,,,
OBAA-05542,"https://ptannotated.com/iiif/obaa/obaa-05542/tiles/full/300,169/0/default.jpg",One Battle After Another (2025),7,0.038680556,3342,,,,
OBAA-05549,"https://ptannotated.com/iiif/obaa/obaa-05549/tiles/full/300,169/0/default.jpg",One Battle After Another (2025),7,0.038761574,3349,,,,
OBAA-05554,"https://ptannotated.com/iiif/obaa/obaa-05554/tiles/full/300,169/0/default.jpg",One Battle After Another (2025),7,0.038819444,3354,,,,
OBAA-05559,"https://ptannotated.com/iiif/obaa/obaa-05559/tiles/full/300,169/0/default.jpg",One Battle After Another (2025),7,0.038877315,3359,,,,
OBAA-05607,"https://ptannotated.com/iiif/obaa/obaa-05607/tiles/full/300,169/0/default.jpg",One Battle After Another (2025),7,0.038969907,3367,,,,
OBAA-05610,"https://ptannotated.com/iiif/obaa/obaa-05610/tiles/full/300,169/0/default.jpg",One Battle After Another (2025),7,0.03900463,3370,,,,
OBAA-05620,"https://ptannotated.com/iiif/obaa/obaa-05620/tiles/full/300,169/0/default.jpg",One Battle After Another (2025),7,0.03912037,3380,,,,
OBAA-05636,"https://ptannotated.com/iiif/obaa/obaa-05636/tiles/full/300,169/0/default.jpg",One Battle After Another (2025),7,0.039189815,3386,,,,
OBAA-05641,"https://ptannotated.com/iiif/obaa/obaa-05641/tiles/full/300,169/0/default.jpg",One Battle After Another (2025),7,0.039363426,3401,,,,
OBAA-05652,"https://ptannotated.com/iiif/obaa/obaa-05652/tiles/full/300,169/0/default.jpg",One Battle After Another (2025),7,0.039490741,3412,,,,
OBAA-05657,"https://ptannotated.com/iiif/obaa/obaa-05657/tiles/full/300,169/0/default.jpg",One Battle After Another (2025),7,0.039548611,3417,,,,
OBAA-05703,"https://ptannotated.com/iiif/obaa/obaa-05703/tiles/full/300,169/0/default.jpg",One Battle After Another (2025),7,0.039618056,3423,,,,
OBAA-05758,"https://ptannotated.com/iiif/obaa/obaa-05758/tiles/full/300,169/0/default.jpg",One Battle After Another (2025),7,0.04025463,3478,,,,
OBAA-05811,"https://ptannotated.com/iiif/obaa/obaa-05811/tiles/full/300,169/0/default.jpg",One Battle After Another (2025),7,0.040405093,3491,,,,
OBAA-05815,"https://ptannotated.com/iiif/obaa/obaa-05815/tiles/full/300,169/0/default.jpg",One Battle After Another (2025),7,0.040451389,3495,,,,
OBAA-05821,"https://ptannotated.com/iiif/obaa/obaa-05821/tiles/full/300,169/0/default.jpg",One Battle After Another (2025),7,0.040520833,3501,,,,
OBAA-05828,"https://ptannotated.com/iiif/obaa/obaa-05828/tiles/full/300,169/0/default.jpg",One Battle After Another (2025),7,0.040601852,3508,,,,
OBAA-05836,"https://ptannotated.com/iiif/obaa/obaa-05836/tiles/full/300,169/0/default.jpg",One Battle After Another (2025),7,0.040694444,3516,,,,
OBAA-05841,"https://ptannotated.com/iiif/obaa/obaa-05841/tiles/full/300,169/0/default.jpg",One Battle After Another (2025),7,0.040752315,3521,,,,
OBAA-05844,"https://ptannotated.com/iiif/obaa/obaa-05844/tiles/full/300,169/0/default.jpg",One Battle After Another (2025),7,0.040787037,3524,,,,
OBAA-05846,"https://ptannotated.com/iiif/obaa/obaa-05846/tiles/full/300,169/0/default.jpg",One Battle After Another (2025),7,0.040810185,3526,,,,
OBAA-05851,"https://ptannotated.com/iiif/obaa/obaa-05851/tiles/full/300,169/0/default.jpg",One Battle After Another (2025),7,0.040868056,3531,,,,
OBAA-05855,"https://ptannotated.com/iiif/obaa/obaa-05855/tiles/full/300,169/0/default.jpg",One Battle After Another (2025),7,0.040914352,3535,,,,
OBAA-05901,"https://ptannotated.com/iiif/obaa/obaa-05901/tiles/full/300,169/0/default.jpg",One Battle After Another (2025),7,0.040983796,3541,,,,
OBAA-05904,"https://ptannotated.com/iiif/obaa/obaa-05904/tiles/full/300,169/0/default.jpg",One Battle After Another (2025),8,0.041018519,3544,,,,
OBAA-05913,"https://ptannotated.com/iiif/obaa/obaa-05913/tiles/full/300,169/0/default.jpg",One Battle After Another (2025),8,0.041122685,3553,,,,
OBAA-05916,"https://ptannotated.com/iiif/obaa/obaa-05916/tiles/full/300,169/0/default.jpg",One Battle After Another (2025),8,0.041157407,3556,,,,
OBAA-05921,"https://ptannotated.com/iiif/obaa/obaa-05921/tiles/full/300,169/0/default.jpg",One Battle After Another (2025),8,0.041215278,3561,,,,
OBAA-05923,"https://ptannotated.com/iiif/obaa/obaa-05923/tiles/full/300,169/0/default.jpg",One Battle After Another (2025),8,0.041238426,3563,,,,
OBAA-05943,"https://ptannotated.com/iiif/obaa/obaa-05943/tiles/full/300,169/0/default.jpg",One Battle After Another (2025),8,0.041469907,3583,,,,
OBAA-05953,"https://ptannotated.com/iiif/obaa/obaa-05953/tiles/full/300,169/0/default.jpg",One Battle After Another (2025),8,0.041585648,3593,,,,
OBAA-10022,"https://ptannotated.com/iiif/obaa/obaa-10022/tiles/full/300,169/0/default.jpg",One Battle After Another (2025),8,0.041921296,3622,,,,
OBAA-10138,"https://ptannotated.com/iiif/obaa/obaa-10138/tiles/full/300,169/0/default.jpg",One Battle After Another (2025),8,0.042800926,3698,,,,
OBAA-10216,"https://ptannotated.com/iiif/obaa/obaa-10216/tiles/full/300,169/0/default.jpg",One Battle After Another (2025),8,0.043240741,3736,,,,
OBAA-10219,"https://ptannotated.com/iiif/obaa/obaa-10219/tiles/full/300,169/0/default.jpg",One Battle After Another (2025),8,0.043275463,3739,,,,
OBAA-10223,"https://ptannotated.com/iiif/obaa/obaa-10223/tiles/full/300,169/0/default.jpg",One Battle After Another (2025),8,0.043321759,3743,,,,
OBAA-10226,"https://ptannotated.com/iiif/obaa/obaa-10226/tiles/full/300,169/0/default.jpg",One Battle After Another (2025),8,0.043356481,3746,,,,
OBAA-10229,"https://ptannotated.com/iiif/obaa/obaa-10229/tiles/full/300,169/0/default.jpg",One Battle After Another (2025),8,0.043391204,3749,,,,
OBAA-10239,"https://ptannotated.com/iiif/obaa/obaa-10239/tiles/full/300,169/0/default.jpg",One Battle After Another (2025),8,0.043506944,3759,,,,
OBAA-10246,"https://ptannotated.com/iiif/obaa/obaa-10246/tiles/full/300,169/0/default.jpg",One Battle After Another (2025),8,0.043587963,3766,,,,
OBAA-10252,"https://ptannotated.com/iiif/obaa/obaa-10252/tiles/full/300,169/0/default.jpg",One Battle After Another (2025),8,0.043657407,3772,,,,
OBAA-10307,"https://ptannotated.com/iiif/obaa/obaa-10307/tiles/full/300,169/0/default.jpg",One Battle After Another (2025),8,0.043831019,3787,,,,
OBAA-10316,"https://ptannotated.com/iiif/obaa/obaa-10316/tiles/full/300,169/0/default.jpg",One Battle After Another (2025),8,0.043935185,3796,,,,
OBAA-10324,"https://ptannotated.com/iiif/obaa/obaa-10324/tiles/full/300,169/0/default.jpg",One Battle After Another (2025),8,0.044027778,3804,,,,
OBAA-10330,"https://ptannotated.com/iiif/obaa/obaa-10330/tiles/full/300,169/0/default.jpg",One Battle After Another (2025),8,0.044097222,3810,,,,
OBAA-10335,"https://ptannotated.com/iiif/obaa/obaa-10335/tiles/full/300,169/0/default.jpg",One Battle After Another (2025),8,0.044155093,3815,,,,
OBAA-10345,"https://ptannotated.com/iiif/obaa/obaa-10345/tiles/full/300,169/0/default.jpg",One Battle After Another (2025),8,0.044270833,3825,,,,
OBAA-10410,"https://ptannotated.com/iiif/obaa/obaa-10410/tiles/full/300,169/0/default.jpg",One Battle After Another (2025),8,0.044560185,3850,,,,
OBAA-10419,"https://ptannotated.com/iiif/obaa/obaa-10419/tiles/full/300,169/0/default.jpg",One Battle After Another (2025),8,0.044664352,3859,,,,
OBAA-10430,"https://ptannotated.com/iiif/obaa/obaa-10430/tiles/full/300,169/0/default.jpg",One Battle After Another (2025),8,0.044791667,3870,,,,
OBAA-10435,"https://ptannotated.com/iiif/obaa/obaa-10435/tiles/full/300,169/0/default.jpg",One Battle After Another (2025),8,0.044849537,3875,,,,
OBAA-10444,"https://ptannotated.com/iiif/obaa/obaa-10444/tiles/full/300,169/0/default.jpg",One Battle After Another (2025),8,0.044953704,3884,,,,
OBAA-10449,"https://ptannotated.com/iiif/obaa/obaa-10449/tiles/full/300,169/0/default.jpg",One Battle After Another (2025),8,0.045011574,3889,,,,
OBAA-10500,"https://ptannotated.com/iiif/obaa/obaa-10500/tiles/full/300,169/0/default.jpg",One Battle After Another (2025),8,0.045138889,3900,,,,
OBAA-10508,"https://ptannotated.com/iiif/obaa/obaa-10508/tiles/full/300,169/0/default.jpg",One Battle After Another (2025),8,0.045231481,3908,,,,
OBAA-10516,"https://ptannotated.com/iiif/obaa/obaa-10516/tiles/full/300,169/0/default.jpg",One Battle After Another (2025),8,0.045324074,3916,,,,
OBAA-10518,"https://ptannotated.com/iiif/obaa/obaa-10518/tiles/full/300,169/0/default.jpg",One Battle After Another (2025),8,0.045347222,3918,,,,
OBAA-10520,"https://ptannotated.com/iiif/obaa/obaa-10520/tiles/full/300,169/0/default.jpg",One Battle After Another (2025),8,0.04537037,3920,,,,
OBAA-10522,"https://ptannotated.com/iiif/obaa/obaa-10522/tiles/full/300,169/0/default.jpg",One Battle After Another (2025),8,0.045393519,3922,,,,
OBAA-10528,"https://ptannotated.com/iiif/obaa/obaa-10528/tiles/full/300,169/0/default.jpg",One Battle After Another (2025),8,0.045462963,3928,,,,
OBAA-10537,"https://ptannotated.com/iiif/obaa/obaa-10537/tiles/full/300,169/0/default.jpg",One Battle After Another (2025),8,0.04556713,3937,,,,
OBAA-10541,"https://ptannotated.com/iiif/obaa/obaa-10541/tiles/full/300,169/0/default.jpg",One Battle After Another (2025),8,0.045613426,3941,,,,
OBAA-10548,"https://ptannotated.com/iiif/obaa/obaa-10548/tiles/full/300,169/0/default.jpg",One Battle After Another (2025),8,0.045694444,3948,,,,
OBAA-10554,"https://ptannotated.com/iiif/obaa/obaa-10554/tiles/full/300,169/0/default.jpg",One Battle After Another (2025),8,0.045763889,3954,,,,
OBAA-10557,"https://ptannotated.com/iiif/obaa/obaa-10557/tiles/full/300,169/0/default.jpg",One Battle After Another (2025),8,0.045798611,3957,,,,
OBAA-10602,"https://ptannotated.com/iiif/obaa/obaa-10602/tiles/full/300,169/0/default.jpg",One Battle After Another (2025),8,0.045856481,3962,,,,
OBAA-10617,"https://ptannotated.com/iiif/obaa/obaa-10617/tiles/full/300,169/0/default.jpg",One Battle After Another (2025),8,0.046030093,3977,,,,
OBAA-10621,"https://ptannotated.com/iiif/obaa/obaa-10621/tiles/full/300,169/0/default.jpg",One Battle After Another (2025),8,0.046076389,3981,,,,
OBAA-10639,"https://ptannotated.com/iiif/obaa/obaa-10639/tiles/full/300,169/0/default.jpg",One Battle After Another (2025),8,0.046284722,3999,,,,
OBAA-10646,"https://ptannotated.com/iiif/obaa/obaa-10646/tiles/full/300,169/0/default.jpg",One Battle After Another (2025),8,0.046365741,4006,,,,
OBAA-10726,"https://ptannotated.com/iiif/obaa/obaa-10726/tiles/full/300,169/0/default.jpg",One Battle After Another (2025),8,0.046828704,4046,,,,
OBAA-10732,"https://ptannotated.com/iiif/obaa/obaa-10732/tiles/full/300,169/0/default.jpg",One Battle After Another (2025),8,0.046898148,4052,,,,
OBAA-10744,"https://ptannotated.com/iiif/obaa/obaa-10744/tiles/full/300,169/0/default.jpg",One Battle After Another (2025),8,0.047037037,4064,,,,
OBAA-10813,"https://ptannotated.com/iiif/obaa/obaa-10813/tiles/full/300,169/0/default.jpg",One Battle After Another (2025),8,0.047372685,4093,,,,
OBAA-10817,"https://ptannotated.com/iiif/obaa/obaa-10817/tiles/full/300,169/0/default.jpg",One Battle After Another (2025),8,0.047418981,4097,,,,
OBAA-10819,"https://ptannotated.com/iiif/obaa/obaa-10819/tiles/full/300,169/0/default.jpg",One Battle After Another (2025),8,0.04744213,4099,,,,
OBAA-10823,"https://ptannotated.com/iiif/obaa/obaa-10823/tiles/full/300,169/0/default.jpg",One Battle After Another (2025),8,0.047488426,4103,,,,
OBAA-10824,"https://ptannotated.com/iiif/obaa/obaa-10824/tiles/full/300,169/0/default.jpg",One Battle After Another (2025),8,0.0475,4104,,,,
OBAA-10826,"https://ptannotated.com/iiif/obaa/obaa-10826/tiles/full/300,169/0/default.jpg",One Battle After Another (2025),8,0.047523148,4106,,,,
OBAA-10831,"https://ptannotated.com/iiif/obaa/obaa-10831/tiles/full/300,169/0/default.jpg",One Battle After Another (2025),8,0.047581019,4111,,,,
OBAA-10835,"https://ptannotated.com/iiif/obaa/obaa-10835/tiles/full/300,169/0/default.jpg",One Battle After Another (2025),8,0.047627315,4115,,,,
OBAA-10839,"https://ptannotated.com/iiif/obaa/obaa-10839/tiles/full/300,169/0/default.jpg",One Battle After Another (2025),8,0.047673611,4119,,,,
OBAA-10844,"https://ptannotated.com/iiif/obaa/obaa-10844/tiles/full/300,169/0/default.jpg",One Battle After Another (2025),8,0.047731481,4124,,,,
OBAA-10847,"https://ptannotated.com/iiif/obaa/obaa-10847/tiles/full/300,169/0/default.jpg",One Battle After Another (2025),9,0.047766204,4127,,,,
OBAA-10900,"https://ptannotated.com/iiif/obaa/obaa-10900/tiles/full/300,169/0/default.jpg",One Battle After Another (2025),9,0.047916667,4140,,,,
OBAA-10921,"https://ptannotated.com/iiif/obaa/obaa-10921/tiles/full/300,169/0/default.jpg",One Battle After Another (2025),9,0.048159722,4161,,,,
OBAA-10922,"https://ptannotated.com/iiif/obaa/obaa-10922/tiles/full/300,169/0/default.jpg",One Battle After Another (2025),9,0.048171296,4162,,,,
OBAA-10929,"https://ptannotated.com/iiif/obaa/obaa-10929/tiles/full/300,169/0/default.jpg",One Battle After Another (2025),9,0.048252315,4169,,,,
OBAA-10932,"https://ptannotated.com/iiif/obaa/obaa-10932/tiles/full/300,169/0/default.jpg",One Battle After Another (2025),9,0.048287037,4172,,,,
OBAA-10937,"https://ptannotated.com/iiif/obaa/obaa-10937/tiles/full/300,169/0/default.jpg",One Battle After Another (2025),9,0.048344907,4177,,,,
OBAA-10945,"https://ptannotated.com/iiif/obaa/obaa-10945/tiles/full/300,169/0/default.jpg",One Battle After Another (2025),9,0.0484375,4185,,,,
OBAA-10951,"https://ptannotated.com/iiif/obaa/obaa-10951/tiles/full/300,169/0/default.jpg",One Battle After Another (2025),9,0.048506944,4191,,,,
OBAA-10954,"https://ptannotated.com/iiif/obaa/obaa-10954/tiles/full/300,169/0/default.jpg",One Battle After Another (2025),9,0.048541667,4194,,,,
OBAA-10958,"https://ptannotated.com/iiif/obaa/obaa-10958/tiles/full/300,169/0/default.jpg",One Battle After Another (2025),9,0.048587963,4198,,,,
OBAA-11010,"https://ptannotated.com/iiif/obaa/obaa-11010/tiles/full/300,169/0/default.jpg",One Battle After Another (2025),9,0.048726852,4210,,,,
OBAA-11037,"https://ptannotated.com/iiif/obaa/obaa-11037/tiles/full/300,169/0/default.jpg",One Battle After Another (2025),9,0.049039352,4237,,,,
OBAA-11055,"https://ptannotated.com/iiif/obaa/obaa-11055/tiles/full/300,169/0/default.jpg",One Battle After Another (2025),9,0.049247685,4255,,,,
OBAA-11104,"https://ptannotated.com/iiif/obaa/obaa-11104/tiles/full/300,169/0/default.jpg",One Battle After Another (2025),9,0.049351852,4264,,,,
OBAA-11117,"https://ptannotated.com/iiif/obaa/obaa-11117/tiles/full/300,169/0/default.jpg",One Battle After Another (2025),9,0.049502315,4277,,,,
OBAA-11124,"https://ptannotated.com/iiif/obaa/obaa-11124/tiles/full/300,169/0/default.jpg",One Battle After Another (2025),9,0.049583333,4284,,,,
OBAA-11141,"https://ptannotated.com/iiif/obaa/obaa-11141/tiles/full/300,169/0/default.jpg",One Battle After Another (2025),9,0.049780093,4301,,,,
OBAA-11150,"https://ptannotated.com/iiif/obaa/obaa-11150/tiles/full/300,169/0/default.jpg",One Battle After Another (2025),9,0.049884259,4310,,,,
OBAA-11155,"https://ptannotated.com/iiif/obaa/obaa-11155/tiles/full/300,169/0/default.jpg",One Battle After Another (2025),9,0.04994213,4315,,,,
OBAA-11158,"https://ptannotated.com/iiif/obaa/obaa-11158/tiles/full/300,169/0/default.jpg",One Battle After Another (2025),9,0.049976852,4318,,,,
OBAA-11202,"https://ptannotated.com/iiif/obaa/obaa-11202/tiles/full/300,169/0/default.jpg",One Battle After Another (2025),9,0.050023148,4322,,,,
OBAA-11210,"https://ptannotated.com/iiif/obaa/obaa-11210/tiles/full/300,169/0/default.jpg",One Battle After Another (2025),9,0.050115741,4330,,,,
OBAA-11215,"https://ptannotated.com/iiif/obaa/obaa-11215/tiles/full/300,169/0/default.jpg",One Battle After Another (2025),9,0.050173611,4335,,,,
OBAA-11250,"https://ptannotated.com/iiif/obaa/obaa-11250/tiles/full/300,169/0/default.jpg",One Battle After Another (2025),9,0.050578704,4370,,,,
OBAA-11305,"https://ptannotated.com/iiif/obaa/obaa-11305/tiles/full/300,169/0/default.jpg",One Battle After Another (2025),9,0.050752315,4385,,,,
OBAA-11309,"https://ptannotated.com/iiif/obaa/obaa-11309/tiles/full/300,169/0/default.jpg",One Battle After Another (2025),9,0.050798611,4389,,,,
OBAA-11326,"https://ptannotated.com/iiif/obaa/obaa-11326/tiles/full/300,169/0/default.jpg",One Battle After Another (2025),9,0.05099537,4406,,,,
OBAA-11333,"https://ptannotated.com/iiif/obaa/obaa-11333/tiles/full/300,169/0/default.jpg",One Battle After Another (2025),9,0.051076389,4413,,,,
OBAA-11340,"https://ptannotated.com/iiif/obaa/obaa-11340/tiles/full/300,169/0/default.jpg",One Battle After Another (2025),9,0.051157407,4420,,,,
OBAA-11341,"https://ptannotated.com/iiif/obaa/obaa-11341/tiles/full/300,169/0/default.jpg",One Battle After Another (2025),9,0.051168981,4421,,,,
OBAA-11347,"https://ptannotated.com/iiif/obaa/obaa-11347/tiles/full/300,169/0/default.jpg",One Battle After Another (2025),9,0.051238426,4427,,,,
OBAA-11350,"https://ptannotated.com/iiif/obaa/obaa-11350/tiles/full/300,169/0/default.jpg",One Battle After Another (2025),9,0.051273148,4430,,,,
OBAA-11352,"https://ptannotated.com/iiif/obaa/obaa-11352/tiles/full/300,169/0/default.jpg",One Battle After Another (2025),9,0.051296296,4432,,,,
OBAA-11354,"https://ptannotated.com/iiif/obaa/obaa-11354/tiles/full/300,169/0/default.jpg",One Battle After Another (2025),9,0.051319444,4434,,,,
OBAA-11421,"https://ptannotated.com/iiif/obaa/obaa-11421/tiles/full/300,169/0/default.jpg",One Battle After Another (2025),9,0.051631944,4461,,,,
OBAA-11426,"https://ptannotated.com/iiif/obaa/obaa-11426/tiles/full/300,169/0/default.jpg",One Battle After Another (2025),9,0.051689815,4466,,,,
OBAA-11438,"https://ptannotated.com/iiif/obaa/obaa-11438/tiles/full/300,169/0/default.jpg",One Battle After Another (2025),9,0.051828704,4478,,,,
OBAA-11443,"https://ptannotated.com/iiif/obaa/obaa-11443/tiles/full/300,169/0/default.jpg",One Battle After Another (2025),9,0.051886574,4483,,,,
OBAA-11445,"https://ptannotated.com/iiif/obaa/obaa-11445/tiles/full/300,169/0/default.jpg",One Battle After Another (2025),9,0.051909722,4485,,,,
OBAA-11451,"https://ptannotated.com/iiif/obaa/obaa-11451/tiles/full/300,169/0/default.jpg",One Battle After Another (2025),9,0.051979167,4491,,,,
OBAA-11457,"https://ptannotated.com/iiif/obaa/obaa-11457/tiles/full/300,169/0/default.jpg",One Battle After Another (2025),9,0.052048611,4497,,,,
OBAA-11509,"https://ptannotated.com/iiif/obaa/obaa-11509/tiles/full/300,169/0/default.jpg",One Battle After Another (2025),9,0.0521875,4509,,,,
OBAA-11515,"https://ptannotated.com/iiif/obaa/obaa-11515/tiles/full/300,169/0/default.jpg",One Battle After Another (2025),9,0.052256944,4515,,,,
OBAA-11518,"https://ptannotated.com/iiif/obaa/obaa-11518/tiles/full/300,169/0/default.jpg",One Battle After Another (2025),9,0.052291667,4518,,,,
OBAA-11521,"https://ptannotated.com/iiif/obaa/obaa-11521/tiles/full/300,169/0/default.jpg",One Battle After Another (2025),9,0.052326389,4521,,,,
OBAA-11529,"https://ptannotated.com/iiif/obaa/obaa-11529/tiles/full/300,169/0/default.jpg",One Battle After Another (2025),9,0.052418981,4529,,,,
OBAA-11545,"https://ptannotated.com/iiif/obaa/obaa-11545/tiles/full/300,169/0/default.jpg",One Battle After Another (2025),9,0.052604167,4545,,,,
OBAA-11556,"https://ptannotated.com/iiif/obaa/obaa-11556/tiles/full/300,169/0/default.jpg",One Battle After Another (2025),9,0.052731481,4556,,,,
OBAA-11559,"https://ptannotated.com/iiif/obaa/obaa-11559/tiles/full/300,169/0/default.jpg",One Battle After Another (2025),9,0.052766204,4559,,,,
OBAA-11606,"https://ptannotated.com/iiif/obaa/obaa-11606/tiles/full/300,169/0/default.jpg",One Battle After Another (2025),9,0.052847222,4566,,,,
OBAA-11610,"https://ptannotated.com/iiif/obaa/obaa-11610/tiles/full/300,169/0/default.jpg",One Battle After Another (2025),9,0.052893519,4570,,,,
OBAA-11621,"https://ptannotated.com/iiif/obaa/obaa-11621/tiles/full/300,169/0/default.jpg",One Battle After Another (2025),9,0.053020833,4581,,,,
OBAA-11635,"https://ptannotated.com/iiif/obaa/obaa-11635/tiles/full/300,169/0/default.jpg",One Battle After Another (2025),9,0.05318287,4595,,,,
OBAA-11645,"https://ptannotated.com/iiif/obaa/obaa-11645/tiles/full/300,169/0/default.jpg",One Battle After Another (2025),9,0.053298611,4605,,,,
OBAA-11646,"https://ptannotated.com/iiif/obaa/obaa-11646/tiles/full/300,169/0/default.jpg",One Battle After Another (2025),9,0.053310185,4606,,,,
OBAA-11655,"https://ptannotated.com/iiif/obaa/obaa-11655/tiles/full/300,169/0/default.jpg",One Battle After Another (2025),9,0.053414352,4615,,,,
OBAA-11701,"https://ptannotated.com/iiif/obaa/obaa-11701/tiles/full/300,169/0/default.jpg",One Battle After Another (2025),9,0.053483796,4621,,,,
OBAA-11711,"https://ptannotated.com/iiif/obaa/obaa-11711/tiles/full/300,169/0/default.jpg",One Battle After Another (2025),9,0.053599537,4631,,,,
OBAA-11726,"https://ptannotated.com/iiif/obaa/obaa-11726/tiles/full/300,169/0/default.jpg",One Battle After Another (2025),9,0.053773148,4646,,,,
OBAA-11733,"https://ptannotated.com/iiif/obaa/obaa-11733/tiles/full/300,169/0/default.jpg",One Battle After Another (2025),9,0.053854167,4653,,,,
OBAA-11736,"https://ptannotated.com/iiif/obaa/obaa-11736/tiles/full/300,169/0/default.jpg",One Battle After Another (2025),9,0.053888889,4656,,,,
OBAA-11741,"https://ptannotated.com/iiif/obaa/obaa-11741/tiles/full/300,169/0/default.jpg",One Battle After Another (2025),9,0.053946759,4661,,,,
OBAA-11752,"https://ptannotated.com/iiif/obaa/obaa-11752/tiles/full/300,169/0/default.jpg",One Battle After Another (2025),9,0.054074074,4672,,,,
OBAA-11759,"https://ptannotated.com/iiif/obaa/obaa-11759/tiles/full/300,169/0/default.jpg",One Battle After Another (2025),9,0.054155093,4679,,,,
OBAA-11806,"https://ptannotated.com/iiif/obaa/obaa-11806/tiles/full/300,169/0/default.jpg",One Battle After Another (2025),9,0.054236111,4686,,,,
OBAA-11817,"https://ptannotated.com/iiif/obaa/obaa-11817/tiles/full/300,169/0/default.jpg",One Battle After Another (2025),9,0.054363426,4697,,,,
OBAA-11832,"https://ptannotated.com/iiif/obaa/obaa-11832/tiles/full/300,169/0/default.jpg",One Battle After Another (2025),9,0.054537037,4712,,,,
OBAA-11838,"https://ptannotated.com/iiif/obaa/obaa-11838/tiles/full/300,169/0/default.jpg",One Battle After Another (2025),9,0.054606481,4718,,,,
OBAA-11850,"https://ptannotated.com/iiif/obaa/obaa-11850/tiles/full/300,169/0/default.jpg",One Battle After Another (2025),9,0.05474537,4730,,,,
OBAA-11855,"https://ptannotated.com/iiif/obaa/obaa-11855/tiles/full/300,169/0/default.jpg",One Battle After Another (2025),9,0.054803241,4735,,,,
OBAA-11900,"https://ptannotated.com/iiif/obaa/obaa-11900/tiles/full/300,169/0/default.jpg",One Battle After Another (2025),9,0.054861111,4740,,,,
OBAA-11906,"https://ptannotated.com/iiif/obaa/obaa-11906/tiles/full/300,169/0/default.jpg",One Battle After Another (2025),9,0.054930556,4746,,,,
OBAA-11911,"https://ptannotated.com/iiif/obaa/obaa-11911/tiles/full/300,169/0/default.jpg",One Battle After Another (2025),9,0.054988426,4751,,,,
OBAA-11912,"https://ptannotated.com/iiif/obaa/obaa-11912/tiles/full/300,169/0/default.jpg",One Battle After Another (2025),9,0.055,4752,,,,
OBAA-11942,"https://ptannotated.com/iiif/obaa/obaa-11942/tiles/full/300,169/0/default.jpg",One Battle After Another (2025),9,0.055347222,4782,,,,
OBAA-11950,"https://ptannotated.com/iiif/obaa/obaa-11950/tiles/full/300,169/0/default.jpg",One Battle After Another (2025),9,0.055439815,4790,,,,
OBAA-11956,"https://ptannotated.com/iiif/obaa/obaa-11956/tiles/full/300,169/0/default.jpg",One Battle After Another (2025),9,0.055509259,4796,,,,
OBAA-12000,"https://ptannotated.com/iiif/obaa/obaa-12000/tiles/full/300,169/0/default.jpg",One Battle After Another (2025),9,0.055555556,4800,,,,
OBAA-12008,"https://ptannotated.com/iiif/obaa/obaa-12008/tiles/full/300,169/0/default.jpg",One Battle After Another (2025),9,0.055648148,4808,,,,
OBAA-12032,"https://ptannotated.com/iiif/obaa/obaa-12032/tiles/full/300,169/0/default.jpg",One Battle After Another (2025),9,0.055925926,4832,,,,
OBAA-12052,"https://ptannotated.com/iiif/obaa/obaa-12052/tiles/full/300,169/0/default.jpg",One Battle After Another (2025),9,0.056157407,4852,,,,
OBAA-12104,"https://ptannotated.com/iiif/obaa/obaa-12104/tiles/full/300,169/0/default.jpg",One Battle After Another (2025),9,0.056296296,4864,,,,
OBAA-12145,"https://ptannotated.com/iiif/obaa/obaa-12145/tiles/full/300,169/0/default.jpg",One Battle After Another (2025),9,0.056770833,4905,,,,
OBAA-12204,"https://ptannotated.com/iiif/obaa/obaa-12204/tiles/full/300,169/0/default.jpg",One Battle After Another (2025),9,0.056990741,4924,,,,
OBAA-12205,"https://ptannotated.com/iiif/obaa/obaa-12205/tiles/full/300,169/0/default.jpg",One Battle After Another (2025),9,0.057002315,4925,,,,
OBAA-12211,"https://ptannotated.com/iiif/obaa/obaa-12211/tiles/full/300,169/0/default.jpg",One Battle After Another (2025),9,0.057071759,4931,,,,
OBAA-12218,"https://ptannotated.com/iiif/obaa/obaa-12218/tiles/full/300,169/0/default.jpg",One Battle After Another (2025),9,0.057152778,4938,,,,
OBAA-12255,"https://ptannotated.com/iiif/obaa/obaa-12255/tiles/full/300,169/0/default.jpg",One Battle After Another (2025),9,0.057581019,4975,,,,
OBAA-12302,"https://ptannotated.com/iiif/obaa/obaa-12302/tiles/full/300,169/0/default.jpg",One Battle After Another (2025),9,0.057662037,4982,,,,
OBAA-12306,"https://ptannotated.com/iiif/obaa/obaa-12306/tiles/full/300,169/0/default.jpg",One Battle After Another (2025),9,0.057708333,4986,,,,
OBAA-12315,"https://ptannotated.com/iiif/obaa/obaa-12315/tiles/full/300,169/0/default.jpg",One Battle After Another (2025),9,0.0578125,4995,,,,
OBAA-12316,"https://ptannotated.com/iiif/obaa/obaa-12316/tiles/full/300,169/0/default.jpg",One Battle After Another (2025),9,0.057824074,4996,,,,
OBAA-12318,"https://ptannotated.com/iiif/obaa/obaa-12318/tiles/full/300,169/0/default.jpg",One Battle After Another (2025),9,0.057847222,4998,,,,
OBAA-12322,"https://ptannotated.com/iiif/obaa/obaa-12322/tiles/full/300,169/0/default.jpg",One Battle After Another (2025),9,0.057893519,5002,,,,
OBAA-12338,"https://ptannotated.com/iiif/obaa/obaa-12338/tiles/full/300,169/0/default.jpg",One Battle After Another (2025),9,0.058078704,5018,,,,
OBAA-12339,"https://ptannotated.com/iiif/obaa/obaa-12339/tiles/full/300,169/0/default.jpg",One Battle After Another (2025),9,0.058090278,5019,,,,
OBAA-12344,"https://ptannotated.com/iiif/obaa/obaa-12344/tiles/full/300,169/0/default.jpg",One Battle After Another (2025),9,0.058148148,5024,,,,
OBAA-12355,"https://ptannotated.com/iiif/obaa/obaa-12355/tiles/full/300,169/0/default.jpg",One Battle After Another (2025),9,0.058275463,5035,,,,
OBAA-12401,"https://ptannotated.com/iiif/obaa/obaa-12401/tiles/full/300,169/0/default.jpg",One Battle After Another (2025),9,0.058344907,5041,,,,
OBAA-12408,"https://ptannotated.com/iiif/obaa/obaa-12408/tiles/full/300,169/0/default.jpg",One Battle After Another (2025),9,0.058425926,5048,,,,
OBAA-12414,"https://ptannotated.com/iiif/obaa/obaa-12414/tiles/full/300,169/0/default.jpg",One Battle After Another (2025),9,0.05849537,5054,,,,
OBAA-12443,"https://ptannotated.com/iiif/obaa/obaa-12443/tiles/full/300,169/0/default.jpg",One Battle After Another (2025),9,0.058831019,5083,,,,
OBAA-12445,"https://ptannotated.com/iiif/obaa/obaa-12445/tiles/full/300,169/0/default.jpg",One Battle After Another (2025),9,0.058854167,5085,,,,
OBAA-12450,"https://ptannotated.com/iiif/obaa/obaa-12450/tiles/full/300,169/0/default.jpg",One Battle After Another (2025),9,0.058912037,5090,,,,
OBAA-12454,"https://ptannotated.com/iiif/obaa/obaa-12454/tiles/full/300,169/0/default.jpg",One Battle After Another (2025),9,0.058958333,5094,,,,
OBAA-12457,"https://ptannotated.com/iiif/obaa/obaa-12457/tiles/full/300,169/0/default.jpg",One Battle After Another (2025),9,0.058993056,5097,,,,
OBAA-12500,"https://ptannotated.com/iiif/obaa/obaa-12500/tiles/full/300,169/0/default.jpg",One Battle After Another (2025),9,0.059027778,5100,,,,
OBAA-12509,"https://ptannotated.com/iiif/obaa/obaa-12509/tiles/full/300,169/0/default.jpg",One Battle After Another (2025),9,0.059131944,5109,,,,
OBAA-12511,"https://ptannotated.com/iiif/obaa/obaa-12511/tiles/full/300,169/0/default.jpg",One Battle After Another (2025),9,0.059155093,5111,,,,
OBAA-12512,"https://ptannotated.com/iiif/obaa/obaa-12512/tiles/full/300,169/0/default.jpg",One Battle After Another (2025),9,0.059166667,5112,,,,
OBAA-12520,"https://ptannotated.com/iiif/obaa/obaa-12520/tiles/full/300,169/0/default.jpg",One Battle After Another (2025),9,0.059259259,5120,,,,
OBAA-12526,"https://ptannotated.com/iiif/obaa/obaa-12526/tiles/full/300,169/0/default.jpg",One Battle After Another (2025),9,0.059328704,5126,,,,
OBAA-12527,"https://ptannotated.com/iiif/obaa/obaa-12527/tiles/full/300,169/0/default.jpg",One Battle After Another (2025),9,0.059340278,5127,,,,
OBAA-12530,"https://ptannotated.com/iiif/obaa/obaa-12530/tiles/full/300,169/0/default.jpg",One Battle After Another (2025),9,0.059375,5130,,,,
OBAA-12546,"https://ptannotated.com/iiif/obaa/obaa-12546/tiles/full/300,169/0/default.jpg",One Battle After Another (2025),9,0.059560185,5146,,,,
OBAA-12554,"https://ptannotated.com/iiif/obaa/obaa-12554/tiles/full/300,169/0/default.jpg",One Battle After Another (2025),9,0.059652778,5154,,,,
OBAA-12555,"https://ptannotated.com/iiif/obaa/obaa-12555/tiles/full/300,169/0/default.jpg",One Battle After Another (2025),9,0.059664352,5155,,,,
OBAA-12605,"https://ptannotated.com/iiif/obaa/obaa-12605/tiles/full/300,169/0/default.jpg",One Battle After Another (2025),9,0.059780093,5165,,,,
OBAA-12612,"https://ptannotated.com/iiif/obaa/obaa-12612/tiles/full/300,169/0/default.jpg",One Battle After Another (2025),9,0.059861111,5172,,,,
OBAA-12623,"https://ptannotated.com/iiif/obaa/obaa-12623/tiles/full/300,169/0/default.jpg",One Battle After Another (2025),9,0.059988426,5183,,,,
OBAA-12636,"https://ptannotated.com/iiif/obaa/obaa-12636/tiles/full/300,169/0/default.jpg",One Battle After Another (2025),9,0.060138889,5196,,,,
OBAA-12649,"https://ptannotated.com/iiif/obaa/obaa-12649/tiles/full/300,169/0/default.jpg",One Battle After Another (2025),9,0.060289352,5209,,,,
OBAA-12655,"https://ptannotated.com/iiif/obaa/obaa-12655/tiles/full/300,169/0/default.jpg",One Battle After Another (2025),9,0.060358796,5215,,,,
OBAA-12706,"https://ptannotated.com/iiif/obaa/obaa-12706/tiles/full/300,169/0/default.jpg",One Battle After Another (2025),9,0.060486111,5226,,,,
OBAA-12707,"https://ptannotated.com/iiif/obaa/obaa-12707/tiles/full/300,169/0/default.jpg",One Battle After Another (2025),9,0.060497685,5227,,,,
OBAA-12712,"https://ptannotated.com/iiif/obaa/obaa-12712/tiles/full/300,169/0/default.jpg",One Battle After Another (2025),9,0.060555556,5232,,,,
OBAA-12716,"https://ptannotated.com/iiif/obaa/obaa-12716/tiles/full/300,169/0/default.jpg",One Battle After Another (2025),9,0.060601852,5236,,,,
OBAA-12720,"https://ptannotated.com/iiif/obaa/obaa-12720/tiles/full/300,169/0/default.jpg",One Battle After Another (2025),9,0.060648148,5240,,,,
OBAA-12722,"https://ptannotated.com/iiif/obaa/obaa-12722/tiles/full/300,169/0/default.jpg",One Battle After Another (2025),9,0.060671296,5242,,,,
OBAA-12730,"https://ptannotated.com/iiif/obaa/obaa-12730/tiles/full/300,169/0/default.jpg",One Battle After Another (2025),9,0.060763889,5250,,,,
OBAA-12733,"https://ptannotated.com/iiif/obaa/obaa-12733/tiles/full/300,169/0/default.jpg",One Battle After Another (2025),9,0.060798611,5253,,,,
OBAA-12736,"https://ptannotated.com/iiif/obaa/obaa-12736/tiles/full/300,169/0/default.jpg",One Battle After Another (2025),9,0.060833333,5256,,,,
OBAA-12737,"https://ptannotated.com/iiif/obaa/obaa-12737/tiles/full/300,169/0/default.jpg",One Battle After Another (2025),9,0.060844907,5257,,,,
OBAA-12738,"https://ptannotated.com/iiif/obaa/obaa-12738/tiles/full/300,169/0/default.jpg",One Battle After Another (2025),9,0.060856481,5258,,,,
OBAA-12751,"https://ptannotated.com/iiif/obaa/obaa-12751/tiles/full/300,169/0/default.jpg",One Battle After Another (2025),9,0.061006944,5271,,,,
OBAA-12805,"https://ptannotated.com/iiif/obaa/obaa-12805/tiles/full/300,169/0/default.jpg",One Battle After Another (2025),9,0.061168981,5285,,,,
OBAA-12809,"https://ptannotated.com/iiif/obaa/obaa-12809/tiles/full/300,169/0/default.jpg",One Battle After Another (2025),9,0.061215278,5289,,,,
OBAA-12831,"https://ptannotated.com/iiif/obaa/obaa-12831/tiles/full/300,169/0/default.jpg",One Battle After Another (2025),9,0.061469907,5311,,,,
OBAA-12836,"https://ptannotated.com/iiif/obaa/obaa-12836/tiles/full/300,169/0/default.jpg",One Battle After Another (2025),9,0.061527778,5316,,,,
OBAA-12837,"https://ptannotated.com/iiif/obaa/obaa-12837/tiles/full/300,169/0/default.jpg",One Battle After Another (2025),9,0.061539352,5317,,,,
OBAA-12843,"https://ptannotated.com/iiif/obaa/obaa-12843/tiles/full/300,169/0/default.jpg",One Battle After Another (2025),9,0.061608796,5323,,,,
OBAA-12844,"https://ptannotated.com/iiif/obaa/obaa-12844/tiles/full/300,169/0/default.jpg",One Battle After Another (2025),9,0.06162037,5324,,,,
OBAA-12849,"https://ptannotated.com/iiif/obaa/obaa-12849/tiles/full/300,169/0/default.jpg",One Battle After Another (2025),9,0.061678241,5329,,,,
OBAA-12854,"https://ptannotated.com/iiif/obaa/obaa-12854/tiles/full/300,169/0/default.jpg",One Battle After Another (2025),9,0.061736111,5334,,,,
OBAA-12856,"https://ptannotated.com/iiif/obaa/obaa-12856/tiles/full/300,169/0/default.jpg",One Battle After Another (2025),9,0.061759259,5336,,,,
OBAA-12901,"https://ptannotated.com/iiif/obaa/obaa-12901/tiles/full/300,169/0/default.jpg",One Battle After Another (2025),9,0.06181713,5341,,,,
OBAA-12910,"https://ptannotated.com/iiif/obaa/obaa-12910/tiles/full/300,169/0/default.jpg",One Battle After Another (2025),9,0.061921296,5350,,,,
OBAA-12934,"https://ptannotated.com/iiif/obaa/obaa-12934/tiles/full/300,169/0/default.jpg",One Battle After Another (2025),9,0.062199074,5374,,,,
OBAA-12939,"https://ptannotated.com/iiif/obaa/obaa-12939/tiles/full/300,169/0/default.jpg",One Battle After Another (2025),9,0.062256944,5379,,,,
OBAA-12942,"https://ptannotated.com/iiif/obaa/obaa-12942/tiles/full/300,169/0/default.jpg",One Battle After Another (2025),9,0.062291667,5382,,,,
OBAA-12954,"https://ptannotated.com/iiif/obaa/obaa-12954/tiles/full/300,169/0/default.jpg",One Battle After Another (2025),9,0.062430556,5394,,,,
OBAA-13006,"https://ptannotated.com/iiif/obaa/obaa-13006/tiles/full/300,169/0/default.jpg",One Battle After Another (2025),9,0.062569444,5406,,,,
OBAA-13011,"https://ptannotated.com/iiif/obaa/obaa-13011/tiles/full/300,169/0/default.jpg",One Battle After Another (2025),9,0.062627315,5411,,,,
OBAA-13019,"https://ptannotated.com/iiif/obaa/obaa-13019/tiles/full/300,169/0/default.jpg",One Battle After Another (2025),9,0.062719907,5419,,,,
OBAA-13026,"https://ptannotated.com/iiif/obaa/obaa-13026/tiles/full/300,169/0/default.jpg",One Battle After Another (2025),9,0.062800926,5426,,,,
OBAA-13051,"https://ptannotated.com/iiif/obaa/obaa-13051/tiles/full/300,169/0/default.jpg",One Battle After Another (2025),9,0.063090278,5451,,,,
OBAA-13052,"https://ptannotated.com/iiif/obaa/obaa-13052/tiles/full/300,169/0/default.jpg",One Battle After Another (2025),10,0.063101852,5452,,,,
OBAA-13058,"https://ptannotated.com/iiif/obaa/obaa-13058/tiles/full/300,169/0/default.jpg",One Battle After Another (2025),10,0.063171296,5458,,,,
OBAA-13106,"https://ptannotated.com/iiif/obaa/obaa-13106/tiles/full/300,169/0/default.jpg",One Battle After Another (2025),10,0.062569444,5406,,,,
OBAA-13112,"https://ptannotated.com/iiif/obaa/obaa-13112/tiles/full/300,169/0/default.jpg",One Battle After Another (2025),10,0.063333333,5472,,,,
OBAA-13118,"https://ptannotated.com/iiif/obaa/obaa-13118/tiles/full/300,169/0/default.jpg",One Battle After Another (2025),10,0.063402778,5478,,,,
OBAA-13130,"https://ptannotated.com/iiif/obaa/obaa-13130/tiles/full/300,169/0/default.jpg",One Battle After Another (2025),10,0.063541667,5490,,,,
OBAA-13133,"https://ptannotated.com/iiif/obaa/obaa-13133/tiles/full/300,169/0/default.jpg",One Battle After Another (2025),10,0.063576389,5493,,,,
OBAA-13146,"https://ptannotated.com/iiif/obaa/obaa-13146/tiles/full/300,169/0/default.jpg",One Battle After Another (2025),10,0.063726852,5506,,,,
OBAA-13157,"https://ptannotated.com/iiif/obaa/obaa-13157/tiles/full/300,169/0/default.jpg",One Battle After Another (2025),10,0.063854167,5517,,,,
OBAA-13202,"https://ptannotated.com/iiif/obaa/obaa-13202/tiles/full/300,169/0/default.jpg",One Battle After Another (2025),10,0.063912037,5522,,,,
OBAA-13253,"https://ptannotated.com/iiif/obaa/obaa-13253/tiles/full/300,169/0/default.jpg",One Battle After Another (2025),10,0.064502315,5573,,,,
OBAA-13301,"https://ptannotated.com/iiif/obaa/obaa-13301/tiles/full/300,169/0/default.jpg",One Battle After Another (2025),10,0.064594907,5581,,,,
OBAA-13309,"https://ptannotated.com/iiif/obaa/obaa-13309/tiles/full/300,169/0/default.jpg",One Battle After Another (2025),10,0.0646875,5589,,,,
OBAA-13329,"https://ptannotated.com/iiif/obaa/obaa-13329/tiles/full/300,169/0/default.jpg",One Battle After Another (2025),10,0.064918981,5609,,,,
OBAA-13333,"https://ptannotated.com/iiif/obaa/obaa-13333/tiles/full/300,169/0/default.jpg",One Battle After Another (2025),10,0.064965278,5613,,,,
OBAA-13336,"https://ptannotated.com/iiif/obaa/obaa-13336/tiles/full/300,169/0/default.jpg",One Battle After Another (2025),10,0.065,5616,,,,
OBAA-13349,"https://ptannotated.com/iiif/obaa/obaa-13349/tiles/full/300,169/0/default.jpg",One Battle After Another (2025),10,0.065150463,5629,,,,
OBAA-13351,"https://ptannotated.com/iiif/obaa/obaa-13351/tiles/full/300,169/0/default.jpg",One Battle After Another (2025),10,0.065173611,5631,,,,
OBAA-13415,"https://ptannotated.com/iiif/obaa/obaa-13415/tiles/full/300,169/0/default.jpg",One Battle After Another (2025),10,0.065451389,5655,,,,
OBAA-13423,"https://ptannotated.com/iiif/obaa/obaa-13423/tiles/full/300,169/0/default.jpg",One Battle After Another (2025),10,0.065543981,5663,,,,
OBAA-13427,"https://ptannotated.com/iiif/obaa/obaa-13427/tiles/full/300,169/0/default.jpg",One Battle After Another (2025),10,0.065590278,5667,,,,
OBAA-13431,"https://ptannotated.com/iiif/obaa/obaa-13431/tiles/full/300,169/0/default.jpg",One Battle After Another (2025),10,0.065636574,5671,,,,
OBAA-13437,"https://ptannotated.com/iiif/obaa/obaa-13437/tiles/full/300,169/0/default.jpg",One Battle After Another (2025),10,0.065706019,5677,,,,
OBAA-13442,"https://ptannotated.com/iiif/obaa/obaa-13442/tiles/full/300,169/0/default.jpg",One Battle After Another (2025),10,0.065763889,5682,,,,
OBAA-13455,"https://ptannotated.com/iiif/obaa/obaa-13455/tiles/full/300,169/0/default.jpg",One Battle After Another (2025),10,0.065914352,5695,,,,
OBAA-13503,"https://ptannotated.com/iiif/obaa/obaa-13503/tiles/full/300,169/0/default.jpg",One Battle After Another (2025),10,0.066006944,5703,,,,
OBAA-13505,"https://ptannotated.com/iiif/obaa/obaa-13505/tiles/full/300,169/0/default.jpg",One Battle After Another (2025),10,0.066030093,5705,,,,
OBAA-13514,"https://ptannotated.com/iiif/obaa/obaa-13514/tiles/full/300,169/0/default.jpg",One Battle After Another (2025),10,0.066134259,5714,,,,
OBAA-13522,"https://ptannotated.com/iiif/obaa/obaa-13522/tiles/full/300,169/0/default.jpg",One Battle After Another (2025),10,0.066226852,5722,,,,
OBAA-13528,"https://ptannotated.com/iiif/obaa/obaa-13528/tiles/full/300,169/0/default.jpg",One Battle After Another (2025),10,0.066296296,5728,,,,
OBAA-13537,"https://ptannotated.com/iiif/obaa/obaa-13537/tiles/full/300,169/0/default.jpg",One Battle After Another (2025),10,0.066400463,5737,,,,
OBAA-13558,"https://ptannotated.com/iiif/obaa/obaa-13558/tiles/full/300,169/0/default.jpg",One Battle After Another (2025),10,0.066643519,5758,,,,
OBAA-13610,"https://ptannotated.com/iiif/obaa/obaa-13610/tiles/full/300,169/0/default.jpg",One Battle After Another (2025),10,0.066782407,5770,,,,
OBAA-13622,"https://ptannotated.com/iiif/obaa/obaa-13622/tiles/full/300,169/0/default.jpg",One Battle After Another (2025),10,0.066921296,5782,,,,
OBAA-13633,"https://ptannotated.com/iiif/obaa/obaa-13633/tiles/full/300,169/0/default.jpg",One Battle After Another (2025),10,0.067048611,5793,,,,
OBAA-13639,"https://ptannotated.com/iiif/obaa/obaa-13639/tiles/full/300,169/0/default.jpg",One Battle After Another (2025),10,0.067118056,5799,,,,
OBAA-13643,"https://ptannotated.com/iiif/obaa/obaa-13643/tiles/full/300,169/0/default.jpg",One Battle After Another (2025),10,0.067164352,5803,,,,
OBAA-13651,"https://ptannotated.com/iiif/obaa/obaa-13651/tiles/full/300,169/0/default.jpg",One Battle After Another (2025),10,0.067256944,5811,,,,
OBAA-13744,"https://ptannotated.com/iiif/obaa/obaa-13744/tiles/full/300,169/0/default.jpg",One Battle After Another (2025),10,0.06787037,5864,,,,
OBAA-13825,"https://ptannotated.com/iiif/obaa/obaa-13825/tiles/full/300,169/0/default.jpg",One Battle After Another (2025),10,0.068344907,5905,,,,
OBAA-13932,"https://ptannotated.com/iiif/obaa/obaa-13932/tiles/full/300,169/0/default.jpg",One Battle After Another (2025),10,0.06912037,5972,,,,
OBAA-13941,"https://ptannotated.com/iiif/obaa/obaa-13941/tiles/full/300,169/0/default.jpg",One Battle After Another (2025),10,0.069224537,5981,,,,
OBAA-13951,"https://ptannotated.com/iiif/obaa/obaa-13951/tiles/full/300,169/0/default.jpg",One Battle After Another (2025),10,0.069340278,5991,,,,
OBAA-14008,"https://ptannotated.com/iiif/obaa/obaa-14008/tiles/full/300,169/0/default.jpg",One Battle After Another (2025),10,0.069537037,6008,,,,
OBAA-14012,"https://ptannotated.com/iiif/obaa/obaa-14012/tiles/full/300,169/0/default.jpg",One Battle After Another (2025),10,0.069583333,6012,,,,
OBAA-14025,"https://ptannotated.com/iiif/obaa/obaa-14025/tiles/full/300,169/0/default.jpg",One Battle After Another (2025),10,0.069467593,6002,,,,
OBAA-14038,"https://ptannotated.com/iiif/obaa/obaa-14038/tiles/full/300,169/0/default.jpg",One Battle After Another (2025),10,0.069884259,6038,,,,
OBAA-14144,"https://ptannotated.com/iiif/obaa/obaa-14144/tiles/full/300,169/0/default.jpg",One Battle After Another (2025),10,0.070648148,6104,,,,
OBAA-14146,"https://ptannotated.com/iiif/obaa/obaa-14146/tiles/full/300,169/0/default.jpg",One Battle After Another (2025),11,0.070671296,6106,,,,
OBAA-14151,"https://ptannotated.com/iiif/obaa/obaa-14151/tiles/full/300,169/0/default.jpg",One Battle After Another (2025),11,0.070138889,6060,,,,
OBAA-14156,"https://ptannotated.com/iiif/obaa/obaa-14156/tiles/full/300,169/0/default.jpg",One Battle After Another (2025),11,0.070787037,6116,,,,
OBAA-14206,"https://ptannotated.com/iiif/obaa/obaa-14206/tiles/full/300,169/0/default.jpg",One Battle After Another (2025),11,0.071365741,6166,,,,
OBAA-14210,"https://ptannotated.com/iiif/obaa/obaa-14210/tiles/full/300,169/0/default.jpg",One Battle After Another (2025),11,0.070949074,6130,,,,
OBAA-14220,"https://ptannotated.com/iiif/obaa/obaa-14220/tiles/full/300,169/0/default.jpg",One Battle After Another (2025),11,0.071064815,6140,,,,
OBAA-14227,"https://ptannotated.com/iiif/obaa/obaa-14227/tiles/full/300,169/0/default.jpg",One Battle After Another (2025),11,0.071145833,6147,,,,
OBAA-14232,"https://ptannotated.com/iiif/obaa/obaa-14232/tiles/full/300,169/0/default.jpg",One Battle After Another (2025),11,0.071203704,6152,,,,
OBAA-14248,"https://ptannotated.com/iiif/obaa/obaa-14248/tiles/full/300,169/0/default.jpg",One Battle After Another (2025),11,0.071388889,6168,,,,
OBAA-14313,"https://ptannotated.com/iiif/obaa/obaa-14313/tiles/full/300,169/0/default.jpg",One Battle After Another (2025),11,0.071678241,6193,,,,
OBAA-14316,"https://ptannotated.com/iiif/obaa/obaa-14316/tiles/full/300,169/0/default.jpg",One Battle After Another (2025),11,0.071712963,6196,,,,
OBAA-14319,"https://ptannotated.com/iiif/obaa/obaa-14319/tiles/full/300,169/0/default.jpg",One Battle After Another (2025),11,0.071747685,6199,,,,
OBAA-14325,"https://ptannotated.com/iiif/obaa/obaa-14325/tiles/full/300,169/0/default.jpg",One Battle After Another (2025),11,0.07181713,6205,,,,
OBAA-14327,"https://ptannotated.com/iiif/obaa/obaa-14327/tiles/full/300,169/0/default.jpg",One Battle After Another (2025),11,0.071840278,6207,,,,
OBAA-14411,"https://ptannotated.com/iiif/obaa/obaa-14411/tiles/full/300,169/0/default.jpg",One Battle After Another (2025),11,0.072349537,6251,,,,
OBAA-14415,"https://ptannotated.com/iiif/obaa/obaa-14415/tiles/full/300,169/0/default.jpg",One Battle After Another (2025),11,0.072395833,6255,,,,
OBAA-14418,"https://ptannotated.com/iiif/obaa/obaa-14418/tiles/full/300,169/0/default.jpg",One Battle After Another (2025),11,0.072430556,6258,,,,
OBAA-14420,"https://ptannotated.com/iiif/obaa/obaa-14420/tiles/full/300,169/0/default.jpg",One Battle After Another (2025),11,0.072453704,6260,,,,
OBAA-14425,"https://ptannotated.com/iiif/obaa/obaa-14425/tiles/full/300,169/0/default.jpg",One Battle After Another (2025),11,0.072511574,6265,,,,
OBAA-14434,"https://ptannotated.com/iiif/obaa/obaa-14434/tiles/full/300,169/0/default.jpg",One Battle After Another (2025),11,0.072615741,6274,,,,
OBAA-14437,"https://ptannotated.com/iiif/obaa/obaa-14437/tiles/full/300,169/0/default.jpg",One Battle After Another (2025),11,0.072650463,6277,,,,
OBAA-14438,"https://ptannotated.com/iiif/obaa/obaa-14438/tiles/full/300,169/0/default.jpg",One Battle After Another (2025),11,0.072662037,6278,,,,
OBAA-14440,"https://ptannotated.com/iiif/obaa/obaa-14440/tiles/full/300,169/0/default.jpg",One Battle After Another (2025),11,0.072685185,6280,,,,
OBAA-14442,"https://ptannotated.com/iiif/obaa/obaa-14442/tiles/full/300,169/0/default.jpg",One Battle After Another (2025),11,0.072708333,6282,,,,
OBAA-14446,"https://ptannotated.com/iiif/obaa/obaa-14446/tiles/full/300,169/0/default.jpg",One Battle After Another (2025),11,0.07275463,6286,,,,
OBAA-14448,"https://ptannotated.com/iiif/obaa/obaa-14448/tiles/full/300,169/0/default.jpg",One Battle After Another (2025),11,0.072777778,6288,,,,
OBAA-14451,"https://ptannotated.com/iiif/obaa/obaa-14451/tiles/full/300,169/0/default.jpg",One Battle After Another (2025),11,0.0728125,6291,,,,
OBAA-14456,"https://ptannotated.com/iiif/obaa/obaa-14456/tiles/full/300,169/0/default.jpg",One Battle After Another (2025),11,0.07287037,6296,,,,
OBAA-14459,"https://ptannotated.com/iiif/obaa/obaa-14459/tiles/full/300,169/0/default.jpg",One Battle After Another (2025),11,0.072905093,6299,,,,
OBAA-14503,"https://ptannotated.com/iiif/obaa/obaa-14503/tiles/full/300,169/0/default.jpg",One Battle After Another (2025),11,0.072951389,6303,,,,
OBAA-14505,"https://ptannotated.com/iiif/obaa/obaa-14505/tiles/full/300,169/0/default.jpg",One Battle After Another (2025),11,0.072974537,6305,,,,
OBAA-14511,"https://ptannotated.com/iiif/obaa/obaa-14511/tiles/full/300,169/0/default.jpg",One Battle After Another (2025),11,0.073043981,6311,,,,
OBAA-14515,"https://ptannotated.com/iiif/obaa/obaa-14515/tiles/full/300,169/0/default.jpg",One Battle After Another (2025),11,0.073090278,6315,,,,
OBAA-14535,"https://ptannotated.com/iiif/obaa/obaa-14535/tiles/full/300,169/0/default.jpg",One Battle After Another (2025),11,0.073321759,6335,,,,
OBAA-14538,"https://ptannotated.com/iiif/obaa/obaa-14538/tiles/full/300,169/0/default.jpg",One Battle After Another (2025),11,0.073356481,6338,,,,
OBAA-14546,"https://ptannotated.com/iiif/obaa/obaa-14546/tiles/full/300,169/0/default.jpg",One Battle After Another (2025),11,0.073449074,6346,,,,
OBAA-14549,"https://ptannotated.com/iiif/obaa/obaa-14549/tiles/full/300,169/0/default.jpg",One Battle After Another (2025),11,0.073483796,6349,,,,
OBAA-14552,"https://ptannotated.com/iiif/obaa/obaa-14552/tiles/full/300,169/0/default.jpg",One Battle After Another (2025),11,0.073518519,6352,,,,
OBAA-14554,"https://ptannotated.com/iiif/obaa/obaa-14554/tiles/full/300,169/0/default.jpg",One Battle After Another (2025),11,0.073541667,6354,,,,
OBAA-14557,"https://ptannotated.com/iiif/obaa/obaa-14557/tiles/full/300,169/0/default.jpg",One Battle After Another (2025),11,0.073576389,6357,,,,
OBAA-14559,"https://ptannotated.com/iiif/obaa/obaa-14559/tiles/full/300,169/0/default.jpg",One Battle After Another (2025),11,0.073599537,6359,,,,
OBAA-14615,"https://ptannotated.com/iiif/obaa/obaa-14615/tiles/full/300,169/0/default.jpg",One Battle After Another (2025),11,0.073784722,6375,,,,
OBAA-14621,"https://ptannotated.com/iiif/obaa/obaa-14621/tiles/full/300,169/0/default.jpg",One Battle After Another (2025),11,0.073854167,6381,,,,
OBAA-14648,"https://ptannotated.com/iiif/obaa/obaa-14648/tiles/full/300,169/0/default.jpg",One Battle After Another (2025),11,0.074166667,6408,,,,
OBAA-14651,"https://ptannotated.com/iiif/obaa/obaa-14651/tiles/full/300,169/0/default.jpg",One Battle After Another (2025),12,0.074201389,6411,,,,
OBAA-14700,"https://ptannotated.com/iiif/obaa/obaa-14700/tiles/full/300,169/0/default.jpg",One Battle After Another (2025),12,0.074305556,6420,,,,
OBAA-14705,"https://ptannotated.com/iiif/obaa/obaa-14705/tiles/full/300,169/0/default.jpg",One Battle After Another (2025),12,0.074363426,6425,,,,
OBAA-14706,"https://ptannotated.com/iiif/obaa/obaa-14706/tiles/full/300,169/0/default.jpg",One Battle After Another (2025),12,0.074375,6426,,,,
OBAA-14709,"https://ptannotated.com/iiif/obaa/obaa-14709/tiles/full/300,169/0/default.jpg",One Battle After Another (2025),12,0.074409722,6429,,,,
OBAA-14711,"https://ptannotated.com/iiif/obaa/obaa-14711/tiles/full/300,169/0/default.jpg",One Battle After Another (2025),12,0.07443287,6431,,,,
OBAA-14719,"https://ptannotated.com/iiif/obaa/obaa-14719/tiles/full/300,169/0/default.jpg",One Battle After Another (2025),12,0.074525463,6439,,,,
OBAA-14730,"https://ptannotated.com/iiif/obaa/obaa-14730/tiles/full/300,169/0/default.jpg",One Battle After Another (2025),12,0.074652778,6450,,,,
OBAA-14732,"https://ptannotated.com/iiif/obaa/obaa-14732/tiles/full/300,169/0/default.jpg",One Battle After Another (2025),12,0.074675926,6452,,,,
OBAA-14733,"https://ptannotated.com/iiif/obaa/obaa-14733/tiles/full/300,169/0/default.jpg",One Battle After Another (2025),12,0.0746875,6453,,,,
OBAA-14741,"https://ptannotated.com/iiif/obaa/obaa-14741/tiles/full/300,169/0/default.jpg",One Battle After Another (2025),12,0.074780093,6461,,,,
OBAA-14742,"https://ptannotated.com/iiif/obaa/obaa-14742/tiles/full/300,169/0/default.jpg",One Battle After Another (2025),12,0.074791667,6462,,,,
OBAA-14743,"https://ptannotated.com/iiif/obaa/obaa-14743/tiles/full/300,169/0/default.jpg",One Battle After Another (2025),12,0.074803241,6463,,,,
OBAA-14748,"https://ptannotated.com/iiif/obaa/obaa-14748/tiles/full/300,169/0/default.jpg",One Battle After Another (2025),12,0.074861111,6468,,,,
OBAA-14750,"https://ptannotated.com/iiif/obaa/obaa-14750/tiles/full/300,169/0/default.jpg",One Battle After Another (2025),12,0.074884259,6470,,,,
OBAA-14801,"https://ptannotated.com/iiif/obaa/obaa-14801/tiles/full/300,169/0/default.jpg",One Battle After Another (2025),12,0.075011574,6481,,,,
OBAA-14814,"https://ptannotated.com/iiif/obaa/obaa-14814/tiles/full/300,169/0/default.jpg",One Battle After Another (2025),12,0.075162037,6494,,,,
OBAA-14834,"https://ptannotated.com/iiif/obaa/obaa-14834/tiles/full/300,169/0/default.jpg",One Battle After Another (2025),12,0.075393519,6514,,,,
OBAA-14840,"https://ptannotated.com/iiif/obaa/obaa-14840/tiles/full/300,169/0/default.jpg",One Battle After Another (2025),12,0.075462963,6520,,,,
OBAA-14850,"https://ptannotated.com/iiif/obaa/obaa-14850/tiles/full/300,169/0/default.jpg",One Battle After Another (2025),12,0.075578704,6530,,,,
OBAA-14851,"https://ptannotated.com/iiif/obaa/obaa-14851/tiles/full/300,169/0/default.jpg",One Battle After Another (2025),12,0.075590278,6531,,,,
OBAA-14856,"https://ptannotated.com/iiif/obaa/obaa-14856/tiles/full/300,169/0/default.jpg",One Battle After Another (2025),12,0.075648148,6536,,,,
OBAA-14858,"https://ptannotated.com/iiif/obaa/obaa-14858/tiles/full/300,169/0/default.jpg",One Battle After Another (2025),12,0.075671296,6538,,,,
OBAA-14902,"https://ptannotated.com/iiif/obaa/obaa-14902/tiles/full/300,169/0/default.jpg",One Battle After Another (2025),12,0.075717593,6542,,,,
OBAA-14906,"https://ptannotated.com/iiif/obaa/obaa-14906/tiles/full/300,169/0/default.jpg",One Battle After Another (2025),12,0.075763889,6546,,,,
OBAA-14910,"https://ptannotated.com/iiif/obaa/obaa-14910/tiles/full/300,169/0/default.jpg",One Battle After Another (2025),12,0.075810185,6550,,,,
OBAA-14911,"https://ptannotated.com/iiif/obaa/obaa-14911/tiles/full/300,169/0/default.jpg",One Battle After Another (2025),12,0.075821759,6551,,,,
OBAA-14914,"https://ptannotated.com/iiif/obaa/obaa-14914/tiles/full/300,169/0/default.jpg",One Battle After Another (2025),12,0.075856481,6554,,,,
OBAA-14920,"https://ptannotated.com/iiif/obaa/obaa-14920/tiles/full/300,169/0/default.jpg",One Battle After Another (2025),12,0.075925926,6560,,,,
OBAA-14923,"https://ptannotated.com/iiif/obaa/obaa-14923/tiles/full/300,169/0/default.jpg",One Battle After Another (2025),12,0.075960648,6563,,,,
OBAA-14926,"https://ptannotated.com/iiif/obaa/obaa-14926/tiles/full/300,169/0/default.jpg",One Battle After Another (2025),12,0.07599537,6566,,,,
OBAA-14939,"https://ptannotated.com/iiif/obaa/obaa-14939/tiles/full/300,169/0/default.jpg",One Battle After Another (2025),12,0.076145833,6579,,,,
OBAA-14941,"https://ptannotated.com/iiif/obaa/obaa-14941/tiles/full/300,169/0/default.jpg",One Battle After Another (2025),12,0.076168981,6581,,,,
OBAA-14946,"https://ptannotated.com/iiif/obaa/obaa-14946/tiles/full/300,169/0/default.jpg",One Battle After Another (2025),12,0.076226852,6586,,,,
OBAA-14950,"https://ptannotated.com/iiif/obaa/obaa-14950/tiles/full/300,169/0/default.jpg",One Battle After Another (2025),12,0.076273148,6590,,,,
OBAA-14957,"https://ptannotated.com/iiif/obaa/obaa-14957/tiles/full/300,169/0/default.jpg",One Battle After Another (2025),12,0.076238426,6587,,,,
OBAA-15003,"https://ptannotated.com/iiif/obaa/obaa-15003/tiles/full/300,169/0/default.jpg",One Battle After Another (2025),12,0.076423611,6603,,,,
OBAA-15004,"https://ptannotated.com/iiif/obaa/obaa-15004/tiles/full/300,169/0/default.jpg",One Battle After Another (2025),12,0.076435185,6604,,,,
OBAA-15013,"https://ptannotated.com/iiif/obaa/obaa-15013/tiles/full/300,169/0/default.jpg",One Battle After Another (2025),12,0.076539352,6613,,,,
OBAA-15020,"https://ptannotated.com/iiif/obaa/obaa-15020/tiles/full/300,169/0/default.jpg",One Battle After Another (2025),12,0.07662037,6620,,,,
OBAA-15023,"https://ptannotated.com/iiif/obaa/obaa-15023/tiles/full/300,169/0/default.jpg",One Battle After Another (2025),12,0.076655093,6623,,,,
OBAA-15103,"https://ptannotated.com/iiif/obaa/obaa-15103/tiles/full/300,169/0/default.jpg",One Battle After Another (2025),12,0.077118056,6663,,,,
OBAA-15118,"https://ptannotated.com/iiif/obaa/obaa-15118/tiles/full/300,169/0/default.jpg",One Battle After Another (2025),12,0.077291667,6678,,,,
OBAA-15142,"https://ptannotated.com/iiif/obaa/obaa-15142/tiles/full/300,169/0/default.jpg",One Battle After Another (2025),12,0.077569444,6702,,,,
OBAA-15155,"https://ptannotated.com/iiif/obaa/obaa-15155/tiles/full/300,169/0/default.jpg",One Battle After Another (2025),12,0.077719907,6715,,,,
OBAA-15201,"https://ptannotated.com/iiif/obaa/obaa-15201/tiles/full/300,169/0/default.jpg",One Battle After Another (2025),12,0.077789352,6721,,,,
OBAA-15222,"https://ptannotated.com/iiif/obaa/obaa-15222/tiles/full/300,169/0/default.jpg",One Battle After Another (2025),12,0.078032407,6742,,,,
OBAA-15223,"https://ptannotated.com/iiif/obaa/obaa-15223/tiles/full/300,169/0/default.jpg",One Battle After Another (2025),12,0.078043981,6743,,,,
OBAA-15225,"https://ptannotated.com/iiif/obaa/obaa-15225/tiles/full/300,169/0/default.jpg",One Battle After Another (2025),12,0.07806713,6745,,,,
OBAA-15248,"https://ptannotated.com/iiif/obaa/obaa-15248/tiles/full/300,169/0/default.jpg",One Battle After Another (2025),12,0.078333333,6768,,,,
OBAA-15312,"https://ptannotated.com/iiif/obaa/obaa-15312/tiles/full/300,169/0/default.jpg",One Battle After Another (2025),12,0.078611111,6792,,,,
OBAA-15320,"https://ptannotated.com/iiif/obaa/obaa-15320/tiles/full/300,169/0/default.jpg",One Battle After Another (2025),12,0.078703704,6800,,,,
OBAA-15323,"https://ptannotated.com/iiif/obaa/obaa-15323/tiles/full/300,169/0/default.jpg",One Battle After Another (2025),12,0.078738426,6803,,,,
OBAA-15330,"https://ptannotated.com/iiif/obaa/obaa-15330/tiles/full/300,169/0/default.jpg",One Battle After Another (2025),12,0.078472222,6780,,,,
OBAA-15401,"https://ptannotated.com/iiif/obaa/obaa-15401/tiles/full/300,169/0/default.jpg",One Battle After Another (2025),12,0.079178241,6841,,,,
OBAA-15407,"https://ptannotated.com/iiif/obaa/obaa-15407/tiles/full/300,169/0/default.jpg",One Battle After Another (2025),12,0.079247685,6847,,,,
OBAA-15424,"https://ptannotated.com/iiif/obaa/obaa-15424/tiles/full/300,169/0/default.jpg",One Battle After Another (2025),12,0.079444444,6864,,,,
OBAA-15428,"https://ptannotated.com/iiif/obaa/obaa-15428/tiles/full/300,169/0/default.jpg",One Battle After Another (2025),12,0.079490741,6868,,,,
OBAA-15433,"https://ptannotated.com/iiif/obaa/obaa-15433/tiles/full/300,169/0/default.jpg",One Battle After Another (2025),12,0.079548611,6873,,,,
OBAA-15450,"https://ptannotated.com/iiif/obaa/obaa-15450/tiles/full/300,169/0/default.jpg",One Battle After Another (2025),12,0.07974537,6890,,,,
OBAA-15459,"https://ptannotated.com/iiif/obaa/obaa-15459/tiles/full/300,169/0/default.jpg",One Battle After Another (2025),12,0.079849537,6899,,,,
OBAA-15502,"https://ptannotated.com/iiif/obaa/obaa-15502/tiles/full/300,169/0/default.jpg",One Battle After Another (2025),12,0.079884259,6902,,,,
OBAA-15503,"https://ptannotated.com/iiif/obaa/obaa-15503/tiles/full/300,169/0/default.jpg",One Battle After Another (2025),12,0.079895833,6903,,,,
OBAA-15512,"https://ptannotated.com/iiif/obaa/obaa-15512/tiles/full/300,169/0/default.jpg",One Battle After Another (2025),13,0.08,6912,,,,
OBAA-15525,"https://ptannotated.com/iiif/obaa/obaa-15525/tiles/full/300,169/0/default.jpg",One Battle After Another (2025),13,0.080150463,6925,,,,
OBAA-15606,"https://ptannotated.com/iiif/obaa/obaa-15606/tiles/full/300,169/0/default.jpg",One Battle After Another (2025),13,0.080625,6966,,,,
OBAA-15620,"https://ptannotated.com/iiif/obaa/obaa-15620/tiles/full/300,169/0/default.jpg",One Battle After Another (2025),13,0.080787037,6980,,,,
OBAA-15625,"https://ptannotated.com/iiif/obaa/obaa-15625/tiles/full/300,169/0/default.jpg",One Battle After Another (2025),13,0.080844907,6985,,,,
OBAA-15634,"https://ptannotated.com/iiif/obaa/obaa-15634/tiles/full/300,169/0/default.jpg",One Battle After Another (2025),13,0.080555556,6960,,,,
OBAA-15635,"https://ptannotated.com/iiif/obaa/obaa-15635/tiles/full/300,169/0/default.jpg",One Battle After Another (2025),13,0.080960648,6995,,,,
OBAA-15651,"https://ptannotated.com/iiif/obaa/obaa-15651/tiles/full/300,169/0/default.jpg",One Battle After Another (2025),13,0.081145833,7011,,,,
OBAA-15657,"https://ptannotated.com/iiif/obaa/obaa-15657/tiles/full/300,169/0/default.jpg",One Battle After Another (2025),13,0.081215278,7017,,,,
OBAA-15708,"https://ptannotated.com/iiif/obaa/obaa-15708/tiles/full/300,169/0/default.jpg",One Battle After Another (2025),13,0.082604167,7137,,,,
OBAA-15720,"https://ptannotated.com/iiif/obaa/obaa-15720/tiles/full/300,169/0/default.jpg",One Battle After Another (2025),13,0.081481481,7040,,,,
OBAA-15734,"https://ptannotated.com/iiif/obaa/obaa-15734/tiles/full/300,169/0/default.jpg",One Battle After Another (2025),13,0.081643519,7054,,,,
OBAA-15735,"https://ptannotated.com/iiif/obaa/obaa-15735/tiles/full/300,169/0/default.jpg",One Battle After Another (2025),13,0.081655093,7055,,,,
OBAA-15739,"https://ptannotated.com/iiif/obaa/obaa-15739/tiles/full/300,169/0/default.jpg",One Battle After Another (2025),13,0.081701389,7059,,,,
OBAA-15751,"https://ptannotated.com/iiif/obaa/obaa-15751/tiles/full/300,169/0/default.jpg",One Battle After Another (2025),13,0.081840278,7071,,,,
OBAA-15754,"https://ptannotated.com/iiif/obaa/obaa-15754/tiles/full/300,169/0/default.jpg",One Battle After Another (2025),13,0.081875,7074,,,,
OBAA-15755,"https://ptannotated.com/iiif/obaa/obaa-15755/tiles/full/300,169/0/default.jpg",One Battle After Another (2025),13,0.081886574,7075,,,,
OBAA-15757,"https://ptannotated.com/iiif/obaa/obaa-15757/tiles/full/300,169/0/default.jpg",One Battle After Another (2025),13,0.081909722,7077,,,,
OBAA-15759,"https://ptannotated.com/iiif/obaa/obaa-15759/tiles/full/300,169/0/default.jpg",One Battle After Another (2025),13,0.08193287,7079,,,,
OBAA-15811,"https://ptannotated.com/iiif/obaa/obaa-15811/tiles/full/300,169/0/default.jpg",One Battle After Another (2025),13,0.082071759,7091,,,,
OBAA-15814,"https://ptannotated.com/iiif/obaa/obaa-15814/tiles/full/300,169/0/default.jpg",One Battle After Another (2025),13,0.082106481,7094,,,,
OBAA-15817,"https://ptannotated.com/iiif/obaa/obaa-15817/tiles/full/300,169/0/default.jpg",One Battle After Another (2025),13,0.082141204,7097,,,,
OBAA-15820,"https://ptannotated.com/iiif/obaa/obaa-15820/tiles/full/300,169/0/default.jpg",One Battle After Another (2025),13,0.082175926,7100,,,,
OBAA-15824,"https://ptannotated.com/iiif/obaa/obaa-15824/tiles/full/300,169/0/default.jpg",One Battle After Another (2025),13,0.082222222,7104,,,,
OBAA-15827,"https://ptannotated.com/iiif/obaa/obaa-15827/tiles/full/300,169/0/default.jpg",One Battle After Another (2025),13,0.082233796,7105,,,,
OBAA-15830,"https://ptannotated.com/iiif/obaa/obaa-15830/tiles/full/300,169/0/default.jpg",One Battle After Another (2025),13,0.082291667,7110,,,,
OBAA-15833,"https://ptannotated.com/iiif/obaa/obaa-15833/tiles/full/300,169/0/default.jpg",One Battle After Another (2025),13,0.082326389,7113,,,,
OBAA-15837,"https://ptannotated.com/iiif/obaa/obaa-15837/tiles/full/300,169/0/default.jpg",One Battle After Another (2025),13,0.082372685,7117,,,,
OBAA-15842,"https://ptannotated.com/iiif/obaa/obaa-15842/tiles/full/300,169/0/default.jpg",One Battle After Another (2025),13,0.082430556,7122,,,,
OBAA-15848,"https://ptannotated.com/iiif/obaa/obaa-15848/tiles/full/300,169/0/default.jpg",One Battle After Another (2025),13,0.0825,7128,,,,
OBAA-15852,"https://ptannotated.com/iiif/obaa/obaa-15852/tiles/full/300,169/0/default.jpg",One Battle After Another (2025),13,0.082546296,7132,,,,
OBAA-15853,"https://ptannotated.com/iiif/obaa/obaa-15853/tiles/full/300,169/0/default.jpg",One Battle After Another (2025),13,0.08255787,7133,,,,
OBAA-15901,"https://ptannotated.com/iiif/obaa/obaa-15901/tiles/full/300,169/0/default.jpg",One Battle After Another (2025),13,0.082650463,7141,,,,
OBAA-15905,"https://ptannotated.com/iiif/obaa/obaa-15905/tiles/full/300,169/0/default.jpg",One Battle After Another (2025),13,0.082696759,7145,,,,
OBAA-15908,"https://ptannotated.com/iiif/obaa/obaa-15908/tiles/full/300,169/0/default.jpg",One Battle After Another (2025),13,0.082731481,7148,,,,
OBAA-15913,"https://ptannotated.com/iiif/obaa/obaa-15913/tiles/full/300,169/0/default.jpg",One Battle After Another (2025),13,0.082789352,7153,,,,
OBAA-15917,"https://ptannotated.com/iiif/obaa/obaa-15917/tiles/full/300,169/0/default.jpg",One Battle After Another (2025),13,0.082835648,7157,,,,
OBAA-15922,"https://ptannotated.com/iiif/obaa/obaa-15922/tiles/full/300,169/0/default.jpg",One Battle After Another (2025),13,0.082893519,7162,,,,
OBAA-15926,"https://ptannotated.com/iiif/obaa/obaa-15926/tiles/full/300,169/0/default.jpg",One Battle After Another (2025),13,0.082939815,7166,,,,
OBAA-15927,"https://ptannotated.com/iiif/obaa/obaa-15927/tiles/full/300,169/0/default.jpg",One Battle After Another (2025),13,0.082951389,7167,,,,
OBAA-15937,"https://ptannotated.com/iiif/obaa/obaa-15937/tiles/full/300,169/0/default.jpg",One Battle After Another (2025),13,0.08306713,7177,,,,
OBAA-15941,"https://ptannotated.com/iiif/obaa/obaa-15941/tiles/full/300,169/0/default.jpg",One Battle After Another (2025),13,0.083113426,7181,,,,
OBAA-15943,"https://ptannotated.com/iiif/obaa/obaa-15943/tiles/full/300,169/0/default.jpg",One Battle After Another (2025),13,0.083136574,7183,,,,
OBAA-20007,"https://ptannotated.com/iiif/obaa/obaa-20007/tiles/full/300,169/0/default.jpg",One Battle After Another (2025),13,0.083414352,7207,,,,
OBAA-20010,"https://ptannotated.com/iiif/obaa/obaa-20010/tiles/full/300,169/0/default.jpg",One Battle After Another (2025),13,0.083449074,7210,,,,
OBAA-20014,"https://ptannotated.com/iiif/obaa/obaa-20014/tiles/full/300,169/0/default.jpg",One Battle After Another (2025),13,0.08349537,7214,,,,
OBAA-20015,"https://ptannotated.com/iiif/obaa/obaa-20015/tiles/full/300,169/0/default.jpg",One Battle After Another (2025),13,0.083506944,7215,,,,
OBAA-20020,"https://ptannotated.com/iiif/obaa/obaa-20020/tiles/full/300,169/0/default.jpg",One Battle After Another (2025),13,0.083564815,7220,,,,
OBAA-20023,"https://ptannotated.com/iiif/obaa/obaa-20023/tiles/full/300,169/0/default.jpg",One Battle After Another (2025),13,0.083599537,7223,,,,
OBAA-20026,"https://ptannotated.com/iiif/obaa/obaa-20026/tiles/full/300,169/0/default.jpg",One Battle After Another (2025),13,0.083634259,7226,,,,
OBAA-20027,"https://ptannotated.com/iiif/obaa/obaa-20027/tiles/full/300,169/0/default.jpg",One Battle After Another (2025),13,0.083645833,7227,,,,
OBAA-20037,"https://ptannotated.com/iiif/obaa/obaa-20037/tiles/full/300,169/0/default.jpg",One Battle After Another (2025),13,0.083761574,7237,,,,
OBAA-20039,"https://ptannotated.com/iiif/obaa/obaa-20039/tiles/full/300,169/0/default.jpg",One Battle After Another (2025),13,0.083784722,7239,,,,
OBAA-20042,"https://ptannotated.com/iiif/obaa/obaa-20042/tiles/full/300,169/0/default.jpg",One Battle After Another (2025),13,0.083819444,7242,,,,
OBAA-20043,"https://ptannotated.com/iiif/obaa/obaa-20043/tiles/full/300,169/0/default.jpg",One Battle After Another (2025),13,0.083831019,7243,,,,
OBAA-20047,"https://ptannotated.com/iiif/obaa/obaa-20047/tiles/full/300,169/0/default.jpg",One Battle After Another (2025),13,0.083877315,7247,,,,
OBAA-20049,"https://ptannotated.com/iiif/obaa/obaa-20049/tiles/full/300,169/0/default.jpg",One Battle After Another (2025),13,0.083900463,7249,,,,
OBAA-20051,"https://ptannotated.com/iiif/obaa/obaa-20051/tiles/full/300,169/0/default.jpg",One Battle After Another (2025),13,0.083923611,7251,,,,
OBAA-20055,"https://ptannotated.com/iiif/obaa/obaa-20055/tiles/full/300,169/0/default.jpg",One Battle After Another (2025),13,0.083969907,7255,,,,
OBAA-20057,"https://ptannotated.com/iiif/obaa/obaa-20057/tiles/full/300,169/0/default.jpg",One Battle After Another (2025),13,0.083993056,7257,,,,
OBAA-20102,"https://ptannotated.com/iiif/obaa/obaa-20102/tiles/full/300,169/0/default.jpg",One Battle After Another (2025),13,0.084050926,7262,,,,
OBAA-20106,"https://ptannotated.com/iiif/obaa/obaa-20106/tiles/full/300,169/0/default.jpg",One Battle After Another (2025),13,0.084097222,7266,,,,
OBAA-20109,"https://ptannotated.com/iiif/obaa/obaa-20109/tiles/full/300,169/0/default.jpg",One Battle After Another (2025),13,0.084131944,7269,,,,
OBAA-20112,"https://ptannotated.com/iiif/obaa/obaa-20112/tiles/full/300,169/0/default.jpg",One Battle After Another (2025),13,0.084166667,7272,,,,
OBAA-20117,"https://ptannotated.com/iiif/obaa/obaa-20117/tiles/full/300,169/0/default.jpg",One Battle After Another (2025),13,0.084224537,7277,,,,
OBAA-20123,"https://ptannotated.com/iiif/obaa/obaa-20123/tiles/full/300,169/0/default.jpg",One Battle After Another (2025),13,0.084293981,7283,,,,
OBAA-20125,"https://ptannotated.com/iiif/obaa/obaa-20125/tiles/full/300,169/0/default.jpg",One Battle After Another (2025),13,0.085011574,7345,,,,
OBAA-20127,"https://ptannotated.com/iiif/obaa/obaa-20127/tiles/full/300,169/0/default.jpg",One Battle After Another (2025),13,0.084340278,7287,,,,
OBAA-20134,"https://ptannotated.com/iiif/obaa/obaa-20134/tiles/full/300,169/0/default.jpg",One Battle After Another (2025),13,0.084421296,7294,,,,
OBAA-20139,"https://ptannotated.com/iiif/obaa/obaa-20139/tiles/full/300,169/0/default.jpg",One Battle After Another (2025),13,0.084479167,7299,,,,
OBAA-20156,"https://ptannotated.com/iiif/obaa/obaa-20156/tiles/full/300,169/0/default.jpg",One Battle After Another (2025),13,0.084675926,7316,,,,
OBAA-20157,"https://ptannotated.com/iiif/obaa/obaa-20157/tiles/full/300,169/0/default.jpg",One Battle After Another (2025),13,0.0846875,7317,,,,
OBAA-20205,"https://ptannotated.com/iiif/obaa/obaa-20205/tiles/full/300,169/0/default.jpg",One Battle After Another (2025),13,0.084780093,7325,,,,
OBAA-20210,"https://ptannotated.com/iiif/obaa/obaa-20210/tiles/full/300,169/0/default.jpg",One Battle After Another (2025),13,0.084837963,7330,,,,
OBAA-20214,"https://ptannotated.com/iiif/obaa/obaa-20214/tiles/full/300,169/0/default.jpg",One Battle After Another (2025),13,0.084884259,7334,,,,
OBAA-20218,"https://ptannotated.com/iiif/obaa/obaa-20218/tiles/full/300,169/0/default.jpg",One Battle After Another (2025),13,0.084930556,7338,,,,
OBAA-20227,"https://ptannotated.com/iiif/obaa/obaa-20227/tiles/full/300,169/0/default.jpg",One Battle After Another (2025),13,0.085034722,7347,,,,
OBAA-20235,"https://ptannotated.com/iiif/obaa/obaa-20235/tiles/full/300,169/0/default.jpg",One Battle After Another (2025),13,0.085127315,7355,,,,
OBAA-20240,"https://ptannotated.com/iiif/obaa/obaa-20240/tiles/full/300,169/0/default.jpg",One Battle After Another (2025),13,0.085185185,7360,,,,
OBAA-20247,"https://ptannotated.com/iiif/obaa/obaa-20247/tiles/full/300,169/0/default.jpg",One Battle After Another (2025),13,0.085266204,7367,,,,
OBAA-20255,"https://ptannotated.com/iiif/obaa/obaa-20255/tiles/full/300,169/0/default.jpg",One Battle After Another (2025),13,0.085358796,7375,,,,
OBAA-20301,"https://ptannotated.com/iiif/obaa/obaa-20301/tiles/full/300,169/0/default.jpg",One Battle After Another (2025),13,0.085428241,7381,,,,
OBAA-20305,"https://ptannotated.com/iiif/obaa/obaa-20305/tiles/full/300,169/0/default.jpg",One Battle After Another (2025),13,0.085474537,7385,,,,
OBAA-20311,"https://ptannotated.com/iiif/obaa/obaa-20311/tiles/full/300,169/0/default.jpg",One Battle After Another (2025),13,0.085543981,7391,,,,
OBAA-20329,"https://ptannotated.com/iiif/obaa/obaa-20329/tiles/full/300,169/0/default.jpg",One Battle After Another (2025),13,0.085752315,7409,,,,
OBAA-20850,"https://ptannotated.com/iiif/obaa/obaa-20850/tiles/full/300,169/0/default.jpg",One Battle After Another (2025),13,0.089467593,7730,,,,
OBAA-20354,"https://ptannotated.com/iiif/obaa/obaa-20354/tiles/full/300,169/0/default.jpg",One Battle After Another (2025),13,0.086041667,7434,,,,
OBAA-20408,"https://ptannotated.com/iiif/obaa/obaa-20408/tiles/full/300,169/0/default.jpg",One Battle After Another (2025),13,0.086203704,7448,,,,
OBAA-20413,"https://ptannotated.com/iiif/obaa/obaa-20413/tiles/full/300,169/0/default.jpg",One Battle After Another (2025),13,0.086261574,7453,,,,
OBAA-20419,"https://ptannotated.com/iiif/obaa/obaa-20419/tiles/full/300,169/0/default.jpg",One Battle After Another (2025),13,0.086331019,7459,,,,
OBAA-20423,"https://ptannotated.com/iiif/obaa/obaa-20423/tiles/full/300,169/0/default.jpg",One Battle After Another (2025),13,0.086377315,7463,,,,
OBAA-20428,"https://ptannotated.com/iiif/obaa/obaa-20428/tiles/full/300,169/0/default.jpg",One Battle After Another (2025),13,0.086435185,7468,,,,
OBAA-20432,"https://ptannotated.com/iiif/obaa/obaa-20432/tiles/full/300,169/0/default.jpg",One Battle After Another (2025),13,0.086481481,7472,,,,
OBAA-20435,"https://ptannotated.com/iiif/obaa/obaa-20435/tiles/full/300,169/0/default.jpg",One Battle After Another (2025),13,0.086516204,7475,,,,
OBAA-20442,"https://ptannotated.com/iiif/obaa/obaa-20442/tiles/full/300,169/0/default.jpg",One Battle After Another (2025),13,0.086597222,7482,,,,
OBAA-20444,"https://ptannotated.com/iiif/obaa/obaa-20444/tiles/full/300,169/0/default.jpg",One Battle After Another (2025),13,0.08662037,7484,,,,
OBAA-20448,"https://ptannotated.com/iiif/obaa/obaa-20448/tiles/full/300,169/0/default.jpg",One Battle After Another (2025),13,0.086666667,7488,,,,
OBAA-20456,"https://ptannotated.com/iiif/obaa/obaa-20456/tiles/full/300,169/0/default.jpg",One Battle After Another (2025),13,0.086759259,7496,,,,
OBAA-20500,"https://ptannotated.com/iiif/obaa/obaa-20500/tiles/full/300,169/0/default.jpg",One Battle After Another (2025),13,0.086805556,7500,,,,
OBAA-20509,"https://ptannotated.com/iiif/obaa/obaa-20509/tiles/full/300,169/0/default.jpg",One Battle After Another (2025),13,0.086909722,7509,,,,
OBAA-20517,"https://ptannotated.com/iiif/obaa/obaa-20517/tiles/full/300,169/0/default.jpg",One Battle After Another (2025),13,0.087002315,7517,,,,
OBAA-20524,"https://ptannotated.com/iiif/obaa/obaa-20524/tiles/full/300,169/0/default.jpg",One Battle After Another (2025),13,0.087083333,7524,,,,
OBAA-20527,"https://ptannotated.com/iiif/obaa/obaa-20527/tiles/full/300,169/0/default.jpg",One Battle After Another (2025),13,0.087118056,7527,,,,
OBAA-20540,"https://ptannotated.com/iiif/obaa/obaa-20540/tiles/full/300,169/0/default.jpg",One Battle After Another (2025),13,0.087268519,7540,,,,
OBAA-20543,"https://ptannotated.com/iiif/obaa/obaa-20543/tiles/full/300,169/0/default.jpg",One Battle After Another (2025),13,0.087303241,7543,,,,
OBAA-20600,"https://ptannotated.com/iiif/obaa/obaa-20600/tiles/full/300,169/0/default.jpg",One Battle After Another (2025),13,0.0875,7560,,,,
OBAA-20608,"https://ptannotated.com/iiif/obaa/obaa-20608/tiles/full/300,169/0/default.jpg",One Battle After Another (2025),13,0.087592593,7568,,,,
OBAA-20616,"https://ptannotated.com/iiif/obaa/obaa-20616/tiles/full/300,169/0/default.jpg",One Battle After Another (2025),13,0.087685185,7576,,,,
OBAA-20620,"https://ptannotated.com/iiif/obaa/obaa-20620/tiles/full/300,169/0/default.jpg",One Battle After Another (2025),13,0.087731481,7580,,,,
OBAA-20632,"https://ptannotated.com/iiif/obaa/obaa-20632/tiles/full/300,169/0/default.jpg",One Battle After Another (2025),13,0.08787037,7592,,,,
OBAA-20634,"https://ptannotated.com/iiif/obaa/obaa-20634/tiles/full/300,169/0/default.jpg",One Battle After Another (2025),13,0.087893519,7594,,,,
OBAA-20654,"https://ptannotated.com/iiif/obaa/obaa-20654/tiles/full/300,169/0/default.jpg",One Battle After Another (2025),13,0.088125,7614,,,,
OBAA-20659,"https://ptannotated.com/iiif/obaa/obaa-20659/tiles/full/300,169/0/default.jpg",One Battle After Another (2025),13,0.08818287,7619,,,,
OBAA-20705,"https://ptannotated.com/iiif/obaa/obaa-20705/tiles/full/300,169/0/default.jpg",One Battle After Another (2025),13,0.088252315,7625,,,,
OBAA-20717,"https://ptannotated.com/iiif/obaa/obaa-20717/tiles/full/300,169/0/default.jpg",One Battle After Another (2025),13,0.088391204,7637,,,,
OBAA-20731,"https://ptannotated.com/iiif/obaa/obaa-20731/tiles/full/300,169/0/default.jpg",One Battle After Another (2025),13,0.088553241,7651,,,,
OBAA-20741,"https://ptannotated.com/iiif/obaa/obaa-20741/tiles/full/300,169/0/default.jpg",One Battle After Another (2025),13,0.088668981,7661,,,,
OBAA-20744,"https://ptannotated.com/iiif/obaa/obaa-20744/tiles/full/300,169/0/default.jpg",One Battle After Another (2025),13,0.088703704,7664,,,,
OBAA-20747,"https://ptannotated.com/iiif/obaa/obaa-20747/tiles/full/300,169/0/default.jpg",One Battle After Another (2025),13,0.088738426,7667,,,,
OBAA-20757,"https://ptannotated.com/iiif/obaa/obaa-20757/tiles/full/300,169/0/default.jpg",One Battle After Another (2025),13,0.088854167,7677,,,,
OBAA-20800,"https://ptannotated.com/iiif/obaa/obaa-20800/tiles/full/300,169/0/default.jpg",One Battle After Another (2025),13,0.088888889,7680,,,,
OBAA-20808,"https://ptannotated.com/iiif/obaa/obaa-20808/tiles/full/300,169/0/default.jpg",One Battle After Another (2025),13,0.088981481,7688,,,,
OBAA-20817,"https://ptannotated.com/iiif/obaa/obaa-20817/tiles/full/300,169/0/default.jpg",One Battle After Another (2025),13,0.089085648,7697,,,,
OBAA-20819,"https://ptannotated.com/iiif/obaa/obaa-20819/tiles/full/300,169/0/default.jpg",One Battle After Another (2025),13,0.089108796,7699,,,,
OBAA-20831,"https://ptannotated.com/iiif/obaa/obaa-20831/tiles/full/300,169/0/default.jpg",One Battle After Another (2025),13,0.089247685,7711,,,,
OBAA-20832,"https://ptannotated.com/iiif/obaa/obaa-20832/tiles/full/300,169/0/default.jpg",One Battle After Another (2025),13,0.089259259,7712,,,,
OBAA-20841,"https://ptannotated.com/iiif/obaa/obaa-20841/tiles/full/300,169/0/default.jpg",One Battle After Another (2025),13,0.089363426,7721,,,,
OBAA-20842,"https://ptannotated.com/iiif/obaa/obaa-20842/tiles/full/300,169/0/default.jpg",One Battle After Another (2025),13,0.089375,7722,,,,
OBAA-20843,"https://ptannotated.com/iiif/obaa/obaa-20843/tiles/full/300,169/0/default.jpg",One Battle After Another (2025),13,0.089386574,7723,,,,
OBAA-20845,"https://ptannotated.com/iiif/obaa/obaa-20845/tiles/full/300,169/0/default.jpg",One Battle After Another (2025),13,0.089409722,7725,,,,
OBAA-20846,"https://ptannotated.com/iiif/obaa/obaa-20846/tiles/full/300,169/0/default.jpg",One Battle After Another (2025),13,0.089421296,7726,,,,
OBAA-20847,"https://ptannotated.com/iiif/obaa/obaa-20847/tiles/full/300,169/0/default.jpg",One Battle After Another (2025),13,0.08943287,7727,,,,
OBAA-20848A,"https://ptannotated.com/iiif/obaa/obaa-20848a/tiles/full/300,169/0/default.jpg",One Battle After Another (2025),13,0.089444444,7728,,,,
OBAA-20848B,"https://ptannotated.com/iiif/obaa/obaa-20848b/tiles/full/300,169/0/default.jpg",One Battle After Another (2025),13,0.089444444,7728,,,,
OBAA-20903,"https://ptannotated.com/iiif/obaa/obaa-20903/tiles/full/300,169/0/default.jpg",One Battle After Another (2025),13,0.089618056,7743,,,,
OBAA-20907,"https://ptannotated.com/iiif/obaa/obaa-20907/tiles/full/300,169/0/default.jpg",One Battle After Another (2025),13,0.089664352,7747,,,,
OBAA-20920,"https://ptannotated.com/iiif/obaa/obaa-20920/tiles/full/300,169/0/default.jpg",One Battle After Another (2025),13,0.089814815,7760,,,,
OBAA-20925,"https://ptannotated.com/iiif/obaa/obaa-20925/tiles/full/300,169/0/default.jpg",One Battle After Another (2025),13,0.089872685,7765,,,,
OBAA-20941,"https://ptannotated.com/iiif/obaa/obaa-20941/tiles/full/300,169/0/default.jpg",One Battle After Another (2025),13,0.09005787,7781,,,,
OBAA-20946,"https://ptannotated.com/iiif/obaa/obaa-20946/tiles/full/300,169/0/default.jpg",One Battle After Another (2025),13,0.090115741,7786,,,,
OBAA-21001,"https://ptannotated.com/iiif/obaa/obaa-21001/tiles/full/300,169/0/default.jpg",One Battle After Another (2025),13,0.090289352,7801,,,,
OBAA-21007,"https://ptannotated.com/iiif/obaa/obaa-21007/tiles/full/300,169/0/default.jpg",One Battle After Another (2025),14,0.090358796,7807,,,,
OBAA-21018,"https://ptannotated.com/iiif/obaa/obaa-21018/tiles/full/300,169/0/default.jpg",One Battle After Another (2025),14,0.090486111,7818,,,,
OBAA-21027,"https://ptannotated.com/iiif/obaa/obaa-21027/tiles/full/300,169/0/default.jpg",One Battle After Another (2025),14,0.090590278,7827,,,,
OBAA-21032,"https://ptannotated.com/iiif/obaa/obaa-21032/tiles/full/300,169/0/default.jpg",One Battle After Another (2025),14,0.090648148,7832,,,,
OBAA-21039,"https://ptannotated.com/iiif/obaa/obaa-21039/tiles/full/300,169/0/default.jpg",One Battle After Another (2025),14,0.090729167,7839,,,,
OBAA-21058,"https://ptannotated.com/iiif/obaa/obaa-21058/tiles/full/300,169/0/default.jpg",One Battle After Another (2025),14,0.090949074,7858,,,,
OBAA-21102,"https://ptannotated.com/iiif/obaa/obaa-21102/tiles/full/300,169/0/default.jpg",One Battle After Another (2025),14,0.09099537,7862,,,,
OBAA-21108,"https://ptannotated.com/iiif/obaa/obaa-21108/tiles/full/300,169/0/default.jpg",One Battle After Another (2025),14,0.091064815,7868,,,,
OBAA-21115,"https://ptannotated.com/iiif/obaa/obaa-21115/tiles/full/300,169/0/default.jpg",One Battle After Another (2025),14,0.091145833,7875,,,,
OBAA-21123,"https://ptannotated.com/iiif/obaa/obaa-21123/tiles/full/300,169/0/default.jpg",One Battle After Another (2025),14,0.091238426,7883,,,,
OBAA-21128,"https://ptannotated.com/iiif/obaa/obaa-21128/tiles/full/300,169/0/default.jpg",One Battle After Another (2025),14,0.091296296,7888,,,,
OBAA-21133,"https://ptannotated.com/iiif/obaa/obaa-21133/tiles/full/300,169/0/default.jpg",One Battle After Another (2025),14,0.091354167,7893,,,,
OBAA-21137,"https://ptannotated.com/iiif/obaa/obaa-21137/tiles/full/300,169/0/default.jpg",One Battle After Another (2025),14,0.091400463,7897,,,,
OBAA-21141,"https://ptannotated.com/iiif/obaa/obaa-21141/tiles/full/300,169/0/default.jpg",One Battle After Another (2025),14,0.091446759,7901,,,,
OBAA-21145,"https://ptannotated.com/iiif/obaa/obaa-21145/tiles/full/300,169/0/default.jpg",One Battle After Another (2025),14,0.091493056,7905,,,,
OBAA-21200,"https://ptannotated.com/iiif/obaa/obaa-21200/tiles/full/300,169/0/default.jpg",One Battle After Another (2025),14,0.091666667,7920,,,,
OBAA-21208,"https://ptannotated.com/iiif/obaa/obaa-21208/tiles/full/300,169/0/default.jpg",One Battle After Another (2025),14,0.091759259,7928,,,,
OBAA-21216,"https://ptannotated.com/iiif/obaa/obaa-21216/tiles/full/300,169/0/default.jpg",One Battle After Another (2025),14,0.091851852,7936,,,,
OBAA-21229,"https://ptannotated.com/iiif/obaa/obaa-21229/tiles/full/300,169/0/default.jpg",One Battle After Another (2025),14,0.092002315,7949,,,,
OBAA-21234,"https://ptannotated.com/iiif/obaa/obaa-21234/tiles/full/300,169/0/default.jpg",One Battle After Another (2025),14,0.092060185,7954,,,,
OBAA-21235,"https://ptannotated.com/iiif/obaa/obaa-21235/tiles/full/300,169/0/default.jpg",One Battle After Another (2025),14,0.092071759,7955,,,,
OBAA-21248,"https://ptannotated.com/iiif/obaa/obaa-21248/tiles/full/300,169/0/default.jpg",One Battle After Another (2025),14,0.092222222,7968,,,,
OBAA-21250,"https://ptannotated.com/iiif/obaa/obaa-21250/tiles/full/300,169/0/default.jpg",One Battle After Another (2025),14,0.09224537,7970,,,,
OBAA-21253,"https://ptannotated.com/iiif/obaa/obaa-21253/tiles/full/300,169/0/default.jpg",One Battle After Another (2025),14,0.092280093,7973,,,,
OBAA-21258,"https://ptannotated.com/iiif/obaa/obaa-21258/tiles/full/300,169/0/default.jpg",One Battle After Another (2025),14,0.092337963,7978,,,,
OBAA-21301,"https://ptannotated.com/iiif/obaa/obaa-21301/tiles/full/300,169/0/default.jpg",One Battle After Another (2025),14,0.092372685,7981,,,,
OBAA-21302,"https://ptannotated.com/iiif/obaa/obaa-21302/tiles/full/300,169/0/default.jpg",One Battle After Another (2025),14,0.092384259,7982,,,,
OBAA-21307,"https://ptannotated.com/iiif/obaa/obaa-21307/tiles/full/300,169/0/default.jpg",One Battle After Another (2025),14,0.09244213,7987,,,,
OBAA-21310,"https://ptannotated.com/iiif/obaa/obaa-21310/tiles/full/300,169/0/default.jpg",One Battle After Another (2025),14,0.092476852,7990,,,,
OBAA-21318,"https://ptannotated.com/iiif/obaa/obaa-21318/tiles/full/300,169/0/default.jpg",One Battle After Another (2025),14,0.092569444,7998,,,,
OBAA-21335,"https://ptannotated.com/iiif/obaa/obaa-21335/tiles/full/300,169/0/default.jpg",One Battle After Another (2025),14,0.092766204,8015,,,,
OBAA-21340,"https://ptannotated.com/iiif/obaa/obaa-21340/tiles/full/300,169/0/default.jpg",One Battle After Another (2025),14,0.092824074,8020,,,,
OBAA-21343,"https://ptannotated.com/iiif/obaa/obaa-21343/tiles/full/300,169/0/default.jpg",One Battle After Another (2025),14,0.092858796,8023,,,,
OBAA-21346,"https://ptannotated.com/iiif/obaa/obaa-21346/tiles/full/300,169/0/default.jpg",One Battle After Another (2025),14,0.092893519,8026,,,,
OBAA-21349,"https://ptannotated.com/iiif/obaa/obaa-21349/tiles/full/300,169/0/default.jpg",One Battle After Another (2025),14,0.092928241,8029,,,,
OBAA-21352,"https://ptannotated.com/iiif/obaa/obaa-21352/tiles/full/300,169/0/default.jpg",One Battle After Another (2025),14,0.092962963,8032,,,,
OBAA-21358,"https://ptannotated.com/iiif/obaa/obaa-21358/tiles/full/300,169/0/default.jpg",One Battle After Another (2025),14,0.093032407,8038,,,,
OBAA-21411,"https://ptannotated.com/iiif/obaa/obaa-21411/tiles/full/300,169/0/default.jpg",One Battle After Another (2025),14,0.09318287,8051,,,,
OBAA-21414,"https://ptannotated.com/iiif/obaa/obaa-21414/tiles/full/300,169/0/default.jpg",One Battle After Another (2025),14,0.093217593,8054,,,,
OBAA-21419,"https://ptannotated.com/iiif/obaa/obaa-21419/tiles/full/300,169/0/default.jpg",One Battle After Another (2025),14,0.093275463,8059,,,,
OBAA-21441,"https://ptannotated.com/iiif/obaa/obaa-21441/tiles/full/300,169/0/default.jpg",One Battle After Another (2025),14,0.093530093,8081,,,,
OBAA-21445,"https://ptannotated.com/iiif/obaa/obaa-21445/tiles/full/300,169/0/default.jpg",One Battle After Another (2025),14,0.093576389,8085,,,,
OBAA-21457,"https://ptannotated.com/iiif/obaa/obaa-21457/tiles/full/300,169/0/default.jpg",One Battle After Another (2025),14,0.093715278,8097,,,,
OBAA-21501,"https://ptannotated.com/iiif/obaa/obaa-21501/tiles/full/300,169/0/default.jpg",One Battle After Another (2025),14,0.093761574,8101,,,,
OBAA-21505,"https://ptannotated.com/iiif/obaa/obaa-21505/tiles/full/300,169/0/default.jpg",One Battle After Another (2025),14,0.09380787,8105,,,,
OBAA-21511,"https://ptannotated.com/iiif/obaa/obaa-21511/tiles/full/300,169/0/default.jpg",One Battle After Another (2025),14,0.093877315,8111,,,,
OBAA-21515,"https://ptannotated.com/iiif/obaa/obaa-21515/tiles/full/300,169/0/default.jpg",One Battle After Another (2025),14,0.093923611,8115,,,,
OBAA-21521,"https://ptannotated.com/iiif/obaa/obaa-21521/tiles/full/300,169/0/default.jpg",One Battle After Another (2025),14,0.093993056,8121,,,,
OBAA-21527,"https://ptannotated.com/iiif/obaa/obaa-21527/tiles/full/300,169/0/default.jpg",One Battle After Another (2025),14,0.0940625,8127,,,,
OBAA-21533,"https://ptannotated.com/iiif/obaa/obaa-21533/tiles/full/300,169/0/default.jpg",One Battle After Another (2025),14,0.094131944,8133,,,,
OBAA-21550,"https://ptannotated.com/iiif/obaa/obaa-21550/tiles/full/300,169/0/default.jpg",One Battle After Another (2025),14,0.094328704,8150,,,,
OBAA-21553,"https://ptannotated.com/iiif/obaa/obaa-21553/tiles/full/300,169/0/default.jpg",One Battle After Another (2025),14,0.094363426,8153,,,,
OBAA-21556,"https://ptannotated.com/iiif/obaa/obaa-21556/tiles/full/300,169/0/default.jpg",One Battle After Another (2025),14,0.094398148,8156,,,,
OBAA-21604,"https://ptannotated.com/iiif/obaa/obaa-21604/tiles/full/300,169/0/default.jpg",One Battle After Another (2025),14,0.094490741,8164,,,,
OBAA-21610,"https://ptannotated.com/iiif/obaa/obaa-21610/tiles/full/300,169/0/default.jpg",One Battle After Another (2025),14,0.094560185,8170,,,,
OBAA-21613,"https://ptannotated.com/iiif/obaa/obaa-21613/tiles/full/300,169/0/default.jpg",One Battle After Another (2025),14,0.094594907,8173,,,,
OBAA-21618,"https://ptannotated.com/iiif/obaa/obaa-21618/tiles/full/300,169/0/default.jpg",One Battle After Another (2025),14,0.094652778,8178,,,,
OBAA-21627,"https://ptannotated.com/iiif/obaa/obaa-21627/tiles/full/300,169/0/default.jpg",One Battle After Another (2025),14,0.094756944,8187,,,,
OBAA-21640,"https://ptannotated.com/iiif/obaa/obaa-21640/tiles/full/300,169/0/default.jpg",One Battle After Another (2025),14,0.094907407,8200,,,,
OBAA-21648,"https://ptannotated.com/iiif/obaa/obaa-21648/tiles/full/300,169/0/default.jpg",One Battle After Another (2025),14,0.095,8208,,,,
OBAA-21653,"https://ptannotated.com/iiif/obaa/obaa-21653/tiles/full/300,169/0/default.jpg",One Battle After Another (2025),14,0.09505787,8213,,,,
OBAA-21658,"https://ptannotated.com/iiif/obaa/obaa-21658/tiles/full/300,169/0/default.jpg",One Battle After Another (2025),14,0.095115741,8218,,,,
OBAA-21723,"https://ptannotated.com/iiif/obaa/obaa-21723/tiles/full/300,169/0/default.jpg",One Battle After Another (2025),14,0.095405093,8243,,,,
OBAA-21724,"https://ptannotated.com/iiif/obaa/obaa-21724/tiles/full/300,169/0/default.jpg",One Battle After Another (2025),14,0.095416667,8244,,,,
OBAA-21755,"https://ptannotated.com/iiif/obaa/obaa-21755/tiles/full/300,169/0/default.jpg",One Battle After Another (2025),14,0.095775463,8275,,,,
OBAA-21801,"https://ptannotated.com/iiif/obaa/obaa-21801/tiles/full/300,169/0/default.jpg",One Battle After Another (2025),14,0.095844907,8281,,,,
OBAA-21804,"https://ptannotated.com/iiif/obaa/obaa-21804/tiles/full/300,169/0/default.jpg",One Battle After Another (2025),14,0.09587963,8284,,,,
OBAA-21810,"https://ptannotated.com/iiif/obaa/obaa-21810/tiles/full/300,169/0/default.jpg",One Battle After Another (2025),14,0.095949074,8290,,,,
OBAA-21820,"https://ptannotated.com/iiif/obaa/obaa-21820/tiles/full/300,169/0/default.jpg",One Battle After Another (2025),14,0.096064815,8300,,,,
OBAA-21823,"https://ptannotated.com/iiif/obaa/obaa-21823/tiles/full/300,169/0/default.jpg",One Battle After Another (2025),14,0.096099537,8303,,,,
OBAA-21824,"https://ptannotated.com/iiif/obaa/obaa-21824/tiles/full/300,169/0/default.jpg",One Battle After Another (2025),14,0.096111111,8304,,,,
OBAA-21836,"https://ptannotated.com/iiif/obaa/obaa-21836/tiles/full/300,169/0/default.jpg",One Battle After Another (2025),14,0.09625,8316,,,,
OBAA-21840,"https://ptannotated.com/iiif/obaa/obaa-21840/tiles/full/300,169/0/default.jpg",One Battle After Another (2025),14,0.096296296,8320,,,,
OBAA-21842,"https://ptannotated.com/iiif/obaa/obaa-21842/tiles/full/300,169/0/default.jpg",One Battle After Another (2025),14,0.096319444,8322,,,,
OBAA-21847,"https://ptannotated.com/iiif/obaa/obaa-21847/tiles/full/300,169/0/default.jpg",One Battle After Another (2025),14,0.096377315,8327,,,,
OBAA-21851,"https://ptannotated.com/iiif/obaa/obaa-21851/tiles/full/300,169/0/default.jpg",One Battle After Another (2025),14,0.096423611,8331,,,,
OBAA-21855,"https://ptannotated.com/iiif/obaa/obaa-21855/tiles/full/300,169/0/default.jpg",One Battle After Another (2025),14,0.096469907,8335,,,,
OBAA-21900,"https://ptannotated.com/iiif/obaa/obaa-21900/tiles/full/300,169/0/default.jpg",One Battle After Another (2025),14,0.096527778,8340,,,,
OBAA-21903,"https://ptannotated.com/iiif/obaa/obaa-21903/tiles/full/300,169/0/default.jpg",One Battle After Another (2025),14,0.0965625,8343,,,,
OBAA-21914,"https://ptannotated.com/iiif/obaa/obaa-21914/tiles/full/300,169/0/default.jpg",One Battle After Another (2025),14,0.096689815,8354,,,,
OBAA-21925,"https://ptannotated.com/iiif/obaa/obaa-21925/tiles/full/300,169/0/default.jpg",One Battle After Another (2025),14,0.09681713,8365,,,,
OBAA-21930,"https://ptannotated.com/iiif/obaa/obaa-21930/tiles/full/300,169/0/default.jpg",One Battle After Another (2025),14,0.096875,8370,,,,
OBAA-21937,"https://ptannotated.com/iiif/obaa/obaa-21937/tiles/full/300,169/0/default.jpg",One Battle After Another (2025),14,0.096956019,8377,,,,
OBAA-21945,"https://ptannotated.com/iiif/obaa/obaa-21945/tiles/full/300,169/0/default.jpg",One Battle After Another (2025),14,0.097048611,8385,,,,
OBAA-21946,"https://ptannotated.com/iiif/obaa/obaa-21946/tiles/full/300,169/0/default.jpg",One Battle After Another (2025),14,0.097060185,8386,,,,
OBAA-21950,"https://ptannotated.com/iiif/obaa/obaa-21950/tiles/full/300,169/0/default.jpg",One Battle After Another (2025),14,0.097106481,8390,,,,
OBAA-21957,"https://ptannotated.com/iiif/obaa/obaa-21957/tiles/full/300,169/0/default.jpg",One Battle After Another (2025),14,0.0971875,8397,,,,
OBAA-21959,"https://ptannotated.com/iiif/obaa/obaa-21959/tiles/full/300,169/0/default.jpg",One Battle After Another (2025),14,0.097210648,8399,,,,
OBAA-22009,"https://ptannotated.com/iiif/obaa/obaa-22009/tiles/full/300,169/0/default.jpg",One Battle After Another (2025),14,0.097326389,8409,,,,
OBAA-22014,"https://ptannotated.com/iiif/obaa/obaa-22014/tiles/full/300,169/0/default.jpg",One Battle After Another (2025),14,0.097384259,8414,,,,
OBAA-22023,"https://ptannotated.com/iiif/obaa/obaa-22023/tiles/full/300,169/0/default.jpg",One Battle After Another (2025),14,0.097488426,8423,,,,
OBAA-22027,"https://ptannotated.com/iiif/obaa/obaa-22027/tiles/full/300,169/0/default.jpg",One Battle After Another (2025),14,0.097534722,8427,,,,
OBAA-22042,"https://ptannotated.com/iiif/obaa/obaa-22042/tiles/full/300,169/0/default.jpg",One Battle After Another (2025),14,0.097708333,8442,,,,
OBAA-22053,"https://ptannotated.com/iiif/obaa/obaa-22053/tiles/full/300,169/0/default.jpg",One Battle After Another (2025),14,0.097835648,8453,,,,
OBAA-22058,"https://ptannotated.com/iiif/obaa/obaa-22058/tiles/full/300,169/0/default.jpg",One Battle After Another (2025),14,0.097893519,8458,,,,
OBAA-22102,"https://ptannotated.com/iiif/obaa/obaa-22102/tiles/full/300,169/0/default.jpg",One Battle After Another (2025),14,0.097939815,8462,,,,
OBAA-22115,"https://ptannotated.com/iiif/obaa/obaa-22115/tiles/full/300,169/0/default.jpg",One Battle After Another (2025),14,0.098090278,8475,,,,
OBAA-22133,"https://ptannotated.com/iiif/obaa/obaa-22133/tiles/full/300,169/0/default.jpg",One Battle After Another (2025),14,0.098298611,8493,,,,
OBAA-22135,"https://ptannotated.com/iiif/obaa/obaa-22135/tiles/full/300,169/0/default.jpg",One Battle After Another (2025),14,0.098321759,8495,,,,
OBAA-22143,"https://ptannotated.com/iiif/obaa/obaa-22143/tiles/full/300,169/0/default.jpg",One Battle After Another (2025),14,0.098414352,8503,,,,
OBAA-22152,"https://ptannotated.com/iiif/obaa/obaa-22152/tiles/full/300,169/0/default.jpg",One Battle After Another (2025),14,0.098518519,8512,,,,
OBAA-22221,"https://ptannotated.com/iiif/obaa/obaa-22221/tiles/full/300,169/0/default.jpg",One Battle After Another (2025),14,0.098854167,8541,,,,
OBAA-22226,"https://ptannotated.com/iiif/obaa/obaa-22226/tiles/full/300,169/0/default.jpg",One Battle After Another (2025),14,0.098912037,8546,,,,
OBAA-22229,"https://ptannotated.com/iiif/obaa/obaa-22229/tiles/full/300,169/0/default.jpg",One Battle After Another (2025),14,0.098946759,8549,,,,
OBAA-22234,"https://ptannotated.com/iiif/obaa/obaa-22234/tiles/full/300,169/0/default.jpg",One Battle After Another (2025),14,0.09900463,8554,,,,
OBAA-22239,"https://ptannotated.com/iiif/obaa/obaa-22239/tiles/full/300,169/0/default.jpg",One Battle After Another (2025),14,0.0990625,8559,,,,
OBAA-22243,"https://ptannotated.com/iiif/obaa/obaa-22243/tiles/full/300,169/0/default.jpg",One Battle After Another (2025),14,0.099108796,8563,,,,
OBAA-22258,"https://ptannotated.com/iiif/obaa/obaa-22258/tiles/full/300,169/0/default.jpg",One Battle After Another (2025),14,0.099282407,8578,,,,
OBAA-22322,"https://ptannotated.com/iiif/obaa/obaa-22322/tiles/full/300,169/0/default.jpg",One Battle After Another (2025),15,0.098877315,8543,,,,
OBAA-22337,"https://ptannotated.com/iiif/obaa/obaa-22337/tiles/full/300,169/0/default.jpg",One Battle After Another (2025),15,0.099733796,8617,,,,
OBAA-22345,"https://ptannotated.com/iiif/obaa/obaa-22345/tiles/full/300,169/0/default.jpg",One Battle After Another (2025),15,0.099826389,8625,,,,
OBAA-22410,"https://ptannotated.com/iiif/obaa/obaa-22410/tiles/full/300,169/0/default.jpg",One Battle After Another (2025),15,0.100115741,8650,,,,
OBAA-22435,"https://ptannotated.com/iiif/obaa/obaa-22435/tiles/full/300,169/0/default.jpg",One Battle After Another (2025),15,0.100405093,8675,,,,
OBAA-22519,"https://ptannotated.com/iiif/obaa/obaa-22519/tiles/full/300,169/0/default.jpg",One Battle After Another (2025),15,0.100914352,8719,,,,
OBAA-22542,"https://ptannotated.com/iiif/obaa/obaa-22542/tiles/full/300,169/0/default.jpg",One Battle After Another (2025),15,0.101180556,8742,,,,
OBAA-22545,"https://ptannotated.com/iiif/obaa/obaa-22545/tiles/full/300,169/0/default.jpg",One Battle After Another (2025),15,0.101180556,8742,,,,
OBAA-22550,"https://ptannotated.com/iiif/obaa/obaa-22550/tiles/full/300,169/0/default.jpg",One Battle After Another (2025),15,0.101273148,8750,,,,
OBAA-22556,"https://ptannotated.com/iiif/obaa/obaa-22556/tiles/full/300,169/0/default.jpg",One Battle After Another (2025),15,0.101342593,8756,,,,
OBAA-22617,"https://ptannotated.com/iiif/obaa/obaa-22617/tiles/full/300,169/0/default.jpg",One Battle After Another (2025),15,0.101585648,8777,,,,
OBAA-22637,"https://ptannotated.com/iiif/obaa/obaa-22637/tiles/full/300,169/0/default.jpg",One Battle After Another (2025),15,0.10181713,8797,,,,
OBAA-22642,"https://ptannotated.com/iiif/obaa/obaa-22642/tiles/full/300,169/0/default.jpg",One Battle After Another (2025),15,0.10181713,8797,,,,
OBAA-22657,"https://ptannotated.com/iiif/obaa/obaa-22657/tiles/full/300,169/0/default.jpg",One Battle After Another (2025),15,0.102048611,8817,,,,
OBAA-22715,"https://ptannotated.com/iiif/obaa/obaa-22715/tiles/full/300,169/0/default.jpg",One Battle After Another (2025),15,0.102256944,8835,,,,
OBAA-22726,"https://ptannotated.com/iiif/obaa/obaa-22726/tiles/full/300,169/0/default.jpg",One Battle After Another (2025),15,0.102384259,8846,,,,
OBAA-22739,"https://ptannotated.com/iiif/obaa/obaa-22739/tiles/full/300,169/0/default.jpg",One Battle After Another (2025),15,0.102534722,8859,,,,
OBAA-22743,"https://ptannotated.com/iiif/obaa/obaa-22743/tiles/full/300,169/0/default.jpg",One Battle After Another (2025),15,0.102581019,8863,,,,
OBAA-22758,"https://ptannotated.com/iiif/obaa/obaa-22758/tiles/full/300,169/0/default.jpg",One Battle After Another (2025),15,0.10275463,8878,,,,
OBAA-22808,"https://ptannotated.com/iiif/obaa/obaa-22808/tiles/full/300,169/0/default.jpg",One Battle After Another (2025),15,0.10287037,8888,,,,
OBAA-22813,"https://ptannotated.com/iiif/obaa/obaa-22813/tiles/full/300,169/0/default.jpg",One Battle After Another (2025),15,0.102928241,8893,,,,
OBAA-22815,"https://ptannotated.com/iiif/obaa/obaa-22815/tiles/full/300,169/0/default.jpg",One Battle After Another (2025),15,0.102951389,8895,,,,
OBAA-22822,"https://ptannotated.com/iiif/obaa/obaa-22822/tiles/full/300,169/0/default.jpg",One Battle After Another (2025),15,0.103032407,8902,,,,
OBAA-22835,"https://ptannotated.com/iiif/obaa/obaa-22835/tiles/full/300,169/0/default.jpg",One Battle After Another (2025),15,0.10318287,8915,,,,
OBAA-22844,"https://ptannotated.com/iiif/obaa/obaa-22844/tiles/full/300,169/0/default.jpg",One Battle After Another (2025),15,0.103287037,8924,,,,
OBAA-22855,"https://ptannotated.com/iiif/obaa/obaa-22855/tiles/full/300,169/0/default.jpg",One Battle After Another (2025),15,0.103414352,8935,,,,
OBAA-22910,"https://ptannotated.com/iiif/obaa/obaa-22910/tiles/full/300,169/0/default.jpg",One Battle After Another (2025),15,0.103587963,8950,,,,
OBAA-22916,"https://ptannotated.com/iiif/obaa/obaa-22916/tiles/full/300,169/0/default.jpg",One Battle After Another (2025),15,0.103657407,8956,,,,
OBAA-23006,"https://ptannotated.com/iiif/obaa/obaa-23006/tiles/full/300,169/0/default.jpg",One Battle After Another (2025),15,0.104236111,9006,,,,
OBAA-23026,"https://ptannotated.com/iiif/obaa/obaa-23026/tiles/full/300,169/0/default.jpg",One Battle After Another (2025),15,0.104467593,9026,,,,
OBAA-23034,"https://ptannotated.com/iiif/obaa/obaa-23034/tiles/full/300,169/0/default.jpg",One Battle After Another (2025),15,0.104560185,9034,,,,
OBAA-23147,"https://ptannotated.com/iiif/obaa/obaa-23147/tiles/full/300,169/0/default.jpg",One Battle After Another (2025),15,0.105405093,9107,,,,
OBAA-23220,"https://ptannotated.com/iiif/obaa/obaa-23220/tiles/full/300,169/0/default.jpg",One Battle After Another (2025),15,0.105787037,9140,,,,
OBAA-23232,"https://ptannotated.com/iiif/obaa/obaa-23232/tiles/full/300,169/0/default.jpg",One Battle After Another (2025),15,0.105925926,9152,,,,
OBAA-23237,"https://ptannotated.com/iiif/obaa/obaa-23237/tiles/full/300,169/0/default.jpg",One Battle After Another (2025),15,0.105983796,9157,,,,
OBAA-23246,"https://ptannotated.com/iiif/obaa/obaa-23246/tiles/full/300,169/0/default.jpg",One Battle After Another (2025),15,0.106087963,9166,,,,
OBAA-23250,"https://ptannotated.com/iiif/obaa/obaa-23250/tiles/full/300,169/0/default.jpg",One Battle After Another (2025),15,0.106134259,9170,,,,
OBAA-23304,"https://ptannotated.com/iiif/obaa/obaa-23304/tiles/full/300,169/0/default.jpg",One Battle After Another (2025),15,0.106296296,9184,,,,
OBAA-23308,"https://ptannotated.com/iiif/obaa/obaa-23308/tiles/full/300,169/0/default.jpg",One Battle After Another (2025),15,0.106342593,9188,,,,
OBAA-23313,"https://ptannotated.com/iiif/obaa/obaa-23313/tiles/full/300,169/0/default.jpg",One Battle After Another (2025),15,0.106400463,9193,,,,
OBAA-23327,"https://ptannotated.com/iiif/obaa/obaa-23327/tiles/full/300,169/0/default.jpg",One Battle After Another (2025),15,0.1065625,9207,,,,
OBAA-23333,"https://ptannotated.com/iiif/obaa/obaa-23333/tiles/full/300,169/0/default.jpg",One Battle After Another (2025),15,0.106631944,9213,,,,
OBAA-23337,"https://ptannotated.com/iiif/obaa/obaa-23337/tiles/full/300,169/0/default.jpg",One Battle After Another (2025),15,0.106678241,9217,,,,
OBAA-23345,"https://ptannotated.com/iiif/obaa/obaa-23345/tiles/full/300,169/0/default.jpg",One Battle After Another (2025),15,0.106770833,9225,,,,
OBAA-23351,"https://ptannotated.com/iiif/obaa/obaa-23351/tiles/full/300,169/0/default.jpg",One Battle After Another (2025),15,0.106840278,9231,,,,
OBAA-23358,"https://ptannotated.com/iiif/obaa/obaa-23358/tiles/full/300,169/0/default.jpg",One Battle After Another (2025),15,0.106921296,9238,,,,
OBAA-23401,"https://ptannotated.com/iiif/obaa/obaa-23401/tiles/full/300,169/0/default.jpg",One Battle After Another (2025),16,0.106956019,9241,,,,
OBAA-23406,"https://ptannotated.com/iiif/obaa/obaa-23406/tiles/full/300,169/0/default.jpg",One Battle After Another (2025),16,0.107013889,9246,,,,
OBAA-24122,"https://ptannotated.com/iiif/obaa/obaa-24122/tiles/full/300,169/0/default.jpg",One Battle After Another (2025),16,0.112060185,9682,,,,
