Film,Shot #,Scene #,start,end,start_time,end_time,Shot Length
Punch-Drunk Love (2002),1,1,0,326,0,13.59692,13.59692
Punch-Drunk Love (2002),2,1,349,757,14.55621,31.5732,17.01699
Punch-Drunk Love (2002),3,1,784,931,32.69933,38.83045,6.13112
Punch-Drunk Love (2002),4,1,932,3145,38.87216,131.1727,92.30054
Punch-Drunk Love (2002),5,1,3146,3817,131.2144,159.2007,27.9863
Punch-Drunk Love (2002),6,1,3818,3887,159.2424,162.1203,2.8779
Punch-Drunk Love (2002),7,1,3888,4197,162.162,175.0499,12.8879
Punch-Drunk Love (2002),8,1,4198,4403,175.0916,183.6418,8.5502
Punch-Drunk Love (2002),9,1,4404,4747,183.6835,197.9894,14.3059
Punch-Drunk Love (2002),10,2,4748,8524,198.0311,355.5218,157.4907
Punch-Drunk Love (2002),11,2,8525,8713,355.5635,363.4047,7.8412
Punch-Drunk Love (2002),12,2,8714,8764,363.4464,365.5318,2.0854
Punch-Drunk Love (2002),13,2,8765,8802,365.5735,367.1167,1.5432
Punch-Drunk Love (2002),14,2,8803,9290,367.1584,387.4704,20.312
Punch-Drunk Love (2002),15,2,9291,9506,387.5121,396.4794,8.9673
Punch-Drunk Love (2002),16,2,9507,9791,396.5211,408.3662,11.8451
Punch-Drunk Love (2002),17,2,9792,9961,408.4079,415.4567,7.0488
Punch-Drunk Love (2002),18,2,9962,10136,415.4984,422.7556,7.2572
Punch-Drunk Love (2002),19,2,10137,10204,422.7973,425.5918,2.7945
Punch-Drunk Love (2002),20,2,10205,10851,425.6335,452.5771,26.9436
Punch-Drunk Love (2002),21,2,10852,11054,452.6188,461.0439,8.4251
Punch-Drunk Love (2002),22,2,11055,11380,461.0856,474.6408,13.5552
Punch-Drunk Love (2002),23,2,11381,12391,474.6825,516.8079,42.1254
Punch-Drunk Love (2002),24,2,12392,13074,516.8496,545.2947,28.4451
Punch-Drunk Love (2002),25,2,13075,13085,545.3364,545.7535,0.4171
Punch-Drunk Love (2002),26,2,13086,13171,545.7952,549.3404,3.5452
Punch-Drunk Love (2002),27,2,13172,14585,549.3821,608.316,58.9339
Punch-Drunk Love (2002),28,2,14586,14672,608.3577,611.9446,3.5869
Punch-Drunk Love (2002),29,3,14691,14728,612.737,614.2803,1.5433
Punch-Drunk Love (2002),30,3,14736,14738,614.6139,614.6973,0.0834
Punch-Drunk Love (2002),31,3,14743,14771,614.9059,616.0737,1.1678
Punch-Drunk Love (2002),32,3,14799,14864,617.2415,619.9526,2.7111
Punch-Drunk Love (2002),33,3,14875,14892,620.4114,621.1204,0.709
Punch-Drunk Love (2002),34,3,14905,14915,621.6626,622.0797,0.4171
Punch-Drunk Love (2002),35,3,14920,14988,622.2883,625.1244,2.8361
Punch-Drunk Love (2002),36,3,15014,15111,626.2088,630.2545,4.0457
Punch-Drunk Love (2002),37,3,15121,15140,630.6716,631.4641,0.7925
Punch-Drunk Love (2002),38,3,15172,15197,632.7988,633.8415,1.0427
Punch-Drunk Love (2002),39,3,15220,15242,634.8008,635.7183,0.9175
Punch-Drunk Love (2002),40,3,15250,15256,636.052,636.3023,0.2503
Punch-Drunk Love (2002),41,3,15259,15271,636.4274,636.9279,0.5005
Punch-Drunk Love (2002),42,4,15282,17230,637.3867,718.6345,81.2478
Punch-Drunk Love (2002),43,4,17231,17806,718.6762,742.6585,23.9823
Punch-Drunk Love (2002),44,4,17807,18757,742.7002,782.3231,39.6229
Punch-Drunk Love (2002),45,4,18758,19955,782.3648,832.2897,49.9249
Punch-Drunk Love (2002),46,4,19956,20170,832.3314,841.257,8.9256
Punch-Drunk Love (2002),47,4,20171,20687,841.2987,862.8202,21.5215
Punch-Drunk Love (2002),48,4,20688,20794,862.8619,867.283,4.4211
Punch-Drunk Love (2002),49,4,20795,22846,867.3247,952.8685,85.5438
Punch-Drunk Love (2002),50,5,22847,24676,952.9102,1029.195,76.2848
Punch-Drunk Love (2002),51,5,24677,26700,1029.236,1113.612,84.376
Punch-Drunk Love (2002),52,5,26701,26965,1113.654,1124.665,11.011
Punch-Drunk Love (2002),53,5,26966,27205,1124.707,1134.675,9.968
Punch-Drunk Love (2002),54,5,27206,29689,1134.717,1238.279,103.562
Punch-Drunk Love (2002),55,6,29690,30170,1238.32,1258.34,20.02
Punch-Drunk Love (2002),56,6,30171,30469,1258.382,1270.811,12.429
Punch-Drunk Love (2002),57,6,30470,30823,1270.853,1285.576,14.723
Punch-Drunk Love (2002),58,6,30824,31002,1285.618,1293.042,7.424
Punch-Drunk Love (2002),59,6,31003,31177,1293.083,1300.341,7.258
Punch-Drunk Love (2002),60,6,31178,31201,1300.382,1301.342,0.96
Punch-Drunk Love (2002),61,6,31202,31944,1301.383,1332.331,30.948
Punch-Drunk Love (2002),62,6,31945,32609,1332.373,1360.067,27.694
Punch-Drunk Love (2002),63,7,32610,37232,1360.109,1552.884,192.775
Punch-Drunk Love (2002),64,7,37233,40553,1552.926,1691.398,138.472
Punch-Drunk Love (2002),65,7,40561,42003,1691.731,1751.875,60.144
Punch-Drunk Love (2002),66,7,42004,42339,1751.917,1765.889,13.972
Punch-Drunk Love (2002),67,7,42340,42424,1765.931,1769.434,3.503
Punch-Drunk Love (2002),68,8,42428,42495,1769.601,1772.395,2.794
Punch-Drunk Love (2002),69,8,42496,45528,1772.437,1898.897,126.46
Punch-Drunk Love (2002),70,8,45529,46320,1898.938,1931.93,32.992
Punch-Drunk Love (2002),71,8,46321,46837,1931.971,1953.493,21.522
Punch-Drunk Love (2002),72,8,46838,47379,1953.535,1976.099,22.564
Punch-Drunk Love (2002),73,8,47380,47541,1976.141,1982.856,6.715
Punch-Drunk Love (2002),74,8,47542,47675,1982.897,1988.445,5.548
Punch-Drunk Love (2002),75,8,47676,48325,1988.486,2015.555,27.069
Punch-Drunk Love (2002),76,8,48326,48579,2015.597,2026.149,10.552
Punch-Drunk Love (2002),77,8,48580,48709,2026.191,2031.571,5.38
Punch-Drunk Love (2002),78,8,48710,48964,2031.613,2042.207,10.594
Punch-Drunk Love (2002),79,8,48965,49197,2042.248,2051.925,9.677
Punch-Drunk Love (2002),80,8,49198,49215,2051.966,2052.675,0.709
Punch-Drunk Love (2002),81,9,49216,49870,2052.717,2079.994,27.277
Punch-Drunk Love (2002),82,9,49871,50231,2080.036,2095.051,15.015
Punch-Drunk Love (2002),83,9,50232,51053,2095.093,2129.335,34.242
Punch-Drunk Love (2002),84,9,51054,52070,2129.377,2171.753,42.376
Punch-Drunk Love (2002),85,9,52071,53910,2171.794,2248.496,76.702
Punch-Drunk Love (2002),86,9,53911,54110,2248.538,2256.838,8.3
Punch-Drunk Love (2002),87,9,54111,54208,2256.879,2260.925,4.046
Punch-Drunk Love (2002),88,9,54209,54310,2260.967,2265.179,4.212
Punch-Drunk Love (2002),89,9,54311,54538,2265.221,2274.689,9.468
Punch-Drunk Love (2002),90,9,54539,54619,2274.731,2278.067,3.336
Punch-Drunk Love (2002),91,9,54620,55057,2278.109,2296.335,18.226
Punch-Drunk Love (2002),92,9,55058,55096,2296.377,2297.962,1.585
Punch-Drunk Love (2002),93,9,55097,55321,2298.004,2307.346,9.342
Punch-Drunk Love (2002),94,9,55322,55585,2307.388,2318.357,10.969
Punch-Drunk Love (2002),95,9,55586,55696,2318.399,2322.987,4.588
Punch-Drunk Love (2002),96,9,55697,55780,2323.029,2326.491,3.462
Punch-Drunk Love (2002),97,9,55781,55929,2326.532,2332.705,6.173
Punch-Drunk Love (2002),98,9,55930,55974,2332.747,2334.582,1.835
Punch-Drunk Love (2002),99,9,55975,56465,2334.624,2355.061,20.437
Punch-Drunk Love (2002),100,9,56466,56626,2355.102,2361.776,6.674
Punch-Drunk Love (2002),101,9,56627,56763,2361.817,2367.49,5.673
Punch-Drunk Love (2002),102,9,56764,56849,2367.532,2371.077,3.545
Punch-Drunk Love (2002),103,9,56850,57485,2371.118,2397.603,26.485
Punch-Drunk Love (2002),104,9,57486,58117,2397.645,2423.963,26.318
Punch-Drunk Love (2002),105,9,58118,58834,2424.005,2453.868,29.863
Punch-Drunk Love (2002),106,9,58835,60199,2453.909,2510.8,56.891
Punch-Drunk Love (2002),107,10,60200,60341,2510.841,2516.722,5.881
Punch-Drunk Love (2002),108,10,60357,60381,2517.39,2518.391,1.001
Punch-Drunk Love (2002),109,10,60406,60462,2519.433,2521.769,2.336
Punch-Drunk Love (2002),110,10,60466,60530,2521.936,2524.605,2.669
Punch-Drunk Love (2002),111,10,60531,60532,2524.647,2524.689,0.042
Punch-Drunk Love (2002),112,10,60533,60728,2524.73,2532.863,8.133
Punch-Drunk Love (2002),113,10,60729,60956,2532.905,2542.373,9.468
Punch-Drunk Love (2002),114,10,60957,61426,2542.415,2561.976,19.561
Punch-Drunk Love (2002),115,10,61427,62051,2562.017,2588.043,26.026
Punch-Drunk Love (2002),116,10,62052,62435,2588.085,2604.059,15.974
Punch-Drunk Love (2002),117,11,62436,62688,2604.101,2614.612,10.511
Punch-Drunk Love (2002),118,11,62689,62810,2614.653,2619.7,5.047
Punch-Drunk Love (2002),119,11,62811,62886,2619.742,2622.87,3.128
Punch-Drunk Love (2002),120,11,62887,63152,2622.912,2633.964,11.052
Punch-Drunk Love (2002),121,11,63153,63336,2634.006,2641.639,7.633
Punch-Drunk Love (2002),122,11,63337,63514,2641.68,2649.063,7.383
Punch-Drunk Love (2002),123,11,63515,63792,2649.104,2660.658,11.554
Punch-Drunk Love (2002),124,11,63793,64610,2660.699,2694.775,34.076
Punch-Drunk Love (2002),125,11,64611,64887,2694.817,2706.328,11.511
Punch-Drunk Love (2002),126,11,64888,65552,2706.37,2734.064,27.694
Punch-Drunk Love (2002),127,11,65553,65771,2734.106,2743.198,9.092
Punch-Drunk Love (2002),128,11,65772,65817,2743.24,2745.117,1.877
Punch-Drunk Love (2002),129,11,65818,68076,2745.159,2839.336,94.177
Punch-Drunk Love (2002),130,11,68077,68591,2839.378,2860.816,21.438
Punch-Drunk Love (2002),131,11,68592,68939,2860.858,2875.33,14.472
Punch-Drunk Love (2002),132,11,68940,69294,2875.372,2890.137,14.765
Punch-Drunk Love (2002),133,11,69295,69312,2890.179,2890.888,0.709
Punch-Drunk Love (2002),134,11,69313,72293,2890.929,3015.22,124.291
Punch-Drunk Love (2002),135,11,72294,72304,3015.262,3015.679,0.417
Punch-Drunk Love (2002),136,11,72313,72314,3016.054,3016.096,0.042
Punch-Drunk Love (2002),137,11,72316,72359,3016.179,3017.973,1.794
Punch-Drunk Love (2002),138,11,72365,72423,3018.223,3020.642,2.419
Punch-Drunk Love (2002),139,11,72427,72469,3020.809,3022.561,1.752
Punch-Drunk Love (2002),140,11,72473,72598,3022.728,3027.941,5.213
Punch-Drunk Love (2002),141,11,72599,72759,3027.983,3034.656,6.673
Punch-Drunk Love (2002),142,11,72760,72824,3034.698,3037.367,2.669
Punch-Drunk Love (2002),143,11,72825,72897,3037.409,3040.412,3.003
Punch-Drunk Love (2002),144,11,72903,72919,3040.662,3041.33,0.668
Punch-Drunk Love (2002),145,11,72920,72985,3041.371,3044.082,2.711
Punch-Drunk Love (2002),146,11,72986,73057,3044.124,3047.085,2.961
Punch-Drunk Love (2002),147,11,73058,73159,3047.127,3051.34,4.213
Punch-Drunk Love (2002),148,11,73160,73311,3051.381,3057.679,6.298
Punch-Drunk Love (2002),149,11,73315,73389,3057.846,3060.932,3.086
Punch-Drunk Love (2002),150,11,73390,73559,3060.974,3068.023,7.049
Punch-Drunk Love (2002),151,11,73560,73700,3068.065,3073.904,5.839
Punch-Drunk Love (2002),152,11,73703,73710,3074.029,3074.321,0.292
Punch-Drunk Love (2002),153,11,73713,73719,3074.446,3074.696,0.25
Punch-Drunk Love (2002),154,11,73720,73974,3074.738,3085.332,10.594
Punch-Drunk Love (2002),155,11,73975,74025,3085.374,3087.459,2.085
Punch-Drunk Love (2002),156,11,74028,74034,3087.584,3087.834,0.25
Punch-Drunk Love (2002),157,11,74040,74118,3088.085,3091.338,3.253
Punch-Drunk Love (2002),158,11,74119,74283,3091.38,3098.22,6.84
Punch-Drunk Love (2002),159,11,74284,74885,3098.261,3123.328,25.067
Punch-Drunk Love (2002),160,11,74886,75273,3123.37,3139.511,16.141
Punch-Drunk Love (2002),161,11,75274,76674,3139.553,3197.944,58.391
Punch-Drunk Love (2002),162,11,76675,76782,3197.986,3202.449,4.463
Punch-Drunk Love (2002),163,11,76783,76841,3202.491,3204.91,2.419
Punch-Drunk Love (2002),164,11,76842,76977,3204.951,3210.582,5.631
Punch-Drunk Love (2002),165,11,76978,77124,3210.624,3216.713,6.089
Punch-Drunk Love (2002),166,11,77125,77361,3216.755,3226.598,9.843
Punch-Drunk Love (2002),167,11,77362,77595,3226.64,3236.358,9.718
Punch-Drunk Love (2002),168,11,77596,77776,3236.399,3243.907,7.508
Punch-Drunk Love (2002),169,11,77777,79231,3243.949,3304.593,60.644
Punch-Drunk Love (2002),170,12,79232,80062,3304.634,3339.252,34.618
Punch-Drunk Love (2002),171,12,80063,80314,3339.294,3349.763,10.469
Punch-Drunk Love (2002),172,12,80315,80450,3349.804,3355.435,5.631
Punch-Drunk Love (2002),173,12,80451,80562,3355.477,3360.106,4.629
Punch-Drunk Love (2002),174,12,80563,80757,3360.148,3368.239,8.091
Punch-Drunk Love (2002),175,12,80758,80945,3368.281,3376.081,7.8
Punch-Drunk Love (2002),176,12,80946,81325,3376.122,3391.93,15.808
Punch-Drunk Love (2002),177,12,81326,81401,3391.971,3395.1,3.129
Punch-Drunk Love (2002),178,12,81402,81540,3395.141,3400.897,5.756
Punch-Drunk Love (2002),179,12,81541,81598,3400.939,3403.316,2.377
Punch-Drunk Love (2002),180,12,81599,81695,3403.358,3407.362,4.004
Punch-Drunk Love (2002),181,12,81696,81959,3407.404,3418.373,10.969
Punch-Drunk Love (2002),182,12,81960,82281,3418.415,3431.803,13.388
Punch-Drunk Love (2002),183,12,82282,82507,3431.845,3441.229,9.384
Punch-Drunk Love (2002),184,12,82508,82625,3441.271,3446.151,4.88
Punch-Drunk Love (2002),185,12,82626,82876,3446.192,3456.619,10.427
Punch-Drunk Love (2002),186,12,82877,83307,3456.661,3474.596,17.935
Punch-Drunk Love (2002),187,13,83308,85198,3474.637,3553.466,78.829
Punch-Drunk Love (2002),188,13,85199,86742,3553.508,3617.864,64.356
Punch-Drunk Love (2002),189,13,86743,87737,3617.906,3659.364,41.458
Punch-Drunk Love (2002),190,13,87738,88136,3659.405,3676.005,16.6
Punch-Drunk Love (2002),191,13,88137,89042,3676.047,3713.793,37.746
Punch-Drunk Love (2002),192,14,89043,90085,3713.835,3757.295,43.46
Punch-Drunk Love (2002),193,14,90086,90454,3757.336,3772.685,15.349
Punch-Drunk Love (2002),194,14,90455,90961,3772.727,3793.831,21.104
Punch-Drunk Love (2002),195,14,90962,91326,3793.873,3809.055,15.182
Punch-Drunk Love (2002),196,14,91327,91561,3809.096,3818.856,9.76
Punch-Drunk Love (2002),197,14,91562,93259,3818.898,3889.677,70.779
Punch-Drunk Love (2002),198,14,93260,93359,3889.719,3893.848,4.129
Punch-Drunk Love (2002),199,14,93373,93707,3894.432,3908.362,13.93
Punch-Drunk Love (2002),200,14,93712,95089,3908.571,3966.003,57.432
Punch-Drunk Love (2002),201,15,95090,95589,3966.045,3986.857,20.812
Punch-Drunk Love (2002),202,15,95590,95642,3986.899,3989.068,2.169
Punch-Drunk Love (2002),203,15,95643,95840,3989.11,3997.326,8.216
Punch-Drunk Love (2002),204,15,95841,95927,3997.368,4000.955,3.587
Punch-Drunk Love (2002),205,15,95928,95999,4000.997,4003.958,2.961
Punch-Drunk Love (2002),206,15,96000,96068,4004,4006.836,2.836
Punch-Drunk Love (2002),207,15,96069,96949,4006.877,4043.581,36.704
Punch-Drunk Love (2002),208,15,96950,99412,4043.622,4146.308,102.686
Punch-Drunk Love (2002),209,15,99413,99981,4146.35,4170.04,23.69
Punch-Drunk Love (2002),210,15,99982,100645,4170.082,4197.735,27.653
Punch-Drunk Love (2002),211,15,100655,102662,4198.152,4281.86,83.708
Punch-Drunk Love (2002),212,15,102663,103075,4281.902,4299.086,17.184
Punch-Drunk Love (2002),213,15,103076,103394,4299.128,4312.391,13.263
Punch-Drunk Love (2002),214,15,103395,103686,4312.433,4324.57,12.137
Punch-Drunk Love (2002),215,15,103687,103851,4324.611,4331.452,6.841
Punch-Drunk Love (2002),216,15,103852,104410,4331.493,4354.767,23.274
Punch-Drunk Love (2002),217,15,104411,104616,4354.808,4363.358,8.55
Punch-Drunk Love (2002),218,15,104617,106461,4363.4,4440.31,76.91
Punch-Drunk Love (2002),219,15,106462,106665,4440.352,4448.819,8.467
Punch-Drunk Love (2002),220,15,106666,107074,4448.861,4465.878,17.017
Punch-Drunk Love (2002),221,15,107075,107320,4465.919,4476.138,10.219
Punch-Drunk Love (2002),222,15,107321,107552,4476.179,4485.814,9.635
Punch-Drunk Love (2002),223,15,107553,107872,4485.856,4499.161,13.305
Punch-Drunk Love (2002),224,16,107873,107944,4499.202,4502.164,2.962
Punch-Drunk Love (2002),225,16,107945,107949,4502.205,4502.372,0.167
Punch-Drunk Love (2002),226,16,107953,107954,4502.539,4502.581,0.042
Punch-Drunk Love (2002),227,16,107959,108286,4502.789,4516.428,13.639
Punch-Drunk Love (2002),228,16,108287,108319,4516.47,4517.804,1.334
Punch-Drunk Love (2002),229,16,108320,108403,4517.846,4521.308,3.462
Punch-Drunk Love (2002),230,16,108404,108489,4521.35,4524.895,3.545
Punch-Drunk Love (2002),231,16,108490,108511,4524.937,4525.812,0.875
Punch-Drunk Love (2002),232,16,108512,108613,4525.854,4530.067,4.213
Punch-Drunk Love (2002),233,16,108614,108695,4530.108,4533.487,3.379
Punch-Drunk Love (2002),234,16,108696,109036,4533.528,4547.709,14.181
Punch-Drunk Love (2002),235,16,109037,109423,4547.751,4563.85,16.099
Punch-Drunk Love (2002),236,16,109424,109691,4563.892,4575.028,11.136
Punch-Drunk Love (2002),237,16,109692,110655,4575.07,4615.235,40.165
Punch-Drunk Love (2002),238,16,110656,111071,4615.277,4632.586,17.309
Punch-Drunk Love (2002),239,16,111072,111252,4632.627,4640.135,7.508
Punch-Drunk Love (2002),240,16,111253,111653,4640.177,4656.86,16.683
Punch-Drunk Love (2002),241,16,111654,112203,4656.902,4679.8,22.898
Punch-Drunk Love (2002),242,16,112204,112536,4679.841,4693.688,13.847
Punch-Drunk Love (2002),243,16,112538,112676,4693.772,4699.528,5.756
Punch-Drunk Love (2002),244,16,112677,112931,4699.569,4710.163,10.594
Punch-Drunk Love (2002),245,16,112932,113034,4710.205,4714.459,4.254
Punch-Drunk Love (2002),246,16,113035,113429,4714.501,4730.934,16.433
Punch-Drunk Love (2002),247,16,113430,113835,4730.976,4747.868,16.892
Punch-Drunk Love (2002),248,16,113836,113923,4747.909,4751.538,3.629
Punch-Drunk Love (2002),249,16,113924,114125,4751.58,4759.963,8.383
Punch-Drunk Love (2002),250,16,114126,114235,4760.005,4764.551,4.546
Punch-Drunk Love (2002),251,16,114236,114372,4764.593,4770.265,5.672
Punch-Drunk Love (2002),252,16,114373,114810,4770.307,4788.533,18.226
Punch-Drunk Love (2002),253,16,114811,114891,4788.575,4791.912,3.337
Punch-Drunk Love (2002),254,16,114892,115081,4791.953,4799.836,7.883
Punch-Drunk Love (2002),255,16,115082,115382,4799.878,4812.39,12.512
Punch-Drunk Love (2002),256,16,115383,115574,4812.432,4820.398,7.966
Punch-Drunk Love (2002),257,16,115575,116401,4820.44,4854.891,34.451
Punch-Drunk Love (2002),258,17,116402,116841,4854.933,4873.243,18.31
Punch-Drunk Love (2002),259,17,116844,116845,4873.368,4873.41,0.042
Punch-Drunk Love (2002),260,17,116850,116860,4873.618,4874.035,0.417
Punch-Drunk Love (2002),261,17,116862,116876,4874.119,4874.703,0.584
Punch-Drunk Love (2002),262,17,116882,116924,4874.953,4876.705,1.752
Punch-Drunk Love (2002),263,17,116932,116941,4877.038,4877.414,0.376
Punch-Drunk Love (2002),264,17,116943,116976,4877.497,4878.873,1.376
Punch-Drunk Love (2002),265,17,116979,116988,4878.999,4879.374,0.375
Punch-Drunk Love (2002),266,17,116993,117073,4879.582,4882.919,3.337
Punch-Drunk Love (2002),267,17,117094,117357,4883.795,4894.764,10.969
Punch-Drunk Love (2002),268,17,117358,118311,4894.806,4934.554,39.748
Punch-Drunk Love (2002),269,17,118312,118447,4934.596,4940.226,5.63
Punch-Drunk Love (2002),270,17,118448,118686,4940.268,4950.195,9.927
Punch-Drunk Love (2002),271,17,118687,118863,4950.236,4957.577,7.341
Punch-Drunk Love (2002),272,17,118864,119137,4957.619,4969.005,11.386
Punch-Drunk Love (2002),273,17,119138,120673,4969.047,5033.069,64.022
Punch-Drunk Love (2002),274,17,120674,120754,5033.111,5036.447,3.336
Punch-Drunk Love (2002),275,17,120755,120814,5036.489,5038.95,2.461
Punch-Drunk Love (2002),276,17,120815,120924,5038.992,5043.538,4.546
Punch-Drunk Love (2002),277,17,120925,121014,5043.58,5047.292,3.712
Punch-Drunk Love (2002),278,18,121015,121096,5047.333,5050.712,3.379
Punch-Drunk Love (2002),279,18,121097,121654,5050.753,5073.985,23.232
Punch-Drunk Love (2002),280,18,121655,124346,5074.027,5186.264,112.237
Punch-Drunk Love (2002),281,18,124347,124660,5186.305,5199.36,13.055
Punch-Drunk Love (2002),282,18,124661,124852,5199.402,5207.368,7.966
Punch-Drunk Love (2002),283,18,124853,125067,5207.41,5216.335,8.925
Punch-Drunk Love (2002),284,18,125068,125718,5216.377,5243.488,27.111
Punch-Drunk Love (2002),285,19,125719,126209,5243.529,5263.966,20.437
Punch-Drunk Love (2002),286,19,126231,126339,5264.884,5269.388,4.504
Punch-Drunk Love (2002),287,19,126356,126375,5270.098,5270.89,0.792
Punch-Drunk Love (2002),288,19,126380,126400,5271.099,5271.933,0.834
Punch-Drunk Love (2002),289,19,126405,126517,5272.141,5276.813,4.672
Punch-Drunk Love (2002),290,19,126543,126632,5277.897,5281.609,3.712
Punch-Drunk Love (2002),291,19,126650,126763,5282.36,5287.073,4.713
Punch-Drunk Love (2002),292,19,126781,126817,5287.824,5289.325,1.501
Punch-Drunk Love (2002),293,19,126835,126853,5290.076,5290.827,0.751
Punch-Drunk Love (2002),294,19,126880,126928,5291.953,5293.955,2.002
Punch-Drunk Love (2002),295,19,126951,126954,5294.914,5295.039,0.125
Punch-Drunk Love (2002),296,19,126957,127039,5295.164,5298.584,3.42
Punch-Drunk Love (2002),297,19,127040,127372,5298.626,5312.473,13.847
Punch-Drunk Love (2002),298,19,127403,127426,5313.766,5314.725,0.959
Punch-Drunk Love (2002),299,19,127453,127687,5315.852,5325.611,9.759
Punch-Drunk Love (2002),300,19,127700,127828,5326.154,5331.492,5.338
Punch-Drunk Love (2002),301,19,127840,127998,5331.993,5338.583,6.59
Punch-Drunk Love (2002),302,19,128000,128004,5338.666,5338.833,0.167
Punch-Drunk Love (2002),303,19,128009,128101,5339.041,5342.879,3.838
Punch-Drunk Love (2002),304,19,128102,128105,5342.92,5343.045,0.125
Punch-Drunk Love (2002),305,19,128111,128472,5343.296,5358.352,15.056
Punch-Drunk Love (2002),306,19,128492,128494,5359.187,5359.27,0.083
Punch-Drunk Love (2002),307,19,128512,128569,5360.021,5362.398,2.377
Punch-Drunk Love (2002),308,19,128595,130064,5363.482,5424.752,61.27
Punch-Drunk Love (2002),309,19,130090,130460,5425.836,5441.268,15.432
Punch-Drunk Love (2002),310,19,130461,130561,5441.31,5445.481,4.171
Punch-Drunk Love (2002),311,19,130563,130565,5445.564,5445.648,0.084
Punch-Drunk Love (2002),312,19,130566,130631,5445.69,5448.401,2.711
Punch-Drunk Love (2002),313,19,130635,136694,5448.567,5701.278,252.711
Punch-Drunk Love (2002),314,19,136724,137136,5702.529,5719.713,17.184
There Will Be Blood (2007),1,,0,70,0,2.919583,2.919583
There Will Be Blood (2007),2,,71,303,2.961292,12.63763,9.676338
There Will Be Blood (2007),3,,304,323,12.67933,13.47179,0.79246
There Will Be Blood (2007),4,,330,1249,13.76375,52.09371,38.32996
There Will Be Blood (2007),5,,1250,2269,52.13542,94.63621,42.50079
There Will Be Blood (2007),6,,2270,2984,94.67791,124.4577,29.77979
There Will Be Blood (2007),7,,2985,3331,124.4994,138.9305,14.4311
There Will Be Blood (2007),8,,3332,3737,138.9722,155.864,16.8918
There Will Be Blood (2007),9,,3738,4253,155.9057,177.3855,21.4798
There Will Be Blood (2007),10,,4254,4587,177.4272,191.3161,13.8889
There Will Be Blood (2007),11,,4588,4681,191.3578,195.2367,3.8789
There Will Be Blood (2007),12,,4682,4771,195.2784,198.9905,3.7121
There Will Be Blood (2007),13,,4772,5073,199.0322,211.5864,12.5542
There Will Be Blood (2007),14,,5074,5604,211.6281,233.7335,22.1054
There Will Be Blood (2007),15,,5605,5763,233.7752,240.3651,6.5899
There Will Be Blood (2007),16,,5764,5930,240.4068,247.3304,6.9236
There Will Be Blood (2007),17,,5931,6083,247.3721,253.7118,6.3397
There Will Be Blood (2007),18,,6084,6766,253.7535,282.1986,28.4451
There Will Be Blood (2007),19,,6767,6879,282.2403,286.9116,4.6713
There Will Be Blood (2007),20,,6880,6998,286.9533,291.8749,4.9216
There Will Be Blood (2007),21,,6999,7417,291.9166,309.3507,17.4341
There Will Be Blood (2007),22,,7418,7727,309.3924,322.2803,12.8879
There Will Be Blood (2007),23,,7728,7969,322.322,332.3737,10.0517
There Will Be Blood (2007),24,,7970,8325,332.4154,347.2219,14.8065
There Will Be Blood (2007),25,,8326,8750,347.2636,364.9479,17.6843
There Will Be Blood (2007),26,,8751,9264,364.9896,386.386,21.3964
There Will Be Blood (2007),27,,9265,9353,386.4277,390.098,3.6703
There Will Be Blood (2007),28,,9354,9437,390.1397,393.6015,3.4618
There Will Be Blood (2007),29,,9438,9783,393.6432,408.0326,14.3894
There Will Be Blood (2007),30,,9784,10741,408.0743,447.9892,39.9149
There Will Be Blood (2007),31,,10742,11267,448.0309,469.9278,21.8969
There Will Be Blood (2007),32,,11268,11705,469.9695,488.196,18.2265
There Will Be Blood (2007),33,,11706,12163,488.2377,507.2984,19.0607
There Will Be Blood (2007),34,,12164,12647,507.3402,527.4853,20.1451
There Will Be Blood (2007),35,,12648,13086,527.527,545.7952,18.2682
There Will Be Blood (2007),36,,13087,13521,545.8369,563.9384,18.1015
There Will Be Blood (2007),37,,13522,13703,563.9801,571.5293,7.5492
There Will Be Blood (2007),38,,13704,13754,571.571,573.6564,2.0854
There Will Be Blood (2007),39,,13755,13777,573.6981,574.6157,0.9176
There Will Be Blood (2007),40,,13778,13838,574.6574,577.1599,2.5025
There Will Be Blood (2007),41,,13839,13922,577.2016,580.6634,3.4618
There Will Be Blood (2007),42,,13923,14125,580.7051,589.1302,8.4251
There Will Be Blood (2007),43,,14126,14291,589.1719,596.0538,6.8819
There Will Be Blood (2007),44,,14292,15515,596.0955,647.1048,51.0093
There Will Be Blood (2007),45,,15516,15672,647.1465,653.653,6.5065
There Will Be Blood (2007),46,,15673,16267,653.6947,678.4694,24.7747
There Will Be Blood (2007),47,,16268,16436,678.5111,685.5181,7.007
There Will Be Blood (2007),48,,16437,16566,685.5599,690.9402,5.3803
There Will Be Blood (2007),49,,16567,16904,690.9819,705.0376,14.0557
There Will Be Blood (2007),50,,16905,17288,705.0794,721.0536,15.9742
There Will Be Blood (2007),51,,17289,18333,721.0954,764.6389,43.5435
There Will Be Blood (2007),52,,18334,18499,764.6806,771.5624,6.8818
There Will Be Blood (2007),53,,18500,18773,771.6041,782.9905,11.3864
There Will Be Blood (2007),54,,18774,19088,783.0322,796.1286,13.0964
There Will Be Blood (2007),55,,19089,19186,796.1704,800.2161,4.0457
There Will Be Blood (2007),56,,19187,19373,800.2578,808.0155,7.7577
There Will Be Blood (2007),57,,19374,19975,808.0572,833.1239,25.0667
There Will Be Blood (2007),58,,19976,20370,833.1656,849.5987,16.4331
There Will Be Blood (2007),59,,20371,22810,849.6404,951.3671,101.7267
There Will Be Blood (2007),60,,22811,23145,951.4088,965.3394,13.9306
There Will Be Blood (2007),61,,23146,24420,965.3811,1018.517,53.1359
There Will Be Blood (2007),62,,24421,24601,1018.559,1026.067,7.508
There Will Be Blood (2007),63,,24602,25149,1026.108,1048.923,22.815
There Will Be Blood (2007),64,,25150,25869,1048.965,1078.953,29.988
There Will Be Blood (2007),65,,25870,25968,1078.995,1083.082,4.087
There Will Be Blood (2007),66,,25969,26125,1083.124,1089.63,6.506
There Will Be Blood (2007),67,,26126,27197,1089.672,1134.342,44.67
There Will Be Blood (2007),68,,27198,27337,1134.383,1140.181,5.798
There Will Be Blood (2007),69,,27338,27579,1140.222,1150.274,10.052
There Will Be Blood (2007),70,,27580,27706,1150.316,1155.571,5.255
There Will Be Blood (2007),71,,27707,28062,1155.613,1170.419,14.806
There Will Be Blood (2007),72,,28083,28176,1171.295,1175.174,3.879
There Will Be Blood (2007),73,,28177,31879,1175.216,1329.62,154.404
There Will Be Blood (2007),74,,31880,32038,1329.662,1336.252,6.59
There Will Be Blood (2007),75,,32039,32250,1336.293,1345.094,8.801
There Will Be Blood (2007),76,,32251,32339,1345.135,1348.806,3.671
There Will Be Blood (2007),77,,32340,32541,1348.847,1357.231,8.384
There Will Be Blood (2007),78,,32542,32650,1357.273,1361.777,4.504
There Will Be Blood (2007),79,,32651,32788,1361.819,1367.533,5.714
There Will Be Blood (2007),80,,32789,33011,1367.575,1376.834,9.259
There Will Be Blood (2007),81,,33012,33192,1376.875,1384.383,7.508
There Will Be Blood (2007),82,,33193,33387,1384.425,1392.516,8.091
There Will Be Blood (2007),83,,33388,35916,1392.558,1497.996,105.438
There Will Be Blood (2007),84,,35917,37299,1498.038,1555.679,57.641
There Will Be Blood (2007),85,,37300,37765,1555.721,1575.115,19.394
There Will Be Blood (2007),86,,37766,38960,1575.157,1624.957,49.8
There Will Be Blood (2007),87,,38961,41167,1624.998,1717.007,92.009
There Will Be Blood (2007),88,,41168,43273,1717.049,1804.845,87.796
There Will Be Blood (2007),89,,43274,43488,1804.886,1813.812,8.926
There Will Be Blood (2007),90,,43489,44138,1813.854,1840.922,27.068
There Will Be Blood (2007),91,,44139,44447,1840.964,1853.81,12.846
There Will Be Blood (2007),92,,44448,44858,1853.852,1870.952,17.1
There Will Be Blood (2007),93,,44859,45363,1870.994,1892.015,21.021
There Will Be Blood (2007),94,,45364,45893,1892.057,1914.12,22.063
There Will Be Blood (2007),95,,45894,46125,1914.162,1923.797,9.635
There Will Be Blood (2007),96,,46126,46419,1923.839,1936.059,12.22
There Will Be Blood (2007),97,,46420,46693,1936.101,1947.487,11.386
There Will Be Blood (2007),98,,46694,47106,1947.529,1964.713,17.184
There Will Be Blood (2007),99,,47107,47274,1964.754,1971.72,6.966
There Will Be Blood (2007),100,,47275,47344,1971.761,1974.639,2.878
There Will Be Blood (2007),101,,47345,49448,1974.681,2062.394,87.713
There Will Be Blood (2007),102,,49449,50324,2062.435,2098.93,36.495
There Will Be Blood (2007),103,,50325,50417,2098.972,2102.809,3.837
There Will Be Blood (2007),104,,50418,50517,2102.851,2106.98,4.129
There Will Be Blood (2007),105,,50518,50603,2107.022,2110.567,3.545
There Will Be Blood (2007),106,,50604,50781,2110.608,2117.991,7.383
There Will Be Blood (2007),107,,50782,50991,2118.033,2126.75,8.717
There Will Be Blood (2007),108,,50992,51115,2126.791,2131.921,5.13
There Will Be Blood (2007),109,,51116,51807,2131.963,2160.784,28.821
There Will Be Blood (2007),110,,51808,51901,2160.825,2164.704,3.879
There Will Be Blood (2007),111,,51902,51960,2164.746,2167.165,2.419
There Will Be Blood (2007),112,,51961,52015,2167.207,2169.459,2.252
There Will Be Blood (2007),113,,52016,52167,2169.501,2175.799,6.298
There Will Be Blood (2007),114,,52168,52338,2175.84,2182.931,7.091
There Will Be Blood (2007),115,,52339,52399,2182.972,2185.475,2.503
There Will Be Blood (2007),116,,52400,52458,2185.517,2187.936,2.419
There Will Be Blood (2007),117,,52459,53738,2187.977,2241.322,53.345
There Will Be Blood (2007),118,,53739,54137,2241.364,2257.964,16.6
There Will Be Blood (2007),119,,54138,54306,2258.006,2265.013,7.007
There Will Be Blood (2007),120,,54307,54678,2265.054,2280.528,15.474
There Will Be Blood (2007),121,,54679,54849,2280.57,2287.66,7.09
There Will Be Blood (2007),122,,54850,55087,2287.702,2297.587,9.885
There Will Be Blood (2007),123,,55088,55188,2297.629,2301.799,4.17
There Will Be Blood (2007),124,,55189,55220,2301.841,2303.134,1.293
There Will Be Blood (2007),125,,55221,55275,2303.176,2305.428,2.252
There Will Be Blood (2007),126,,55276,55505,2305.47,2315.021,9.551
There Will Be Blood (2007),127,,55506,55540,2315.063,2316.481,1.418
There Will Be Blood (2007),128,,55541,55724,2316.522,2324.155,7.633
There Will Be Blood (2007),129,,55725,55840,2324.197,2328.993,4.796
There Will Be Blood (2007),130,,55841,55917,2329.035,2332.205,3.17
There Will Be Blood (2007),131,,55918,56042,2332.247,2337.418,5.171
There Will Be Blood (2007),132,,56043,56286,2337.46,2347.595,10.135
There Will Be Blood (2007),133,,56287,56694,2347.637,2364.612,16.975
There Will Be Blood (2007),134,,56695,57052,2364.654,2379.544,14.89
There Will Be Blood (2007),135,,57053,57262,2379.585,2388.303,8.718
There Will Be Blood (2007),136,,57263,57571,2388.344,2401.19,12.846
There Will Be Blood (2007),137,,57572,57662,2401.232,2404.986,3.754
There Will Be Blood (2007),138,,57663,57964,2405.028,2417.582,12.554
There Will Be Blood (2007),139,,57965,58338,2417.623,2433.181,15.558
There Will Be Blood (2007),140,,58339,59567,2433.222,2484.44,51.218
There Will Be Blood (2007),141,,59568,59682,2484.482,2489.237,4.755
There Will Be Blood (2007),142,,59683,60646,2489.278,2529.444,40.166
There Will Be Blood (2007),143,,60647,61338,2529.485,2558.306,28.821
There Will Be Blood (2007),144,,61339,61957,2558.347,2584.123,25.776
There Will Be Blood (2007),145,,61958,62261,2584.165,2596.802,12.637
There Will Be Blood (2007),146,,62262,62398,2596.844,2602.517,5.673
There Will Be Blood (2007),147,,62399,62484,2602.558,2606.103,3.545
There Will Be Blood (2007),148,,62485,62629,2606.145,2612.151,6.006
There Will Be Blood (2007),149,,62630,62955,2612.193,2625.748,13.555
There Will Be Blood (2007),150,,62956,63021,2625.79,2628.501,2.711
There Will Be Blood (2007),151,,63022,63138,2628.543,2633.381,4.838
There Will Be Blood (2007),152,,63139,63296,2633.422,2639.971,6.549
There Will Be Blood (2007),153,,63297,63412,2640.012,2644.809,4.797
There Will Be Blood (2007),154,,63413,63558,2644.85,2650.898,6.048
There Will Be Blood (2007),155,,63559,64431,2650.94,2687.31,36.37
There Will Be Blood (2007),156,,64432,64744,2687.351,2700.364,13.013
There Will Be Blood (2007),157,,64745,64927,2700.406,2707.997,7.591
There Will Be Blood (2007),158,,64928,65354,2708.039,2725.806,17.767
There Will Be Blood (2007),159,,65355,65709,2725.848,2740.613,14.765
There Will Be Blood (2007),160,,65710,66209,2740.655,2761.467,20.812
There Will Be Blood (2007),161,,66210,66625,2761.509,2778.818,17.309
There Will Be Blood (2007),162,,66626,66796,2778.859,2785.95,7.091
There Will Be Blood (2007),163,,66797,66927,2785.991,2791.414,5.423
There Will Be Blood (2007),164,,66928,67028,2791.455,2795.626,4.171
There Will Be Blood (2007),165,,67029,67818,2795.668,2828.576,32.908
There Will Be Blood (2007),166,,67819,68877,2828.617,2872.745,44.128
There Will Be Blood (2007),167,,68878,69262,2872.787,2888.803,16.016
There Will Be Blood (2007),168,,69263,69385,2888.844,2893.933,5.089
There Will Be Blood (2007),169,,69386,69842,2893.974,2912.993,19.019
There Will Be Blood (2007),170,,69843,70122,2913.035,2924.672,11.637
There Will Be Blood (2007),171,,70123,70473,2924.713,2939.311,14.598
There Will Be Blood (2007),172,,70474,70598,2939.353,2944.525,5.172
There Will Be Blood (2007),173,,70599,70759,2944.567,2951.24,6.673
There Will Be Blood (2007),174,,70760,70819,2951.282,2953.742,2.46
There Will Be Blood (2007),175,,70820,71005,2953.784,2961.5,7.716
There Will Be Blood (2007),176,,71006,71363,2961.542,2976.432,14.89
There Will Be Blood (2007),177,,71364,71592,2976.473,2985.983,9.51
There Will Be Blood (2007),178,,71593,72303,2986.025,3015.638,29.613
There Will Be Blood (2007),179,,72304,73148,3015.679,3050.881,35.202
There Will Be Blood (2007),180,,73149,73397,3050.923,3061.266,10.343
There Will Be Blood (2007),181,,73398,73680,3061.308,3073.07,11.762
There Will Be Blood (2007),182,,73681,73835,3073.112,3079.535,6.423
There Will Be Blood (2007),183,,73836,74082,3079.576,3089.837,10.261
There Will Be Blood (2007),184,,74083,74646,3089.878,3113.36,23.482
There Will Be Blood (2007),185,,74647,75436,3113.402,3146.31,32.908
There Will Be Blood (2007),186,,75437,75660,3146.351,3155.652,9.301
There Will Be Blood (2007),187,,75661,75770,3155.694,3160.24,4.546
There Will Be Blood (2007),188,,75771,75792,3160.282,3161.158,0.876
There Will Be Blood (2007),189,,75793,75847,3161.2,3163.452,2.252
There Will Be Blood (2007),190,,75848,75941,3163.494,3167.372,3.878
There Will Be Blood (2007),191,,75942,76021,3167.414,3170.709,3.295
There Will Be Blood (2007),192,,76022,76126,3170.751,3175.089,4.338
There Will Be Blood (2007),193,,76127,76168,3175.13,3176.84,1.71
There Will Be Blood (2007),194,,76169,76340,3176.882,3184.014,7.132
There Will Be Blood (2007),195,,76341,76552,3184.056,3192.856,8.8
There Will Be Blood (2007),196,,76553,78052,3192.898,3255.419,62.521
There Will Be Blood (2007),197,,78053,78192,3255.46,3261.258,5.798
There Will Be Blood (2007),198,,78193,78468,3261.3,3272.769,11.469
There Will Be Blood (2007),199,,78469,82089,3272.811,3423.795,150.984
There Will Be Blood (2007),200,,82090,82442,3423.837,3438.518,14.681
There Will Be Blood (2007),201,,82443,82680,3438.56,3448.445,9.885
There Will Be Blood (2007),202,,82681,85127,3448.487,3550.505,102.018
There Will Be Blood (2007),203,,85128,85539,3550.547,3567.689,17.142
There Will Be Blood (2007),204,,85540,85947,3567.731,3584.706,16.975
There Will Be Blood (2007),205,,85948,86325,3584.748,3600.472,15.724
There Will Be Blood (2007),206,,86326,86507,3600.513,3608.063,7.55
There Will Be Blood (2007),207,,86508,87406,3608.104,3645.558,37.454
There Will Be Blood (2007),208,,87407,87431,3645.6,3646.601,1.001
There Will Be Blood (2007),209,,87432,87506,3646.643,3649.729,3.086
There Will Be Blood (2007),210,,87507,87603,3649.771,3653.775,4.004
There Will Be Blood (2007),211,,87604,87705,3653.817,3658.029,4.212
There Will Be Blood (2007),212,,87706,88023,3658.071,3671.293,13.222
There Will Be Blood (2007),213,,88024,88168,3671.334,3677.34,6.006
There Will Be Blood (2007),214,,88169,88423,3677.382,3687.976,10.594
There Will Be Blood (2007),215,,88424,88529,3688.018,3692.397,4.379
There Will Be Blood (2007),216,,88530,88818,3692.439,3704.451,12.012
There Will Be Blood (2007),217,,88819,88972,3704.492,3710.874,6.382
There Will Be Blood (2007),218,,88973,89181,3710.915,3719.591,8.676
There Will Be Blood (2007),219,,89182,90213,3719.632,3762.634,43.002
There Will Be Blood (2007),220,,90214,90330,3762.675,3767.514,4.839
There Will Be Blood (2007),221,,90331,90517,3767.555,3775.313,7.758
There Will Be Blood (2007),222,,90518,90967,3775.355,3794.082,18.727
There Will Be Blood (2007),223,,90968,91024,3794.124,3796.459,2.335
There Will Be Blood (2007),224,,91025,91056,3796.501,3797.794,1.293
There Will Be Blood (2007),225,,91057,91114,3797.836,3800.213,2.377
There Will Be Blood (2007),226,,91115,91188,3800.255,3803.299,3.044
There Will Be Blood (2007),227,,91189,91518,3803.341,3817.063,13.722
There Will Be Blood (2007),228,,91519,91671,3817.105,3823.445,6.34
There Will Be Blood (2007),229,,91672,92369,3823.486,3852.557,29.071
There Will Be Blood (2007),230,,92370,92837,3852.599,3872.076,19.477
There Will Be Blood (2007),231,,92838,93115,3872.118,3883.671,11.553
There Will Be Blood (2007),232,,93116,93363,3883.713,3894.015,10.302
There Will Be Blood (2007),233,,93364,93493,3894.057,3899.437,5.38
There Will Be Blood (2007),234,,93494,93630,3899.479,3905.151,5.672
There Will Be Blood (2007),235,,93631,93852,3905.193,3914.41,9.217
There Will Be Blood (2007),236,,93853,93976,3914.452,3919.582,5.13
There Will Be Blood (2007),237,,93977,94069,3919.624,3923.461,3.837
There Will Be Blood (2007),238,,94070,94334,3923.503,3934.514,11.011
There Will Be Blood (2007),239,,94335,94661,3934.556,3948.152,13.596
There Will Be Blood (2007),240,,94662,94878,3948.194,3957.203,9.009
There Will Be Blood (2007),241,,94879,95516,3957.245,3983.813,26.568
There Will Be Blood (2007),242,,95517,96343,3983.855,4018.306,34.451
There Will Be Blood (2007),243,,96344,96580,4018.348,4028.191,9.843
There Will Be Blood (2007),244,,96581,96727,4028.232,4034.322,6.09
There Will Be Blood (2007),245,,96728,97875,4034.364,4082.203,47.839
There Will Be Blood (2007),246,,97876,97955,4082.245,4085.54,3.295
There Will Be Blood (2007),247,,97956,98898,4085.581,4124.871,39.29
There Will Be Blood (2007),248,,98899,99276,4124.912,4140.636,15.724
There Will Be Blood (2007),249,,99277,99868,4140.678,4165.328,24.65
There Will Be Blood (2007),250,,99869,99930,4165.369,4167.914,2.545
There Will Be Blood (2007),251,,99931,100760,4167.955,4202.532,34.577
There Will Be Blood (2007),252,,100761,100898,4202.573,4208.287,5.714
There Will Be Blood (2007),253,,100899,101139,4208.329,4218.339,10.01
There Will Be Blood (2007),254,,101140,101342,4218.381,4226.806,8.425
There Will Be Blood (2007),255,,101343,101533,4226.848,4234.772,7.924
There Will Be Blood (2007),256,,101534,101706,4234.814,4241.988,7.174
There Will Be Blood (2007),257,,101707,101885,4242.029,4249.453,7.424
There Will Be Blood (2007),258,,101886,101999,4249.495,4254.208,4.713
There Will Be Blood (2007),259,,102000,102061,4254.25,4256.794,2.544
There Will Be Blood (2007),260,,102062,102263,4256.836,4265.219,8.383
There Will Be Blood (2007),261,,102264,102526,4265.261,4276.188,10.927
There Will Be Blood (2007),262,,102527,103707,4276.23,4325.446,49.216
There Will Be Blood (2007),263,,103708,104110,4325.488,4342.254,16.766
There Will Be Blood (2007),264,,104111,104647,4342.296,4364.652,22.356
There Will Be Blood (2007),265,,104648,104924,4364.694,4376.205,11.511
There Will Be Blood (2007),266,,104925,105353,4376.247,4394.098,17.851
There Will Be Blood (2007),267,,105354,105498,4394.14,4400.146,6.006
There Will Be Blood (2007),268,,105499,105605,4400.187,4404.608,4.421
There Will Be Blood (2007),269,,105606,105682,4404.65,4407.82,3.17
There Will Be Blood (2007),270,,105683,106040,4407.862,4422.752,14.89
There Will Be Blood (2007),271,,106041,106132,4422.793,4426.589,3.796
There Will Be Blood (2007),272,,106133,106159,4426.63,4427.715,1.085
There Will Be Blood (2007),273,,106160,106243,4427.757,4431.218,3.461
There Will Be Blood (2007),274,,106244,106505,4431.26,4442.146,10.886
There Will Be Blood (2007),275,,106506,107476,4442.188,4482.645,40.457
There Will Be Blood (2007),276,,107477,107848,4482.686,4498.16,15.474
There Will Be Blood (2007),277,,107849,108129,4498.202,4509.88,11.678
There Will Be Blood (2007),278,,108130,108512,4509.922,4525.855,15.933
There Will Be Blood (2007),279,,108513,108620,4525.896,4530.359,4.463
There Will Be Blood (2007),280,,108621,109001,4530.401,4546.25,15.849
There Will Be Blood (2007),281,,109002,109158,4546.292,4552.798,6.506
There Will Be Blood (2007),282,,109159,110146,4552.84,4594.006,41.166
There Will Be Blood (2007),283,,110147,110286,4594.048,4599.845,5.797
There Will Be Blood (2007),284,,110287,110795,4599.887,4621.075,21.188
There Will Be Blood (2007),285,,110796,114669,4621.116,4782.653,161.537
There Will Be Blood (2007),286,,114670,114851,4782.694,4790.244,7.55
There Will Be Blood (2007),287,,114852,115377,4790.285,4812.182,21.897
There Will Be Blood (2007),288,,115378,115529,4812.224,4818.522,6.298
There Will Be Blood (2007),289,,115530,116033,4818.564,4839.543,20.979
There Will Be Blood (2007),290,,116034,116140,4839.585,4844.006,4.421
There Will Be Blood (2007),291,,116141,116488,4844.047,4858.52,14.473
There Will Be Blood (2007),292,,116489,116627,4858.562,4864.318,5.756
There Will Be Blood (2007),293,,116628,117357,4864.359,4894.765,30.406
There Will Be Blood (2007),294,,117358,118021,4894.806,4922.459,27.653
There Will Be Blood (2007),295,,118022,118141,4922.501,4927.464,4.963
There Will Be Blood (2007),296,,118142,118577,4927.506,4945.649,18.143
There Will Be Blood (2007),297,,118578,120525,4945.691,5026.897,81.206
There Will Be Blood (2007),298,,120526,120654,5026.938,5032.277,5.339
There Will Be Blood (2007),299,,120655,120808,5032.319,5038.7,6.381
There Will Be Blood (2007),300,,120809,121027,5038.742,5047.834,9.092
There Will Be Blood (2007),301,,121028,121101,5047.876,5050.921,3.045
There Will Be Blood (2007),302,,121104,121350,5051.046,5061.306,10.26
There Will Be Blood (2007),303,,121351,121566,5061.348,5070.315,8.967
There Will Be Blood (2007),304,,121567,121690,5070.357,5075.487,5.13
There Will Be Blood (2007),305,,121695,123628,5075.695,5156.318,80.623
There Will Be Blood (2007),306,,123629,126264,5156.359,5266.261,109.902
There Will Be Blood (2007),307,,126265,126553,5266.303,5278.315,12.012
There Will Be Blood (2007),308,,126554,126686,5278.356,5283.862,5.506
There Will Be Blood (2007),309,,126687,126778,5283.903,5287.699,3.796
There Will Be Blood (2007),310,,126779,126842,5287.741,5290.368,2.627
There Will Be Blood (2007),311,,126843,128511,5290.41,5359.979,69.569
There Will Be Blood (2007),312,,128512,129805,5360.021,5413.95,53.929
There Will Be Blood (2007),313,,129806,130362,5413.992,5437.182,23.19
There Will Be Blood (2007),314,,130363,130738,5437.223,5452.864,15.641
There Will Be Blood (2007),315,,130739,131588,5452.906,5488.316,35.41
There Will Be Blood (2007),316,,131589,131753,5488.358,5495.198,6.84
There Will Be Blood (2007),317,,131754,131858,5495.24,5499.577,4.337
There Will Be Blood (2007),318,,131859,132065,5499.619,5508.211,8.592
There Will Be Blood (2007),319,,132066,132227,5508.253,5514.968,6.715
There Will Be Blood (2007),320,,132228,132331,5515.009,5519.305,4.296
There Will Be Blood (2007),321,,132332,132450,5519.347,5524.269,4.922
There Will Be Blood (2007),322,,132451,133366,5524.31,5562.473,38.163
There Will Be Blood (2007),323,,133367,133586,5562.515,5571.649,9.134
There Will Be Blood (2007),324,,133587,134416,5571.691,5606.267,34.576
There Will Be Blood (2007),325,,134417,134783,5606.309,5621.574,15.265
There Will Be Blood (2007),326,,134784,135281,5621.616,5642.345,20.729
There Will Be Blood (2007),327,,135282,135374,5642.387,5646.224,3.837
There Will Be Blood (2007),328,,135375,135603,5646.265,5655.775,9.51
There Will Be Blood (2007),329,,135604,135744,5655.817,5661.656,5.839
There Will Be Blood (2007),330,,135745,135930,5661.698,5669.414,7.716
There Will Be Blood (2007),331,,135931,137332,5669.455,5727.889,58.434
There Will Be Blood (2007),332,,137333,138173,5727.93,5762.965,35.035
There Will Be Blood (2007),333,,138174,138410,5763.007,5772.85,9.843
There Will Be Blood (2007),334,,138411,138706,5772.892,5785.196,12.304
There Will Be Blood (2007),335,,138707,138767,5785.238,5787.74,2.502
There Will Be Blood (2007),336,,138768,139006,5787.782,5797.708,9.926
There Will Be Blood (2007),337,,139007,139108,5797.75,5801.963,4.213
There Will Be Blood (2007),338,,139109,139195,5802.004,5805.591,3.587
There Will Be Blood (2007),339,,139196,139276,5805.633,5808.97,3.337
There Will Be Blood (2007),340,,139277,139679,5809.011,5825.778,16.767
There Will Be Blood (2007),341,,139680,139882,5825.82,5834.245,8.425
There Will Be Blood (2007),342,,139883,140185,5834.287,5846.883,12.596
There Will Be Blood (2007),343,,140186,140368,5846.924,5854.515,7.591
There Will Be Blood (2007),344,,140369,140468,5854.557,5858.686,4.129
There Will Be Blood (2007),345,,140469,140527,5858.728,5861.147,2.419
There Will Be Blood (2007),346,,140528,140575,5861.189,5863.149,1.96
There Will Be Blood (2007),347,,140576,140629,5863.191,5865.401,2.21
There Will Be Blood (2007),348,,140630,140781,5865.443,5871.741,6.298
There Will Be Blood (2007),349,,140782,140915,5871.782,5877.33,5.548
There Will Be Blood (2007),350,,140916,141063,5877.371,5883.502,6.131
There Will Be Blood (2007),351,,141064,141181,5883.544,5888.424,4.88
There Will Be Blood (2007),352,,141182,141256,5888.466,5891.552,3.086
There Will Be Blood (2007),353,,141257,141395,5891.594,5897.35,5.756
There Will Be Blood (2007),354,,141396,141533,5897.391,5903.105,5.714
There Will Be Blood (2007),355,,141534,141836,5903.147,5915.743,12.596
There Will Be Blood (2007),356,,141837,142506,5915.785,5943.688,27.903
There Will Be Blood (2007),357,,142507,142746,5943.729,5953.698,9.969
There Will Be Blood (2007),358,,142747,143107,5953.739,5968.754,15.015
There Will Be Blood (2007),359,,143108,143765,5968.796,5996.198,27.402
There Will Be Blood (2007),360,,143766,143988,5996.24,6005.499,9.259
There Will Be Blood (2007),361,,143989,144291,6005.541,6018.137,12.596
There Will Be Blood (2007),362,,144292,144697,6018.179,6035.071,16.892
There Will Be Blood (2007),363,,144698,144891,6035.112,6043.162,8.05
There Will Be Blood (2007),364,,144892,145163,6043.204,6054.507,11.303
There Will Be Blood (2007),365,,145164,145414,6054.548,6064.975,10.427
There Will Be Blood (2007),366,,145415,145610,6065.017,6073.15,8.133
There Will Be Blood (2007),367,,145611,146232,6073.192,6099.093,25.901
There Will Be Blood (2007),368,,146233,146952,6099.135,6129.123,29.988
There Will Be Blood (2007),369,,146953,147125,6129.165,6136.338,7.173
There Will Be Blood (2007),370,,147126,147340,6136.38,6145.306,8.926
There Will Be Blood (2007),371,,147341,148708,6145.347,6202.363,57.016
There Will Be Blood (2007),372,,148709,149294,6202.404,6226.804,24.4
There Will Be Blood (2007),373,,149295,149546,6226.845,6237.314,10.469
There Will Be Blood (2007),374,,149547,150020,6237.356,6257.084,19.728
There Will Be Blood (2007),375,,150021,150449,6257.126,6274.977,17.851
There Will Be Blood (2007),376,,150450,151898,6275.019,6335.412,60.393
There Will Be Blood (2007),377,,151899,152037,6335.454,6341.21,5.756
There Will Be Blood (2007),378,,152038,152108,6341.251,6344.171,2.92
There Will Be Blood (2007),379,,152109,152340,6344.213,6353.847,9.634
There Will Be Blood (2007),380,,152341,152770,6353.889,6371.782,17.893
There Will Be Blood (2007),381,,152771,153056,6371.824,6383.71,11.886
There Will Be Blood (2007),382,,153057,154257,6383.752,6433.802,50.05
There Will Be Blood (2007),383,,154258,154732,6433.844,6453.614,19.77
There Will Be Blood (2007),384,,154733,155078,6453.655,6468.045,14.39
There Will Be Blood (2007),385,,155079,155287,6468.086,6476.762,8.676
There Will Be Blood (2007),386,,155288,155667,6476.803,6492.611,15.808
There Will Be Blood (2007),387,,155668,156518,6492.653,6528.105,35.452
There Will Be Blood (2007),388,,156519,156804,6528.146,6540.033,11.887
There Will Be Blood (2007),389,,156805,157246,6540.075,6558.468,18.393
There Will Be Blood (2007),390,,157247,157427,6558.51,6566.018,7.508
There Will Be Blood (2007),391,,157428,157623,6566.059,6574.192,8.133
There Will Be Blood (2007),392,,157624,157707,6574.234,6577.696,3.462
There Will Be Blood (2007),393,,157708,157819,6577.738,6582.367,4.629
There Will Be Blood (2007),394,,157820,158162,6582.409,6596.673,14.264
There Will Be Blood (2007),395,,158163,158407,6596.715,6606.892,10.177
There Will Be Blood (2007),396,,158408,158566,6606.933,6613.523,6.59
There Will Be Blood (2007),397,,158567,158675,6613.565,6618.07,4.505
There Will Be Blood (2007),398,,158676,158884,6618.111,6626.787,8.676
There Will Be Blood (2007),399,,158885,159092,6626.828,6635.462,8.634
There Will Be Blood (2007),400,,159093,159260,6635.504,6642.469,6.965
There Will Be Blood (2007),401,,159261,159366,6642.511,6646.89,4.379
There Will Be Blood (2007),402,,159367,159473,6646.932,6651.353,4.421
There Will Be Blood (2007),403,,159474,159677,6651.395,6659.861,8.466
There Will Be Blood (2007),404,,159678,159944,6659.903,6670.997,11.094
There Will Be Blood (2007),405,,159945,160111,6671.039,6677.963,6.924
There Will Be Blood (2007),406,,160112,160272,6678.004,6684.678,6.674
There Will Be Blood (2007),407,,160273,160483,6684.72,6693.478,8.758
There Will Be Blood (2007),408,,160484,160676,6693.52,6701.528,8.008
There Will Be Blood (2007),409,,160677,161376,6701.57,6730.724,29.154
There Will Be Blood (2007),410,,161377,161770,6730.766,6747.157,16.391
There Will Be Blood (2007),411,,161771,162129,6747.199,6762.13,14.931
There Will Be Blood (2007),412,,162130,162277,6762.172,6768.303,6.131
There Will Be Blood (2007),413,,162278,162637,6768.345,6783.318,14.973
There Will Be Blood (2007),414,,162638,163413,6783.36,6815.684,32.324
There Will Be Blood (2007),415,,163414,164225,6815.725,6849.551,33.826
There Will Be Blood (2007),416,,164226,168279,6849.593,7018.636,169.043
There Will Be Blood (2007),417,,168280,172159,7018.678,7180.465,161.787
There Will Be Blood (2007),418,,172160,172563,7180.506,7197.315,16.809
There Will Be Blood (2007),419,,172564,172658,7197.357,7201.277,3.92
There Will Be Blood (2007),420,,172659,173266,7201.319,7226.636,25.317
There Will Be Blood (2007),421,,173267,173361,7226.678,7230.598,3.92
There Will Be Blood (2007),422,,173362,173536,7230.64,7237.897,7.257
There Will Be Blood (2007),423,,173537,173593,7237.939,7240.275,2.336
There Will Be Blood (2007),424,,173594,173674,7240.316,7243.653,3.337
There Will Be Blood (2007),425,,173675,173752,7243.695,7246.906,3.211
There Will Be Blood (2007),426,,173753,173968,7246.948,7255.915,8.967
There Will Be Blood (2007),427,,173969,174210,7255.957,7266.009,10.052
There Will Be Blood (2007),428,,174211,174340,7266.05,7271.431,5.381
There Will Be Blood (2007),429,,174341,174579,7271.472,7281.399,9.927
There Will Be Blood (2007),430,,174580,174811,7281.441,7291.075,9.634
There Will Be Blood (2007),431,,174812,174901,7291.117,7294.829,3.712
There Will Be Blood (2007),432,,174902,175048,7294.871,7300.96,6.089
There Will Be Blood (2007),433,,175049,176150,7301.002,7346.923,45.921
There Will Be Blood (2007),434,,176151,176337,7346.964,7354.722,7.758
There Will Be Blood (2007),435,,176338,177546,7354.764,7405.148,50.384
There Will Be Blood (2007),436,,177547,177714,7405.189,7412.155,6.966
There Will Be Blood (2007),437,,177715,178615,7412.196,7449.734,37.538
There Will Be Blood (2007),438,,178616,178903,7449.775,7461.746,11.971
There Will Be Blood (2007),439,,178904,179180,7461.787,7473.299,11.512
There Will Be Blood (2007),440,,179181,179365,7473.341,7481.015,7.674
There Will Be Blood (2007),441,,179366,179595,7481.057,7490.608,9.551
There Will Be Blood (2007),442,,179596,179865,7490.65,7501.869,11.219
There Will Be Blood (2007),443,,179866,179998,7501.911,7507.416,5.505
There Will Be Blood (2007),444,,179999,180081,7507.458,7510.878,3.42
There Will Be Blood (2007),445,,180082,180790,7510.92,7540.449,29.529
There Will Be Blood (2007),446,,180791,181318,7540.491,7562.471,21.98
There Will Be Blood (2007),447,,181319,181725,7562.513,7579.447,16.934
There Will Be Blood (2007),448,,181726,181870,7579.488,7585.494,6.006
There Will Be Blood (2007),449,,181871,182172,7585.536,7598.09,12.554
There Will Be Blood (2007),450,,182173,182387,7598.132,7607.058,8.926
There Will Be Blood (2007),451,,182388,182613,7607.099,7616.484,9.385
There Will Be Blood (2007),452,,182614,182761,7616.525,7622.657,6.132
There Will Be Blood (2007),453,,182762,183006,7622.698,7632.875,10.177
There Will Be Blood (2007),454,,183007,183261,7632.917,7643.511,10.594
There Will Be Blood (2007),455,,183262,183408,7643.552,7649.642,6.09
There Will Be Blood (2007),456,,183409,183549,7649.684,7655.523,5.839
There Will Be Blood (2007),457,,183550,183747,7655.564,7663.781,8.217
There Will Be Blood (2007),458,,183748,183893,7663.823,7669.87,6.047
There Will Be Blood (2007),459,,183894,184072,7669.912,7677.336,7.424
There Will Be Blood (2007),460,,184073,184529,7677.378,7696.397,19.019
There Will Be Blood (2007),461,,184530,185477,7696.439,7735.936,39.497
There Will Be Blood (2007),462,,185478,185623,7735.978,7742.026,6.048
There Will Be Blood (2007),463,,185624,185919,7742.067,7754.371,12.304
There Will Be Blood (2007),464,,185920,186030,7754.413,7759.001,4.588
There Will Be Blood (2007),465,,186031,186319,7759.043,7771.055,12.012
There Will Be Blood (2007),466,,186320,186473,7771.096,7777.478,6.382
There Will Be Blood (2007),467,,186474,186685,7777.52,7786.32,8.8
There Will Be Blood (2007),468,,186686,186786,7786.362,7790.533,4.171
There Will Be Blood (2007),469,,186787,186869,7790.574,7793.994,3.42
There Will Be Blood (2007),470,,186870,187207,7794.036,7808.092,14.056
There Will Be Blood (2007),471,,187208,187498,7808.133,7820.229,12.096
There Will Be Blood (2007),472,,187499,187977,7820.271,7840.207,19.936
There Will Be Blood (2007),473,,187978,188229,7840.249,7850.718,10.469
There Will Be Blood (2007),474,,188230,188588,7850.759,7865.691,14.932
There Will Be Blood (2007),475,,188589,188951,7865.733,7880.831,15.098
There Will Be Blood (2007),476,,188952,189094,7880.873,7886.795,5.922
There Will Be Blood (2007),477,,189095,189173,7886.837,7890.09,3.253
There Will Be Blood (2007),478,,189174,189195,7890.132,7891.008,0.876
There Will Be Blood (2007),479,,189196,189404,7891.05,7899.725,8.675
There Will Be Blood (2007),480,,189405,189453,7899.767,7901.769,2.002
There Will Be Blood (2007),481,,189454,189598,7901.81,7907.816,6.006
There Will Be Blood (2007),482,,189599,189872,7907.858,7919.244,11.386
There Will Be Blood (2007),483,,189873,190037,7919.286,7926.126,6.84
There Will Be Blood (2007),484,,190038,190652,7926.168,7951.777,25.609
There Will Be Blood (2007),485,,190653,191049,7951.819,7968.335,16.516
There Will Be Blood (2007),486,,191050,191098,7968.377,7970.379,2.002
There Will Be Blood (2007),487,,191099,191180,7970.421,7973.799,3.378
There Will Be Blood (2007),488,,191181,191237,7973.841,7976.176,2.335
There Will Be Blood (2007),489,,191238,191480,7976.218,7986.311,10.093
There Will Be Blood (2007),490,,191481,191594,7986.353,7991.066,4.713
There Will Be Blood (2007),491,,191595,191646,7991.108,7993.235,2.127
There Will Be Blood (2007),492,,191647,191840,7993.277,8001.326,8.049
There Will Be Blood (2007),493,,191841,191929,8001.368,8005.038,3.67
There Will Be Blood (2007),494,,191930,192254,8005.08,8018.594,13.514
There Will Be Blood (2007),495,,192255,192370,8018.635,8023.432,4.797
There Will Be Blood (2007),496,,192371,192797,8023.474,8041.241,17.767
There Will Be Blood (2007),497,,192798,192937,8041.283,8047.08,5.797
There Will Be Blood (2007),498,,192938,193044,8047.122,8051.543,4.421
There Will Be Blood (2007),499,,193045,193142,8051.585,8055.631,4.046
There Will Be Blood (2007),500,,193143,193390,8055.672,8065.974,10.302
There Will Be Blood (2007),501,,193391,193507,8066.016,8070.854,4.838
There Will Be Blood (2007),502,,193508,193592,8070.896,8074.399,3.503
There Will Be Blood (2007),503,,193593,193831,8074.441,8084.368,9.927
There Will Be Blood (2007),504,,193832,193929,8084.409,8088.455,4.046
There Will Be Blood (2007),505,,193930,194177,8088.497,8098.799,10.302
There Will Be Blood (2007),506,,194178,194776,8098.841,8123.782,24.941
There Will Be Blood (2007),507,,194777,195313,8123.824,8146.179,22.355
There Will Be Blood (2007),508,,195314,196136,8146.221,8180.505,34.284
There Will Be Blood (2007),509,,196137,196533,8180.547,8197.064,16.517
There Will Be Blood (2007),510,,196534,198616,8197.105,8283.942,86.837
There Will Be Blood (2007),511,,198617,198873,8283.984,8294.661,10.677
There Will Be Blood (2007),512,,198874,199007,8294.703,8300.25,5.547
There Will Be Blood (2007),513,,199008,199091,8300.292,8303.754,3.462
There Will Be Blood (2007),514,,199092,199191,8303.795,8307.924,4.129
There Will Be Blood (2007),515,,199192,199568,8307.966,8323.648,15.682
There Will Be Blood (2007),516,,199569,200157,8323.69,8348.215,24.525
There Will Be Blood (2007),517,,200158,200479,8348.256,8361.645,13.389
There Will Be Blood (2007),518,,200480,200688,8361.686,8370.362,8.676
There Will Be Blood (2007),519,,200689,200972,8370.403,8382.207,11.804
There Will Be Blood (2007),520,,200973,201130,8382.249,8388.797,6.548
There Will Be Blood (2007),521,,201131,201208,8388.839,8392.05,3.211
There Will Be Blood (2007),522,,201209,201658,8392.092,8410.819,18.727
There Will Be Blood (2007),523,,201659,202080,8410.861,8428.42,17.559
There Will Be Blood (2007),524,,202081,202513,8428.461,8446.479,18.018
There Will Be Blood (2007),525,,202514,202607,8446.521,8450.4,3.879
There Will Be Blood (2007),526,,202608,203664,8450.442,8494.486,44.044
There Will Be Blood (2007),527,,203665,204157,8494.527,8515.048,20.521
There Will Be Blood (2007),528,,204158,204316,8515.09,8521.68,6.59
There Will Be Blood (2007),529,,204317,204712,8521.721,8538.196,16.475
There Will Be Blood (2007),530,,204713,204992,8538.238,8549.874,11.636
There Will Be Blood (2007),531,,204993,205254,8549.916,8560.802,10.886
There Will Be Blood (2007),532,,205255,205476,8560.844,8570.061,9.217
There Will Be Blood (2007),533,,205477,206383,8570.103,8607.891,37.788
There Will Be Blood (2007),534,,206384,206751,8607.932,8623.239,15.307
There Will Be Blood (2007),535,,206752,207257,8623.281,8644.344,21.063
There Will Be Blood (2007),536,,207258,207368,8644.386,8648.973,4.587
There Will Be Blood (2007),537,,207369,207670,8649.015,8661.569,12.554
There Will Be Blood (2007),538,,207671,208547,8661.611,8698.148,36.537
There Will Be Blood (2007),539,,208548,209789,8698.189,8749.949,51.76
There Will Be Blood (2007),540,,209790,210088,8749.991,8762.42,12.429
There Will Be Blood (2007),541,,210089,210923,8762.462,8797.247,34.785
There Will Be Blood (2007),542,,210924,213921,8797.288,8922.288,125
There Will Be Blood (2007),543,,213922,213964,8922.33,8924.082,1.752
There Will Be Blood (2007),544,,213965,214079,8924.123,8928.878,4.755
There Will Be Blood (2007),545,,214080,214216,8928.92,8934.592,5.672
There Will Be Blood (2007),546,,214217,214294,8934.634,8937.845,3.211
There Will Be Blood (2007),547,,214295,214364,8937.887,8940.765,2.878
There Will Be Blood (2007),548,,214365,214462,8940.807,8944.852,4.045
There Will Be Blood (2007),549,,214463,214710,8944.894,8955.196,10.302
There Will Be Blood (2007),550,,214711,215217,8955.238,8976.342,21.104
There Will Be Blood (2007),551,,215218,215303,8976.384,8979.929,3.545
There Will Be Blood (2007),552,,215304,215811,8979.971,9001.117,21.146
There Will Be Blood (2007),553,,215812,216204,9001.159,9017.508,16.349
There Will Be Blood (2007),554,,216205,216805,9017.55,9042.575,25.025
There Will Be Blood (2007),555,,216806,217375,9042.617,9066.349,23.732
There Will Be Blood (2007),556,,217376,221543,9066.39,9240.189,173.799
There Will Be Blood (2007),557,,221544,227579,9240.231,9491.941,251.71
There Will Be Blood (2007),558,,227585,227666,9492.191,9495.569,3.378
There Will Be Blood (2007),559,,227671,227909,9495.778,9505.704,9.926
Hard Eight (1996),1,,0,62,0,2.585226,2.585226
Hard Eight (1996),2,,69,213,2.877107,8.881503,6.004396
Hard Eight (1996),3,,215,2167,8.964897,90.35783,81.392933
Hard Eight (1996),4,,2168,3922,90.39952,163.5364,73.13688
Hard Eight (1996),5,,3923,4177,163.5781,174.1692,10.5911
Hard Eight (1996),6,,4178,4274,174.2109,178.2138,4.0029
Hard Eight (1996),7,,4275,4579,178.2555,190.9315,12.676
Hard Eight (1996),8,,4580,4668,190.9732,194.6425,3.6693
Hard Eight (1996),9,,4669,4943,194.6842,206.1092,11.425
Hard Eight (1996),10,,4944,5126,206.1509,213.7398,7.5889
Hard Eight (1996),11,,5127,5360,213.7815,223.497,9.7155
Hard Eight (1996),12,,5361,5605,223.5387,233.7128,10.1741
Hard Eight (1996),13,,5606,5737,233.7545,239.2168,5.4623
Hard Eight (1996),14,,5738,5851,239.2585,243.9703,4.7118
Hard Eight (1996),15,,5852,6004,244.012,250.35,6.338
Hard Eight (1996),16,,6005,6191,250.3917,258.1473,7.7556
Hard Eight (1996),17,,6192,6641,258.189,276.9111,18.7221
Hard Eight (1996),18,,6642,7009,276.9528,292.2557,15.3029
Hard Eight (1996),19,,7010,7142,292.2973,297.8014,5.5041
Hard Eight (1996),20,,7143,7323,297.8431,305.3486,7.5055
Hard Eight (1996),21,,7324,7369,305.3903,307.2666,1.8763
Hard Eight (1996),22,,7370,7519,307.3083,313.5212,6.2129
Hard Eight (1996),23,,7520,7829,313.5629,326.4474,12.8845
Hard Eight (1996),24,,7830,7900,326.4891,329.4079,2.9188
Hard Eight (1996),25,,7901,8000,329.4496,333.5776,4.128
Hard Eight (1996),26,,8001,8109,333.6193,338.1226,4.5033
Hard Eight (1996),27,,8110,8190,338.1643,341.5,3.3357
Hard Eight (1996),28,,8191,8495,341.5417,354.2177,12.676
Hard Eight (1996),29,,8496,8766,354.2594,365.5176,11.2582
Hard Eight (1996),30,,8767,8909,365.5593,371.4803,5.921
Hard Eight (1996),31,,8910,9077,371.522,378.4855,6.9635
Hard Eight (1996),32,,9078,9152,378.5272,381.6127,3.0855
Hard Eight (1996),33,,9153,9250,381.6544,385.6991,4.0447
Hard Eight (1996),34,,9251,9310,385.7408,388.2009,2.4601
Hard Eight (1996),35,,9311,9406,388.2426,392.2038,3.9612
Hard Eight (1996),36,,9407,9494,392.2455,395.8732,3.6277
Hard Eight (1996),37,,9495,9641,395.9149,402.0027,6.0878
Hard Eight (1996),38,,9642,9999,402.0444,416.9303,14.8859
Hard Eight (1996),39,,10000,10110,416.972,421.5587,4.5867
Hard Eight (1996),40,,10111,10225,421.6004,426.3538,4.7534
Hard Eight (1996),41,,10226,10394,426.3955,433.4007,7.0052
Hard Eight (1996),42,,10395,10484,433.4424,437.1534,3.711
Hard Eight (1996),43,,10485,10627,437.1951,443.1161,5.921
Hard Eight (1996),44,,10628,10849,443.1578,452.3729,9.2151
Hard Eight (1996),45,,10850,10904,452.4146,454.6662,2.2516
Hard Eight (1996),46,,10905,11393,454.7079,475.0562,20.3483
Hard Eight (1996),47,,11394,11470,475.0979,478.2668,3.1689
Hard Eight (1996),48,,11471,12153,478.3085,506.746,28.4375
Hard Eight (1996),49,,12154,12341,506.7877,514.5851,7.7974
Hard Eight (1996),50,,12342,13033,514.6268,543.4396,28.8128
Hard Eight (1996),51,,13034,14058,543.4813,586.1792,42.6979
Hard Eight (1996),52,,14059,14346,586.2209,598.188,11.9671
Hard Eight (1996),53,,14347,15313,598.2297,638.5092,40.2795
Hard Eight (1996),54,,15314,15412,638.5509,642.6372,4.0863
Hard Eight (1996),55,,15413,15578,642.6789,649.5589,6.88
Hard Eight (1996),56,,15579,15731,649.6006,655.9386,6.338
Hard Eight (1996),57,,15732,16070,655.9803,670.074,14.0937
Hard Eight (1996),58,,16071,16212,670.1156,675.995,5.8794
Hard Eight (1996),59,,16213,16439,676.0367,685.4602,9.4235
Hard Eight (1996),60,,16440,16591,685.5019,691.7982,6.2963
Hard Eight (1996),61,,16592,16962,691.8399,707.2679,15.428
Hard Eight (1996),62,,16963,17413,707.3095,726.0733,18.7638
Hard Eight (1996),63,,17414,17613,726.115,734.4127,8.2977
Hard Eight (1996),64,,17614,17792,734.4544,741.8765,7.4221
Hard Eight (1996),65,,17793,17964,741.9182,749.0484,7.1302
Hard Eight (1996),66,,17965,18072,749.0901,753.5517,4.4616
Hard Eight (1996),67,,18073,18362,753.5934,765.6439,12.0505
Hard Eight (1996),68,,18363,19112,765.6856,796.9168,31.2312
Hard Eight (1996),69,,19113,19215,796.9585,801.2116,4.2531
Hard Eight (1996),70,,19216,19491,801.2533,812.7201,11.4668
Hard Eight (1996),71,,19492,19737,812.7618,822.9776,10.2158
Hard Eight (1996),72,,19738,19860,823.0193,828.1063,5.087
Hard Eight (1996),73,,19861,20005,828.148,834.1524,6.0044
Hard Eight (1996),74,,20006,20597,834.1941,858.8372,24.6431
Hard Eight (1996),75,,20598,20847,858.8789,869.2615,10.3826
Hard Eight (1996),76,,20848,20908,869.3032,871.805,2.5018
Hard Eight (1996),77,,20909,21122,871.8467,880.7282,8.8815
Hard Eight (1996),78,,21123,21243,880.7699,885.7736,5.0037
Hard Eight (1996),79,,21244,21297,885.8152,888.0252,2.21
Hard Eight (1996),80,,21298,22191,888.0669,925.3025,37.2356
Hard Eight (1996),81,,22192,22289,925.3442,929.3888,4.0446
Hard Eight (1996),82,,22290,22347,929.4305,931.8073,2.3768
Hard Eight (1996),83,,22348,22414,931.849,934.601,2.752
Hard Eight (1996),84,,22415,22517,934.6427,938.8958,4.2531
Hard Eight (1996),85,,22518,22840,938.9375,952.364,13.4265
Hard Eight (1996),86,,22841,23470,952.4057,978.6332,26.2275
Hard Eight (1996),87,,23471,23508,978.6749,980.2177,1.5428
Hard Eight (1996),88,,23509,23568,980.2594,982.7195,2.4601
Hard Eight (1996),89,,23569,23950,982.7612,998.6479,15.8867
Hard Eight (1996),90,,23951,24501,998.6896,1021.623,22.9334
Hard Eight (1996),91,,24502,24595,1021.665,1025.543,3.878
Hard Eight (1996),92,,24596,24629,1025.584,1026.96,1.376
Hard Eight (1996),93,,24630,24686,1027.002,1029.337,2.335
Hard Eight (1996),94,,24687,25021,1029.379,1043.306,13.927
Hard Eight (1996),95,,25022,25299,1043.347,1054.897,11.55
Hard Eight (1996),96,,25300,25425,1054.939,1060.151,5.212
Hard Eight (1996),97,,25426,25603,1060.193,1067.573,7.38
Hard Eight (1996),98,,25604,25845,1067.615,1077.664,10.049
Hard Eight (1996),99,,25846,25904,1077.706,1080.124,2.418
Hard Eight (1996),100,,25905,27397,1080.166,1142.378,62.212
Hard Eight (1996),101,,27398,27475,1142.42,1145.63,3.21
Hard Eight (1996),102,,27476,27757,1145.672,1157.389,11.717
Hard Eight (1996),103,,27758,28801,1157.431,1200.921,43.49
Hard Eight (1996),104,,28802,28925,1200.963,1206.091,5.128
Hard Eight (1996),105,,28926,29059,1206.133,1211.679,5.546
Hard Eight (1996),106,,29060,29296,1211.721,1221.561,9.84
Hard Eight (1996),107,,29297,29473,1221.603,1228.941,7.338
Hard Eight (1996),108,,29474,29858,1228.983,1244.995,16.012
Hard Eight (1996),109,,29859,29990,1245.037,1250.499,5.462
Hard Eight (1996),110,,29991,30047,1250.541,1252.876,2.335
Hard Eight (1996),111,,30048,30196,1252.917,1259.089,6.172
Hard Eight (1996),112,,30197,30365,1259.13,1266.135,7.005
Hard Eight (1996),113,,30366,30432,1266.177,1268.929,2.752
Hard Eight (1996),114,,30433,30473,1268.971,1270.639,1.668
Hard Eight (1996),115,,30474,30554,1270.68,1274.016,3.336
Hard Eight (1996),116,,30555,31145,1274.058,1298.659,24.601
Hard Eight (1996),117,,31146,32238,1298.701,1344.234,45.533
Hard Eight (1996),118,,32239,32482,1344.276,1354.408,10.132
Hard Eight (1996),119,,32483,32561,1354.45,1357.702,3.252
Hard Eight (1996),120,,32562,32623,1357.744,1360.288,2.544
Hard Eight (1996),121,,32624,32699,1360.329,1363.457,3.128
Hard Eight (1996),122,,32700,32811,1363.498,1368.127,4.629
Hard Eight (1996),123,,32812,32935,1368.168,1373.297,5.129
Hard Eight (1996),124,,32936,33178,1373.339,1383.43,10.091
Hard Eight (1996),125,,33179,33344,1383.471,1390.351,6.88
Hard Eight (1996),126,,33345,33458,1390.393,1395.105,4.712
Hard Eight (1996),127,,33459,33673,1395.147,1404.07,8.923
Hard Eight (1996),128,,33674,33799,1404.111,1409.324,5.213
Hard Eight (1996),129,,33800,33847,1409.365,1411.325,1.96
Hard Eight (1996),130,,33848,34134,1411.367,1423.292,11.925
Hard Eight (1996),131,,34135,34180,1423.334,1425.21,1.876
Hard Eight (1996),132,,34181,34240,1425.252,1427.712,2.46
Hard Eight (1996),133,,34241,34439,1427.754,1436.01,8.256
Hard Eight (1996),134,,34440,34523,1436.051,1439.512,3.461
Hard Eight (1996),135,,34524,34586,1439.554,1442.139,2.585
Hard Eight (1996),136,,34587,34699,1442.181,1446.851,4.67
Hard Eight (1996),137,,34700,34800,1446.893,1451.062,4.169
Hard Eight (1996),138,,34801,34858,1451.104,1453.481,2.377
Hard Eight (1996),139,,34859,34918,1453.523,1455.983,2.46
Hard Eight (1996),140,,34919,34993,1456.024,1459.11,3.086
Hard Eight (1996),141,,34994,35375,1459.152,1475.038,15.886
Hard Eight (1996),142,,35376,35545,1475.08,1482.127,7.047
Hard Eight (1996),143,,35546,35649,1482.169,1486.463,4.294
Hard Eight (1996),144,,35650,35692,1486.505,1488.256,1.751
Hard Eight (1996),145,,35693,35781,1488.298,1491.967,3.669
Hard Eight (1996),146,,35782,35835,1492.009,1494.219,2.21
Hard Eight (1996),147,,35836,36015,1494.261,1501.725,7.464
Hard Eight (1996),148,,36016,36126,1501.766,1506.353,4.587
Hard Eight (1996),149,,36127,36175,1506.395,1508.396,2.001
Hard Eight (1996),150,,36176,36235,1508.438,1510.898,2.46
Hard Eight (1996),151,,36236,36352,1510.94,1515.776,4.836
Hard Eight (1996),152,,36353,36610,1515.818,1526.534,10.716
Hard Eight (1996),153,,36611,36724,1526.576,1531.288,4.712
Hard Eight (1996),154,,36725,36757,1531.33,1532.664,1.334
Hard Eight (1996),155,,36758,36891,1532.706,1538.251,5.545
Hard Eight (1996),156,,36892,36924,1538.293,1539.627,1.334
Hard Eight (1996),157,,36925,36974,1539.669,1541.712,2.043
Hard Eight (1996),158,,36975,37433,1541.754,1560.851,19.097
Hard Eight (1996),159,,37434,37701,1560.893,1572.026,11.133
Hard Eight (1996),160,,37702,37849,1572.068,1578.197,6.129
Hard Eight (1996),161,,37850,38017,1578.239,1585.202,6.963
Hard Eight (1996),162,,38018,38430,1585.244,1602.423,17.179
Hard Eight (1996),163,,38431,38590,1602.465,1609.095,6.63
Hard Eight (1996),164,,38591,38837,1609.137,1619.394,10.257
Hard Eight (1996),165,,38838,39013,1619.436,1626.733,7.297
Hard Eight (1996),166,,39014,39200,1626.774,1634.53,7.756
Hard Eight (1996),167,,39201,39243,1634.572,1636.323,1.751
Hard Eight (1996),168,,39244,39288,1636.365,1638.199,1.834
Hard Eight (1996),169,,39289,39473,1638.241,1645.913,7.672
Hard Eight (1996),170,,39474,39595,1645.955,1651.001,5.046
Hard Eight (1996),171,,39596,39658,1651.042,1653.627,2.585
Hard Eight (1996),172,,39659,39906,1653.669,1663.968,10.299
Hard Eight (1996),173,,39907,39990,1664.01,1667.471,3.461
Hard Eight (1996),174,,39991,40134,1667.513,1673.475,5.962
Hard Eight (1996),175,,40135,40280,1673.517,1679.563,6.046
Hard Eight (1996),176,,40281,40488,1679.605,1688.236,8.631
Hard Eight (1996),177,,40489,40545,1688.278,1690.613,2.335
Hard Eight (1996),178,,40546,40608,1690.655,1693.24,2.585
Hard Eight (1996),179,,40609,40665,1693.281,1695.617,2.336
Hard Eight (1996),180,,40666,40706,1695.658,1697.326,1.668
Hard Eight (1996),181,,40707,40755,1697.368,1699.369,2.001
Hard Eight (1996),182,,40756,40851,1699.411,1703.372,3.961
Hard Eight (1996),183,,40852,41086,1703.414,1713.171,9.757
Hard Eight (1996),184,,41087,41387,1713.213,1725.722,12.509
Hard Eight (1996),185,,41388,41843,1725.764,1744.736,18.972
Hard Eight (1996),186,,41844,42322,1744.778,1764.709,19.931
Hard Eight (1996),187,,42323,43701,1764.75,1822.209,57.459
Hard Eight (1996),188,,43702,43960,1822.251,1833.009,10.758
Hard Eight (1996),189,,43972,44377,1833.509,1850.397,16.888
Hard Eight (1996),190,,44378,44734,1850.438,1865.282,14.844
Hard Eight (1996),191,,44735,44852,1865.324,1870.203,4.879
Hard Eight (1996),192,,44853,45044,1870.244,1878.209,7.965
Hard Eight (1996),193,,45045,45428,1878.25,1894.22,15.97
Hard Eight (1996),194,,45429,45572,1894.262,1900.225,5.963
Hard Eight (1996),195,,45573,45860,1900.266,1912.233,11.967
Hard Eight (1996),196,,45861,45957,1912.275,1916.278,4.003
Hard Eight (1996),197,,45958,46053,1916.32,1920.281,3.961
Hard Eight (1996),198,,46054,46149,1920.323,1924.284,3.961
Hard Eight (1996),199,,46150,46497,1924.326,1938.795,14.469
Hard Eight (1996),200,,46498,47029,1938.836,1960.977,22.141
Hard Eight (1996),201,,47030,47179,1961.019,1967.232,6.213
Hard Eight (1996),202,,47180,47390,1967.274,1976.03,8.756
Hard Eight (1996),203,,47391,47486,1976.072,1980.033,3.961
Hard Eight (1996),204,,47487,47631,1980.075,1986.079,6.004
Hard Eight (1996),205,,47632,47778,1986.121,1992.209,6.088
Hard Eight (1996),206,,47779,47991,1992.25,2001.09,8.84
Hard Eight (1996),207,,47992,48063,2001.132,2004.092,2.96
Hard Eight (1996),208,,48064,48265,2004.134,2012.515,8.381
Hard Eight (1996),209,,48266,48340,2012.557,2015.642,3.085
Hard Eight (1996),210,,48341,48561,2015.684,2024.858,9.174
Hard Eight (1996),211,,48562,48622,2024.899,2027.401,2.502
Hard Eight (1996),212,,48623,48885,2027.443,2038.367,10.924
Hard Eight (1996),213,,48886,48951,2038.409,2041.119,2.71
Hard Eight (1996),214,,48952,49114,2041.161,2047.916,6.755
Hard Eight (1996),215,,49115,49255,2047.958,2053.795,5.837
Hard Eight (1996),216,,49256,49337,2053.837,2057.215,3.378
Hard Eight (1996),217,,49338,49569,2057.256,2066.888,9.632
Hard Eight (1996),218,,49570,49647,2066.93,2070.141,3.211
Hard Eight (1996),219,,49648,49819,2070.182,2077.313,7.131
Hard Eight (1996),220,,49820,50143,2077.354,2090.823,13.469
Hard Eight (1996),221,,50144,50207,2090.864,2093.491,2.627
Hard Eight (1996),222,,50208,50275,2093.533,2096.327,2.794
Hard Eight (1996),223,,50276,50625,2096.368,2110.921,14.553
Hard Eight (1996),224,,50626,51499,2110.962,2147.364,36.402
Hard Eight (1996),225,,51500,51896,2147.406,2163.918,16.512
Hard Eight (1996),226,,51897,52307,2163.959,2181.055,17.096
Hard Eight (1996),227,,52308,52498,2181.097,2189.019,7.922
Hard Eight (1996),228,,52499,52605,2189.061,2193.481,4.42
Hard Eight (1996),229,,52606,52816,2193.523,2202.279,8.756
Hard Eight (1996),230,,52817,53164,2202.321,2216.79,14.469
Hard Eight (1996),231,,53165,53577,2216.831,2234.011,17.18
Hard Eight (1996),232,,53578,54292,2234.052,2263.824,29.772
Hard Eight (1996),233,,54293,55000,2263.866,2293.346,29.48
Hard Eight (1996),234,,55001,55108,2293.388,2297.849,4.461
Hard Eight (1996),235,,55109,55200,2297.891,2301.685,3.794
Hard Eight (1996),236,,55201,55527,2301.727,2315.32,13.593
Hard Eight (1996),237,,55528,55920,2315.362,2331.707,16.345
Hard Eight (1996),238,,55921,56146,2331.749,2341.131,9.382
Hard Eight (1996),239,,56147,56540,2341.173,2357.56,16.387
Hard Eight (1996),240,,56541,56677,2357.601,2363.272,5.671
Hard Eight (1996),241,,56678,56938,2363.314,2374.155,10.841
Hard Eight (1996),242,,56939,58220,2374.197,2427.611,53.414
Hard Eight (1996),243,,58221,58493,2427.652,2438.994,11.342
Hard Eight (1996),244,,58494,58988,2439.036,2459.634,20.598
Hard Eight (1996),245,,58989,59151,2459.676,2466.431,6.755
Hard Eight (1996),246,,59152,61271,2466.473,2554.829,88.356
Hard Eight (1996),247,,61272,61898,2554.871,2580.973,26.102
Hard Eight (1996),248,,61899,62386,2581.015,2601.321,20.306
Hard Eight (1996),249,,62387,62420,2601.363,2602.739,1.376
Hard Eight (1996),250,,62421,62782,2602.781,2617.833,15.052
Hard Eight (1996),251,,62783,63095,2617.875,2630.885,13.01
Hard Eight (1996),252,,63096,63299,2630.926,2639.391,8.465
Hard Eight (1996),253,,63300,63609,2639.433,2652.317,12.884
Hard Eight (1996),254,,63610,63776,2652.359,2659.28,6.921
Hard Eight (1996),255,,63777,64122,2659.322,2673.708,14.386
Hard Eight (1996),256,,64123,64277,2673.749,2680.171,6.422
Hard Eight (1996),257,,64278,64378,2680.212,2684.382,4.17
Hard Eight (1996),258,,64379,64434,2684.424,2686.717,2.293
Hard Eight (1996),259,,64435,64556,2686.759,2691.804,5.045
Hard Eight (1996),260,,64557,64593,2691.846,2693.347,1.501
Hard Eight (1996),261,,64594,64933,2693.389,2707.524,14.135
Hard Eight (1996),262,,64934,65093,2707.566,2714.196,6.63
Hard Eight (1996),263,,65094,65369,2714.237,2725.704,11.467
Hard Eight (1996),264,,65370,65413,2725.746,2727.539,1.793
Hard Eight (1996),265,,65414,65465,2727.58,2729.707,2.127
Hard Eight (1996),266,,65466,65687,2729.749,2738.964,9.215
Hard Eight (1996),267,,65688,65847,2739.005,2745.635,6.63
Hard Eight (1996),268,,65848,66034,2745.677,2753.433,7.756
Hard Eight (1996),269,,66035,66236,2753.474,2761.856,8.382
Hard Eight (1996),270,,66237,66362,2761.897,2767.109,5.212
Hard Eight (1996),271,,66363,66458,2767.151,2771.112,3.961
Hard Eight (1996),272,,66459,66608,2771.154,2777.367,6.213
Hard Eight (1996),273,,66609,66904,2777.409,2789.709,12.3
Hard Eight (1996),274,,66905,67165,2789.751,2800.592,10.841
Hard Eight (1996),275,,67166,67318,2800.634,2806.972,6.338
Hard Eight (1996),276,,67319,68021,2807.014,2836.285,29.271
Hard Eight (1996),277,,68022,71241,2836.327,2970.55,134.223
Hard Eight (1996),278,,71242,71405,2970.592,2977.388,6.796
Hard Eight (1996),279,,71406,73334,2977.43,3057.822,80.392
Hard Eight (1996),280,,73335,74206,3057.864,3094.182,36.318
Hard Eight (1996),281,,74207,74394,3094.224,3102.021,7.797
Hard Eight (1996),282,,74395,74682,3102.063,3114.03,11.967
Hard Eight (1996),283,,74683,75393,3114.072,3143.677,29.605
Hard Eight (1996),284,,75394,75633,3143.718,3153.684,9.966
Hard Eight (1996),285,,75634,75824,3153.726,3161.648,7.922
Hard Eight (1996),286,,75825,76301,3161.69,3181.538,19.848
Hard Eight (1996),287,,76302,76364,3181.58,3184.165,2.585
Hard Eight (1996),288,,76365,76515,3184.206,3190.461,6.255
Hard Eight (1996),289,,76516,76594,3190.503,3193.755,3.252
Hard Eight (1996),290,,76595,76719,3193.797,3198.967,5.17
Hard Eight (1996),291,,76720,76985,3199.009,3210.059,11.05
Hard Eight (1996),292,,76986,77058,3210.1,3213.103,3.003
Hard Eight (1996),293,,77059,77600,3213.144,3235.702,22.558
Hard Eight (1996),294,,77601,77901,3235.744,3248.253,12.509
Hard Eight (1996),295,,77902,78041,3248.295,3254.091,5.796
Hard Eight (1996),296,,78042,78087,3254.133,3256.009,1.876
Hard Eight (1996),297,,78088,78430,3256.051,3270.311,14.26
Hard Eight (1996),298,,78431,78574,3270.353,3276.316,5.963
Hard Eight (1996),299,,78575,78680,3276.357,3280.735,4.378
Hard Eight (1996),300,,78681,79025,3280.777,3295.121,14.344
Hard Eight (1996),301,,79026,79260,3295.163,3304.92,9.757
Hard Eight (1996),302,,79261,80641,3304.962,3362.504,57.542
Hard Eight (1996),303,,80642,80732,3362.545,3366.298,3.753
Hard Eight (1996),304,,80733,80889,3366.34,3372.845,6.505
Hard Eight (1996),305,,80890,80915,3372.886,3373.929,1.043
Hard Eight (1996),306,,80916,81196,3373.97,3385.646,11.676
Hard Eight (1996),307,,81197,81550,3385.687,3400.406,14.719
Hard Eight (1996),308,,81551,81737,3400.448,3408.204,7.756
Hard Eight (1996),309,,81738,81988,3408.245,3418.67,10.425
Hard Eight (1996),310,,81989,82139,3418.711,3424.966,6.255
Hard Eight (1996),311,,82140,82242,3425.008,3429.261,4.253
Hard Eight (1996),312,,82243,82291,3429.303,3431.304,2.001
Hard Eight (1996),313,,82292,82437,3431.346,3437.392,6.046
Hard Eight (1996),314,,82438,82554,3437.434,3442.27,4.836
Hard Eight (1996),315,,82555,82806,3442.312,3452.778,10.466
Hard Eight (1996),316,,82807,82996,3452.82,3460.701,7.881
Hard Eight (1996),317,,82997,83204,3460.742,3469.374,8.632
Hard Eight (1996),318,,83205,83424,3469.415,3478.547,9.132
Hard Eight (1996),319,,83425,83554,3478.589,3483.968,5.379
Hard Eight (1996),320,,83555,84485,3484.009,3522.788,38.779
Hard Eight (1996),321,,84486,84857,3522.829,3538.299,15.47
Hard Eight (1996),322,,84858,85013,3538.341,3544.804,6.463
Hard Eight (1996),323,,85014,85129,3544.845,3549.641,4.796
Hard Eight (1996),324,,85130,85245,3549.682,3554.478,4.796
Hard Eight (1996),325,,85246,85505,3554.519,3565.319,10.8
Hard Eight (1996),326,,85506,85817,3565.361,3578.328,12.967
Hard Eight (1996),327,,85818,86038,3578.37,3587.543,9.173
Hard Eight (1996),328,,86039,86317,3587.585,3599.177,11.592
Hard Eight (1996),329,,86318,86645,3599.219,3612.854,13.635
Hard Eight (1996),330,,86646,86815,3612.895,3619.942,7.047
Hard Eight (1996),331,,86816,86916,3619.984,3624.154,4.17
Hard Eight (1996),332,,86917,87071,3624.195,3630.617,6.422
Hard Eight (1996),333,,87072,87784,3630.658,3660.347,29.689
Hard Eight (1996),334,,87785,88150,3660.388,3675.608,15.22
Hard Eight (1996),335,,88151,88210,3675.65,3678.11,2.46
Hard Eight (1996),336,,88211,88363,3678.151,3684.489,6.338
Hard Eight (1996),337,,88364,88580,3684.531,3693.538,9.007
Hard Eight (1996),338,,88581,88862,3693.579,3705.296,11.717
Hard Eight (1996),339,,88863,88973,3705.338,3709.925,4.587
Hard Eight (1996),340,,88974,89083,3709.966,3714.511,4.545
Hard Eight (1996),341,,89084,89123,3714.553,3716.179,1.626
Hard Eight (1996),342,,89124,89700,3716.221,3740.239,24.018
Hard Eight (1996),343,,89701,89790,3740.28,3743.991,3.711
Hard Eight (1996),344,,89791,90230,3744.033,3762.338,18.305
Hard Eight (1996),345,,90231,90437,3762.38,3770.969,8.589
Hard Eight (1996),346,,90438,90490,3771.011,3773.179,2.168
Hard Eight (1996),347,,90491,90558,3773.221,3776.015,2.794
Hard Eight (1996),348,,90559,90709,3776.056,3782.311,6.255
Hard Eight (1996),349,,90710,90913,3782.353,3790.817,8.464
Hard Eight (1996),350,,90914,91006,3790.859,3794.695,3.836
Hard Eight (1996),351,,91007,91093,3794.737,3798.323,3.586
Hard Eight (1996),352,,91094,91191,3798.364,3802.409,4.045
Hard Eight (1996),353,,91192,91545,3802.451,3817.17,14.719
Hard Eight (1996),354,,91546,93272,3817.212,3889.181,71.969
Hard Eight (1996),355,,93273,95637,3889.223,3987.795,98.572
Hard Eight (1996),356,,95638,97329,3987.837,4058.346,70.509
Hard Eight (1996),357,,97330,97664,4058.388,4072.315,13.927
Hard Eight (1996),358,,97665,98176,4072.357,4093.664,21.307
Hard Eight (1996),359,,98177,98437,4093.706,4104.547,10.841
Hard Eight (1996),360,,98438,99275,4104.589,4139.489,34.9
Hard Eight (1996),361,,99276,99529,4139.531,4150.08,10.549
Hard Eight (1996),362,,99530,99697,4150.122,4157.085,6.963
Hard Eight (1996),363,,99698,99834,4157.127,4162.798,5.671
Hard Eight (1996),364,,99835,100162,4162.84,4176.475,13.635
Hard Eight (1996),365,,100163,100281,4176.516,4181.437,4.921
Hard Eight (1996),366,,100282,100784,4181.478,4202.41,20.932
Hard Eight (1996),367,,100785,101505,4202.452,4232.474,30.022
Hard Eight (1996),368,,101506,101653,4232.516,4238.645,6.129
Hard Eight (1996),369,,101656,101665,4238.77,4239.146,0.376
Hard Eight (1996),370,,101669,102366,4239.312,4268.375,29.063
Hard Eight (1996),371,,102367,102757,4268.417,4284.679,16.262
Hard Eight (1996),372,,102758,103033,4284.721,4296.187,11.466
Hard Eight (1996),373,,103050,103150,4296.896,4301.066,4.17
Hard Eight (1996),374,,103151,103641,4301.108,4321.539,20.431
Hard Eight (1996),375,,103642,103737,4321.581,4325.542,3.961
Hard Eight (1996),376,,103738,103808,4325.584,4328.503,2.919
Hard Eight (1996),377,,103809,103929,4328.544,4333.548,5.004
Hard Eight (1996),378,,103930,104424,4333.59,4354.188,20.598
Hard Eight (1996),379,,104425,104497,4354.23,4357.232,3.002
Hard Eight (1996),380,,104498,104571,4357.274,4360.318,3.044
Hard Eight (1996),381,,104572,105563,4360.359,4401.681,41.322
Hard Eight (1996),382,,105564,106375,4401.723,4435.539,33.816
Hard Eight (1996),383,,106376,106789,4435.581,4452.802,17.221
Hard Eight (1996),384,,106790,107304,4452.844,4474.276,21.432
Hard Eight (1996),385,,107305,107587,4474.318,4486.076,11.758
Hard Eight (1996),386,,107588,107897,4486.118,4499.002,12.884
Hard Eight (1996),387,,107898,108147,4499.044,4509.427,10.383
Hard Eight (1996),388,,108148,108575,4509.468,4527.273,17.805
Hard Eight (1996),389,,108576,108719,4527.315,4533.278,5.963
Hard Eight (1996),390,,108720,109186,4533.319,4552.75,19.431
Hard Eight (1996),391,,109187,109326,4552.792,4558.588,5.796
Hard Eight (1996),392,,109327,109706,4558.629,4574.433,15.804
Hard Eight (1996),393,,109707,109955,4574.474,4584.815,10.341
Hard Eight (1996),394,,109956,110616,4584.857,4612.377,27.52
Hard Eight (1996),395,,110617,110732,4612.419,4617.214,4.795
Hard Eight (1996),396,,110733,110937,4617.256,4625.762,8.506
Hard Eight (1996),397,,110938,111149,4625.804,4634.602,8.798
Hard Eight (1996),398,,111150,111584,4634.643,4652.74,18.097
Hard Eight (1996),399,,111585,111690,4652.782,4657.16,4.378
Hard Eight (1996),400,,111691,111873,4657.202,4664.79,7.588
Hard Eight (1996),401,,111874,111956,4664.832,4668.251,3.419
Hard Eight (1996),402,,111957,112521,4668.293,4691.81,23.517
Hard Eight (1996),403,,112522,112550,4691.852,4693.019,1.167
Hard Eight (1996),404,,112551,112825,4693.061,4704.486,11.425
Hard Eight (1996),405,,112826,112974,4704.528,4710.699,6.171
Hard Eight (1996),406,,112975,113015,4710.741,4712.409,1.668
Hard Eight (1996),407,,113016,113164,4712.45,4718.622,6.172
Hard Eight (1996),408,,113165,113298,4718.663,4724.209,5.546
Hard Eight (1996),409,,113299,113372,4724.251,4727.295,3.044
Hard Eight (1996),410,,113373,113482,4727.336,4731.881,4.545
Hard Eight (1996),411,,113483,113915,4731.923,4749.936,18.013
Hard Eight (1996),412,,113916,114079,4749.978,4756.775,6.797
Hard Eight (1996),413,,114080,114186,4756.816,4761.236,4.42
Hard Eight (1996),414,,114187,114235,4761.278,4763.279,2.001
Hard Eight (1996),415,,114236,114422,4763.321,4771.077,7.756
Hard Eight (1996),416,,114423,114586,4771.118,4777.915,6.797
Hard Eight (1996),417,,114587,115072,4777.957,4798.18,20.223
Hard Eight (1996),418,,115073,116529,4798.222,4858.933,60.711
Hard Eight (1996),419,,116530,116604,4858.974,4862.06,3.086
Hard Eight (1996),420,,116608,116609,4862.227,4862.268,0.041
Hard Eight (1996),421,,116613,116678,4862.435,4865.146,2.711
Hard Eight (1996),422,,116679,117108,4865.187,4883.075,17.888
Hard Eight (1996),423,,117109,117300,4883.117,4891.081,7.964
Hard Eight (1996),424,,117301,117910,4891.123,4916.516,25.393
Hard Eight (1996),425,,117911,118278,4916.558,4931.861,15.303
Hard Eight (1996),426,,118279,118585,4931.903,4944.662,12.759
Hard Eight (1996),427,,118586,118846,4944.704,4955.545,10.841
Hard Eight (1996),428,,118847,119282,4955.587,4973.725,18.138
Hard Eight (1996),429,,119283,119420,4973.767,4979.479,5.712
Hard Eight (1996),430,,119421,119473,4979.521,4981.689,2.168
Hard Eight (1996),431,,119474,119541,4981.731,4984.525,2.794
Hard Eight (1996),432,,119542,119650,4984.566,4989.07,4.504
Hard Eight (1996),433,,119651,119972,4989.111,5002.496,13.385
Hard Eight (1996),434,,119973,120066,5002.538,5006.416,3.878
Hard Eight (1996),435,,120067,120396,5006.457,5020.176,13.719
Hard Eight (1996),436,,120397,120675,5020.217,5031.809,11.592
Hard Eight (1996),437,,120676,120894,5031.851,5040.941,9.09
Hard Eight (1996),438,,120895,121222,5040.983,5054.618,13.635
Hard Eight (1996),439,,121223,123032,5054.659,5130.09,75.431
Hard Eight (1996),440,,123033,123145,5130.131,5134.801,4.67
Hard Eight (1996),441,,123146,123456,5134.843,5147.769,12.926
Hard Eight (1996),442,,123457,123786,5147.811,5161.529,13.718
Hard Eight (1996),443,,123787,124466,5161.571,5189.883,28.312
Hard Eight (1996),444,,124467,124586,5189.925,5194.887,4.962
Hard Eight (1996),445,,124587,125404,5194.929,5228.995,34.066
Hard Eight (1996),446,,125405,125573,5229.037,5236.042,7.005
Hard Eight (1996),447,,125574,125685,5236.084,5240.712,4.628
Hard Eight (1996),448,,125686,125804,5240.754,5245.674,4.92
Hard Eight (1996),449,,125805,126238,5245.716,5263.771,18.055
Hard Eight (1996),450,,126239,126507,5263.812,5274.987,11.175
Hard Eight (1996),451,,126508,126885,5275.029,5290.749,15.72
Hard Eight (1996),452,,126886,127428,5290.791,5313.39,22.599
Hard Eight (1996),453,,127429,128255,5313.432,5347.874,34.442
Hard Eight (1996),454,,128256,128652,5347.916,5364.428,16.512
Hard Eight (1996),455,,128653,128814,5364.469,5371.183,6.714
Hard Eight (1996),456,,128815,129653,5371.224,5406.167,34.943
Hard Eight (1996),457,,129654,129720,5406.208,5408.96,2.752
Hard Eight (1996),458,,129721,130024,5409.002,5421.636,12.634
Hard Eight (1996),459,,130025,130190,5421.678,5428.558,6.88
Hard Eight (1996),460,,130191,130373,5428.6,5436.189,7.589
Hard Eight (1996),461,,130374,130551,5436.23,5443.611,7.381
Hard Eight (1996),462,,130552,131488,5443.652,5482.681,39.029
Hard Eight (1996),463,,131489,131744,5482.723,5493.355,10.632
Hard Eight (1996),464,,131745,132075,5493.397,5507.157,13.76
Hard Eight (1996),465,,132076,132266,5507.199,5515.121,7.922
Hard Eight (1996),466,,132267,132905,5515.163,5541.766,26.603
Hard Eight (1996),467,,132909,133083,5541.933,5549.188,7.255
Hard Eight (1996),468,,133084,133325,5549.23,5559.279,10.049
Hard Eight (1996),469,,133326,133637,5559.32,5572.288,12.968
Hard Eight (1996),470,,133638,133822,5572.33,5580.002,7.672
Hard Eight (1996),471,,133823,134118,5580.044,5592.345,12.301
Hard Eight (1996),472,,134119,134393,5592.386,5603.811,11.425
Hard Eight (1996),473,,134394,134596,5603.853,5612.276,8.423
Hard Eight (1996),474,,134597,134698,5612.318,5616.529,4.211
Hard Eight (1996),475,,134699,134801,5616.571,5620.824,4.253
Hard Eight (1996),476,,134802,134882,5620.866,5624.201,3.335
Hard Eight (1996),477,,134883,134955,5624.243,5627.245,3.002
Hard Eight (1996),478,,134956,135054,5627.287,5631.373,4.086
Hard Eight (1996),479,,135055,135942,5631.415,5668.4,36.985
Hard Eight (1996),480,,135943,135964,5668.442,5669.318,0.876
Hard Eight (1996),481,,135965,136000,5669.359,5670.819,1.46
Hard Eight (1996),482,,136001,136038,5670.86,5672.403,1.543
Hard Eight (1996),483,,136039,136065,5672.445,5673.529,1.084
Hard Eight (1996),484,,136066,136222,5673.571,5680.076,6.505
Hard Eight (1996),485,,136223,136293,5680.117,5683.036,2.919
Hard Eight (1996),486,,136294,136335,5683.078,5684.787,1.709
Hard Eight (1996),487,,136336,136416,5684.829,5688.165,3.336
Hard Eight (1996),488,,136417,136521,5688.206,5692.543,4.337
Hard Eight (1996),489,,136522,137124,5692.585,5717.686,25.101
Hard Eight (1996),490,,137125,137501,5717.728,5733.406,15.678
Hard Eight (1996),491,,137502,137704,5733.448,5741.871,8.423
Hard Eight (1996),492,,137705,138207,5741.912,5762.844,20.932
Hard Eight (1996),493,,138208,138512,5762.886,5775.562,12.676
Hard Eight (1996),494,,138531,139011,5776.354,5796.369,20.015
Hard Eight (1996),495,,139012,139199,5796.411,5804.208,7.797
Hard Eight (1996),496,,139200,139636,5804.25,5822.43,18.18
Hard Eight (1996),497,,139637,139971,5822.471,5836.398,13.927
Hard Eight (1996),498,,139972,140060,5836.44,5840.109,3.669
Hard Eight (1996),499,,140061,146150,5840.151,6094.045,253.894
One Battle After Another (2025),1,,0,86,0,3.586917,3.586917
One Battle After Another (2025),2,,102,187,4.25425,7.799458,3.545208
One Battle After Another (2025),3,,189,390,7.882875,16.26625,8.383375
One Battle After Another (2025),4,,407,489,16.97529,20.39538,3.42009
One Battle After Another (2025),5,,490,857,20.43708,35.74404,15.30696
One Battle After Another (2025),6,,858,1046,35.78575,43.62692,7.84117
One Battle After Another (2025),7,,1047,1586,43.66862,66.14942,22.4808
One Battle After Another (2025),8,,1587,1934,66.19112,80.66392,14.4728
One Battle After Another (2025),9,,1935,2059,80.70562,85.87746,5.17184
One Battle After Another (2025),10,,2060,2390,85.91917,99.68292,13.76375
One Battle After Another (2025),11,,2391,2480,99.72462,103.4367,3.71208
One Battle After Another (2025),12,,2481,2554,103.4784,106.5231,3.0447
One Battle After Another (2025),13,,2555,2642,106.5648,110.1934,3.6286
One Battle After Another (2025),14,,2643,2699,110.2351,112.5708,2.3357
One Battle After Another (2025),15,,2700,2766,112.6125,115.3652,2.7527
One Battle After Another (2025),16,,2767,2841,115.407,118.4934,3.0864
One Battle After Another (2025),17,,2842,2916,118.5351,121.6215,3.0864
One Battle After Another (2025),18,,2917,4194,121.6632,174.9247,53.2615
One Battle After Another (2025),19,,4195,4592,174.9665,191.5247,16.5582
One Battle After Another (2025),20,,4593,5019,191.5664,209.3341,17.7677
One Battle After Another (2025),21,,5020,5288,209.3758,220.5537,11.1779
One Battle After Another (2025),22,,5289,5379,220.5954,224.3491,3.7537
One Battle After Another (2025),23,,5380,5448,224.3908,227.227,2.8362
One Battle After Another (2025),24,,5449,5475,227.2687,228.3531,1.0844
One Battle After Another (2025),25,,5476,5554,228.3948,231.6481,3.2533
One Battle After Another (2025),26,,5555,5687,231.6898,237.1953,5.5055
One Battle After Another (2025),27,,5688,5771,237.237,240.6988,3.4618
One Battle After Another (2025),28,,5772,5898,240.7405,245.9957,5.2552
One Battle After Another (2025),29,,5899,6057,246.0375,252.6274,6.5899
One Battle After Another (2025),30,,6058,6444,252.6691,268.7685,16.0994
One Battle After Another (2025),31,,6445,6556,268.8102,273.4398,4.6296
One Battle After Another (2025),32,,6557,6668,273.4815,278.1112,4.6297
One Battle After Another (2025),33,,6669,6755,278.1529,281.7398,3.5869
One Battle After Another (2025),34,,6756,6822,281.7815,284.5342,2.7527
One Battle After Another (2025),35,,6823,6916,284.576,288.4548,3.8788
One Battle After Another (2025),36,,6917,7009,288.4965,292.3337,3.8372
One Battle After Another (2025),37,,7010,7164,292.3754,298.7985,6.4231
One Battle After Another (2025),38,,7165,7399,298.8402,308.6,9.7598
One Battle After Another (2025),39,,7400,7559,308.6417,315.2733,6.6316
One Battle After Another (2025),40,,7560,7656,315.315,319.319,4.004
One Battle After Another (2025),41,,7657,7754,319.3607,323.4064,4.0457
One Battle After Another (2025),42,,7755,7935,323.4481,330.9556,7.5075
One Battle After Another (2025),43,,7936,8057,330.9973,336.044,5.0467
One Battle After Another (2025),44,,8058,8339,336.0857,347.8058,11.7201
One Battle After Another (2025),45,,8340,8469,347.8475,353.2279,5.3804
One Battle After Another (2025),46,,8470,8565,353.2696,357.2319,3.9623
One Battle After Another (2025),47,,8566,8644,357.2736,360.5268,3.2532
One Battle After Another (2025),48,,8645,8711,360.5685,363.3213,2.7528
One Battle After Another (2025),49,,8712,8942,363.363,372.9559,9.5929
One Battle After Another (2025),50,,8943,9026,372.9976,376.4594,3.4618
One Battle After Another (2025),51,,9027,9088,376.5011,379.0453,2.5442
One Battle After Another (2025),52,,9089,9279,379.087,387.0116,7.9246
One Battle After Another (2025),53,,9280,9411,387.0533,392.5171,5.4638
One Battle After Another (2025),54,,9412,9511,392.5588,396.688,4.1292
One Battle After Another (2025),55,,9512,9726,396.7297,405.6552,8.9255
One Battle After Another (2025),56,,9727,9800,405.697,408.7417,3.0447
One Battle After Another (2025),57,,9801,9861,408.7834,411.2859,2.5025
One Battle After Another (2025),58,,9862,10141,411.3276,422.9642,11.6366
One Battle After Another (2025),59,,10142,10265,423.0059,428.136,5.1301
One Battle After Another (2025),60,,10266,10454,428.1777,436.0189,7.8412
One Battle After Another (2025),61,,10455,10593,436.0606,441.8164,5.7558
One Battle After Another (2025),62,,10594,10707,441.8581,446.5711,4.713
One Battle After Another (2025),63,,10708,10802,446.6128,450.5334,3.9206
One Battle After Another (2025),64,,10803,10892,450.5751,454.2872,3.7121
One Battle After Another (2025),65,,10893,11015,454.3289,459.4173,5.0884
One Battle After Another (2025),66,,11016,11135,459.459,464.4223,4.9633
One Battle After Another (2025),67,,11136,11225,464.464,468.176,3.712
One Battle After Another (2025),68,,11226,11350,468.2177,473.3896,5.1719
One Battle After Another (2025),69,,11351,11406,473.4313,475.7252,2.2939
One Battle After Another (2025),70,,11407,12125,475.767,505.7135,29.9465
One Battle After Another (2025),71,,12126,12943,505.7552,539.831,34.0758
One Battle After Another (2025),72,,12944,13450,539.8727,560.9771,21.1044
One Battle After Another (2025),73,,13451,13657,561.0188,569.6107,8.5919
One Battle After Another (2025),74,,13658,13839,569.6524,577.2016,7.5492
One Battle After Another (2025),75,,13840,13981,577.2433,583.1242,5.8809
One Battle After Another (2025),76,,13982,14746,583.1659,615.0311,31.8652
One Battle After Another (2025),77,,14747,15169,615.0728,632.6737,17.6009
One Battle After Another (2025),78,,15170,15271,632.7154,636.928,4.2126
One Battle After Another (2025),79,,15272,15596,636.9697,650.4832,13.5135
One Battle After Another (2025),80,,15597,15681,650.5249,654.0284,3.5035
One Battle After Another (2025),81,,15682,16173,654.0701,674.5489,20.4788
One Battle After Another (2025),82,,16174,16609,674.5906,692.7337,18.1431
One Battle After Another (2025),83,,16610,16661,692.7754,694.9025,2.1271
One Battle After Another (2025),84,,16664,16667,695.0277,695.1528,0.1251
One Battle After Another (2025),85,,16671,16725,695.3196,697.5719,2.2523
One Battle After Another (2025),86,,16726,16797,697.6136,700.5749,2.9613
One Battle After Another (2025),87,,16798,16953,700.6166,707.0814,6.4648
One Battle After Another (2025),88,,16954,17066,707.1231,711.7944,4.6713
One Battle After Another (2025),89,,17067,17185,711.8361,716.7577,4.9216
One Battle After Another (2025),90,,17186,17259,716.7994,719.8441,3.0447
One Battle After Another (2025),91,,17260,17407,719.8858,726.0169,6.1311
One Battle After Another (2025),92,,17408,17483,726.0587,729.1868,3.1281
One Battle After Another (2025),93,,17484,17565,729.2285,732.6069,3.3784
One Battle After Another (2025),94,,17566,17611,732.6486,734.5254,1.8768
One Battle After Another (2025),95,,17612,17680,734.5672,737.4033,2.8361
One Battle After Another (2025),96,,17681,17717,737.445,738.9465,1.5015
One Battle After Another (2025),97,,17718,17781,738.9882,741.6159,2.6277
One Battle After Another (2025),98,,17782,17857,741.6576,744.7857,3.1281
One Battle After Another (2025),99,,17858,17902,744.8274,746.6626,1.8352
One Battle After Another (2025),100,,17903,18056,746.7043,753.0857,6.3814
One Battle After Another (2025),101,,18057,18401,753.1274,767.475,14.3476
One Battle After Another (2025),102,,18402,18705,767.5167,780.1544,12.6377
One Battle After Another (2025),103,,18724,18730,780.9468,781.1971,0.2503
One Battle After Another (2025),104,,18731,18845,781.2388,785.9935,4.7547
One Battle After Another (2025),105,,18846,18906,786.0352,788.5377,2.5025
One Battle After Another (2025),106,,18907,18969,788.5794,791.1654,2.586
One Battle After Another (2025),107,,18970,19042,791.2071,794.2101,3.003
One Battle After Another (2025),108,,19043,19102,794.2518,796.7126,2.4608
One Battle After Another (2025),109,,19103,19313,796.7543,805.513,8.7587
One Battle After Another (2025),110,,19314,19481,805.5547,812.52,6.9653
One Battle After Another (2025),111,,19482,19735,812.5617,823.1139,10.5522
One Battle After Another (2025),112,,19736,19811,823.1557,826.2838,3.1281
One Battle After Another (2025),113,,19812,19912,826.3255,830.4963,4.1708
One Battle After Another (2025),114,,19913,20028,830.538,835.3345,4.7965
One Battle After Another (2025),115,,20029,20091,835.3762,837.9621,2.5859
One Battle After Another (2025),116,,20092,20182,838.0038,841.7576,3.7538
One Battle After Another (2025),117,,20183,20306,841.7993,846.9294,5.1301
One Battle After Another (2025),118,,20307,20342,846.9711,848.4309,1.4598
One Battle After Another (2025),119,,20343,20371,848.4726,849.6404,1.1678
One Battle After Another (2025),120,,20372,21923,849.6822,914.3718,64.6896
One Battle After Another (2025),121,,21924,22307,914.4135,930.3878,15.9743
One Battle After Another (2025),122,,22308,23183,930.4295,966.9243,36.4948
One Battle After Another (2025),123,,23184,23715,966.966,989.1131,22.1471
One Battle After Another (2025),124,,23716,23884,989.1548,996.1618,7.007
One Battle After Another (2025),125,,23885,23967,996.2035,999.6236,3.4201
One Battle After Another (2025),126,,23968,24246,999.6653,1011.26,11.5947
One Battle After Another (2025),127,,24247,24346,1011.302,1015.431,4.129
One Battle After Another (2025),128,,24347,24524,1015.473,1022.855,7.382
One Battle After Another (2025),129,,24525,24784,1022.897,1033.699,10.802
One Battle After Another (2025),130,,24785,24992,1033.741,1042.375,8.634
One Battle After Another (2025),131,,24993,25179,1042.416,1050.174,7.758
One Battle After Another (2025),132,,25180,25236,1050.216,1052.551,2.335
One Battle After Another (2025),133,,25237,25295,1052.593,1055.012,2.419
One Battle After Another (2025),134,,25297,25311,1055.096,1055.68,0.584
One Battle After Another (2025),135,,25312,25426,1055.721,1060.476,4.755
One Battle After Another (2025),136,,25427,25566,1060.518,1066.315,5.797
One Battle After Another (2025),137,,25567,25937,1066.357,1081.789,15.432
One Battle After Another (2025),138,,25938,26071,1081.831,1087.378,5.547
One Battle After Another (2025),139,,26072,26294,1087.42,1096.679,9.259
One Battle After Another (2025),140,,26295,26394,1096.721,1100.85,4.129
One Battle After Another (2025),141,,26395,26626,1100.891,1110.526,9.635
One Battle After Another (2025),142,,26627,26853,1110.568,1119.994,9.426
One Battle After Another (2025),143,,26854,27029,1120.036,1127.335,7.299
One Battle After Another (2025),144,,27030,27168,1127.376,1133.132,5.756
One Battle After Another (2025),145,,27169,27300,1133.174,1138.637,5.463
One Battle After Another (2025),146,,27301,27428,1138.679,1143.976,5.297
One Battle After Another (2025),147,,27429,27741,1144.018,1157.031,13.013
One Battle After Another (2025),148,,27742,27884,1157.073,1162.995,5.922
One Battle After Another (2025),149,,27885,28475,1163.037,1187.645,24.608
One Battle After Another (2025),150,,28476,30249,1187.686,1261.635,73.949
One Battle After Another (2025),151,,30250,30725,1261.677,1281.489,19.812
One Battle After Another (2025),152,,30726,31141,1281.53,1298.839,17.309
One Battle After Another (2025),153,,31142,31315,1298.881,1306.096,7.215
One Battle After Another (2025),154,,31318,31410,1306.222,1310.059,3.837
One Battle After Another (2025),155,,31411,32606,1310.1,1359.942,49.842
One Battle After Another (2025),156,,32607,32703,1359.984,1363.988,4.004
One Battle After Another (2025),157,,32704,32845,1364.029,1369.91,5.881
One Battle After Another (2025),158,,32846,32905,1369.952,1372.413,2.461
One Battle After Another (2025),159,,32906,32941,1372.454,1373.914,1.46
One Battle After Another (2025),160,,32942,33059,1373.956,1378.836,4.88
One Battle After Another (2025),161,,33060,33144,1378.877,1382.381,3.504
One Battle After Another (2025),162,,33145,33214,1382.423,1385.301,2.878
One Battle After Another (2025),163,,33215,33253,1385.342,1386.927,1.585
One Battle After Another (2025),164,,33254,33292,1386.969,1388.554,1.585
One Battle After Another (2025),165,,33293,33351,1388.596,1391.015,2.419
One Battle After Another (2025),166,,33352,33396,1391.056,1392.891,1.835
One Battle After Another (2025),167,,33397,33449,1392.933,1395.102,2.169
One Battle After Another (2025),168,,33450,33472,1395.144,1396.061,0.917
One Battle After Another (2025),169,,33473,33503,1396.103,1397.354,1.251
One Battle After Another (2025),170,,33504,33545,1397.396,1399.106,1.71
One Battle After Another (2025),171,,33546,33609,1399.148,1401.775,2.627
One Battle After Another (2025),172,,33610,33661,1401.817,1403.944,2.127
One Battle After Another (2025),173,,33662,33866,1403.986,1412.494,8.508
One Battle After Another (2025),174,,33867,33918,1412.536,1414.663,2.127
One Battle After Another (2025),175,,33919,33951,1414.705,1416.04,1.335
One Battle After Another (2025),176,,33952,34022,1416.081,1419.001,2.92
One Battle After Another (2025),177,,34023,34081,1419.043,1421.462,2.419
One Battle After Another (2025),178,,34082,34223,1421.503,1427.384,5.881
One Battle After Another (2025),179,,34224,34261,1427.426,1428.969,1.543
One Battle After Another (2025),180,,34262,34288,1429.011,1430.095,1.084
One Battle After Another (2025),181,,34289,34431,1430.137,1436.06,5.923
One Battle After Another (2025),182,,34432,34465,1436.101,1437.478,1.377
One Battle After Another (2025),183,,34466,34534,1437.519,1440.356,2.837
One Battle After Another (2025),184,,34535,34568,1440.397,1441.774,1.377
One Battle After Another (2025),185,,34569,34619,1441.815,1443.901,2.086
One Battle After Another (2025),186,,34620,34709,1443.942,1447.655,3.713
One Battle After Another (2025),187,,34710,34794,1447.696,1451.2,3.504
One Battle After Another (2025),188,,34795,34872,1451.241,1454.453,3.212
One Battle After Another (2025),189,,34873,34940,1454.495,1457.289,2.794
One Battle After Another (2025),190,,34941,34964,1457.331,1458.29,0.959
One Battle After Another (2025),191,,34965,35069,1458.332,1462.67,4.338
One Battle After Another (2025),192,,35070,35135,1462.711,1465.422,2.711
One Battle After Another (2025),193,,35136,35175,1465.464,1467.091,1.627
One Battle After Another (2025),194,,35176,35276,1467.132,1471.303,4.171
One Battle After Another (2025),195,,35277,35335,1471.345,1473.764,2.419
One Battle After Another (2025),196,,35336,35376,1473.806,1475.474,1.668
One Battle After Another (2025),197,,35377,35536,1475.516,1482.147,6.631
One Battle After Another (2025),198,,35537,35621,1482.189,1485.693,3.504
One Battle After Another (2025),199,,35622,35952,1485.734,1499.498,13.764
One Battle After Another (2025),200,,35953,36083,1499.54,1504.962,5.422
One Battle After Another (2025),201,,36084,36477,1505.003,1521.395,16.392
One Battle After Another (2025),202,,36478,36980,1521.437,1542.374,20.937
One Battle After Another (2025),203,,36981,37224,1542.416,1552.551,10.135
One Battle After Another (2025),204,,37225,37712,1552.593,1572.905,20.312
One Battle After Another (2025),205,,37713,37808,1572.946,1576.909,3.963
One Battle After Another (2025),206,,37809,38148,1576.95,1591.089,14.139
One Battle After Another (2025),207,,38149,38274,1591.131,1596.345,5.214
One Battle After Another (2025),208,,38275,38438,1596.386,1603.185,6.799
One Battle After Another (2025),209,,38439,38493,1603.227,1605.479,2.252
One Battle After Another (2025),210,,38494,38597,1605.521,1609.817,4.296
One Battle After Another (2025),211,,38598,39203,1609.858,1635.092,25.234
One Battle After Another (2025),212,,39204,39241,1635.133,1636.677,1.544
One Battle After Another (2025),213,,39242,39342,1636.718,1640.889,4.171
One Battle After Another (2025),214,,39343,39408,1640.931,1643.642,2.711
One Battle After Another (2025),215,,39409,39718,1643.684,1656.572,12.888
One Battle After Another (2025),216,,39719,40015,1656.613,1668.959,12.346
One Battle After Another (2025),217,,40016,40556,1669.001,1691.523,22.522
One Battle After Another (2025),218,,40557,40635,1691.565,1694.818,3.253
One Battle After Another (2025),219,,40636,40811,1694.86,1702.159,7.299
One Battle After Another (2025),220,,40812,41159,1702.2,1716.673,14.473
One Battle After Another (2025),221,,41160,41905,1716.715,1747.788,31.073
One Battle After Another (2025),222,,41906,41963,1747.829,1750.207,2.378
One Battle After Another (2025),223,,41966,42041,1750.332,1753.46,3.128
One Battle After Another (2025),224,,42042,42125,1753.502,1756.964,3.462
One Battle After Another (2025),225,,42126,42211,1757.005,1760.55,3.545
One Battle After Another (2025),226,,42212,42323,1760.592,1765.222,4.63
One Battle After Another (2025),227,,42324,42409,1765.263,1768.809,3.546
One Battle After Another (2025),228,,42410,42664,1768.85,1779.444,10.594
One Battle After Another (2025),229,,42665,42841,1779.486,1786.827,7.341
One Battle After Another (2025),230,,42842,42920,1786.868,1790.122,3.254
One Battle After Another (2025),231,,42921,42998,1790.163,1793.375,3.212
One Battle After Another (2025),232,,42999,43411,1793.417,1810.6,17.183
One Battle After Another (2025),233,,43412,43600,1810.642,1818.483,7.841
One Battle After Another (2025),234,,43601,43635,1818.525,1819.943,1.418
One Battle After Another (2025),235,,43636,43693,1819.985,1822.362,2.377
One Battle After Another (2025),236,,43694,43799,1822.404,1826.783,4.379
One Battle After Another (2025),237,,43800,43850,1826.825,1828.91,2.085
One Battle After Another (2025),238,,43851,43885,1828.952,1830.37,1.418
One Battle After Another (2025),239,,43886,43934,1830.412,1832.414,2.002
One Battle After Another (2025),240,,43935,43986,1832.456,1834.583,2.127
One Battle After Another (2025),241,,43987,44041,1834.624,1836.877,2.253
One Battle After Another (2025),242,,44042,44100,1836.918,1839.337,2.419
One Battle After Another (2025),243,,44101,44143,1839.379,1841.131,1.752
One Battle After Another (2025),244,,44144,44250,1841.173,1845.594,4.421
One Battle After Another (2025),245,,44251,44325,1845.635,1848.722,3.087
One Battle After Another (2025),246,,44326,44573,1848.764,1859.066,10.302
One Battle After Another (2025),247,,44574,44631,1859.107,1861.485,2.378
One Battle After Another (2025),248,,44632,44835,1861.526,1869.993,8.467
One Battle After Another (2025),249,,44836,44983,1870.035,1876.166,6.131
One Battle After Another (2025),250,,44984,45077,1876.208,1880.087,3.879
One Battle After Another (2025),251,,45078,45188,1880.128,1884.716,4.588
One Battle After Another (2025),252,,45189,45284,1884.758,1888.72,3.962
One Battle After Another (2025),253,,45285,45519,1888.762,1898.522,9.76
One Battle After Another (2025),254,,45520,45922,1898.563,1915.33,16.767
One Battle After Another (2025),255,,45923,46371,1915.372,1934.057,18.685
One Battle After Another (2025),256,,46372,46506,1934.099,1939.688,5.589
One Battle After Another (2025),257,,46507,46642,1939.729,1945.36,5.631
One Battle After Another (2025),258,,46643,46742,1945.402,1949.531,4.129
One Battle After Another (2025),259,,46743,46861,1949.573,1954.494,4.921
One Battle After Another (2025),260,,46862,46922,1954.536,1957.038,2.502
One Battle After Another (2025),261,,46923,46988,1957.08,1959.791,2.711
One Battle After Another (2025),262,,46989,47027,1959.833,1961.418,1.585
One Battle After Another (2025),263,,47028,47089,1961.459,1964.004,2.545
One Battle After Another (2025),264,,47090,47164,1964.045,1967.132,3.087
One Battle After Another (2025),265,,47165,47258,1967.174,1971.052,3.878
One Battle After Another (2025),266,,47259,47397,1971.094,1976.85,5.756
One Battle After Another (2025),267,,47398,47502,1976.892,1981.229,4.337
One Battle After Another (2025),268,,47503,47667,1981.271,1988.111,6.84
One Battle After Another (2025),269,,47668,47802,1988.153,1993.742,5.589
One Battle After Another (2025),270,,47803,47934,1993.783,1999.247,5.464
One Battle After Another (2025),271,,47935,48066,1999.289,2004.753,5.464
One Battle After Another (2025),272,,48067,48395,2004.794,2018.475,13.681
One Battle After Another (2025),273,,48396,48687,2018.516,2030.654,12.138
One Battle After Another (2025),274,,48688,48946,2030.695,2041.456,10.761
One Battle After Another (2025),275,,48947,49519,2041.498,2065.355,23.857
One Battle After Another (2025),276,,49520,50554,2065.397,2108.523,43.126
One Battle After Another (2025),277,,50555,50938,2108.565,2124.539,15.974
One Battle After Another (2025),278,,50939,51091,2124.581,2130.92,6.339
One Battle After Another (2025),279,,51092,51258,2130.962,2137.886,6.924
One Battle After Another (2025),280,,51259,51422,2137.927,2144.726,6.799
One Battle After Another (2025),281,,51423,51711,2144.768,2156.78,12.012
One Battle After Another (2025),282,,51712,52103,2156.821,2173.129,16.308
One Battle After Another (2025),283,,52104,52238,2173.171,2178.76,5.589
One Battle After Another (2025),284,,52239,52341,2178.802,2183.056,4.254
One Battle After Another (2025),285,,52342,52470,2183.098,2188.436,5.338
One Battle After Another (2025),286,,52471,52573,2188.478,2192.732,4.254
One Battle After Another (2025),287,,52574,52795,2192.774,2201.991,9.217
One Battle After Another (2025),288,,52796,52861,2202.033,2204.744,2.711
One Battle After Another (2025),289,,52862,53493,2204.786,2231.104,26.318
One Battle After Another (2025),290,,53494,53758,2231.146,2242.157,11.011
One Battle After Another (2025),291,,53759,53971,2242.198,2251.04,8.842
One Battle After Another (2025),292,,53972,54551,2251.082,2275.231,24.149
One Battle After Another (2025),293,,54552,54907,2275.273,2290.079,14.806
One Battle After Another (2025),294,,54908,55227,2290.121,2303.426,13.305
One Battle After Another (2025),295,,55228,55679,2303.468,2322.278,18.81
One Battle After Another (2025),296,,55680,56033,2322.32,2337.043,14.723
One Battle After Another (2025),297,,56034,56159,2337.085,2342.298,5.213
One Battle After Another (2025),298,,56160,56775,2342.34,2367.991,25.651
One Battle After Another (2025),299,,56776,57200,2368.032,2385.717,17.685
One Battle After Another (2025),300,,57201,57379,2385.758,2393.182,7.424
One Battle After Another (2025),301,,57380,57514,2393.224,2398.813,5.589
One Battle After Another (2025),302,,57515,57583,2398.855,2401.691,2.836
One Battle After Another (2025),303,,57584,57835,2401.733,2412.201,10.468
One Battle After Another (2025),304,,57836,57908,2412.243,2415.246,3.003
One Battle After Another (2025),305,,57909,58532,2415.288,2441.272,25.984
One Battle After Another (2025),306,,58533,58650,2441.314,2446.194,4.88
One Battle After Another (2025),307,,58651,58784,2446.235,2451.783,5.548
One Battle After Another (2025),308,,58785,59298,2451.824,2473.221,21.397
One Battle After Another (2025),309,,59299,59594,2473.262,2485.566,12.304
One Battle After Another (2025),310,,59595,59992,2485.608,2502.166,16.558
One Battle After Another (2025),311,,59993,60186,2502.208,2510.258,8.05
One Battle After Another (2025),312,,60187,60459,2510.299,2521.644,11.345
One Battle After Another (2025),313,,60460,60713,2521.686,2532.238,10.552
One Battle After Another (2025),314,,60714,60813,2532.28,2536.409,4.129
One Battle After Another (2025),315,,60814,60983,2536.451,2543.499,7.048
One Battle After Another (2025),316,,60984,61049,2543.541,2546.252,2.711
One Battle After Another (2025),317,,61050,61126,2546.294,2549.464,3.17
One Battle After Another (2025),318,,61127,61313,2549.505,2557.263,7.758
One Battle After Another (2025),319,,61314,61595,2557.305,2569.025,11.72
One Battle After Another (2025),320,,61596,61667,2569.066,2572.028,2.962
One Battle After Another (2025),321,,61668,61880,2572.069,2580.912,8.843
One Battle After Another (2025),322,,61881,62048,2580.953,2587.919,6.966
One Battle After Another (2025),323,,62049,62417,2587.96,2603.309,15.349
One Battle After Another (2025),324,,62418,62476,2603.351,2605.77,2.419
One Battle After Another (2025),325,,62477,62601,2605.812,2610.983,5.171
One Battle After Another (2025),326,,62602,62658,2611.025,2613.361,2.336
One Battle After Another (2025),327,,62659,62747,2613.402,2617.073,3.671
One Battle After Another (2025),328,,62748,62877,2617.114,2622.495,5.381
One Battle After Another (2025),329,,62878,63354,2622.537,2642.39,19.853
One Battle After Another (2025),330,,63355,63540,2642.431,2650.147,7.716
One Battle After Another (2025),331,,63541,63837,2650.189,2662.535,12.346
One Battle After Another (2025),332,,63838,64046,2662.577,2671.252,8.675
One Battle After Another (2025),333,,64047,64426,2671.294,2687.101,15.807
One Battle After Another (2025),334,,64427,64509,2687.143,2690.563,3.42
One Battle After Another (2025),335,,64510,64675,2690.605,2697.486,6.881
One Battle After Another (2025),336,,64676,64791,2697.528,2702.325,4.797
One Battle After Another (2025),337,,64792,64927,2702.366,2707.997,5.631
One Battle After Another (2025),338,,64928,65315,2708.039,2724.18,16.141
One Battle After Another (2025),339,,65316,65402,2724.221,2727.808,3.587
One Battle After Another (2025),340,,65403,65496,2727.85,2731.729,3.879
One Battle After Another (2025),341,,65497,65582,2731.771,2735.316,3.545
One Battle After Another (2025),342,,65583,65730,2735.358,2741.489,6.131
One Battle After Another (2025),343,,65731,65859,2741.53,2746.869,5.339
One Battle After Another (2025),344,,65860,66208,2746.911,2761.425,14.514
One Battle After Another (2025),345,,66209,66338,2761.467,2766.847,5.38
One Battle After Another (2025),346,,66339,66450,2766.889,2771.519,4.63
One Battle After Another (2025),347,,66451,66507,2771.56,2773.896,2.336
One Battle After Another (2025),348,,66508,66586,2773.938,2777.191,3.253
One Battle After Another (2025),349,,66587,66691,2777.233,2781.57,4.337
One Battle After Another (2025),350,,66692,66802,2781.612,2786.2,4.588
One Battle After Another (2025),351,,66803,67044,2786.242,2796.293,10.051
One Battle After Another (2025),352,,67045,67144,2796.335,2800.464,4.129
One Battle After Another (2025),353,,67145,67223,2800.506,2803.759,3.253
One Battle After Another (2025),354,,67224,67335,2803.801,2808.431,4.63
One Battle After Another (2025),355,,67336,67514,2808.472,2815.896,7.424
One Battle After Another (2025),356,,67515,67620,2815.938,2820.317,4.379
One Battle After Another (2025),357,,67621,67818,2820.359,2828.576,8.217
One Battle After Another (2025),358,,67819,67981,2828.617,2835.374,6.757
One Battle After Another (2025),359,,67982,68061,2835.416,2838.711,3.295
One Battle After Another (2025),360,,68062,68308,2838.753,2849.013,10.26
One Battle After Another (2025),361,,68309,68604,2849.055,2861.358,12.303
One Battle After Another (2025),362,,68605,68901,2861.4,2873.746,12.346
One Battle After Another (2025),363,,68902,69277,2873.788,2889.428,15.64
One Battle After Another (2025),364,,69278,69477,2889.47,2897.77,8.3
One Battle After Another (2025),365,,69478,69622,2897.812,2903.818,6.006
One Battle After Another (2025),366,,69623,69750,2903.859,2909.156,5.297
One Battle After Another (2025),367,,69751,69868,2909.198,2914.078,4.88
One Battle After Another (2025),368,,69869,70101,2914.12,2923.796,9.676
One Battle After Another (2025),369,,70102,70845,2923.838,2954.827,30.989
One Battle After Another (2025),370,,70846,71122,2954.869,2966.38,11.511
One Battle After Another (2025),371,,71123,71201,2966.422,2969.675,3.253
One Battle After Another (2025),372,,71202,71401,2969.717,2978.017,8.3
One Battle After Another (2025),373,,71402,71512,2978.058,2982.646,4.588
One Battle After Another (2025),374,,71513,71941,2982.688,3000.539,17.851
One Battle After Another (2025),375,,71942,72114,3000.581,3007.755,7.174
One Battle After Another (2025),376,,72115,72311,3007.796,3015.971,8.175
One Battle After Another (2025),377,,72312,72402,3016.013,3019.767,3.754
One Battle After Another (2025),378,,72403,72524,3019.808,3024.855,5.047
One Battle After Another (2025),379,,72525,72607,3024.897,3028.317,3.42
One Battle After Another (2025),380,,72608,72711,3028.359,3032.655,4.296
One Battle After Another (2025),381,,72712,72773,3032.696,3035.241,2.545
One Battle After Another (2025),382,,72774,72951,3035.282,3042.665,7.383
One Battle After Another (2025),383,,72952,72981,3042.706,3043.916,1.21
One Battle After Another (2025),384,,72982,73015,3043.958,3045.334,1.376
One Battle After Another (2025),385,,73017,73069,3045.417,3047.586,2.169
One Battle After Another (2025),386,,73070,73231,3047.628,3054.343,6.715
One Battle After Another (2025),387,,73232,73497,3054.385,3065.437,11.052
One Battle After Another (2025),388,,73498,74305,3065.479,3099.138,33.659
One Battle After Another (2025),389,,74306,74616,3099.179,3112.109,12.93
One Battle After Another (2025),390,,74617,74780,3112.151,3118.949,6.798
One Battle After Another (2025),391,,74781,74864,3118.991,3122.453,3.462
One Battle After Another (2025),392,,74865,74993,3122.494,3127.833,5.339
One Battle After Another (2025),393,,74994,75495,3127.875,3148.771,20.896
One Battle After Another (2025),394,,75496,75566,3148.812,3151.732,2.92
One Battle After Another (2025),395,,75567,75878,3151.774,3164.745,12.971
One Battle After Another (2025),396,,75879,76117,3164.787,3174.713,9.926
One Battle After Another (2025),397,,76118,76428,3174.755,3187.684,12.929
One Battle After Another (2025),398,,76429,76524,3187.726,3191.688,3.962
One Battle After Another (2025),399,,76525,76577,3191.73,3193.899,2.169
One Battle After Another (2025),400,,76578,76765,3193.941,3201.74,7.799
One Battle After Another (2025),401,,76766,76847,3201.782,3205.16,3.378
One Battle After Another (2025),402,,76848,77191,3205.202,3219.508,14.306
One Battle After Another (2025),403,,77192,77353,3219.55,3226.265,6.715
One Battle After Another (2025),404,,77354,77457,3226.306,3230.602,4.296
One Battle After Another (2025),405,,77458,77501,3230.644,3232.438,1.794
One Battle After Another (2025),406,,77502,77538,3232.479,3233.981,1.502
One Battle After Another (2025),407,,77539,77600,3234.022,3236.567,2.545
One Battle After Another (2025),408,,77601,77666,3236.608,3239.319,2.711
One Battle After Another (2025),409,,77667,77820,3239.361,3245.742,6.381
One Battle After Another (2025),410,,77821,77908,3245.784,3249.413,3.629
One Battle After Another (2025),411,,77909,78203,3249.455,3261.717,12.262
One Battle After Another (2025),412,,78204,78272,3261.758,3264.595,2.837
One Battle After Another (2025),413,,78273,78581,3264.636,3277.482,12.846
One Battle After Another (2025),414,,78582,78642,3277.524,3280.027,2.503
One Battle After Another (2025),415,,78643,78722,3280.068,3283.363,3.295
One Battle After Another (2025),416,,78723,78850,3283.405,3288.702,5.297
One Battle After Another (2025),417,,78851,79230,3288.744,3304.551,15.807
One Battle After Another (2025),418,,79231,79297,3304.593,3307.346,2.753
One Battle After Another (2025),419,,79298,80796,3307.387,3369.866,62.479
One Battle After Another (2025),420,,80797,81038,3369.908,3379.96,10.052
One Battle After Another (2025),421,,81039,81422,3380.002,3395.976,15.974
One Battle After Another (2025),422,,81423,83700,3396.018,3490.987,94.969
One Battle After Another (2025),423,,83701,83751,3491.029,3493.115,2.086
One Battle After Another (2025),424,,83755,83889,3493.281,3498.87,5.589
One Battle After Another (2025),425,,83890,84502,3498.912,3524.438,25.526
One Battle After Another (2025),426,,84503,84641,3524.479,3530.235,5.756
One Battle After Another (2025),427,,84650,84757,3530.61,3535.073,4.463
One Battle After Another (2025),428,,84758,84946,3535.115,3542.956,7.841
One Battle After Another (2025),429,,84947,85126,3542.998,3550.464,7.466
One Battle After Another (2025),430,,85127,85231,3550.505,3554.843,4.338
One Battle After Another (2025),431,,85232,85320,3554.885,3558.555,3.67
One Battle After Another (2025),432,,85321,85411,3558.597,3562.35,3.753
One Battle After Another (2025),433,,85412,86765,3562.392,3618.823,56.431
One Battle After Another (2025),434,,86766,87135,3618.865,3634.256,15.391
One Battle After Another (2025),435,,87136,87641,3634.297,3655.36,21.063
One Battle After Another (2025),436,,87642,87903,3655.402,3666.288,10.886
One Battle After Another (2025),437,,87904,88611,3666.329,3695.817,29.488
One Battle After Another (2025),438,,88612,88877,3695.859,3706.911,11.052
One Battle After Another (2025),439,,88878,89575,3706.953,3736.024,29.071
One Battle After Another (2025),440,,89576,89733,3736.066,3742.614,6.548
One Battle After Another (2025),441,,89734,89846,3742.656,3747.327,4.671
One Battle After Another (2025),442,,89847,90408,3747.369,3770.767,23.398
One Battle After Another (2025),443,,90409,90648,3770.809,3780.777,9.968
One Battle After Another (2025),444,,90649,90881,3780.819,3790.495,9.676
One Battle After Another (2025),445,,90882,91271,3790.537,3806.761,16.224
One Battle After Another (2025),446,,91272,91376,3806.803,3811.141,4.338
One Battle After Another (2025),447,,91377,91641,3811.182,3822.193,11.011
One Battle After Another (2025),448,,91642,91893,3822.235,3832.704,10.469
One Battle After Another (2025),449,,91894,92047,3832.746,3839.127,6.381
One Battle After Another (2025),450,,92049,92051,3839.21,3839.294,0.084
One Battle After Another (2025),451,,92053,92070,3839.377,3840.086,0.709
One Battle After Another (2025),452,,92073,92348,3840.211,3851.681,11.47
One Battle After Another (2025),453,,92350,92423,3851.765,3854.809,3.044
One Battle After Another (2025),454,,92424,92641,3854.851,3863.902,9.051
One Battle After Another (2025),455,,92642,92830,3863.943,3871.785,7.842
One Battle After Another (2025),456,,92831,92984,3871.826,3878.208,6.382
One Battle After Another (2025),457,,92985,93150,3878.249,3885.131,6.882
One Battle After Another (2025),458,,93151,93249,3885.173,3889.26,4.087
One Battle After Another (2025),459,,93250,93618,3889.302,3904.651,15.349
One Battle After Another (2025),460,,93619,93900,3904.692,3916.412,11.72
One Battle After Another (2025),461,,93901,94037,3916.454,3922.126,5.672
One Battle After Another (2025),462,,94038,94102,3922.168,3924.838,2.67
One Battle After Another (2025),463,,94103,94440,3924.879,3938.935,14.056
One Battle After Another (2025),464,,94441,94723,3938.977,3950.738,11.761
One Battle After Another (2025),465,,94724,94832,3950.78,3955.285,4.505
One Battle After Another (2025),466,,94833,94921,3955.326,3958.997,3.671
One Battle After Another (2025),467,,94922,95170,3959.038,3969.382,10.344
One Battle After Another (2025),468,,95171,95429,3969.424,3980.184,10.76
One Battle After Another (2025),469,,95430,95910,3980.226,4000.246,20.02
One Battle After Another (2025),470,,95911,97356,4000.288,4060.556,60.268
One Battle After Another (2025),471,,97357,98167,4060.598,4094.382,33.784
One Battle After Another (2025),472,,98168,98314,4094.424,4100.513,6.089
One Battle After Another (2025),473,,98315,98358,4100.555,4102.348,1.793
One Battle After Another (2025),474,,98359,98541,4102.39,4109.981,7.591
One Battle After Another (2025),475,,98542,98626,4110.023,4113.526,3.503
One Battle After Another (2025),476,,98627,98738,4113.568,4118.197,4.629
One Battle After Another (2025),477,,98739,98907,4118.239,4125.246,7.007
One Battle After Another (2025),478,,98908,99231,4125.288,4138.76,13.472
One Battle After Another (2025),479,,99232,99763,4138.801,4160.948,22.147
One Battle After Another (2025),480,,99764,100081,4160.99,4174.212,13.222
One Battle After Another (2025),481,,100082,100430,4174.253,4188.768,14.515
One Battle After Another (2025),482,,100431,100533,4188.81,4193.064,4.254
One Battle After Another (2025),483,,100534,100686,4193.106,4199.445,6.339
One Battle After Another (2025),484,,100687,101458,4199.487,4231.644,32.157
One Battle After Another (2025),485,,101459,102115,4231.686,4259.046,27.36
One Battle After Another (2025),486,,102116,102741,4259.088,4285.156,26.068
One Battle After Another (2025),487,,102742,103106,4285.198,4300.379,15.181
One Battle After Another (2025),488,,103107,103248,4300.421,4306.302,5.881
One Battle After Another (2025),489,,103249,103435,4306.344,4314.101,7.757
One Battle After Another (2025),490,,103436,103507,4314.143,4317.104,2.961
One Battle After Another (2025),491,,103508,103569,4317.146,4319.69,2.544
One Battle After Another (2025),492,,103570,103660,4319.732,4323.486,3.754
One Battle After Another (2025),493,,103661,103723,4323.527,4326.113,2.586
One Battle After Another (2025),494,,103724,103760,4326.155,4327.657,1.502
One Battle After Another (2025),495,,103761,103797,4327.698,4329.2,1.502
One Battle After Another (2025),496,,103798,103858,4329.242,4331.744,2.502
One Battle After Another (2025),497,,103859,103915,4331.786,4334.121,2.335
One Battle After Another (2025),498,,103916,104001,4334.163,4337.708,3.545
One Battle After Another (2025),499,,104002,104056,4337.75,4340.002,2.252
One Battle After Another (2025),500,,104057,104123,4340.044,4342.797,2.753
One Battle After Another (2025),501,,104124,104164,4342.838,4344.507,1.669
One Battle After Another (2025),502,,104165,104336,4344.548,4351.681,7.133
One Battle After Another (2025),503,,104337,104401,4351.722,4354.392,2.67
One Battle After Another (2025),504,,104402,104455,4354.433,4356.644,2.211
One Battle After Another (2025),505,,104456,104571,4356.686,4361.482,4.796
One Battle After Another (2025),506,,104572,104677,4361.524,4365.903,4.379
One Battle After Another (2025),507,,104678,104749,4365.945,4368.906,2.961
One Battle After Another (2025),508,,104750,104875,4368.948,4374.161,5.213
One Battle After Another (2025),509,,104879,104890,4374.328,4374.787,0.459
One Battle After Another (2025),510,,104892,105151,4374.87,4385.673,10.803
One Battle After Another (2025),511,,105152,105674,4385.715,4407.486,21.771
One Battle After Another (2025),512,,105676,105980,4407.57,4420.249,12.679
One Battle After Another (2025),513,,105981,106231,4420.291,4430.718,10.427
One Battle After Another (2025),514,,106232,106899,4430.76,4458.579,27.819
One Battle After Another (2025),515,,106900,107064,4458.621,4465.461,6.84
One Battle After Another (2025),516,,107065,107318,4465.503,4476.055,10.552
One Battle After Another (2025),517,,107319,107322,4476.097,4476.222,0.125
One Battle After Another (2025),518,,107325,107375,4476.347,4478.432,2.085
One Battle After Another (2025),519,,107376,107518,4478.474,4484.397,5.923
One Battle After Another (2025),520,,107519,107672,4484.438,4490.82,6.382
One Battle After Another (2025),521,,107674,107687,4490.903,4491.445,0.542
One Battle After Another (2025),522,,107688,107690,4491.487,4491.57,0.083
One Battle After Another (2025),523,,107695,107706,4491.779,4492.238,0.459
One Battle After Another (2025),524,,107707,108261,4492.279,4515.386,23.107
One Battle After Another (2025),525,,108262,108263,4515.428,4515.469,0.041
One Battle After Another (2025),526,,108266,108269,4515.594,4515.719,0.125
One Battle After Another (2025),527,,108271,108366,4515.803,4519.765,3.962
One Battle After Another (2025),528,,108367,108794,4519.807,4537.616,17.809
One Battle After Another (2025),529,,108795,108831,4537.658,4539.16,1.502
One Battle After Another (2025),530,,108832,109272,4539.201,4557.553,18.352
One Battle After Another (2025),531,,109273,109451,4557.595,4565.019,7.424
One Battle After Another (2025),532,,109452,109523,4565.06,4568.022,2.962
One Battle After Another (2025),533,,109524,110661,4568.063,4615.486,47.423
One Battle After Another (2025),534,,110662,111608,4615.528,4654.984,39.456
One Battle After Another (2025),535,,111609,113493,4655.025,4733.604,78.579
One Battle After Another (2025),536,,113494,113621,4733.646,4738.942,5.296
One Battle After Another (2025),537,,113622,113771,4738.984,4745.199,6.215
One Battle After Another (2025),538,,113772,113879,4745.24,4749.703,4.463
One Battle After Another (2025),539,,113880,113937,4749.745,4752.122,2.377
One Battle After Another (2025),540,,113938,114048,4752.164,4756.752,4.588
One Battle After Another (2025),541,,114049,114830,4756.794,4789.368,32.574
One Battle After Another (2025),542,,114831,114930,4789.41,4793.539,4.129
One Battle After Another (2025),543,,114931,115005,4793.58,4796.667,3.087
One Battle After Another (2025),544,,115006,115125,4796.709,4801.672,4.963
One Battle After Another (2025),545,,115126,115208,4801.714,4805.134,3.42
One Battle After Another (2025),546,,115209,115256,4805.175,4807.136,1.961
One Battle After Another (2025),547,,115257,115316,4807.177,4809.638,2.461
One Battle After Another (2025),548,,115317,115372,4809.68,4811.974,2.294
One Battle After Another (2025),549,,115373,115564,4812.015,4819.982,7.967
One Battle After Another (2025),550,,115565,115699,4820.023,4825.612,5.589
One Battle After Another (2025),551,,115700,115822,4825.654,4830.743,5.089
One Battle After Another (2025),552,,115823,115957,4830.784,4836.373,5.589
One Battle After Another (2025),553,,115958,116087,4836.415,4841.795,5.38
One Battle After Another (2025),554,,116088,116201,4841.837,4846.55,4.713
One Battle After Another (2025),555,,116202,116313,4846.592,4851.221,4.629
One Battle After Another (2025),556,,116314,116346,4851.263,4852.598,1.335
One Battle After Another (2025),557,,116347,116399,4852.639,4854.808,2.169
One Battle After Another (2025),558,,116400,116648,4854.85,4865.194,10.344
One Battle After Another (2025),559,,116649,117417,4865.235,4897.267,32.032
One Battle After Another (2025),560,,117418,117676,4897.309,4908.07,10.761
One Battle After Another (2025),561,,117677,117976,4908.111,4920.582,12.471
One Battle After Another (2025),562,,117977,118065,4920.624,4924.294,3.67
One Battle After Another (2025),563,,118066,118169,4924.336,4928.632,4.296
One Battle After Another (2025),564,,118170,118273,4928.674,4932.97,4.296
One Battle After Another (2025),565,,118274,118560,4933.011,4944.94,11.929
One Battle After Another (2025),566,,118561,118720,4944.982,4951.613,6.631
One Battle After Another (2025),567,,118721,118809,4951.655,4955.325,3.67
One Battle After Another (2025),568,,118810,119042,4955.367,4965.043,9.676
One Battle After Another (2025),569,,119043,119154,4965.085,4969.715,4.63
One Battle After Another (2025),570,,119155,119529,4969.756,4985.355,15.599
One Battle After Another (2025),571,,119530,119671,4985.397,4991.278,5.881
One Battle After Another (2025),572,,119672,119746,4991.32,4994.406,3.086
One Battle After Another (2025),573,,119747,119794,4994.448,4996.408,1.96
One Battle After Another (2025),574,,119795,119880,4996.45,4999.995,3.545
One Battle After Another (2025),575,,119881,120274,5000.037,5016.428,16.391
One Battle After Another (2025),576,,120275,120338,5016.47,5019.097,2.627
One Battle After Another (2025),577,,120339,120366,5019.139,5020.265,1.126
One Battle After Another (2025),578,,120367,120394,5020.307,5021.433,1.126
One Battle After Another (2025),579,,120395,120475,5021.475,5024.811,3.336
One Battle After Another (2025),580,,120476,120719,5024.853,5034.988,10.135
One Battle After Another (2025),581,,120720,120840,5035.03,5040.035,5.005
One Battle After Another (2025),582,,120841,121008,5040.077,5047.042,6.965
One Battle After Another (2025),583,,121009,121376,5047.084,5062.391,15.307
One Battle After Another (2025),584,,121377,121627,5062.432,5072.859,10.427
One Battle After Another (2025),585,,121628,121720,5072.901,5076.738,3.837
One Battle After Another (2025),586,,121721,121868,5076.78,5082.911,6.131
One Battle After Another (2025),587,,121869,121973,5082.953,5087.29,4.337
One Battle After Another (2025),588,,121974,122094,5087.332,5092.337,5.005
One Battle After Another (2025),589,,122095,122239,5092.379,5098.385,6.006
One Battle After Another (2025),590,,122240,122485,5098.427,5108.645,10.218
One Battle After Another (2025),591,,122486,122516,5108.687,5109.938,1.251
One Battle After Another (2025),592,,122517,122551,5109.98,5111.398,1.418
One Battle After Another (2025),593,,122552,122656,5111.44,5115.777,4.337
One Battle After Another (2025),594,,122657,122903,5115.819,5126.079,10.26
One Battle After Another (2025),595,,122904,122956,5126.121,5128.29,2.169
One Battle After Another (2025),596,,122957,123067,5128.331,5132.919,4.588
One Battle After Another (2025),597,,123068,123331,5132.961,5143.93,10.969
One Battle After Another (2025),598,,123332,123459,5143.972,5149.269,5.297
One Battle After Another (2025),599,,123460,123580,5149.311,5154.316,5.005
One Battle After Another (2025),600,,123581,123704,5154.357,5159.488,5.131
One Battle After Another (2025),601,,123705,125033,5159.529,5214.918,55.389
One Battle After Another (2025),602,,125034,125316,5214.96,5226.721,11.761
One Battle After Another (2025),603,,125317,125417,5226.763,5230.934,4.171
One Battle After Another (2025),604,,125418,125470,5230.976,5233.145,2.169
One Battle After Another (2025),605,,125471,125552,5233.186,5236.565,3.379
One Battle After Another (2025),606,,125553,125673,5236.606,5241.611,5.005
One Battle After Another (2025),607,,125674,125879,5241.653,5250.203,8.55
One Battle After Another (2025),608,,125880,125928,5250.245,5252.247,2.002
One Battle After Another (2025),609,,125929,126004,5252.289,5255.417,3.128
One Battle After Another (2025),610,,126005,126036,5255.458,5256.751,1.293
One Battle After Another (2025),611,,126037,126093,5256.793,5259.129,2.336
One Battle After Another (2025),612,,126094,126145,5259.171,5261.298,2.127
One Battle After Another (2025),613,,126146,126186,5261.339,5263.008,1.669
One Battle After Another (2025),614,,126187,126223,5263.049,5264.551,1.502
One Battle After Another (2025),615,,126224,126271,5264.593,5266.553,1.96
One Battle After Another (2025),616,,126272,126329,5266.595,5268.972,2.377
One Battle After Another (2025),617,,126330,126486,5269.014,5275.52,6.506
One Battle After Another (2025),618,,126487,126645,5275.562,5282.152,6.59
One Battle After Another (2025),619,,126646,126712,5282.194,5284.946,2.752
One Battle After Another (2025),620,,126713,127312,5284.988,5309.971,24.983
One Battle After Another (2025),621,,127313,127403,5310.013,5313.767,3.754
One Battle After Another (2025),622,,127404,127465,5313.808,5316.353,2.545
One Battle After Another (2025),623,,127468,127540,5316.478,5319.481,3.003
One Battle After Another (2025),624,,127541,127624,5319.522,5322.984,3.462
One Battle After Another (2025),625,,127625,127737,5323.026,5327.697,4.671
One Battle After Another (2025),626,,127738,127800,5327.739,5330.325,2.586
One Battle After Another (2025),627,,127801,127913,5330.367,5335.038,4.671
One Battle After Another (2025),628,,127914,128211,5335.08,5347.467,12.387
One Battle After Another (2025),629,,128212,128687,5347.509,5367.32,19.811
One Battle After Another (2025),630,,128688,129000,5367.362,5380.375,13.013
One Battle After Another (2025),631,,129001,129269,5380.417,5391.594,11.177
One Battle After Another (2025),632,,129270,129926,5391.636,5418.997,27.361
One Battle After Another (2025),633,,129927,130729,5419.039,5452.489,33.45
One Battle After Another (2025),634,,130730,131170,5452.53,5470.882,18.352
One Battle After Another (2025),635,,131171,132271,5470.924,5516.803,45.879
One Battle After Another (2025),636,,132272,133592,5516.845,5571.9,55.055
One Battle After Another (2025),637,,133593,133774,5571.941,5579.491,7.55
One Battle After Another (2025),638,,133775,134543,5579.532,5611.564,32.032
One Battle After Another (2025),639,,134544,134636,5611.606,5615.443,3.837
One Battle After Another (2025),640,,134637,134932,5615.485,5627.789,12.304
One Battle After Another (2025),641,,134933,135042,5627.83,5632.377,4.547
One Battle After Another (2025),642,,135043,135176,5632.418,5637.966,5.548
One Battle After Another (2025),643,,135177,135298,5638.007,5643.054,5.047
One Battle After Another (2025),644,,135299,135538,5643.096,5653.064,9.968
One Battle After Another (2025),645,,135539,135754,5653.106,5662.073,8.967
One Battle After Another (2025),646,,135755,135958,5662.115,5670.582,8.467
One Battle After Another (2025),647,,135959,136742,5670.623,5703.281,32.658
One Battle After Another (2025),648,,136743,136914,5703.323,5710.455,7.132
One Battle After Another (2025),649,,136915,137263,5710.496,5725.011,14.515
One Battle After Another (2025),650,,137264,137542,5725.053,5736.648,11.595
One Battle After Another (2025),651,,137543,138334,5736.689,5769.681,32.992
One Battle After Another (2025),652,,138335,138843,5769.722,5790.91,21.188
One Battle After Another (2025),653,,138844,139007,5790.952,5797.75,6.798
One Battle After Another (2025),654,,139008,139111,5797.792,5802.088,4.296
One Battle After Another (2025),655,,139112,139279,5802.13,5809.095,6.965
One Battle After Another (2025),656,,139280,140265,5809.137,5850.219,41.082
One Battle After Another (2025),657,,140266,140587,5850.261,5863.649,13.388
One Battle After Another (2025),658,,140588,141119,5863.691,5885.838,22.147
One Battle After Another (2025),659,,141120,141315,5885.88,5894.013,8.133
One Battle After Another (2025),660,,141316,141509,5894.055,5902.104,8.049
One Battle After Another (2025),661,,141510,142089,5902.146,5926.295,24.149
One Battle After Another (2025),662,,142090,142944,5926.337,5961.956,35.619
One Battle After Another (2025),663,,142945,143107,5961.998,5968.754,6.756
One Battle After Another (2025),664,,143108,143170,5968.796,5971.382,2.586
One Battle After Another (2025),665,,143171,143263,5971.424,5975.261,3.837
One Battle After Another (2025),666,,143264,143389,5975.303,5980.516,5.213
One Battle After Another (2025),667,,143390,143605,5980.558,5989.525,8.967
One Battle After Another (2025),668,,143606,144023,5989.567,6006.959,17.392
One Battle After Another (2025),669,,144024,144121,6007.001,6011.047,4.046
One Battle After Another (2025),670,,144122,144431,6011.088,6023.976,12.888
One Battle After Another (2025),671,,144432,144582,6024.018,6030.274,6.256
One Battle After Another (2025),672,,144583,144765,6030.316,6037.907,7.591
One Battle After Another (2025),673,,144766,145277,6037.949,6059.261,21.312
One Battle After Another (2025),674,,145278,145384,6059.303,6063.724,4.421
One Battle After Another (2025),675,,145385,145440,6063.766,6066.06,2.294
One Battle After Another (2025),676,,145441,145532,6066.102,6069.897,3.795
One Battle After Another (2025),677,,145533,145627,6069.939,6073.859,3.92
One Battle After Another (2025),678,,145628,145719,6073.901,6077.697,3.796
One Battle After Another (2025),679,,145720,145916,6077.738,6085.913,8.175
One Battle After Another (2025),680,,145917,146109,6085.955,6093.963,8.008
One Battle After Another (2025),681,,146110,146182,6094.005,6097.008,3.003
One Battle After Another (2025),682,,146183,146392,6097.049,6105.766,8.717
One Battle After Another (2025),683,,146393,146491,6105.808,6109.895,4.087
One Battle After Another (2025),684,,146492,146564,6109.937,6112.94,3.003
One Battle After Another (2025),685,,146565,146788,6112.982,6122.283,9.301
One Battle After Another (2025),686,,146789,146951,6122.324,6129.081,6.757
One Battle After Another (2025),687,,146952,147204,6129.123,6139.633,10.51
One Battle After Another (2025),688,,147205,147356,6139.675,6145.973,6.298
One Battle After Another (2025),689,,147357,147488,6146.015,6151.479,5.464
One Battle After Another (2025),690,,147489,148352,6151.52,6187.515,35.995
One Battle After Another (2025),691,,148353,148658,6187.556,6200.277,12.721
One Battle After Another (2025),692,,148659,148819,6200.319,6206.992,6.673
One Battle After Another (2025),693,,148820,149010,6207.034,6214.959,7.925
One Battle After Another (2025),694,,149011,149200,6215,6222.883,7.883
One Battle After Another (2025),695,,149201,149293,6222.925,6226.762,3.837
One Battle After Another (2025),696,,149294,149416,6226.804,6231.892,5.088
One Battle After Another (2025),697,,149417,149484,6231.934,6234.728,2.794
One Battle After Another (2025),698,,149485,149710,6234.77,6244.155,9.385
One Battle After Another (2025),699,,149711,149830,6244.196,6249.16,4.964
One Battle After Another (2025),700,,149831,150035,6249.201,6257.71,8.509
One Battle After Another (2025),701,,150036,150373,6257.751,6271.807,14.056
One Battle After Another (2025),702,,150374,150789,6271.849,6289.158,17.309
One Battle After Another (2025),703,,150790,151940,6289.2,6337.164,47.964
One Battle After Another (2025),704,,151941,153648,6337.206,6408.402,71.196
One Battle After Another (2025),705,,153649,153888,6408.444,6418.412,9.968
One Battle After Another (2025),706,,153889,154015,6418.454,6423.709,5.255
One Battle After Another (2025),707,,154016,154055,6423.751,6425.377,1.626
One Battle After Another (2025),708,,154064,154146,6425.753,6429.173,3.42
One Battle After Another (2025),709,,154147,154358,6429.214,6438.015,8.801
One Battle After Another (2025),710,,154359,154622,6438.057,6449.026,10.969
One Battle After Another (2025),711,,154623,154689,6449.068,6451.82,2.752
One Battle After Another (2025),712,,154690,154878,6451.862,6459.703,7.841
One Battle After Another (2025),713,,154879,154965,6459.745,6463.332,3.587
One Battle After Another (2025),714,,154966,155354,6463.374,6479.556,16.182
One Battle After Another (2025),715,,155355,155674,6479.598,6492.903,13.305
One Battle After Another (2025),716,,155675,156269,6492.945,6517.719,24.774
One Battle After Another (2025),717,,156270,156481,6517.761,6526.562,8.801
One Battle After Another (2025),718,,156482,156556,6526.603,6529.69,3.087
One Battle After Another (2025),719,,156557,156614,6529.731,6532.109,2.378
One Battle After Another (2025),720,,156615,156751,6532.151,6537.823,5.672
One Battle After Another (2025),721,,156752,156783,6537.865,6539.158,1.293
One Battle After Another (2025),722,,156784,156913,6539.199,6544.58,5.381
One Battle After Another (2025),723,,156914,156953,6544.621,6546.248,1.627
One Battle After Another (2025),724,,156954,156994,6546.29,6547.958,1.668
One Battle After Another (2025),725,,156995,157055,6548,6550.502,2.502
One Battle After Another (2025),726,,157056,157119,6550.544,6553.172,2.628
One Battle After Another (2025),727,,157120,157147,6553.213,6554.339,1.126
One Battle After Another (2025),728,,157148,157272,6554.381,6559.553,5.172
One Battle After Another (2025),729,,157273,157374,6559.595,6563.807,4.212
One Battle After Another (2025),730,,157375,157464,6563.849,6567.561,3.712
One Battle After Another (2025),731,,157465,157520,6567.603,6569.897,2.294
One Battle After Another (2025),732,,157521,157565,6569.938,6571.773,1.835
One Battle After Another (2025),733,,157566,157655,6571.815,6575.527,3.712
One Battle After Another (2025),734,,157656,157771,6575.569,6580.365,4.796
One Battle After Another (2025),735,,157772,157957,6580.407,6588.123,7.716
One Battle After Another (2025),736,,157958,158145,6588.165,6595.964,7.799
One Battle After Another (2025),737,,158146,158243,6596.006,6600.052,4.046
One Battle After Another (2025),738,,158244,158317,6600.093,6603.138,3.045
One Battle After Another (2025),739,,158318,158414,6603.18,6607.184,4.004
One Battle After Another (2025),740,,158415,158457,6607.226,6608.977,1.751
One Battle After Another (2025),741,,158458,158543,6609.019,6612.564,3.545
One Battle After Another (2025),742,,158544,158666,6612.606,6617.694,5.088
One Battle After Another (2025),743,,158667,158770,6617.736,6622.032,4.296
One Battle After Another (2025),744,,158771,158898,6622.074,6627.371,5.297
One Battle After Another (2025),745,,158899,159218,6627.412,6640.717,13.305
One Battle After Another (2025),746,,159219,159741,6640.759,6662.531,21.772
One Battle After Another (2025),747,,159742,160069,6662.572,6676.211,13.639
One Battle After Another (2025),748,,160070,160215,6676.253,6682.301,6.048
One Battle After Another (2025),749,,160216,160349,6682.342,6687.889,5.547
One Battle After Another (2025),750,,160350,160550,6687.931,6696.273,8.342
One Battle After Another (2025),751,,160551,160673,6696.315,6701.403,5.088
One Battle After Another (2025),752,,160674,160751,6701.445,6704.656,3.211
One Battle After Another (2025),753,,160752,160855,6704.698,6708.994,4.296
One Battle After Another (2025),754,,160856,160969,6709.036,6713.749,4.713
One Battle After Another (2025),755,,160970,161125,6713.79,6720.255,6.465
One Battle After Another (2025),756,,161126,161195,6720.297,6723.175,2.878
One Battle After Another (2025),757,,161196,161257,6723.216,6725.761,2.545
One Battle After Another (2025),758,,161258,161390,6725.802,6731.308,5.506
One Battle After Another (2025),759,,161391,161558,6731.35,6738.315,6.965
One Battle After Another (2025),760,,161559,161646,6738.357,6741.985,3.628
One Battle After Another (2025),761,,161647,161703,6742.027,6744.363,2.336
One Battle After Another (2025),762,,161704,161802,6744.404,6748.492,4.088
One Battle After Another (2025),763,,161803,161950,6748.533,6754.664,6.131
One Battle After Another (2025),764,,161951,162263,6754.706,6767.719,13.013
One Battle After Another (2025),765,,162264,162427,6767.761,6774.559,6.798
One Battle After Another (2025),766,,162428,162607,6774.601,6782.067,7.466
One Battle After Another (2025),767,,162608,162794,6782.109,6789.866,7.757
One Battle After Another (2025),768,,162795,163035,6789.908,6799.918,10.01
One Battle After Another (2025),769,,163036,163249,6799.96,6808.844,8.884
One Battle After Another (2025),770,,163250,163766,6808.885,6830.407,21.522
One Battle After Another (2025),771,,163767,164079,6830.449,6843.462,13.013
One Battle After Another (2025),772,,164080,164175,6843.503,6847.466,3.963
One Battle After Another (2025),773,,164176,164370,6847.507,6855.599,8.092
One Battle After Another (2025),774,,164371,164590,6855.64,6864.774,9.134
One Battle After Another (2025),775,,164591,164781,6864.816,6872.741,7.925
One Battle After Another (2025),776,,164782,164880,6872.782,6876.87,4.088
One Battle After Another (2025),777,,164881,165114,6876.912,6886.63,9.718
One Battle After Another (2025),778,,165115,165299,6886.671,6894.346,7.675
One Battle After Another (2025),779,,165300,165461,6894.387,6901.102,6.715
One Battle After Another (2025),780,,165462,165668,6901.144,6909.736,8.592
One Battle After Another (2025),781,,165669,165896,6909.778,6919.246,9.468
One Battle After Another (2025),782,,165897,165931,6919.287,6920.705,1.418
One Battle After Another (2025),783,,165933,166242,6920.789,6933.677,12.888
One Battle After Another (2025),784,,166243,166265,6933.718,6934.636,0.918
One Battle After Another (2025),785,,166266,166354,6934.678,6938.348,3.67
One Battle After Another (2025),786,,166356,166364,6938.431,6938.765,0.334
One Battle After Another (2025),787,,166365,166395,6938.807,6940.058,1.251
One Battle After Another (2025),788,,166397,166404,6940.141,6940.433,0.292
One Battle After Another (2025),789,,166406,166551,6940.517,6946.565,6.048
One Battle After Another (2025),790,,166552,166641,6946.606,6950.318,3.712
One Battle After Another (2025),791,,166643,167007,6950.402,6965.584,15.182
One Battle After Another (2025),792,,167008,167285,6965.625,6977.178,11.553
One Battle After Another (2025),793,,167286,167494,6977.22,6985.895,8.675
One Battle After Another (2025),794,,167495,167630,6985.937,6991.568,5.631
One Battle After Another (2025),795,,167631,167684,6991.61,6993.82,2.21
One Battle After Another (2025),796,,167685,167738,6993.862,6996.072,2.21
One Battle After Another (2025),797,,167739,167800,6996.114,6998.658,2.544
One Battle After Another (2025),798,,167801,167931,6998.7,7004.122,5.422
One Battle After Another (2025),799,,167932,168062,7004.164,7009.586,5.422
One Battle After Another (2025),800,,168063,168224,7009.628,7016.343,6.715
One Battle After Another (2025),801,,168225,168454,7016.384,7025.935,9.551
One Battle After Another (2025),802,,168455,168686,7025.977,7035.612,9.635
One Battle After Another (2025),803,,168687,168825,7035.654,7041.409,5.755
One Battle After Another (2025),804,,168826,169013,7041.451,7049.25,7.799
One Battle After Another (2025),805,,169014,169043,7049.292,7050.502,1.21
One Battle After Another (2025),806,,169044,169092,7050.543,7052.545,2.002
One Battle After Another (2025),807,,169093,169094,7052.587,7052.629,0.042
One Battle After Another (2025),808,,169095,169129,7052.671,7054.089,1.418
One Battle After Another (2025),809,,169130,169211,7054.13,7057.509,3.379
One Battle After Another (2025),810,,169212,169278,7057.55,7060.303,2.753
One Battle After Another (2025),811,,169279,169405,7060.345,7065.6,5.255
One Battle After Another (2025),812,,169406,169463,7065.642,7068.019,2.377
One Battle After Another (2025),813,,169464,169506,7068.061,7069.813,1.752
One Battle After Another (2025),814,,169507,169552,7069.854,7071.731,1.877
One Battle After Another (2025),815,,169553,169583,7071.773,7073.024,1.251
One Battle After Another (2025),816,,169584,169699,7073.066,7077.862,4.796
One Battle After Another (2025),817,,169700,169875,7077.904,7085.203,7.299
One Battle After Another (2025),818,,169876,170029,7085.245,7091.626,6.381
One Battle After Another (2025),819,,170030,170096,7091.668,7094.421,2.753
One Battle After Another (2025),820,,170097,170195,7094.462,7098.55,4.088
One Battle After Another (2025),821,,170196,170273,7098.591,7101.803,3.212
One Battle After Another (2025),822,,170274,170503,7101.845,7111.396,9.551
One Battle After Another (2025),823,,170504,170639,7111.438,7117.068,5.63
One Battle After Another (2025),824,,170640,170726,7117.11,7120.697,3.587
One Battle After Another (2025),825,,170727,171012,7120.739,7132.625,11.886
One Battle After Another (2025),826,,171013,171338,7132.667,7146.222,13.555
One Battle After Another (2025),827,,171339,171583,7146.264,7156.441,10.177
One Battle After Another (2025),828,,171584,171692,7156.483,7160.987,4.504
One Battle After Another (2025),829,,171693,171843,7161.029,7167.285,6.256
One Battle After Another (2025),830,,171844,172166,7167.327,7180.757,13.43
One Battle After Another (2025),831,,172167,172681,7180.799,7202.237,21.438
One Battle After Another (2025),832,,172682,172793,7202.278,7206.908,4.63
One Battle After Another (2025),833,,172794,172977,7206.95,7214.582,7.632
One Battle After Another (2025),834,,172978,173021,7214.624,7216.417,1.793
One Battle After Another (2025),835,,173022,173160,7216.459,7222.215,5.756
One Battle After Another (2025),836,,173161,173222,7222.257,7224.801,2.544
One Battle After Another (2025),837,,173223,173268,7224.843,7226.719,1.876
One Battle After Another (2025),838,,173269,173327,7226.761,7229.18,2.419
One Battle After Another (2025),839,,173328,173365,7229.222,7230.765,1.543
One Battle After Another (2025),840,,173366,173469,7230.807,7235.103,4.296
One Battle After Another (2025),841,,173470,173495,7235.144,7236.187,1.043
One Battle After Another (2025),842,,173496,173582,7236.229,7239.816,3.587
One Battle After Another (2025),843,,173583,173602,7239.858,7240.65,0.792
One Battle After Another (2025),844,,173603,173653,7240.692,7242.777,2.085
One Battle After Another (2025),845,,173654,173715,7242.819,7245.363,2.544
One Battle After Another (2025),846,,173716,173773,7245.405,7247.782,2.377
One Battle After Another (2025),847,,173774,173802,7247.824,7248.992,1.168
One Battle After Another (2025),848,,173803,173899,7249.033,7253.037,4.004
One Battle After Another (2025),849,,173900,173950,7253.079,7255.164,2.085
One Battle After Another (2025),850,,173951,174025,7255.206,7258.293,3.087
One Battle After Another (2025),851,,174026,174140,7258.334,7263.089,4.755
One Battle After Another (2025),852,,174141,174303,7263.131,7269.888,6.757
One Battle After Another (2025),853,,174304,174375,7269.929,7272.891,2.962
One Battle After Another (2025),854,,174376,174433,7272.932,7275.31,2.378
One Battle After Another (2025),855,,174434,174527,7275.351,7279.23,3.879
One Battle After Another (2025),856,,174529,174559,7279.314,7280.565,1.251
One Battle After Another (2025),857,,174560,174710,7280.607,7286.863,6.256
One Battle After Another (2025),858,,174711,174851,7286.905,7292.744,5.839
One Battle After Another (2025),859,,174852,174899,7292.785,7294.746,1.961
One Battle After Another (2025),860,,174900,174976,7294.787,7297.957,3.17
One Battle After Another (2025),861,,174977,175088,7297.999,7302.629,4.63
One Battle After Another (2025),862,,175089,175168,7302.67,7305.965,3.295
One Battle After Another (2025),863,,175169,175229,7306.007,7308.509,2.502
One Battle After Another (2025),864,,175230,175369,7308.551,7314.349,5.798
One Battle After Another (2025),865,,175370,175404,7314.39,7315.808,1.418
One Battle After Another (2025),866,,175405,175420,7315.85,7316.476,0.626
One Battle After Another (2025),867,,175421,175472,7316.517,7318.645,2.128
One Battle After Another (2025),868,,175473,175617,7318.686,7324.692,6.006
One Battle After Another (2025),869,,175618,175699,7324.734,7328.112,3.378
One Battle After Another (2025),870,,175700,175767,7328.154,7330.949,2.795
One Battle After Another (2025),871,,175768,175867,7330.99,7335.119,4.129
One Battle After Another (2025),872,,175868,176090,7335.161,7344.42,9.259
One Battle After Another (2025),873,,176091,176425,7344.462,7358.393,13.931
One Battle After Another (2025),874,,176426,176578,7358.434,7364.774,6.34
One Battle After Another (2025),875,,176579,176949,7364.816,7380.248,15.432
One Battle After Another (2025),876,,176950,177054,7380.289,7384.627,4.338
One Battle After Another (2025),877,,177055,177132,7384.669,7387.88,3.211
One Battle After Another (2025),878,,177133,177607,7387.922,7407.692,19.77
One Battle After Another (2025),879,,177608,178236,7407.734,7433.926,26.192
One Battle After Another (2025),880,,178237,178546,7433.968,7446.856,12.888
One Battle After Another (2025),881,,178547,178674,7446.898,7452.195,5.297
One Battle After Another (2025),882,,178675,178821,7452.236,7458.326,6.09
One Battle After Another (2025),883,,178822,179120,7458.367,7470.797,12.43
One Battle After Another (2025),884,,179121,179284,7470.838,7477.637,6.799
One Battle After Another (2025),885,,179285,179453,7477.678,7484.685,7.007
One Battle After Another (2025),886,,179454,179543,7484.727,7488.439,3.712
One Battle After Another (2025),887,,179544,179798,7488.481,7499.075,10.594
One Battle After Another (2025),888,,179799,180176,7499.117,7514.841,15.724
One Battle After Another (2025),889,,180177,180371,7514.882,7522.974,8.092
One Battle After Another (2025),890,,180372,180481,7523.015,7527.562,4.547
One Battle After Another (2025),891,,180482,180869,7527.603,7543.744,16.141
One Battle After Another (2025),892,,180870,181017,7543.786,7549.917,6.131
One Battle After Another (2025),893,,181018,181020,7549.959,7550.042,0.083
One Battle After Another (2025),894,,181021,181044,7550.084,7551.043,0.959
One Battle After Another (2025),895,,181045,181358,7551.085,7564.14,13.055
One Battle After Another (2025),896,,181359,181426,7564.182,7566.976,2.794
One Battle After Another (2025),897,,181427,181638,7567.018,7575.818,8.8
One Battle After Another (2025),898,,181639,181737,7575.86,7579.947,4.087
One Battle After Another (2025),899,,181738,182063,7579.989,7593.544,13.555
One Battle After Another (2025),900,,182064,182279,7593.586,7602.553,8.967
One Battle After Another (2025),901,,182280,182330,7602.595,7604.68,2.085
One Battle After Another (2025),902,,182331,182438,7604.722,7609.185,4.463
One Battle After Another (2025),903,,182439,182560,7609.227,7614.273,5.046
One Battle After Another (2025),904,,182561,182784,7614.315,7623.616,9.301
One Battle After Another (2025),905,,182785,183656,7623.658,7659.986,36.328
One Battle After Another (2025),906,,183657,183742,7660.027,7663.572,3.545
One Battle After Another (2025),907,,183743,183811,7663.614,7666.45,2.836
One Battle After Another (2025),908,,183812,183902,7666.492,7670.246,3.754
One Battle After Another (2025),909,,183903,184033,7670.288,7675.71,5.422
One Battle After Another (2025),910,,184034,184127,7675.751,7679.63,3.879
One Battle After Another (2025),911,,184128,184197,7679.672,7682.55,2.878
One Battle After Another (2025),912,,184198,184264,7682.591,7685.344,2.753
One Battle After Another (2025),913,,184265,184343,7685.386,7688.639,3.253
One Battle After Another (2025),914,,184344,184464,7688.681,7693.686,5.005
One Battle After Another (2025),915,,184465,184557,7693.728,7697.565,3.837
One Battle After Another (2025),916,,184558,184678,7697.606,7702.611,5.005
One Battle After Another (2025),917,,184679,184883,7702.653,7711.162,8.509
One Battle After Another (2025),918,,184884,184948,7711.203,7713.873,2.67
One Battle After Another (2025),919,,184949,185113,7713.914,7720.755,6.841
One Battle After Another (2025),920,,185114,185150,7720.796,7722.298,1.502
One Battle After Another (2025),921,,185151,185164,7722.34,7722.882,0.542
One Battle After Another (2025),922,,185165,185242,7722.923,7726.135,3.212
One Battle After Another (2025),923,,185243,185255,7726.177,7726.677,0.5
One Battle After Another (2025),924,,185256,185282,7726.719,7727.803,1.084
One Battle After Another (2025),925,,185283,185306,7727.845,7728.804,0.959
One Battle After Another (2025),926,,185307,185695,7728.846,7745.029,16.183
One Battle After Another (2025),927,,185696,185816,7745.071,7750.076,5.005
One Battle After Another (2025),928,,185817,186049,7750.117,7759.794,9.677
One Battle After Another (2025),929,,186050,186678,7759.835,7786.028,26.193
One Battle After Another (2025),930,,186679,186790,7786.07,7790.699,4.629
One Battle After Another (2025),931,,186792,186798,7790.783,7791.033,0.25
One Battle After Another (2025),932,,186799,187118,7791.075,7804.38,13.305
One Battle After Another (2025),933,,187119,187413,7804.422,7816.684,12.262
One Battle After Another (2025),934,,187414,187631,7816.725,7825.776,9.051
One Battle After Another (2025),935,,187632,187726,7825.818,7829.738,3.92
One Battle After Another (2025),936,,187727,187872,7829.78,7835.828,6.048
One Battle After Another (2025),937,,187873,187925,7835.87,7838.038,2.168
One Battle After Another (2025),938,,187926,187964,7838.08,7839.665,1.585
One Battle After Another (2025),939,,187965,188086,7839.707,7844.753,5.046
One Battle After Another (2025),940,,188087,188275,7844.795,7852.636,7.841
One Battle After Another (2025),941,,188276,188426,7852.678,7858.934,6.256
One Battle After Another (2025),942,,188427,188638,7858.976,7867.776,8.8
One Battle After Another (2025),943,,188639,188779,7867.818,7873.657,5.839
One Battle After Another (2025),944,,188780,188980,7873.699,7882.041,8.342
One Battle After Another (2025),945,,188981,189096,7882.082,7886.879,4.797
One Battle After Another (2025),946,,189097,189171,7886.921,7890.007,3.086
One Battle After Another (2025),947,,189172,189333,7890.049,7896.764,6.715
One Battle After Another (2025),948,,189334,189512,7896.805,7904.23,7.425
One Battle After Another (2025),949,,189513,189629,7904.271,7909.109,4.838
One Battle After Another (2025),950,,189630,189817,7909.151,7916.951,7.8
One Battle After Another (2025),951,,189818,190253,7916.992,7935.135,18.143
One Battle After Another (2025),952,,190254,190359,7935.177,7939.557,4.38
One Battle After Another (2025),953,,190360,190520,7939.598,7946.272,6.674
One Battle After Another (2025),954,,190521,190664,7946.313,7952.278,5.965
One Battle After Another (2025),955,,190665,190730,7952.319,7955.03,2.711
One Battle After Another (2025),956,,190731,191057,7955.072,7968.669,13.597
One Battle After Another (2025),957,,191058,191255,7968.711,7976.927,8.216
One Battle After Another (2025),958,,191256,191358,7976.969,7981.223,4.254
One Battle After Another (2025),959,,191359,191440,7981.265,7984.643,3.378
One Battle After Another (2025),960,,191441,191451,7984.685,7985.102,0.417
One Battle After Another (2025),961,,191458,192126,7985.394,8013.255,27.861
One Battle After Another (2025),962,,192127,192252,8013.297,8018.51,5.213
One Battle After Another (2025),963,,192253,192402,8018.552,8024.767,6.215
One Battle After Another (2025),964,,192403,192490,8024.808,8028.437,3.629
One Battle After Another (2025),965,,192491,192544,8028.479,8030.689,2.21
One Battle After Another (2025),966,,192545,192846,8030.731,8043.285,12.554
One Battle After Another (2025),967,,192847,193135,8043.327,8055.339,12.012
One Battle After Another (2025),968,,193136,193787,8055.381,8082.533,27.152
One Battle After Another (2025),969,,193788,194118,8082.574,8096.338,13.764
One Battle After Another (2025),970,,194121,194186,8096.463,8099.174,2.711
One Battle After Another (2025),971,,194187,194542,8099.216,8114.022,14.806
One Battle After Another (2025),972,,194543,194803,8114.064,8124.908,10.844
One Battle After Another (2025),973,,194804,195456,8124.95,8152.144,27.194
One Battle After Another (2025),974,,195457,195725,8152.186,8163.363,11.177
One Battle After Another (2025),975,,195726,195941,8163.405,8172.372,8.967
One Battle After Another (2025),976,,195942,196048,8172.414,8176.835,4.421
One Battle After Another (2025),977,,196049,196195,8176.877,8182.966,6.089
One Battle After Another (2025),978,,196196,196270,8183.008,8186.094,3.086
One Battle After Another (2025),979,,196271,196327,8186.136,8188.472,2.336
One Battle After Another (2025),980,,196328,196381,8188.514,8190.724,2.21
One Battle After Another (2025),981,,196382,196516,8190.766,8196.355,5.589
One Battle After Another (2025),982,,196517,196568,8196.396,8198.524,2.128
One Battle After Another (2025),983,,196569,196647,8198.565,8201.819,3.254
One Battle After Another (2025),984,,196648,196697,8201.86,8203.904,2.044
One Battle After Another (2025),985,,196698,196764,8203.946,8206.698,2.752
One Battle After Another (2025),986,,196765,196829,8206.74,8209.409,2.669
One Battle After Another (2025),987,,196830,196892,8209.451,8212.037,2.586
One Battle After Another (2025),988,,196893,196981,8212.079,8215.749,3.67
One Battle After Another (2025),989,,196982,197076,8215.791,8219.711,3.92
One Battle After Another (2025),990,,197077,197131,8219.753,8222.005,2.252
One Battle After Another (2025),991,,197132,197265,8222.047,8227.594,5.547
One Battle After Another (2025),992,,197266,197320,8227.636,8229.888,2.252
One Battle After Another (2025),993,,197321,197377,8229.93,8232.266,2.336
One Battle After Another (2025),994,,197378,197425,8232.307,8234.268,1.961
One Battle After Another (2025),995,,197426,197588,8234.309,8241.066,6.757
One Battle After Another (2025),996,,197589,197648,8241.108,8243.569,2.461
One Battle After Another (2025),997,,197649,197897,8243.61,8253.954,10.344
One Battle After Another (2025),998,,197898,197937,8253.996,8255.622,1.626
One Battle After Another (2025),999,,197938,198021,8255.664,8259.126,3.462
One Battle After Another (2025),1000,,198022,198099,8259.167,8262.379,3.212
One Battle After Another (2025),1001,,198100,198166,8262.421,8265.173,2.752
One Battle After Another (2025),1002,,198167,198225,8265.215,8267.634,2.419
One Battle After Another (2025),1003,,198226,198316,8267.676,8271.43,3.754
One Battle After Another (2025),1004,,198317,198359,8271.471,8273.223,1.752
One Battle After Another (2025),1005,,198360,198516,8273.265,8279.771,6.506
One Battle After Another (2025),1006,,198517,198588,8279.813,8282.774,2.961
One Battle After Another (2025),1007,,198589,198693,8282.816,8287.154,4.338
One Battle After Another (2025),1008,,198694,199030,8287.195,8301.209,14.014
One Battle After Another (2025),1009,,199031,199104,8301.251,8304.296,3.045
One Battle After Another (2025),1010,,199105,199199,8304.338,8308.258,3.92
One Battle After Another (2025),1011,,199200,199419,8308.3,8317.434,9.134
One Battle After Another (2025),1012,,199420,199504,8317.476,8320.979,3.503
One Battle After Another (2025),1013,,199505,199571,8321.021,8323.774,2.753
One Battle After Another (2025),1014,,199572,199681,8323.815,8328.362,4.547
One Battle After Another (2025),1015,,199682,199828,8328.403,8334.493,6.09
One Battle After Another (2025),1016,,199829,199907,8334.534,8337.788,3.254
One Battle After Another (2025),1017,,199908,199981,8337.829,8340.874,3.045
One Battle After Another (2025),1018,,199982,200063,8340.916,8344.294,3.378
One Battle After Another (2025),1019,,200064,200170,8344.336,8348.757,4.421
One Battle After Another (2025),1020,,200171,200264,8348.799,8352.678,3.879
One Battle After Another (2025),1021,,200265,200324,8352.719,8355.18,2.461
One Battle After Another (2025),1022,,200325,200382,8355.222,8357.599,2.377
One Battle After Another (2025),1023,,200383,200431,8357.641,8359.643,2.002
One Battle After Another (2025),1024,,200432,200492,8359.685,8362.187,2.502
One Battle After Another (2025),1025,,200493,200506,8362.229,8362.771,0.542
One Battle After Another (2025),1026,,200507,200536,8362.813,8364.022,1.209
One Battle After Another (2025),1027,,200537,200587,8364.064,8366.149,2.085
One Battle After Another (2025),1028,,200588,200863,8366.191,8377.661,11.47
One Battle After Another (2025),1029,,200864,200916,8377.703,8379.871,2.168
One Battle After Another (2025),1030,,200917,200947,8379.913,8381.164,1.251
One Battle After Another (2025),1031,,200948,200997,8381.206,8383.25,2.044
One Battle After Another (2025),1032,,200998,201016,8383.291,8384.042,0.751
One Battle After Another (2025),1033,,201017,201023,8384.084,8384.334,0.25
One Battle After Another (2025),1034,,201024,201048,8384.376,8385.377,1.001
One Battle After Another (2025),1035,,201049,201091,8385.419,8387.17,1.751
One Battle After Another (2025),1036,,201092,201320,8387.212,8396.722,9.51
One Battle After Another (2025),1037,,201321,201366,8396.763,8398.64,1.877
One Battle After Another (2025),1038,,201367,201479,8398.682,8403.353,4.671
One Battle After Another (2025),1039,,201480,201651,8403.395,8410.527,7.132
One Battle After Another (2025),1040,,201654,201805,8410.652,8416.95,6.298
One Battle After Another (2025),1041,,201806,201835,8416.992,8418.201,1.209
One Battle After Another (2025),1042,,201836,201892,8418.243,8420.579,2.336
One Battle After Another (2025),1043,,201893,201953,8420.62,8423.123,2.503
One Battle After Another (2025),1044,,201954,202396,8423.165,8441.6,18.435
One Battle After Another (2025),1045,,202397,202755,8441.641,8456.573,14.932
One Battle After Another (2025),1046,,202756,202796,8456.615,8458.283,1.668
One Battle After Another (2025),1047,,202797,202835,8458.325,8459.91,1.585
One Battle After Another (2025),1048,,202836,202939,8459.951,8464.247,4.296
One Battle After Another (2025),1049,,202940,203055,8464.289,8469.086,4.797
One Battle After Another (2025),1050,,203056,203082,8469.127,8470.212,1.085
One Battle After Another (2025),1051,,203101,203156,8471.004,8473.298,2.294
One Battle After Another (2025),1052,,203157,203444,8473.34,8485.31,11.97
One Battle After Another (2025),1053,,203445,203552,8485.352,8489.815,4.463
One Battle After Another (2025),1054,,203553,203628,8489.856,8492.984,3.128
One Battle After Another (2025),1055,,203629,203740,8493.026,8497.656,4.63
One Battle After Another (2025),1056,,203741,203980,8497.697,8507.666,9.969
One Battle After Another (2025),1057,,203981,204029,8507.707,8509.709,2.002
One Battle After Another (2025),1058,,204030,204308,8509.751,8521.346,11.595
One Battle After Another (2025),1059,,204309,204418,8521.388,8525.934,4.546
One Battle After Another (2025),1060,,204419,204560,8525.976,8531.857,5.881
One Battle After Another (2025),1061,,204561,204661,8531.898,8536.069,4.171
One Battle After Another (2025),1062,,204662,205505,8536.111,8571.271,35.16
One Battle After Another (2025),1063,,205506,205822,8571.313,8584.492,13.179
One Battle After Another (2025),1064,,205823,207381,8584.534,8649.516,64.982
One Battle After Another (2025),1065,,207382,207929,8649.557,8672.372,22.815
One Battle After Another (2025),1066,,207930,208261,8672.414,8686.219,13.805
One Battle After Another (2025),1067,,208262,208886,8686.261,8712.287,26.026
One Battle After Another (2025),1068,,208887,208941,8712.329,8714.581,2.252
One Battle After Another (2025),1069,,208942,209038,8714.622,8718.626,4.004
One Battle After Another (2025),1070,,209039,209267,8718.668,8728.178,9.51
One Battle After Another (2025),1071,,209268,209464,8728.219,8736.394,8.175
One Battle After Another (2025),1072,,209465,209616,8736.436,8742.734,6.298
One Battle After Another (2025),1073,,209617,209909,8742.776,8754.954,12.178
One Battle After Another (2025),1074,,209910,210943,8754.996,8798.081,43.085
One Battle After Another (2025),1075,,210944,212468,8798.123,8861.686,63.563
One Battle After Another (2025),1076,,212469,212672,8861.728,8870.195,8.467
One Battle After Another (2025),1077,,212673,213062,8870.236,8886.461,16.225
One Battle After Another (2025),1078,,213063,213273,8886.503,8895.261,8.758
One Battle After Another (2025),1079,,213274,213398,8895.303,8900.475,5.172
One Battle After Another (2025),1080,,213399,213726,8900.517,8914.155,13.638
One Battle After Another (2025),1081,,213727,213831,8914.197,8918.535,4.338
One Battle After Another (2025),1082,,213832,213887,8918.576,8920.87,2.294
One Battle After Another (2025),1083,,213888,214160,8920.912,8932.257,11.345
One Battle After Another (2025),1084,,214161,214496,8932.298,8946.271,13.973
One Battle After Another (2025),1085,,214497,214729,8946.312,8955.989,9.677
One Battle After Another (2025),1086,,214730,215083,8956.03,8970.753,14.723
One Battle After Another (2025),1087,,215084,215188,8970.795,8975.133,4.338
One Battle After Another (2025),1088,,215189,215405,8975.174,8984.183,9.009
One Battle After Another (2025),1089,,215406,215516,8984.225,8988.813,4.588
One Battle After Another (2025),1090,,215517,215753,8988.855,8998.698,9.843
One Battle After Another (2025),1091,,215754,216169,8998.74,9016.049,17.309
One Battle After Another (2025),1092,,216170,216430,9016.09,9026.934,10.844
One Battle After Another (2025),1093,,216431,216571,9026.976,9032.815,5.839
One Battle After Another (2025),1094,,216572,218070,9032.857,9095.336,62.479
One Battle After Another (2025),1095,,218071,218336,9095.378,9106.431,11.053
One Battle After Another (2025),1096,,218337,218512,9106.472,9113.771,7.299
One Battle After Another (2025),1097,,218513,218975,9113.813,9133.082,19.269
One Battle After Another (2025),1098,,218976,219073,9133.124,9137.17,4.046
One Battle After Another (2025),1099,,219074,219385,9137.211,9150.183,12.972
One Battle After Another (2025),1100,,219386,219526,9150.224,9156.063,5.839
One Battle After Another (2025),1101,,219527,219747,9156.105,9165.281,9.176
One Battle After Another (2025),1102,,219748,219828,9165.323,9168.659,3.336
One Battle After Another (2025),1103,,219829,220141,9168.701,9181.714,13.013
One Battle After Another (2025),1104,,220142,220229,9181.756,9185.384,3.628
One Battle After Another (2025),1105,,220230,220337,9185.426,9189.889,4.463
One Battle After Another (2025),1106,,220338,220450,9189.931,9194.602,4.671
One Battle After Another (2025),1107,,220451,220615,9194.644,9201.484,6.84
One Battle After Another (2025),1108,,220616,220652,9201.526,9203.027,1.501
One Battle After Another (2025),1109,,220653,220733,9203.069,9206.405,3.336
One Battle After Another (2025),1110,,220734,220890,9206.447,9212.954,6.507
One Battle After Another (2025),1111,,220891,220944,9212.995,9215.206,2.211
One Battle After Another (2025),1112,,220945,220997,9215.248,9217.416,2.168
One Battle After Another (2025),1113,,220998,221253,9217.458,9228.094,10.636
One Battle After Another (2025),1114,,221254,221510,9228.135,9238.813,10.678
One Battle After Another (2025),1115,,221511,221608,9238.855,9242.9,4.045
One Battle After Another (2025),1116,,221609,224677,9242.942,9370.903,127.961
One Battle After Another (2025),1117,,224678,225125,9370.945,9389.588,18.643
One Battle After Another (2025),1118,,225126,229321,9389.63,9564.597,174.967
One Battle After Another (2025),1119,,229322,229994,9564.638,9592.666,28.028
One Battle After Another (2025),1120,,229995,230887,9592.708,9629.912,37.204
One Battle After Another (2025),1121,,230888,231376,9629.954,9650.307,20.353
One Battle After Another (2025),1122,,231377,231461,9650.349,9653.852,3.503
One Battle After Another (2025),1123,,231473,231860,9654.353,9670.494,16.141
One Battle After Another (2025),1124,,231877,232019,9671.203,9677.126,5.923
One Battle After Another (2025),1125,,232022,232484,9677.251,9696.52,19.269
One Battle After Another (2025),1126,,232503,232586,9697.313,9700.774,3.461
One Battle After Another (2025),1127,,232604,232658,9701.525,9703.777,2.252
The Master (2012),1,,0,1217,0,50.75904,50.75904
The Master (2012),2,,1218,1485,50.80075,61.93687,11.13612
The Master (2012),3,,1486,2503,61.97858,104.396,42.41742
The Master (2012),4,,2504,2586,104.4377,107.8577,3.42
The Master (2012),5,,2587,2595,107.8995,108.2331,0.3336
The Master (2012),6,,2597,2634,108.3165,109.8597,1.5432
The Master (2012),7,,2635,2778,109.9015,115.8657,5.9642
The Master (2012),8,,2779,3036,115.9075,126.6265,10.719
The Master (2012),9,,3037,3143,126.6682,131.0893,4.4211
The Master (2012),10,,3144,3372,131.131,140.6405,9.5095
The Master (2012),11,,3373,3573,140.6822,149.0239,8.3417
The Master (2012),12,,3574,4033,149.0656,168.2097,19.1441
The Master (2012),13,,4034,4594,168.2514,191.6081,23.3567
The Master (2012),14,,4595,5052,191.6498,210.7105,19.0607
The Master (2012),15,,5053,5182,210.7522,216.1326,5.3804
The Master (2012),16,,5183,5425,216.1743,226.2677,10.0934
The Master (2012),17,,5426,5575,226.3094,232.5239,6.2145
The Master (2012),18,,5576,6267,232.5657,261.3861,28.8204
The Master (2012),19,,6268,6664,261.4278,277.9443,16.5165
The Master (2012),20,,6665,7334,277.986,305.8889,27.9029
The Master (2012),21,,7335,7541,305.9306,314.5225,8.5919
The Master (2012),22,,7542,7755,314.5642,323.4481,8.8839
The Master (2012),23,,7756,8171,323.4898,340.7988,17.309
The Master (2012),24,,8172,8375,340.8405,349.3073,8.4668
The Master (2012),25,,8376,8535,349.349,355.9806,6.6316
The Master (2012),26,,8536,8601,356.0223,358.7334,2.7111
The Master (2012),27,,8602,8660,358.7751,361.1941,2.419
The Master (2012),28,,8661,8804,361.2359,367.2001,5.9642
The Master (2012),29,,8805,8870,367.2419,369.9529,2.711
The Master (2012),30,,8871,8950,369.9946,373.2896,3.295
The Master (2012),31,,8951,9043,373.3313,377.1684,3.8371
The Master (2012),32,,9044,10100,377.2101,421.2541,44.044
The Master (2012),33,,10101,10658,421.2959,444.5274,23.2315
The Master (2012),34,,10659,10932,444.5691,455.9555,11.3864
The Master (2012),35,,10933,11157,455.9972,465.3398,9.3426
The Master (2012),36,,11158,11654,465.3816,486.0689,20.6873
The Master (2012),37,,11655,11704,486.1106,488.1543,2.0437
The Master (2012),38,,11705,12339,488.196,514.6391,26.4431
The Master (2012),39,,12340,12488,514.6808,520.8536,6.1728
The Master (2012),40,,12489,12558,520.8953,523.7732,2.8779
The Master (2012),41,,12559,12649,523.8149,527.5687,3.7538
The Master (2012),42,,12650,13836,527.6104,577.0765,49.4661
The Master (2012),43,,13837,13901,577.1182,579.7875,2.6693
The Master (2012),44,,13902,14057,579.8292,586.294,6.4648
The Master (2012),45,,14058,14203,586.3357,592.3834,6.0477
The Master (2012),46,,14204,14314,592.4251,597.0131,4.588
The Master (2012),47,,14315,14572,597.0548,607.7738,10.719
The Master (2012),48,,14573,16865,607.8155,703.411,95.5955
The Master (2012),49,,16866,17493,703.4527,729.6038,26.1511
The Master (2012),50,,17494,17782,729.6455,741.6575,12.012
The Master (2012),51,,17783,19656,741.6993,819.819,78.1197
The Master (2012),52,,19657,19849,819.8607,827.8687,8.008
The Master (2012),53,,19850,23082,827.9104,962.7117,134.8013
The Master (2012),54,,23083,23426,962.7534,977.0594,14.306
The Master (2012),55,,23427,23586,977.1011,983.7327,6.6316
The Master (2012),56,,23587,23719,983.7744,989.2799,5.5055
The Master (2012),57,,23720,23980,989.3216,1000.166,10.8444
The Master (2012),58,,23981,24456,1000.207,1020.019,19.812
The Master (2012),59,,24457,25203,1020.061,1051.175,31.114
The Master (2012),60,,25204,25642,1051.217,1069.485,18.268
The Master (2012),61,,25643,29437,1069.527,1227.768,158.241
The Master (2012),62,,29438,30740,1227.81,1282.114,54.304
The Master (2012),63,,30741,30894,1282.156,1288.537,6.381
The Master (2012),64,,30895,31940,1288.579,1332.164,43.585
The Master (2012),65,,31941,32107,1332.206,1339.129,6.923
The Master (2012),66,,32108,32283,1339.171,1346.47,7.299
The Master (2012),67,,32284,32467,1346.512,1354.144,7.632
The Master (2012),68,,32468,32523,1354.186,1356.48,2.294
The Master (2012),69,,32524,32936,1356.522,1373.706,17.184
The Master (2012),70,,32937,33063,1373.747,1379.003,5.256
The Master (2012),71,,33064,33267,1379.044,1387.511,8.467
The Master (2012),72,,33268,33414,1387.553,1393.642,6.089
The Master (2012),73,,33415,33615,1393.684,1402.026,8.342
The Master (2012),74,,33616,33794,1402.067,1409.491,7.424
The Master (2012),75,,33795,34282,1409.533,1429.845,20.312
The Master (2012),76,,34283,34411,1429.887,1435.225,5.338
The Master (2012),77,,34412,34654,1435.267,1445.361,10.094
The Master (2012),78,,34655,34862,1445.402,1454.036,8.634
The Master (2012),79,,34863,35071,1454.078,1462.753,8.675
The Master (2012),80,,35072,35524,1462.795,1481.647,18.852
The Master (2012),81,,35525,35768,1481.688,1491.824,10.136
The Master (2012),82,,35769,35874,1491.865,1496.245,4.38
The Master (2012),83,,35875,35966,1496.286,1500.082,3.796
The Master (2012),84,,35967,36113,1500.124,1506.213,6.089
The Master (2012),85,,36114,36292,1506.255,1513.679,7.424
The Master (2012),86,,36293,36426,1513.72,1519.268,5.548
The Master (2012),87,,36427,36572,1519.309,1525.357,6.048
The Master (2012),88,,36573,36745,1525.399,1532.573,7.174
The Master (2012),89,,36746,36813,1532.614,1535.409,2.795
The Master (2012),90,,36814,36870,1535.45,1537.786,2.336
The Master (2012),91,,36871,36940,1537.828,1540.706,2.878
The Master (2012),92,,36941,37006,1540.747,1543.458,2.711
The Master (2012),93,,37007,37122,1543.5,1548.297,4.797
The Master (2012),94,,37123,37428,1548.338,1561.059,12.721
The Master (2012),95,,37429,38244,1561.101,1595.093,33.992
The Master (2012),96,,38245,38986,1595.135,1626.041,30.906
The Master (2012),97,,38987,39487,1626.083,1646.937,20.854
The Master (2012),98,,39488,39594,1646.979,1651.4,4.421
The Master (2012),99,,39595,39674,1651.441,1654.736,3.295
The Master (2012),100,,39675,39816,1654.778,1660.659,5.881
The Master (2012),101,,39817,39890,1660.701,1663.745,3.044
The Master (2012),102,,39891,40028,1663.787,1669.501,5.714
The Master (2012),103,,40029,40152,1669.543,1674.673,5.13
The Master (2012),104,,40153,40240,1674.715,1678.343,3.628
The Master (2012),105,,40241,40506,1678.385,1689.438,11.053
The Master (2012),106,,40507,40604,1689.479,1693.525,4.046
The Master (2012),107,,40605,40882,1693.567,1705.12,11.553
The Master (2012),108,,40883,40997,1705.162,1709.916,4.754
The Master (2012),109,,40998,41217,1709.958,1719.092,9.134
The Master (2012),110,,41218,41679,1719.134,1738.362,19.228
The Master (2012),111,,41680,41773,1738.403,1742.282,3.879
The Master (2012),112,,41774,41847,1742.324,1745.369,3.045
The Master (2012),113,,41848,41943,1745.41,1749.373,3.963
The Master (2012),114,,41944,42099,1749.414,1755.879,6.465
The Master (2012),115,,42100,42831,1755.921,1786.41,30.489
The Master (2012),116,,42832,43978,1786.451,1834.249,47.798
The Master (2012),117,,43979,44727,1834.291,1865.489,31.198
The Master (2012),118,,44728,45760,1865.53,1908.573,43.043
The Master (2012),119,,45761,46342,1908.615,1932.847,24.232
The Master (2012),120,,46343,46817,1932.889,1952.659,19.77
The Master (2012),121,,46818,47404,1952.701,1977.142,24.441
The Master (2012),122,,47405,47939,1977.183,1999.456,22.273
The Master (2012),123,,47940,48383,1999.497,2017.974,18.477
The Master (2012),124,,48384,48459,2018.016,2021.144,3.128
The Master (2012),125,,48460,48672,2021.186,2030.028,8.842
The Master (2012),126,,48673,48789,2030.07,2034.908,4.838
The Master (2012),127,,48790,49173,2034.949,2050.924,15.975
The Master (2012),128,,49174,49276,2050.965,2055.22,4.255
The Master (2012),129,,49277,49352,2055.261,2058.39,3.129
The Master (2012),130,,49353,49437,2058.431,2061.935,3.504
The Master (2012),131,,49438,49870,2061.976,2079.994,18.018
The Master (2012),132,,49871,50309,2080.036,2098.304,18.268
The Master (2012),133,,50310,50398,2098.346,2102.016,3.67
The Master (2012),134,,50399,50872,2102.058,2121.786,19.728
The Master (2012),135,,50873,50923,2121.828,2123.913,2.085
The Master (2012),136,,50924,50982,2123.955,2126.374,2.419
The Master (2012),137,,50983,51015,2126.416,2127.751,1.335
The Master (2012),138,,51016,51091,2127.792,2130.92,3.128
The Master (2012),139,,51092,51282,2130.962,2138.887,7.925
The Master (2012),140,,51283,51763,2138.928,2158.948,20.02
The Master (2012),141,,51764,51883,2158.99,2163.953,4.963
The Master (2012),142,,51884,52461,2163.995,2188.061,24.066
The Master (2012),143,,52462,52599,2188.102,2193.817,5.715
The Master (2012),144,,52600,52657,2193.858,2196.236,2.378
The Master (2012),145,,52658,53882,2196.277,2247.328,51.051
The Master (2012),146,,53883,54097,2247.37,2256.296,8.926
The Master (2012),147,,54098,55144,2256.337,2299.964,43.627
The Master (2012),148,,55145,55342,2300.006,2308.222,8.216
The Master (2012),149,,55343,56625,2308.264,2361.734,53.47
The Master (2012),150,,56626,57094,2361.776,2381.295,19.519
The Master (2012),151,,57095,57621,2381.337,2403.276,21.939
The Master (2012),152,,57622,58166,2403.317,2426.007,22.69
The Master (2012),153,,58167,58316,2426.048,2432.263,6.215
The Master (2012),154,,58317,58629,2432.305,2445.318,13.013
The Master (2012),155,,58630,59755,2445.359,2492.281,46.922
The Master (2012),156,,59756,60275,2492.323,2513.97,21.647
The Master (2012),157,,60276,63290,2514.011,2639.72,125.709
The Master (2012),158,,63291,64649,2639.762,2696.402,56.64
The Master (2012),159,,64650,65291,2696.444,2723.179,26.735
The Master (2012),160,,65292,66190,2723.22,2760.674,37.454
The Master (2012),161,,66191,66512,2760.716,2774.105,13.389
The Master (2012),162,,66513,66804,2774.146,2786.283,12.137
The Master (2012),163,,66805,67064,2786.325,2797.128,10.803
The Master (2012),164,,67065,67661,2797.169,2822.027,24.858
The Master (2012),165,,67662,67952,2822.069,2834.165,12.096
The Master (2012),166,,67953,68129,2834.206,2841.547,7.341
The Master (2012),167,,68130,68421,2841.589,2853.726,12.137
The Master (2012),168,,68422,68614,2853.767,2861.775,8.008
The Master (2012),169,,68615,69303,2861.817,2890.512,28.695
The Master (2012),170,,69304,69812,2890.554,2911.742,21.188
The Master (2012),171,,69813,69964,2911.784,2918.082,6.298
The Master (2012),172,,69965,70521,2918.123,2941.313,23.19
The Master (2012),173,,70522,70771,2941.355,2951.74,10.385
The Master (2012),174,,70772,70887,2951.782,2956.578,4.796
The Master (2012),175,,70888,72027,2956.62,3004.126,47.506
The Master (2012),176,,72028,72277,3004.168,3014.553,10.385
The Master (2012),177,,72278,72665,3014.595,3030.736,16.141
The Master (2012),178,,72666,73146,3030.778,3050.798,20.02
The Master (2012),179,,73147,73230,3050.839,3054.301,3.462
The Master (2012),180,,73231,73706,3054.343,3074.154,19.811
The Master (2012),181,,73707,73952,3074.196,3084.414,10.218
The Master (2012),182,,73953,74182,3084.456,3094.007,9.551
The Master (2012),183,,74183,74883,3094.049,3123.245,29.196
The Master (2012),184,,74884,75277,3123.287,3139.678,16.391
The Master (2012),185,,75278,75514,3139.72,3149.563,9.843
The Master (2012),186,,75515,75950,3149.605,3167.748,18.143
The Master (2012),187,,75951,77077,3167.789,3214.753,46.964
The Master (2012),188,,77078,77819,3214.795,3245.701,30.906
The Master (2012),189,,77820,78428,3245.742,3271.101,25.359
The Master (2012),190,,78429,79001,3271.143,3295,23.857
The Master (2012),191,,79002,79160,3295.042,3301.631,6.589
The Master (2012),192,,79161,79398,3301.673,3311.558,9.885
The Master (2012),193,,79399,79485,3311.6,3315.187,3.587
The Master (2012),194,,79486,79675,3315.228,3323.111,7.883
The Master (2012),195,,79676,80070,3323.153,3339.586,16.433
The Master (2012),196,,80071,80314,3339.628,3349.763,10.135
The Master (2012),197,,80315,80457,3349.805,3355.727,5.922
The Master (2012),198,,80458,80517,3355.769,3358.23,2.461
The Master (2012),199,,80518,80607,3358.271,3361.983,3.712
The Master (2012),200,,80608,80695,3362.025,3365.654,3.629
The Master (2012),201,,80696,80757,3365.695,3368.24,2.545
The Master (2012),202,,80758,80812,3368.281,3370.534,2.253
The Master (2012),203,,80813,80872,3370.575,3373.036,2.461
The Master (2012),204,,80873,80971,3373.078,3377.165,4.087
The Master (2012),205,,80972,81036,3377.207,3379.876,2.669
The Master (2012),206,,81037,81161,3379.918,3385.09,5.172
The Master (2012),207,,81162,81271,3385.132,3389.678,4.546
The Master (2012),208,,81272,81380,3389.719,3394.224,4.505
The Master (2012),209,,81381,81502,3394.266,3399.312,5.046
The Master (2012),210,,81503,81744,3399.354,3409.406,10.052
The Master (2012),211,,81745,81882,3409.448,3415.162,5.714
The Master (2012),212,,81883,81965,3415.203,3418.623,3.42
The Master (2012),213,,81966,82001,3418.665,3420.125,1.46
The Master (2012),214,,82002,82039,3420.167,3421.71,1.543
The Master (2012),215,,82040,82118,3421.751,3425.005,3.254
The Master (2012),216,,82119,82303,3425.046,3432.721,7.675
The Master (2012),217,,82304,82499,3432.762,3440.896,8.134
The Master (2012),218,,82500,82569,3440.937,3443.815,2.878
The Master (2012),219,,82570,82633,3443.857,3446.485,2.628
The Master (2012),220,,82634,82837,3446.526,3454.993,8.467
The Master (2012),221,,82838,83082,3455.035,3465.212,10.177
The Master (2012),222,,83083,83147,3465.253,3467.923,2.67
The Master (2012),223,,83148,83242,3467.964,3471.885,3.921
The Master (2012),224,,83243,83598,3471.927,3486.733,14.806
The Master (2012),225,,83599,83877,3486.775,3498.37,11.595
The Master (2012),226,,83878,84152,3498.411,3509.839,11.428
The Master (2012),227,,84153,84324,3509.881,3517.013,7.132
The Master (2012),228,,84325,84418,3517.055,3520.934,3.879
The Master (2012),229,,84419,84566,3520.976,3527.107,6.131
The Master (2012),230,,84567,84698,3527.148,3532.612,5.464
The Master (2012),231,,84699,84743,3532.654,3534.489,1.835
The Master (2012),232,,84744,84783,3534.531,3536.157,1.626
The Master (2012),233,,84784,84934,3536.199,3542.455,6.256
The Master (2012),234,,84935,85052,3542.497,3547.377,4.88
The Master (2012),235,,85053,85146,3547.419,3551.298,3.879
The Master (2012),236,,85147,85197,3551.339,3553.425,2.086
The Master (2012),237,,85198,85590,3553.466,3569.816,16.35
The Master (2012),238,,85591,85852,3569.858,3580.744,10.886
The Master (2012),239,,85853,85963,3580.785,3585.373,4.588
The Master (2012),240,,85964,86067,3585.415,3589.711,4.296
The Master (2012),241,,86068,86162,3589.753,3593.673,3.92
The Master (2012),242,,86163,86247,3593.715,3597.218,3.503
The Master (2012),243,,86248,86354,3597.26,3601.681,4.421
The Master (2012),244,,86355,86513,3601.723,3608.313,6.59
The Master (2012),245,,86514,86591,3608.355,3611.566,3.211
The Master (2012),246,,86592,86668,3611.608,3614.778,3.17
The Master (2012),247,,86669,86856,3614.819,3622.619,7.8
The Master (2012),248,,86857,86915,3622.661,3625.08,2.419
The Master (2012),249,,86916,86997,3625.121,3628.5,3.379
The Master (2012),250,,86998,87150,3628.541,3634.881,6.34
The Master (2012),251,,87151,87234,3634.923,3638.385,3.462
The Master (2012),252,,87235,87262,3638.426,3639.552,1.126
The Master (2012),253,,87263,87306,3639.594,3641.388,1.794
The Master (2012),254,,87307,87489,3641.429,3649.02,7.591
The Master (2012),255,,87490,87674,3649.062,3656.736,7.674
The Master (2012),256,,87675,87955,3656.778,3668.456,11.678
The Master (2012),257,,87956,88091,3668.498,3674.129,5.631
The Master (2012),258,,88092,88278,3674.17,3681.928,7.758
The Master (2012),259,,88279,88576,3681.97,3694.357,12.387
The Master (2012),260,,88577,88989,3694.399,3711.583,17.184
The Master (2012),261,,88990,89684,3711.624,3740.57,28.946
The Master (2012),262,,89685,89733,3740.612,3742.614,2.002
The Master (2012),263,,89734,89776,3742.655,3744.407,1.752
The Master (2012),264,,89777,89914,3744.449,3750.163,5.714
The Master (2012),265,,89915,90983,3750.205,3794.749,44.544
The Master (2012),266,,90984,91453,3794.791,3814.352,19.561
The Master (2012),267,,91454,91547,3814.394,3818.273,3.879
The Master (2012),268,,91548,92223,3818.314,3846.467,28.153
The Master (2012),269,,92224,92505,3846.509,3858.229,11.72
The Master (2012),270,,92506,93469,3858.271,3898.436,40.165
The Master (2012),271,,93470,94190,3898.478,3928.508,30.03
The Master (2012),272,,94191,94402,3928.549,3937.35,8.801
The Master (2012),273,,94403,94589,3937.392,3945.149,7.757
The Master (2012),274,,94590,94742,3945.191,3951.531,6.34
The Master (2012),275,,94743,94791,3951.572,3953.574,2.002
The Master (2012),276,,94792,94868,3953.616,3956.786,3.17
The Master (2012),277,,94869,95030,3956.828,3963.543,6.715
The Master (2012),278,,95031,95195,3963.584,3970.425,6.841
The Master (2012),279,,95196,95304,3970.466,3974.971,4.505
The Master (2012),280,,95305,95395,3975.012,3978.766,3.754
The Master (2012),281,,95396,95580,3978.808,3986.482,7.674
The Master (2012),282,,95581,95648,3986.524,3989.318,2.794
The Master (2012),283,,95649,95719,3989.36,3992.28,2.92
The Master (2012),284,,95720,95818,3992.321,3996.409,4.088
The Master (2012),285,,95819,95948,3996.451,4001.831,5.38
The Master (2012),286,,95949,96188,4001.873,4011.841,9.968
The Master (2012),287,,96189,96380,4011.883,4019.849,7.966
The Master (2012),288,,96381,96441,4019.891,4022.393,2.502
The Master (2012),289,,96442,96713,4022.435,4033.738,11.303
The Master (2012),290,,96714,97157,4033.78,4052.256,18.476
The Master (2012),291,,97158,97240,4052.298,4055.718,3.42
The Master (2012),292,,97241,98156,4055.76,4093.923,38.163
The Master (2012),293,,98157,98341,4093.965,4101.639,7.674
The Master (2012),294,,98342,98722,4101.681,4117.53,15.849
The Master (2012),295,,98723,98826,4117.572,4121.868,4.296
The Master (2012),296,,98827,100190,4121.909,4178.758,56.849
The Master (2012),297,,100191,102478,4178.799,4274.186,95.387
The Master (2012),298,,102479,104779,4274.228,4370.157,95.929
The Master (2012),299,,104780,105718,4370.199,4409.321,39.122
The Master (2012),300,,105719,106038,4409.363,4422.668,13.305
The Master (2012),301,,106039,106483,4422.71,4441.228,18.518
The Master (2012),302,,106484,106601,4441.27,4446.15,4.88
The Master (2012),303,,106602,106606,4446.192,4446.358,0.166
The Master (2012),304,,106608,106619,4446.442,4446.901,0.459
The Master (2012),305,,106621,106656,4446.984,4448.444,1.46
The Master (2012),306,,106667,106690,4448.903,4449.862,0.959
The Master (2012),307,,106691,106911,4449.904,4459.079,9.175
The Master (2012),308,,106912,107032,4459.121,4464.126,5.005
The Master (2012),309,,107033,107096,4464.168,4466.795,2.627
The Master (2012),310,,107097,107190,4466.837,4470.716,3.879
The Master (2012),311,,107191,107303,4470.758,4475.429,4.671
The Master (2012),312,,107304,107452,4475.471,4481.644,6.173
The Master (2012),313,,107453,107488,4481.685,4483.145,1.46
The Master (2012),314,,107489,107524,4483.187,4484.647,1.46
The Master (2012),315,,107525,107617,4484.688,4488.525,3.837
The Master (2012),316,,107618,107753,4488.567,4494.198,5.631
The Master (2012),317,,107754,108011,4494.24,4504.959,10.719
The Master (2012),318,,108012,108084,4505,4508.003,3.003
The Master (2012),319,,108085,108215,4508.045,4513.467,5.422
The Master (2012),320,,108216,108403,4513.509,4521.308,7.799
The Master (2012),321,,108404,108562,4521.35,4527.94,6.59
The Master (2012),322,,108563,108639,4527.982,4531.151,3.169
The Master (2012),323,,108640,108904,4531.193,4542.204,11.011
The Master (2012),324,,108905,108952,4542.246,4544.206,1.96
The Master (2012),325,,108953,109152,4544.248,4552.548,8.3
The Master (2012),326,,109153,109225,4552.589,4555.592,3.003
The Master (2012),327,,109226,109279,4555.634,4557.845,2.211
The Master (2012),328,,109280,109338,4557.886,4560.305,2.419
The Master (2012),329,,109339,109434,4560.347,4564.309,3.962
The Master (2012),330,,109435,109513,4564.351,4567.604,3.253
The Master (2012),331,,109514,109709,4567.646,4575.779,8.133
The Master (2012),332,,109710,109884,4575.821,4583.078,7.257
The Master (2012),333,,109885,109984,4583.12,4587.249,4.129
The Master (2012),334,,109985,110263,4587.291,4598.886,11.595
The Master (2012),335,,110264,112722,4598.927,4701.446,102.519
The Master (2012),336,,112723,113234,4701.488,4722.801,21.313
The Master (2012),337,,113235,113712,4722.843,4742.738,19.895
The Master (2012),338,,113713,114200,4742.779,4763.091,20.312
The Master (2012),339,,114201,114602,4763.133,4779.858,16.725
The Master (2012),340,,114603,114795,4779.9,4787.908,8.008
The Master (2012),341,,114796,115105,4787.95,4800.837,12.887
The Master (2012),342,,115106,115356,4800.879,4811.306,10.427
The Master (2012),343,,115357,115582,4811.348,4820.732,9.384
The Master (2012),344,,115583,115853,4820.774,4832.035,11.261
The Master (2012),345,,115854,115936,4832.077,4835.497,3.42
The Master (2012),346,,115937,116012,4835.539,4838.667,3.128
The Master (2012),347,,116013,116116,4838.709,4843.005,4.296
The Master (2012),348,,116117,116399,4843.046,4854.808,11.762
The Master (2012),349,,116400,117160,4854.85,4886.548,31.698
The Master (2012),350,,117161,117498,4886.59,4900.645,14.055
The Master (2012),351,,117499,117659,4900.687,4907.361,6.674
The Master (2012),352,,117660,117878,4907.402,4916.495,9.093
The Master (2012),353,,117879,118279,4916.536,4933.22,16.684
The Master (2012),354,,118280,119130,4933.261,4968.713,35.452
The Master (2012),355,,119131,119677,4968.755,4991.528,22.773
The Master (2012),356,,119678,121179,4991.57,5054.174,62.604
The Master (2012),357,,121180,121702,5054.216,5075.987,21.771
The Master (2012),358,,121703,122664,5076.029,5116.111,40.082
The Master (2012),359,,122665,122755,5116.152,5119.906,3.754
The Master (2012),360,,122756,122817,5119.948,5122.492,2.544
The Master (2012),361,,122818,122917,5122.534,5126.663,4.129
The Master (2012),362,,122918,123082,5126.705,5133.545,6.84
The Master (2012),363,,123083,123369,5133.587,5145.515,11.928
The Master (2012),364,,123370,123560,5145.557,5153.481,7.924
The Master (2012),365,,123561,123663,5153.523,5157.777,4.254
The Master (2012),366,,123664,123740,5157.819,5160.989,3.17
The Master (2012),367,,123741,124249,5161.031,5182.218,21.187
The Master (2012),368,,124250,124943,5182.26,5211.164,28.904
The Master (2012),369,,124944,125300,5211.206,5226.054,14.848
The Master (2012),370,,125301,125462,5226.096,5232.811,6.715
The Master (2012),371,,125463,126204,5232.852,5263.758,30.906
The Master (2012),372,,126205,126549,5263.8,5278.148,14.348
The Master (2012),373,,126550,126896,5278.189,5292.62,14.431
The Master (2012),374,,126897,127078,5292.662,5300.211,7.549
The Master (2012),375,,127079,127370,5300.253,5312.39,12.137
The Master (2012),376,,127380,127460,5312.807,5316.144,3.337
The Master (2012),377,,127461,127948,5316.186,5336.498,20.312
The Master (2012),378,,127949,128277,5336.539,5350.22,13.681
The Master (2012),379,,128278,128568,5350.261,5362.357,12.096
The Master (2012),380,,128569,129650,5362.398,5407.485,45.087
The Master (2012),381,,129651,130004,5407.527,5422.25,14.723
The Master (2012),382,,130005,130596,5422.292,5446.941,24.649
The Master (2012),383,,130597,131234,5446.983,5473.551,26.568
The Master (2012),384,,131235,131674,5473.593,5491.903,18.31
The Master (2012),385,,131675,131892,5491.944,5500.995,9.051
The Master (2012),386,,131893,132335,5501.037,5519.472,18.435
The Master (2012),387,,132336,132465,5519.514,5524.894,5.38
The Master (2012),388,,132466,132605,5524.936,5530.733,5.797
The Master (2012),389,,132606,132834,5530.775,5540.284,9.509
The Master (2012),390,,132835,133188,5540.326,5555.049,14.723
The Master (2012),391,,133189,134234,5555.091,5598.676,43.585
The Master (2012),392,,134235,134699,5598.718,5618.07,19.352
The Master (2012),393,,134700,135031,5618.112,5631.918,13.806
The Master (2012),394,,135032,135331,5631.959,5644.43,12.471
The Master (2012),395,,135332,136476,5644.472,5692.186,47.714
The Master (2012),396,,136477,137390,5692.228,5730.308,38.08
The Master (2012),397,,137391,137797,5730.349,5747.283,16.934
The Master (2012),398,,137798,138306,5747.325,5768.512,21.187
The Master (2012),399,,138307,138436,5768.554,5773.935,5.381
The Master (2012),400,,138437,138638,5773.976,5782.36,8.384
The Master (2012),401,,138639,138836,5782.401,5790.618,8.217
The Master (2012),402,,138837,138909,5790.66,5793.663,3.003
The Master (2012),403,,138910,139054,5793.704,5799.71,6.006
The Master (2012),404,,139055,139376,5799.752,5813.14,13.388
The Master (2012),405,,139377,139647,5813.182,5824.443,11.261
The Master (2012),406,,139648,140214,5824.485,5848.092,23.607
The Master (2012),407,,140215,140575,5848.134,5863.149,15.015
The Master (2012),408,,140576,140927,5863.19,5877.83,14.64
The Master (2012),409,,140928,141872,5877.872,5917.244,39.372
The Master (2012),410,,141873,142345,5917.286,5936.972,19.686
The Master (2012),411,,142346,142610,5937.014,5948.025,11.011
The Master (2012),412,,142611,142756,5948.067,5954.115,6.048
The Master (2012),413,,142757,143101,5954.156,5968.504,14.348
The Master (2012),414,,143102,143679,5968.546,5992.611,24.065
The Master (2012),415,,143680,144279,5992.653,6017.636,24.983
The Master (2012),416,,144280,145260,6017.678,6058.552,40.874
The Master (2012),417,,145261,145671,6058.594,6075.694,17.1
The Master (2012),418,,145672,146270,6075.736,6100.678,24.942
The Master (2012),419,,146271,146577,6100.719,6113.482,12.763
The Master (2012),420,,146578,147053,6113.524,6133.335,19.811
The Master (2012),421,,147054,147462,6133.377,6150.394,17.017
The Master (2012),422,,147463,147817,6150.436,6165.2,14.764
The Master (2012),423,,147818,148712,6165.242,6202.529,37.287
The Master (2012),424,,148713,149020,6202.571,6215.375,12.804
The Master (2012),425,,149021,151150,6215.417,6304.214,88.797
The Master (2012),426,,151151,152188,6304.256,6347.507,43.251
The Master (2012),427,,152189,154342,6347.549,6437.347,89.798
The Master (2012),428,,154343,155634,6437.389,6491.234,53.845
The Master (2012),429,,155635,155951,6491.276,6504.456,13.18
The Master (2012),430,,155952,156113,6504.498,6511.213,6.715
The Master (2012),431,,156114,156326,6511.254,6520.097,8.843
The Master (2012),432,,156327,156651,6520.138,6533.652,13.514
The Master (2012),433,,156652,157881,6533.693,6584.953,51.26
The Master (2012),434,,157882,158153,6584.995,6596.298,11.303
The Master (2012),435,,158154,158368,6596.339,6605.265,8.926
The Master (2012),436,,158369,158494,6605.307,6610.52,5.213
The Master (2012),437,,158495,158939,6610.562,6629.08,18.518
The Master (2012),438,,158940,159198,6629.122,6639.883,10.761
The Master (2012),439,,159199,159334,6639.925,6645.555,5.63
The Master (2012),440,,159335,159447,6645.597,6650.268,4.671
The Master (2012),441,,159448,159586,6650.31,6656.066,5.756
The Master (2012),442,,159587,159933,6656.107,6670.539,14.432
The Master (2012),443,,159934,160158,6670.58,6679.923,9.343
The Master (2012),444,,160159,160759,6679.965,6704.99,25.025
The Master (2012),445,,160760,161413,6705.031,6732.267,27.236
The Master (2012),446,,161414,161818,6732.309,6749.159,16.85
The Master (2012),447,,161819,162699,6749.2,6785.904,36.704
The Master (2012),448,,162700,163780,6785.945,6830.99,45.045
The Master (2012),449,,163781,164352,6831.032,6854.848,23.816
The Master (2012),450,,164353,165368,6854.889,6897.223,42.334
The Master (2012),451,,165369,165552,6897.265,6904.898,7.633
The Master (2012),452,,165553,166520,6904.939,6945.271,40.332
The Master (2012),453,,166521,167145,6945.313,6971.339,26.026
The Master (2012),454,,167146,169367,6971.381,7064.015,92.634
The Master (2012),455,,169368,169556,7064.057,7071.898,7.841
The Master (2012),456,,169557,170004,7071.939,7090.583,18.644
The Master (2012),457,,170005,170900,7090.625,7127.954,37.329
The Master (2012),458,,170901,171484,7127.995,7152.311,24.316
The Master (2012),459,,171485,171752,7152.353,7163.489,11.136
The Master (2012),460,,171753,172602,7163.531,7198.941,35.41
The Master (2012),461,,172603,173120,7198.983,7220.546,21.563
The Master (2012),462,,173121,173356,7220.588,7230.389,9.801
The Master (2012),463,,173357,173890,7230.431,7252.662,22.231
The Master (2012),464,,173891,174002,7252.703,7257.333,4.63
The Master (2012),465,,174003,174867,7257.375,7293.411,36.036
The Master (2012),466,,174868,175101,7293.452,7303.17,9.718
The Master (2012),467,,175102,175484,7303.212,7319.145,15.933
The Master (2012),468,,175485,175702,7319.186,7328.237,9.051
The Master (2012),469,,175703,175834,7328.279,7333.743,5.464
The Master (2012),470,,175835,175926,7333.784,7337.58,3.796
The Master (2012),471,,175927,175990,7337.622,7340.249,2.627
The Master (2012),472,,175991,176074,7340.291,7343.753,3.462
The Master (2012),473,,176075,176201,7343.794,7349.05,5.256
The Master (2012),474,,176202,176455,7349.091,7359.644,10.553
The Master (2012),475,,176456,176587,7359.685,7365.149,5.464
The Master (2012),476,,176588,177131,7365.191,7387.838,22.647
The Master (2012),477,,177132,177320,7387.88,7395.721,7.841
The Master (2012),478,,177321,177573,7395.763,7406.273,10.51
The Master (2012),479,,177574,178148,7406.315,7430.256,23.941
The Master (2012),480,,178149,178335,7430.297,7438.055,7.758
The Master (2012),481,,178336,178595,7438.097,7448.899,10.802
The Master (2012),482,,178596,178795,7448.941,7457.241,8.3
The Master (2012),483,,178796,179180,7457.283,7473.299,16.016
The Master (2012),484,,179181,179702,7473.34,7495.071,21.731
The Master (2012),485,,179703,180614,7495.112,7533.108,37.996
The Master (2012),486,,180615,180769,7533.15,7539.573,6.423
The Master (2012),487,,180770,181507,7539.615,7570.354,30.739
The Master (2012),488,,181508,181687,7570.396,7577.862,7.466
The Master (2012),489,,181688,181995,7577.903,7590.708,12.805
The Master (2012),490,,181996,182194,7590.749,7599.008,8.259
The Master (2012),491,,182195,182652,7599.049,7618.11,19.061
The Master (2012),492,,182653,183842,7618.152,7667.743,49.591
The Master (2012),493,,183843,184532,7667.785,7696.522,28.737
The Master (2012),494,,184533,184782,7696.563,7706.949,10.386
The Master (2012),495,,184783,185245,7706.991,7726.26,19.269
The Master (2012),496,,185246,185481,7726.301,7736.103,9.802
The Master (2012),497,,185482,185595,7736.145,7740.858,4.713
The Master (2012),498,,185596,185662,7740.899,7743.652,2.753
The Master (2012),499,,185663,187021,7743.694,7800.334,56.64
The Master (2012),500,,187022,187552,7800.375,7822.481,22.106
The Master (2012),501,,187553,188081,7822.523,7844.545,22.022
The Master (2012),502,,188082,188827,7844.586,7875.659,31.073
The Master (2012),503,,188828,192096,7875.701,8012.004,136.303
The Master (2012),504,,192097,194964,8012.045,8131.623,119.578
The Master (2012),505,,194965,195084,8131.665,8136.628,4.963
The Master (2012),506,,195085,196038,8136.67,8176.418,39.748
The Master (2012),507,,196039,197802,8176.46,8249.991,73.531
Magnolia (1999),1,,0,5,0,0.208526,0.208526
Magnolia (1999),2,,7,885,0.291936,36.90907,36.617134
Magnolia (1999),3,,886,975,36.95078,40.66254,3.71176
Magnolia (1999),4,,976,1184,40.70424,49.37892,8.67468
Magnolia (1999),5,,1185,1822,49.42062,75.98681,26.56619
Magnolia (1999),6,,1823,1875,76.02852,78.19719,2.16867
Magnolia (1999),7,,1876,1909,78.23889,79.61516,1.37627
Magnolia (1999),8,,1910,2065,79.65687,86.12117,6.4643
Magnolia (1999),9,,2066,2206,86.16287,92.0016,5.83873
Magnolia (1999),10,,2207,2220,92.0433,92.58547,0.54217
Magnolia (1999),11,,2221,2408,92.62717,100.426,7.79883
Magnolia (1999),12,,2409,2464,100.4677,102.7615,2.2938
Magnolia (1999),13,,2465,2541,102.8032,105.9728,3.1696
Magnolia (1999),14,,2542,2592,106.0145,108.0998,2.0853
Magnolia (1999),15,,2593,2642,108.1415,110.185,2.0435
Magnolia (1999),16,,2643,2802,110.2268,116.8579,6.6311
Magnolia (1999),17,,2803,3071,116.8996,128.0766,11.177
Magnolia (1999),18,,3072,3386,128.1183,141.2137,13.0954
Magnolia (1999),19,,3387,3437,141.2554,143.3407,2.0853
Magnolia (1999),20,,3438,3561,143.3824,148.5121,5.1297
Magnolia (1999),21,,3562,3589,148.5538,149.6798,1.126
Magnolia (1999),22,,3590,3625,149.7215,151.1812,1.4597
Magnolia (1999),23,,3626,3709,151.2229,154.6845,3.4616
Magnolia (1999),24,,3710,3786,154.7262,157.8958,3.1696
Magnolia (1999),25,,3787,3923,157.9375,163.6094,5.6719
Magnolia (1999),26,,3924,4002,163.6511,166.9041,3.253
Magnolia (1999),27,,4003,4232,166.9458,176.4963,9.5505
Magnolia (1999),28,,4233,4765,176.538,198.7251,22.1871
Magnolia (1999),29,,4766,5113,198.7668,213.2385,14.4717
Magnolia (1999),30,,5115,5178,213.3219,215.9494,2.6275
Magnolia (1999),31,,5179,5189,215.9911,216.4081,0.417
Magnolia (1999),32,,5194,5218,216.6166,217.6176,1.001
Magnolia (1999),33,,5222,5287,217.7844,220.4952,2.7108
Magnolia (1999),34,,5288,5407,220.5369,225.4998,4.9629
Magnolia (1999),35,,5408,5652,225.5415,235.7176,10.1761
Magnolia (1999),36,,5653,5682,235.7593,236.9688,1.2095
Magnolia (1999),37,,5683,5795,237.0105,241.6814,4.6709
Magnolia (1999),38,,5796,6025,241.7231,251.2736,9.5505
Magnolia (1999),39,,6026,6072,251.3153,253.2338,1.9185
Magnolia (1999),40,,6073,6496,253.2755,270.9168,17.6413
Magnolia (1999),41,,6497,6756,270.9585,281.7601,10.8016
Magnolia (1999),42,,6757,7034,281.8018,293.3541,11.5523
Magnolia (1999),43,,7035,7250,293.3958,302.3625,8.9667
Magnolia (1999),44,,7251,7893,302.4042,329.1789,26.7747
Magnolia (1999),45,,7894,8223,329.2206,342.9416,13.721
Magnolia (1999),46,,8224,8586,342.9833,358.0806,15.0973
Magnolia (1999),47,,8587,9334,358.1223,389.276,31.1537
Magnolia (1999),48,,9335,10313,389.3177,430.1054,40.7877
Magnolia (1999),49,,10314,10522,430.1471,438.8218,8.6747
Magnolia (1999),50,,10523,10602,438.8635,442.1582,3.2947
Magnolia (1999),51,,10603,10742,442.1999,447.9969,5.797
Magnolia (1999),52,,10743,10954,448.0386,456.8384,8.7998
Magnolia (1999),53,,10958,11124,457.0052,463.9283,6.9231
Magnolia (1999),54,,11125,11168,463.97,465.7633,1.7933
Magnolia (1999),55,,11169,11274,465.805,470.184,4.379
Magnolia (1999),56,,11275,11360,470.2257,473.7707,3.545
Magnolia (1999),57,,11361,11506,473.8124,479.8596,6.0472
Magnolia (1999),58,,11507,11581,479.9013,482.9875,3.0862
Magnolia (1999),59,,11582,11774,483.0292,491.0366,8.0074
Magnolia (1999),60,,11775,12257,491.0783,511.1802,20.1019
Magnolia (1999),61,,12258,12387,511.2219,516.6019,5.38
Magnolia (1999),62,,12388,12592,516.6436,525.1515,8.5079
Magnolia (1999),63,,12593,12924,525.1932,538.9976,13.8044
Magnolia (1999),64,,12925,13046,539.0393,544.0856,5.0463
Magnolia (1999),65,,13047,13106,544.1273,546.5879,2.4606
Magnolia (1999),66,,13107,13175,546.6296,549.4656,2.836
Magnolia (1999),67,,13176,13361,549.5073,557.2227,7.7154
Magnolia (1999),68,,13362,13715,557.2644,571.9864,14.722
Magnolia (1999),69,,13716,13797,572.0281,575.4062,3.3781
Magnolia (1999),70,,13798,13890,575.4479,579.2848,3.8369
Magnolia (1999),71,,13891,14009,579.3265,584.2477,4.9212
Magnolia (1999),72,,14010,14099,584.2894,588.0011,3.7117
Magnolia (1999),73,,14109,14130,588.4182,589.294,0.8758
Magnolia (1999),74,,14134,14226,589.4608,593.2977,3.8369
Magnolia (1999),75,,14229,14267,593.4228,595.0076,1.5848
Magnolia (1999),76,,14268,14414,595.0493,601.1383,6.089
Magnolia (1999),77,,14415,14468,601.18,603.3903,2.2103
Magnolia (1999),78,,14469,14590,603.432,608.4784,5.0464
Magnolia (1999),79,,14591,14809,608.5201,617.6118,9.0917
Magnolia (1999),80,,14810,15005,617.6535,625.786,8.1325
Magnolia (1999),81,,15006,15108,625.8277,630.0816,4.2539
Magnolia (1999),82,,15109,15272,630.1234,636.9213,6.7979
Magnolia (1999),83,,15273,15467,636.963,645.0538,8.0908
Magnolia (1999),84,,15468,15833,645.0955,660.3179,15.2224
Magnolia (1999),85,,15834,16102,660.3596,671.5366,11.177
Magnolia (1999),86,,16103,16267,671.5783,678.4179,6.8396
Magnolia (1999),87,,16268,16532,678.4596,689.4698,11.0102
Magnolia (1999),88,,16533,16874,689.5115,703.733,14.2215
Magnolia (1999),89,,16875,17680,703.7747,737.3473,33.5726
Magnolia (1999),90,,17681,18133,737.389,756.2398,18.8508
Magnolia (1999),91,,18134,18554,756.2815,773.7977,17.5162
Magnolia (1999),92,,18555,18618,773.8394,776.4668,2.6274
Magnolia (1999),93,,18640,18798,777.3843,783.9737,6.5894
Magnolia (1999),94,,18799,19321,784.0154,805.7855,21.7701
Magnolia (1999),95,,19322,19743,805.8272,823.3851,17.5579
Magnolia (1999),96,,19744,20017,823.4268,834.8123,11.3855
Magnolia (1999),97,,20018,20275,834.854,845.5722,10.7182
Magnolia (1999),98,,20276,20683,845.6139,862.5879,16.974
Magnolia (1999),99,,20684,20934,862.6297,873.0559,10.4262
Magnolia (1999),100,,20935,21469,873.0977,895.3682,22.2705
Magnolia (1999),101,,21470,21476,895.4099,895.6601,0.2502
Magnolia (1999),102,,21477,21583,895.7019,900.1226,4.4207
Magnolia (1999),103,,21584,21733,900.1643,906.3784,6.2141
Magnolia (1999),104,,21734,21945,906.4201,915.2199,8.7998
Magnolia (1999),105,,21946,22103,915.2616,921.8093,6.5477
Magnolia (1999),106,,22104,22251,921.851,927.9816,6.1306
Magnolia (1999),107,,22252,22482,928.0234,937.6155,9.5921
Magnolia (1999),108,,22483,22586,937.6572,941.9529,4.2957
Magnolia (1999),109,,22587,22758,941.9946,949.1262,7.1316
Magnolia (1999),110,,22759,22851,949.1679,953.0047,3.8368
Magnolia (1999),111,,22852,22963,953.0465,957.6757,4.6292
Magnolia (1999),112,,22964,23053,957.7174,961.4292,3.7118
Magnolia (1999),113,,23054,23140,961.4709,965.0575,3.5866
Magnolia (1999),114,,23141,23240,965.0992,969.2281,4.1289
Magnolia (1999),115,,23241,23438,969.2698,977.4857,8.2159
Magnolia (1999),116,,23439,23474,977.5274,978.9871,1.4597
Magnolia (1999),117,,23475,23508,979.0288,980.405,1.3762
Magnolia (1999),118,,23509,23556,980.4467,982.4069,1.9602
Magnolia (1999),119,,23557,23669,982.4486,987.1196,4.671
Magnolia (1999),120,,23670,23806,987.1613,992.8332,5.6719
Magnolia (1999),121,,23807,23925,992.8749,997.7961,4.9212
Magnolia (1999),122,,23926,24004,997.8378,1001.091,3.2532
Magnolia (1999),123,,24005,24169,1001.133,1007.972,6.839
Magnolia (1999),124,,24170,24404,1008.014,1017.773,9.759
Magnolia (1999),125,,24405,24645,1017.815,1027.824,10.009
Magnolia (1999),126,,24646,24739,1027.866,1031.744,3.878
Magnolia (1999),127,,24740,24878,1031.786,1037.541,5.755
Magnolia (1999),128,,24879,25003,1037.583,1042.754,5.171
Magnolia (1999),129,,25004,25128,1042.796,1047.967,5.171
Magnolia (1999),130,,25129,25175,1048.009,1049.928,1.919
Magnolia (1999),131,,25176,25438,1049.969,1060.896,10.927
Magnolia (1999),132,,25439,25519,1060.938,1064.274,3.336
Magnolia (1999),133,,25520,25556,1064.316,1065.817,1.501
Magnolia (1999),134,,25557,25603,1065.859,1067.777,1.918
Magnolia (1999),135,,25604,25976,1067.819,1083.333,15.514
Magnolia (1999),136,,25977,26293,1083.375,1096.554,13.179
Magnolia (1999),137,,26294,26427,1096.596,1102.142,5.546
Magnolia (1999),138,,26428,26727,1102.184,1114.654,12.47
Magnolia (1999),139,,26728,27137,1114.696,1131.753,17.057
Magnolia (1999),140,,27138,27745,1131.795,1157.11,25.315
Magnolia (1999),141,,27746,27782,1157.152,1158.653,1.501
Magnolia (1999),142,,27783,29434,1158.695,1227.55,68.855
Magnolia (1999),143,,29435,29984,1227.592,1250.488,22.896
Magnolia (1999),144,,29985,31121,1250.529,1297.906,47.377
Magnolia (1999),145,,31122,32301,1297.948,1347.119,49.171
Magnolia (1999),146,,32302,32755,1347.16,1366.053,18.893
Magnolia (1999),147,,32756,33500,1366.094,1397.123,31.029
Magnolia (1999),148,,33501,34320,1397.165,1431.321,34.156
Magnolia (1999),149,,34321,34480,1431.363,1437.994,6.631
Magnolia (1999),150,,34481,34634,1438.036,1444.417,6.381
Magnolia (1999),151,,34635,35281,1444.458,1471.4,26.942
Magnolia (1999),152,,35282,37063,1471.442,1545.719,74.277
Magnolia (1999),153,,37064,37101,1545.76,1547.303,1.543
Magnolia (1999),154,,37102,37135,1547.345,1548.721,1.376
Magnolia (1999),155,,37136,39114,1548.763,1631.256,82.493
Magnolia (1999),156,,39115,41050,1631.298,1711.997,80.699
Magnolia (1999),157,,41051,41822,1712.039,1744.193,32.154
Magnolia (1999),158,,41823,41937,1744.235,1748.99,4.755
Magnolia (1999),159,,41938,42713,1749.031,1781.353,32.322
Magnolia (1999),160,,42714,44851,1781.394,1870.518,89.124
Magnolia (1999),161,,44852,45417,1870.56,1894.124,23.564
Magnolia (1999),162,,45418,45872,1894.165,1913.099,18.934
Magnolia (1999),163,,45873,46840,1913.141,1953.47,40.329
Magnolia (1999),164,,46841,47220,1953.512,1969.318,15.806
Magnolia (1999),165,,47221,47398,1969.36,1976.741,7.381
Magnolia (1999),166,,47399,47546,1976.783,1982.914,6.131
Magnolia (1999),167,,47547,47885,1982.956,1997.052,14.096
Magnolia (1999),168,,47886,48199,1997.094,2010.147,13.053
Magnolia (1999),169,,48200,48338,2010.189,2015.944,5.755
Magnolia (1999),170,,48339,48673,2015.986,2029.916,13.93
Magnolia (1999),171,,48674,48986,2029.957,2042.969,13.012
Magnolia (1999),172,,48987,49093,2043.011,2047.432,4.421
Magnolia (1999),173,,49094,49472,2047.473,2063.238,15.765
Magnolia (1999),174,,49473,49576,2063.28,2067.575,4.295
Magnolia (1999),175,,49577,49731,2067.617,2074.04,6.423
Magnolia (1999),176,,49732,50026,2074.081,2086.343,12.262
Magnolia (1999),177,,50027,50642,2086.384,2112.033,25.649
Magnolia (1999),178,,50643,50673,2112.075,2113.326,1.251
Magnolia (1999),179,,50674,50703,2113.368,2114.577,1.209
Magnolia (1999),180,,50704,51021,2114.619,2127.839,13.22
Magnolia (1999),181,,51022,51428,2127.881,2144.813,16.932
Magnolia (1999),182,,51429,51571,2144.855,2150.777,5.922
Magnolia (1999),183,,51572,51928,2150.819,2165.666,14.847
Magnolia (1999),184,,51929,52088,2165.708,2172.339,6.631
Magnolia (1999),185,,52089,52368,2172.38,2184.016,11.636
Magnolia (1999),186,,52369,52985,2184.058,2209.748,25.69
Magnolia (1999),187,,52986,53517,2209.79,2231.935,22.145
Magnolia (1999),188,,53518,53624,2231.977,2236.398,4.421
Magnolia (1999),189,,53625,54326,2236.44,2265.675,29.235
Magnolia (1999),190,,54327,54454,2265.717,2271.013,5.296
Magnolia (1999),191,,54455,54805,2271.055,2285.652,14.597
Magnolia (1999),192,,54806,54840,2285.693,2287.111,1.418
Magnolia (1999),193,,54841,55031,2287.153,2295.077,7.924
Magnolia (1999),194,,55032,55102,2295.119,2298.038,2.919
Magnolia (1999),195,,55103,55741,2298.08,2324.688,26.608
Magnolia (1999),196,,55742,57122,2324.729,2382.282,57.553
Magnolia (1999),197,,57123,57302,2382.324,2389.789,7.465
Magnolia (1999),198,,57303,57513,2389.831,2398.589,8.758
Magnolia (1999),199,,57514,57694,2398.631,2406.138,7.507
Magnolia (1999),200,,57695,57974,2406.18,2417.815,11.635
Magnolia (1999),201,,57975,58363,2417.857,2434.039,16.182
Magnolia (1999),202,,58364,59019,2434.08,2461.397,27.317
Magnolia (1999),203,,59020,59591,2461.439,2485.253,23.814
Magnolia (1999),204,,59592,60593,2485.294,2527.041,41.747
Magnolia (1999),205,,60594,61452,2527.083,2562.866,35.783
Magnolia (1999),206,,61453,61802,2562.908,2577.463,14.555
Magnolia (1999),207,,61803,62041,2577.504,2587.43,9.926
Magnolia (1999),208,,62046,62289,2587.639,2597.773,10.134
Magnolia (1999),209,,62290,62495,2597.815,2606.364,8.549
Magnolia (1999),210,,62496,65549,2606.406,2733.732,127.326
Magnolia (1999),211,,65550,66107,2733.774,2757.003,23.229
Magnolia (1999),212,,66108,67125,2757.045,2799.459,42.414
Magnolia (1999),213,,67126,67712,2799.501,2823.94,24.439
Magnolia (1999),214,,67713,67909,2823.982,2832.156,8.174
Magnolia (1999),215,,67910,68377,2832.198,2851.674,19.476
Magnolia (1999),216,,68378,68743,2851.716,2866.938,15.222
Magnolia (1999),217,,68744,68900,2866.98,2873.486,6.506
Magnolia (1999),218,,68901,69106,2873.528,2882.077,8.549
Magnolia (1999),219,,69107,69176,2882.119,2884.997,2.878
Magnolia (1999),220,,69177,69350,2885.038,2892.253,7.215
Magnolia (1999),221,,69351,69424,2892.295,2895.339,3.044
Magnolia (1999),222,,69425,69527,2895.381,2899.635,4.254
Magnolia (1999),223,,69528,69618,2899.677,2903.43,3.753
Magnolia (1999),224,,69619,69665,2903.472,2905.39,1.918
Magnolia (1999),225,,69666,70036,2905.432,2920.863,15.431
Magnolia (1999),226,,70037,70077,2920.905,2922.573,1.668
Magnolia (1999),227,,70078,70107,2922.615,2923.824,1.209
Magnolia (1999),228,,70108,70221,2923.866,2928.578,4.712
Magnolia (1999),229,,70222,70426,2928.62,2937.128,8.508
Magnolia (1999),230,,70427,70616,2937.17,2945.052,7.882
Magnolia (1999),231,,70617,72142,2945.094,3008.694,63.6
Magnolia (1999),232,,72143,72376,3008.736,3018.453,9.717
Magnolia (1999),233,,72377,72473,3018.495,3022.498,4.003
Magnolia (1999),234,,72474,72845,3022.54,3038.013,15.473
Magnolia (1999),235,,72846,74606,3038.055,3111.456,73.401
Magnolia (1999),236,,74607,75113,3111.497,3132.6,21.103
Magnolia (1999),237,,75114,76340,3132.642,3183.772,51.13
Magnolia (1999),238,,76341,76747,3183.814,3200.746,16.932
Magnolia (1999),239,,76748,76970,3200.788,3210.047,9.259
Magnolia (1999),240,,76971,77096,3210.088,3215.301,5.213
Magnolia (1999),241,,77097,77512,3215.343,3232.651,17.308
Magnolia (1999),242,,77513,79486,3232.693,3314.977,82.284
Magnolia (1999),243,,79487,79800,3315.019,3328.072,13.053
Magnolia (1999),244,,79806,80282,3328.322,3348.174,19.852
Magnolia (1999),245,,80283,80776,3348.216,3368.776,20.56
Magnolia (1999),246,,80777,81180,3368.818,3385.625,16.807
Magnolia (1999),247,,81181,81330,3385.667,3391.881,6.214
Magnolia (1999),248,,81331,81446,3391.923,3396.719,4.796
Magnolia (1999),249,,81447,81611,3396.761,3403.6,6.839
Magnolia (1999),250,,81612,81688,3403.642,3406.812,3.17
Magnolia (1999),251,,81689,81886,3406.853,3415.069,8.216
Magnolia (1999),252,,81887,82013,3415.111,3420.366,5.255
Magnolia (1999),253,,82014,82167,3420.407,3426.788,6.381
Magnolia (1999),254,,82168,82222,3426.83,3429.082,2.252
Magnolia (1999),255,,82223,82290,3429.124,3431.918,2.794
Magnolia (1999),256,,82291,82347,3431.96,3434.295,2.335
Magnolia (1999),257,,82348,82403,3434.337,3436.631,2.294
Magnolia (1999),258,,82404,82558,3436.673,3443.095,6.422
Magnolia (1999),259,,82559,82627,3443.137,3445.973,2.836
Magnolia (1999),260,,82628,82739,3446.014,3450.644,4.63
Magnolia (1999),261,,82740,86373,3450.685,3602.2,151.515
Magnolia (1999),262,,86374,88989,3602.242,3711.301,109.059
Magnolia (1999),263,,88990,89421,3711.343,3729.318,17.975
Magnolia (1999),264,,89422,89619,3729.359,3737.575,8.216
Magnolia (1999),265,,89620,89868,3737.617,3747.96,10.343
Magnolia (1999),266,,89869,90031,3748.002,3754.758,6.756
Magnolia (1999),267,,90032,91484,3754.8,3815.355,60.555
Magnolia (1999),268,,91485,91624,3815.397,3821.194,5.797
Magnolia (1999),269,,91625,91801,3821.236,3828.576,7.34
Magnolia (1999),270,,91802,92002,3828.618,3836.959,8.341
Magnolia (1999),271,,92003,92293,3837,3849.095,12.095
Magnolia (1999),272,,92294,92456,3849.137,3855.893,6.756
Magnolia (1999),273,,92457,92559,3855.935,3860.188,4.253
Magnolia (1999),274,,92560,92665,3860.23,3864.609,4.379
Magnolia (1999),275,,92666,92911,3864.651,3874.869,10.218
Magnolia (1999),276,,92912,93116,3874.91,3883.418,8.508
Magnolia (1999),277,,93117,93921,3883.46,3916.991,33.531
Magnolia (1999),278,,93922,94267,3917.033,3931.421,14.388
Magnolia (1999),279,,94268,94529,3931.463,3942.348,10.885
Magnolia (1999),280,,94530,94731,3942.389,3950.772,8.383
Magnolia (1999),281,,94732,95102,3950.814,3966.245,15.431
Magnolia (1999),282,,95103,95384,3966.286,3978.006,11.72
Magnolia (1999),283,,95385,95668,3978.047,3989.85,11.803
Magnolia (1999),284,,95669,96005,3989.892,4003.904,14.012
Magnolia (1999),285,,96006,96066,4003.946,4006.448,2.502
Magnolia (1999),286,,96067,96570,4006.49,4027.468,20.978
Magnolia (1999),287,,96571,96737,4027.51,4034.433,6.923
Magnolia (1999),288,,96738,96862,4034.474,4039.646,5.172
Magnolia (1999),289,,96863,96970,4039.687,4044.15,4.463
Magnolia (1999),290,,96971,97057,4044.192,4047.778,3.586
Magnolia (1999),291,,97058,97567,4047.82,4069.048,21.228
Magnolia (1999),292,,97568,97762,4069.09,4077.18,8.09
Magnolia (1999),293,,97763,97807,4077.222,4079.057,1.835
Magnolia (1999),294,,97808,97949,4079.099,4084.979,5.88
Magnolia (1999),295,,97950,97981,4085.021,4086.314,1.293
Magnolia (1999),296,,97982,98090,4086.356,4090.86,4.504
Magnolia (1999),297,,98091,98230,4090.901,4096.698,5.797
Magnolia (1999),298,,98231,98274,4096.74,4098.533,1.793
Magnolia (1999),299,,98275,98303,4098.575,4099.743,1.168
Magnolia (1999),300,,98304,98396,4099.785,4103.622,3.837
Magnolia (1999),301,,98397,98486,4103.663,4107.375,3.712
Magnolia (1999),302,,98487,98568,4107.417,4110.795,3.378
Magnolia (1999),303,,98569,98698,4110.837,4116.216,5.379
Magnolia (1999),304,,98699,98774,4116.258,4119.386,3.128
Magnolia (1999),305,,98775,98835,4119.428,4121.93,2.502
Magnolia (1999),306,,98836,99011,4121.972,4129.27,7.298
Magnolia (1999),307,,99012,99174,4129.312,4136.068,6.756
Magnolia (1999),308,,99175,99243,4136.11,4138.946,2.836
Magnolia (1999),309,,99244,99373,4138.987,4144.367,5.38
Magnolia (1999),310,,99374,99529,4144.409,4150.873,6.464
Magnolia (1999),311,,99530,101199,4150.915,4220.521,69.606
Magnolia (1999),312,,101200,101381,4220.563,4228.111,7.548
Magnolia (1999),313,,101382,101832,4228.153,4246.92,18.767
Magnolia (1999),314,,101833,102010,4246.962,4254.344,7.382
Magnolia (1999),315,,102011,102581,4254.386,4278.158,23.772
Magnolia (1999),316,,102582,102701,4278.199,4283.162,4.963
Magnolia (1999),317,,102702,103245,4283.204,4305.85,22.646
Magnolia (1999),318,,103246,103379,4305.892,4311.438,5.546
Magnolia (1999),319,,103380,103648,4311.48,4322.657,11.177
Magnolia (1999),320,,103649,104062,4322.699,4339.923,17.224
Magnolia (1999),321,,104063,104592,4339.965,4362.027,22.062
Magnolia (1999),322,,104593,105270,4362.068,4390.303,28.235
Magnolia (1999),323,,105271,105312,4390.345,4392.054,1.709
Magnolia (1999),324,,105313,105979,4392.096,4419.872,27.776
Magnolia (1999),325,,105980,106276,4419.913,4432.258,12.345
Magnolia (1999),326,,106277,106872,4432.3,4457.115,24.815
Magnolia (1999),327,,106873,108726,4457.156,4534.436,77.28
Magnolia (1999),328,,108727,109079,4534.478,4549.158,14.68
Magnolia (1999),329,,109080,109311,4549.2,4558.833,9.633
Magnolia (1999),330,,109312,109720,4558.875,4575.891,17.016
Magnolia (1999),331,,109721,109874,4575.933,4582.313,6.38
Magnolia (1999),332,,109875,110150,4582.355,4593.824,11.469
Magnolia (1999),333,,110151,110347,4593.866,4602.04,8.174
Magnolia (1999),334,,110348,112677,4602.082,4699.213,97.131
Magnolia (1999),335,,112678,113273,4699.255,4724.069,24.814
Magnolia (1999),336,,113274,116099,4724.111,4841.928,117.817
Magnolia (1999),337,,116100,118152,4841.97,4927.549,85.579
Magnolia (1999),338,,118153,118211,4927.59,4930.009,2.419
Magnolia (1999),339,,118212,118812,4930.051,4955.074,25.023
Magnolia (1999),340,,118813,119229,4955.116,4972.465,17.349
Magnolia (1999),341,,119230,119261,4972.507,4973.8,1.293
Magnolia (1999),342,,119262,119432,4973.842,4980.931,7.089
Magnolia (1999),343,,119433,119589,4980.973,4987.479,6.506
Magnolia (1999),344,,119590,119661,4987.521,4990.482,2.961
Magnolia (1999),345,,119662,119757,4990.524,4994.486,3.962
Magnolia (1999),346,,119758,119863,4994.527,4998.906,4.379
Magnolia (1999),347,,119864,120231,4998.948,5014.254,15.306
Magnolia (1999),348,,120232,120508,5014.296,5025.806,11.51
Magnolia (1999),349,,120509,120652,5025.848,5031.812,5.964
Magnolia (1999),350,,120653,120747,5031.853,5035.774,3.921
Magnolia (1999),351,,120748,121602,5035.815,5071.432,35.617
Magnolia (1999),352,,121603,122127,5071.473,5093.327,21.854
Magnolia (1999),353,,122128,122769,5093.369,5120.102,26.733
Magnolia (1999),354,,122770,124389,5120.143,5187.664,67.521
Magnolia (1999),355,,124390,124588,5187.706,5195.963,8.257
Magnolia (1999),356,,124589,124874,5196.005,5207.891,11.886
Magnolia (1999),357,,124875,125220,5207.933,5222.321,14.388
Magnolia (1999),358,,125221,125315,5222.363,5226.283,3.92
Magnolia (1999),359,,125316,125717,5226.325,5243.048,16.723
Magnolia (1999),360,,125718,126359,5243.09,5269.823,26.733
Magnolia (1999),361,,126360,126439,5269.865,5273.159,3.294
Magnolia (1999),362,,126440,126552,5273.201,5277.872,4.671
Magnolia (1999),363,,126553,126639,5277.914,5281.501,3.587
Magnolia (1999),364,,126640,126987,5281.542,5296.014,14.472
Magnolia (1999),365,,126988,127608,5296.056,5321.913,25.857
Magnolia (1999),366,,127609,127860,5321.955,5332.423,10.468
Magnolia (1999),367,,127861,128109,5332.464,5342.807,10.343
Magnolia (1999),368,,128110,128292,5342.849,5350.439,7.59
Magnolia (1999),369,,128293,128455,5350.481,5357.237,6.756
Magnolia (1999),370,,128456,128644,5357.279,5365.119,7.84
Magnolia (1999),371,,128645,128921,5365.161,5376.672,11.511
Magnolia (1999),372,,128922,129232,5376.713,5389.642,12.929
Magnolia (1999),373,,129233,129511,5389.684,5401.278,11.594
Magnolia (1999),374,,129512,129734,5401.319,5410.578,9.259
Magnolia (1999),375,,129735,130398,5410.62,5438.27,27.65
Magnolia (1999),376,,130399,130812,5438.312,5455.536,17.224
Magnolia (1999),377,,130813,131032,5455.578,5464.711,9.133
Magnolia (1999),378,,131033,131271,5464.753,5474.679,9.926
Magnolia (1999),379,,131272,131509,5474.721,5484.605,9.884
Magnolia (1999),380,,131510,131758,5484.646,5494.989,10.343
Magnolia (1999),381,,131759,132285,5495.031,5516.968,21.937
Magnolia (1999),382,,132286,133089,5517.01,5550.499,33.489
Magnolia (1999),383,,133090,133552,5550.541,5569.808,19.267
Magnolia (1999),384,,133553,133745,5569.85,5577.857,8.007
Magnolia (1999),385,,133746,133999,5577.899,5588.451,10.552
Magnolia (1999),386,,134000,134243,5588.492,5598.627,10.135
Magnolia (1999),387,,134244,134338,5598.668,5602.589,3.921
Magnolia (1999),388,,134339,134644,5602.63,5615.35,12.72
Magnolia (1999),389,,134645,134920,5615.392,5626.861,11.469
Magnolia (1999),390,,134921,135173,5626.903,5637.412,10.509
Magnolia (1999),391,,135174,135759,5637.454,5661.852,24.398
Magnolia (1999),392,,135760,135929,5661.893,5668.942,7.049
Magnolia (1999),393,,135930,136214,5668.983,5680.827,11.844
Magnolia (1999),394,,136215,136506,5680.869,5693.005,12.136
Magnolia (1999),395,,136507,136575,5693.047,5695.883,2.836
Magnolia (1999),396,,136576,136703,5695.925,5701.221,5.296
Magnolia (1999),397,,136704,136838,5701.263,5706.852,5.589
Magnolia (1999),398,,136839,137052,5706.893,5715.776,8.883
Magnolia (1999),399,,137053,137166,5715.818,5720.531,4.713
Magnolia (1999),400,,137167,137468,5720.573,5733.126,12.553
Magnolia (1999),401,,137469,137653,5733.167,5740.841,7.674
Magnolia (1999),402,,137654,137813,5740.883,5747.514,6.631
Magnolia (1999),403,,137814,137915,5747.556,5751.768,4.212
Magnolia (1999),404,,137916,138291,5751.81,5767.449,15.639
Magnolia (1999),405,,138292,138377,5767.491,5771.036,3.545
Magnolia (1999),406,,138378,138418,5771.077,5772.746,1.669
Magnolia (1999),407,,138419,140058,5772.787,5841.142,68.355
Magnolia (1999),408,,140059,140263,5841.184,5849.692,8.508
Magnolia (1999),409,,140264,140284,5849.733,5850.568,0.835
Magnolia (1999),410,,140286,140295,5850.651,5851.026,0.375
Magnolia (1999),411,,140296,140363,5851.068,5853.862,2.794
Magnolia (1999),412,,140364,140391,5853.904,5855.03,1.126
Magnolia (1999),413,,140392,140454,5855.072,5857.657,2.585
Magnolia (1999),414,,140455,142083,5857.699,5925.595,67.896
Magnolia (1999),415,,142084,142131,5925.637,5927.597,1.96
Magnolia (1999),416,,142132,142265,5927.639,5933.185,5.546
Magnolia (1999),417,,142266,142373,5933.227,5937.69,4.463
Magnolia (1999),418,,142374,142928,5937.731,5960.836,23.105
Magnolia (1999),419,,142929,143638,5960.878,5990.447,29.569
Magnolia (1999),420,,143639,143940,5990.488,6003.042,12.554
Magnolia (1999),421,,143941,144321,6003.083,6018.931,15.848
Magnolia (1999),422,,144322,145590,6018.973,6071.855,52.882
Magnolia (1999),423,,145591,146205,6071.897,6097.504,25.607
Magnolia (1999),424,,146206,146467,6097.546,6108.431,10.885
Magnolia (1999),425,,146468,147098,6108.472,6134.747,26.275
Magnolia (1999),426,,147099,147218,6134.788,6139.751,4.963
Magnolia (1999),427,,147219,147500,6139.793,6151.512,11.719
Magnolia (1999),428,,147501,147593,6151.554,6155.391,3.837
Magnolia (1999),429,,147594,147810,6155.432,6164.441,9.009
Magnolia (1999),430,,147811,148975,6164.482,6213.027,48.545
Magnolia (1999),431,,148976,149209,6213.069,6222.786,9.717
Magnolia (1999),432,,149210,149382,6222.828,6230.001,7.173
Magnolia (1999),433,,149383,149504,6230.043,6235.089,5.046
Magnolia (1999),434,,149505,149702,6235.131,6243.347,8.216
Magnolia (1999),435,,149703,149947,6243.388,6253.565,10.177
Magnolia (1999),436,,149948,150163,6253.606,6262.573,8.967
Magnolia (1999),437,,150164,150395,6262.615,6272.248,9.633
Magnolia (1999),438,,150396,150687,6272.29,6284.426,12.136
Magnolia (1999),439,,150688,150804,6284.468,6289.306,4.838
Magnolia (1999),440,,150805,150851,6289.348,6291.266,1.918
Magnolia (1999),441,,150852,151783,6291.308,6330.135,38.827
Magnolia (1999),442,,151784,152313,6330.177,6352.239,22.062
Magnolia (1999),443,,152314,152792,6352.281,6372.216,19.935
Magnolia (1999),444,,152793,152948,6372.257,6378.722,6.465
Magnolia (1999),445,,152949,153794,6378.763,6414.004,35.241
Magnolia (1999),446,,153795,154384,6414.046,6438.61,24.564
Magnolia (1999),447,,154385,154562,6438.652,6446.034,7.382
Magnolia (1999),448,,154563,155682,6446.076,6492.744,46.668
Magnolia (1999),449,,155683,155802,6492.785,6497.748,4.963
Magnolia (1999),450,,155803,155982,6497.79,6505.255,7.465
Magnolia (1999),451,,155983,156085,6505.297,6509.551,4.254
Magnolia (1999),452,,156086,156122,6509.593,6511.094,1.501
Magnolia (1999),453,,156123,156225,6511.136,6515.39,4.254
Magnolia (1999),454,,156226,156367,6515.431,6521.312,5.881
Magnolia (1999),455,,156368,156491,6521.353,6526.483,5.13
Magnolia (1999),456,,156492,156534,6526.525,6528.276,1.751
Magnolia (1999),457,,156535,156575,6528.318,6529.986,1.668
Magnolia (1999),458,,156576,156757,6530.028,6537.577,7.549
Magnolia (1999),459,,156758,157690,6537.618,6576.488,38.87
Magnolia (1999),460,,157691,157799,6576.529,6581.033,4.504
Magnolia (1999),461,,157800,158725,6581.075,6619.652,38.577
Magnolia (1999),462,,158726,158804,6619.694,6622.947,3.253
Magnolia (1999),463,,158805,158860,6622.989,6625.283,2.294
Magnolia (1999),464,,158861,159054,6625.324,6633.373,8.049
Magnolia (1999),465,,159055,159091,6633.415,6634.917,1.502
Magnolia (1999),466,,159092,159151,6634.958,6637.419,2.461
Magnolia (1999),467,,159152,159219,6637.461,6640.255,2.794
Magnolia (1999),468,,159220,159363,6640.297,6646.26,5.963
Magnolia (1999),469,,159364,159500,6646.302,6651.974,5.672
Magnolia (1999),470,,159501,159778,6652.016,6663.568,11.552
Magnolia (1999),471,,159779,160397,6663.61,6689.384,25.774
Magnolia (1999),472,,160398,160608,6689.425,6698.183,8.758
Magnolia (1999),473,,160609,160827,6698.225,6707.317,9.092
Magnolia (1999),474,,160828,161006,6707.358,6714.782,7.424
Magnolia (1999),475,,161007,161237,6714.824,6724.416,9.592
Magnolia (1999),476,,161238,161450,6724.458,6733.299,8.841
Magnolia (1999),477,,161451,161713,6733.341,6744.268,10.927
Magnolia (1999),478,,161714,161792,6744.309,6747.562,3.253
Magnolia (1999),479,,161794,162412,6747.646,6773.419,25.773
Magnolia (1999),480,,162413,162613,6773.461,6781.802,8.341
Magnolia (1999),481,,162614,162824,6781.844,6790.602,8.758
Magnolia (1999),482,,162825,163791,6790.644,6830.931,40.287
Magnolia (1999),483,,163792,163990,6830.973,6839.23,8.257
Magnolia (1999),484,,163991,164206,6839.272,6848.238,8.966
Magnolia (1999),485,,164207,164322,6848.28,6853.076,4.796
Magnolia (1999),486,,164323,164697,6853.118,6868.716,15.598
Magnolia (1999),487,,164698,165768,6868.757,6913.382,44.625
Magnolia (1999),488,,165769,165865,6913.424,6917.427,4.003
Magnolia (1999),489,,165866,166552,6917.469,6946.079,28.61
Magnolia (1999),490,,166553,166926,6946.121,6961.677,15.556
Magnolia (1999),491,,166927,167019,6961.718,6965.555,3.837
Magnolia (1999),492,,167020,167344,6965.597,6979.109,13.512
Magnolia (1999),493,,167345,168524,6979.151,7028.321,49.17
Magnolia (1999),494,,168525,168699,7028.363,7035.62,7.257
Magnolia (1999),495,,168700,169052,7035.662,7050.342,14.68
Magnolia (1999),496,,169053,169162,7050.383,7054.929,4.546
Magnolia (1999),497,,169163,169305,7054.971,7060.893,5.922
Magnolia (1999),498,,169306,170173,7060.935,7097.093,36.158
Magnolia (1999),499,,170174,170633,7097.135,7116.278,19.143
Magnolia (1999),500,,170634,170699,7116.319,7119.03,2.711
Magnolia (1999),501,,170703,170704,7119.197,7119.239,0.042
Magnolia (1999),502,,170706,170879,7119.322,7126.537,7.215
Magnolia (1999),503,,170880,171191,7126.579,7139.549,12.97
Magnolia (1999),504,,171192,171774,7139.591,7163.863,24.272
Magnolia (1999),505,,171775,171946,7163.905,7171.036,7.131
Magnolia (1999),506,,171947,172077,7171.078,7176.5,5.422
Magnolia (1999),507,,172078,172261,7176.542,7184.174,7.632
Magnolia (1999),508,,172262,172482,7184.215,7193.39,9.175
Magnolia (1999),509,,172483,172673,7193.432,7201.356,7.924
Magnolia (1999),510,,172674,174096,7201.398,7260.703,59.305
Magnolia (1999),511,,174097,174840,7260.744,7291.731,30.987
Magnolia (1999),512,,174841,174994,7291.773,7298.154,6.381
Magnolia (1999),513,,174995,176327,7298.196,7353.747,55.551
Magnolia (1999),514,,176328,176534,7353.789,7362.38,8.591
Magnolia (1999),515,,176535,176836,7362.421,7374.975,12.554
Magnolia (1999),516,,176837,177930,7375.016,7420.6,45.584
Magnolia (1999),517,,177931,178949,7420.642,7463.098,42.456
Magnolia (1999),518,,178950,179468,7463.139,7484.743,21.604
Magnolia (1999),519,,179469,179737,7484.784,7495.961,11.177
Magnolia (1999),520,,179738,180746,7496.003,7538.042,42.039
Magnolia (1999),521,,180747,181086,7538.084,7552.222,14.138
Magnolia (1999),522,,181087,185223,7552.263,7724.756,172.493
Magnolia (1999),523,,185224,188107,7724.798,7845.034,120.236
Magnolia (1999),524,,188108,188310,7845.075,7853.5,8.425
Magnolia (1999),525,,188311,191559,7853.542,7989,135.458
Magnolia (1999),526,,191560,193692,7989.042,8077.957,88.915
Magnolia (1999),527,,193693,194049,8077.999,8092.846,14.847
Magnolia (1999),528,,194050,194396,8092.887,8107.317,14.43
Magnolia (1999),529,,194397,194972,8107.359,8131.34,23.981
Magnolia (1999),530,,194973,195231,8131.381,8142.141,10.76
Magnolia (1999),531,,195232,195392,8142.183,8148.856,6.673
Magnolia (1999),532,,195393,195548,8148.898,8155.362,6.464
Magnolia (1999),533,,195549,195685,8155.404,8161.075,5.671
Magnolia (1999),534,,195686,195790,8161.117,8165.454,4.337
Magnolia (1999),535,,195791,196272,8165.496,8185.556,20.06
Magnolia (1999),536,,196273,196490,8185.598,8194.648,9.05
Magnolia (1999),537,,196491,196646,8194.69,8201.154,6.464
Magnolia (1999),538,,196647,196692,8201.196,8203.073,1.877
Magnolia (1999),539,,196696,196698,8203.239,8203.323,0.084
Magnolia (1999),540,,196702,196807,8203.49,8207.869,4.379
Magnolia (1999),541,,196813,196862,8208.119,8210.162,2.043
Magnolia (1999),542,,196872,196900,8210.579,8211.747,1.168
Magnolia (1999),543,,196904,197012,8211.914,8216.418,4.504
Magnolia (1999),544,,197013,197376,8216.46,8231.599,15.139
Magnolia (1999),545,,197377,197400,8231.641,8232.6,0.959
Magnolia (1999),546,,197401,197535,8232.641,8238.23,5.589
Magnolia (1999),547,,197536,197928,8238.272,8254.62,16.348
Magnolia (1999),548,,197929,198209,8254.662,8266.339,11.677
Magnolia (1999),549,,198210,198552,8266.381,8280.644,14.263
Magnolia (1999),550,,198553,198678,8280.686,8285.899,5.213
Magnolia (1999),551,,198679,199754,8285.941,8330.774,44.833
Magnolia (1999),552,,199755,200152,8330.815,8347.372,16.557
Magnolia (1999),553,,200153,201297,8347.414,8395.125,47.711
Magnolia (1999),554,,201298,201800,8395.167,8416.103,20.936
Magnolia (1999),555,,201801,202236,8416.144,8434.286,18.142
Magnolia (1999),556,,202237,202738,8434.328,8455.222,20.894
Magnolia (1999),557,,202739,203260,8455.264,8476.992,21.728
Magnolia (1999),558,,203261,203646,8477.034,8493.09,16.056
Magnolia (1999),559,,203647,204376,8493.132,8523.535,30.403
Magnolia (1999),560,,204377,204802,8523.577,8541.301,17.724
Magnolia (1999),561,,204803,205210,8541.343,8558.317,16.974
Magnolia (1999),562,,205211,205261,8558.359,8560.444,2.085
Magnolia (1999),563,,205264,205298,8560.569,8561.987,1.418
Magnolia (1999),564,,205299,205397,8562.029,8566.116,4.087
Magnolia (1999),565,,205398,205439,8566.158,8567.868,1.71
Magnolia (1999),566,,205440,205597,8567.909,8574.457,6.548
Magnolia (1999),567,,205598,205690,8574.499,8578.336,3.837
Magnolia (1999),568,,205691,205765,8578.377,8581.463,3.086
Magnolia (1999),569,,205766,205990,8581.505,8590.847,9.342
Magnolia (1999),570,,205991,206043,8590.889,8593.058,2.169
Magnolia (1999),571,,206044,208083,8593.099,8678.136,85.037
Magnolia (1999),572,,208084,209225,8678.178,8725.763,47.585
Magnolia (1999),573,,209226,210089,8725.805,8761.797,35.992
Magnolia (1999),574,,210090,211443,8761.838,8818.265,56.427
Magnolia (1999),575,,211444,212484,8818.307,8861.68,43.373
Magnolia (1999),576,,212485,213562,8861.722,8906.639,44.917
Magnolia (1999),577,,213563,213861,8906.68,8919.109,12.429
Magnolia (1999),578,,213862,214167,8919.15,8931.87,12.72
Magnolia (1999),579,,214168,214385,8931.912,8940.962,9.05
Magnolia (1999),580,,214386,214549,8941.004,8947.802,6.798
Magnolia (1999),581,,214550,214696,8947.843,8953.932,6.089
Magnolia (1999),582,,214697,214936,8953.974,8963.942,9.968
Magnolia (1999),583,,214937,215138,8963.983,8972.366,8.383
Magnolia (1999),584,,215139,215294,8972.408,8978.872,6.464
Magnolia (1999),585,,215295,215527,8978.914,8988.589,9.675
Magnolia (1999),586,,215528,215698,8988.631,8995.721,7.09
Magnolia (1999),587,,215699,216183,8995.763,9015.948,20.185
Magnolia (1999),588,,216184,216482,9015.99,9028.418,12.428
Magnolia (1999),589,,216483,216812,9028.459,9042.18,13.721
Magnolia (1999),590,,216813,216886,9042.222,9045.267,3.045
Magnolia (1999),591,,216887,217270,9045.308,9061.281,15.973
Magnolia (1999),592,,217271,217844,9061.323,9085.22,23.897
Magnolia (1999),593,,217845,218594,9085.262,9116.499,31.237
Magnolia (1999),594,,218595,221461,9116.541,9236.068,119.527
Magnolia (1999),595,,221462,222117,9236.109,9263.426,27.317
Magnolia (1999),596,,222118,222144,9263.468,9264.552,1.084
Magnolia (1999),597,,222145,222383,9264.594,9274.52,9.926
Magnolia (1999),598,,222384,222442,9274.562,9276.981,2.419
Magnolia (1999),599,,222443,222489,9277.022,9278.941,1.919
Magnolia (1999),600,,222490,222688,9278.982,9287.24,8.258
Magnolia (1999),601,,222689,222751,9287.282,9289.867,2.585
Magnolia (1999),602,,222752,223059,9289.909,9302.713,12.804
Magnolia (1999),603,,223060,223229,9302.754,9309.803,7.049
Magnolia (1999),604,,223230,223390,9309.844,9316.517,6.673
Magnolia (1999),605,,223391,224016,9316.559,9342.624,26.065
Magnolia (1999),606,,224017,225078,9342.666,9386.915,44.249
Magnolia (1999),607,,225079,225307,9386.957,9396.466,9.509
Magnolia (1999),608,,225308,225571,9396.508,9407.476,10.968
Magnolia (1999),609,,225572,226025,9407.518,9426.41,18.892
Magnolia (1999),610,,226026,226075,9426.452,9428.495,2.043
Magnolia (1999),611,,226076,226249,9428.537,9435.752,7.215
Magnolia (1999),612,,226250,226399,9435.794,9442.008,6.214
Magnolia (1999),613,,226400,226540,9442.05,9447.888,5.838
Magnolia (1999),614,,226541,226758,9447.93,9456.98,9.05
Magnolia (1999),615,,226759,226926,9457.022,9463.987,6.965
Magnolia (1999),616,,226927,227223,9464.028,9476.373,12.345
Magnolia (1999),617,,227224,227318,9476.415,9480.335,3.92
Magnolia (1999),618,,227319,227470,9480.377,9486.674,6.297
Magnolia (1999),619,,227471,227588,9486.716,9491.595,4.879
Magnolia (1999),620,,227589,227644,9491.637,9493.931,2.294
Magnolia (1999),621,,227645,227728,9493.973,9497.434,3.461
Magnolia (1999),622,,227729,227872,9497.476,9503.44,5.964
Magnolia (1999),623,,227873,228090,9503.481,9512.531,9.05
Magnolia (1999),624,,228091,228323,9512.573,9522.249,9.676
Magnolia (1999),625,,228324,228435,9522.29,9526.92,4.63
Magnolia (1999),626,,228436,228622,9526.961,9534.718,7.757
Magnolia (1999),627,,228623,228718,9534.76,9538.722,3.962
Magnolia (1999),628,,228719,228789,9538.764,9541.683,2.919
Magnolia (1999),629,,228790,228835,9541.725,9543.602,1.877
Magnolia (1999),630,,228836,228878,9543.643,9545.395,1.752
Magnolia (1999),631,,228879,228930,9545.437,9547.564,2.127
Magnolia (1999),632,,228931,228969,9547.605,9549.19,1.585
Magnolia (1999),633,,228970,229042,9549.232,9552.235,3.003
Magnolia (1999),634,,229043,229078,9552.276,9553.736,1.46
Magnolia (1999),635,,229079,229145,9553.778,9556.53,2.752
Magnolia (1999),636,,229146,229219,9556.572,9559.616,3.044
Magnolia (1999),637,,229220,229395,9559.658,9566.957,7.299
Magnolia (1999),638,,229396,229579,9566.998,9574.63,7.632
Magnolia (1999),639,,229580,229819,9574.672,9584.64,9.968
Magnolia (1999),640,,229820,230109,9584.681,9596.734,12.053
Magnolia (1999),641,,230110,230262,9596.776,9603.115,6.339
Magnolia (1999),642,,230263,231111,9603.157,9638.523,35.366
Magnolia (1999),643,,231112,231158,9638.564,9640.483,1.919
Magnolia (1999),644,,231159,231310,9640.524,9646.822,6.298
Magnolia (1999),645,,231311,231367,9646.864,9649.199,2.335
Magnolia (1999),646,,231368,231524,9649.241,9655.747,6.506
Magnolia (1999),647,,231525,231696,9655.789,9662.92,7.131
Magnolia (1999),648,,231697,231766,9662.962,9665.84,2.878
Magnolia (1999),649,,231767,232010,9665.881,9676.016,10.135
Magnolia (1999),650,,232011,232794,9676.057,9708.712,32.655
Magnolia (1999),651,,232795,233070,9708.754,9720.223,11.469
Magnolia (1999),652,,233071,233633,9720.265,9743.703,23.438
Magnolia (1999),653,,233634,234233,9743.745,9768.726,24.981
Magnolia (1999),654,,234234,234417,9768.768,9776.4,7.632
Magnolia (1999),655,,234418,234701,9776.442,9788.244,11.802
Magnolia (1999),656,,234702,235157,9788.286,9807.262,18.976
Magnolia (1999),657,,235158,235220,9807.303,9809.889,2.586
Magnolia (1999),658,,235221,235640,9809.931,9827.405,17.474
Magnolia (1999),659,,235641,236220,9827.447,9851.594,24.147
Magnolia (1999),660,,236221,236743,9851.636,9873.406,21.77
Magnolia (1999),661,,236744,236923,9873.448,9880.913,7.465
Magnolia (1999),662,,236924,237225,9880.955,9893.508,12.553
Magnolia (1999),663,,237226,237592,9893.55,9908.814,15.264
Magnolia (1999),664,,237593,237773,9908.856,9916.362,7.506
Magnolia (1999),665,,237774,238343,9916.404,9940.134,23.73
Magnolia (1999),666,,238344,238488,9940.176,9946.182,6.006
Magnolia (1999),667,,238489,238502,9946.223,9946.766,0.543
Magnolia (1999),668,,238503,238535,9946.807,9948.142,1.335
Magnolia (1999),669,,238536,238550,9948.183,9948.767,0.584
Magnolia (1999),670,,238551,238656,9948.809,9953.188,4.379
Magnolia (1999),671,,238657,239150,9953.23,9973.79,20.56
Magnolia (1999),672,,239151,239371,9973.832,9983.007,9.175
Magnolia (1999),673,,239372,239508,9983.049,9988.721,5.672
Magnolia (1999),674,,239509,239629,9988.763,9993.767,5.004
Magnolia (1999),675,,239630,240405,9993.809,10026.13,32.321
Magnolia (1999),676,,240406,240530,10026.17,10031.34,5.17
Magnolia (1999),677,,240531,240690,10031.39,10038.02,6.63
Magnolia (1999),678,,240691,241009,10038.06,10051.32,13.26
Magnolia (1999),679,,241010,241580,10051.36,10075.13,23.77
Magnolia (1999),680,,241581,241782,10075.18,10083.56,8.38
Magnolia (1999),681,,241783,241899,10083.6,10088.44,4.84
Magnolia (1999),682,,241900,242140,10088.48,10098.49,10.01
Magnolia (1999),683,,242141,242341,10098.53,10106.87,8.34
Magnolia (1999),684,,242342,242441,10106.91,10111.04,4.13
Magnolia (1999),685,,242442,242481,10111.08,10112.71,1.63
Magnolia (1999),686,,242482,242798,10112.75,10125.93,13.18
Magnolia (1999),687,,242799,242904,10125.97,10130.35,4.38
Magnolia (1999),688,,242905,243039,10130.39,10135.98,5.59
Magnolia (1999),689,,243040,243290,10136.02,10146.45,10.43
Magnolia (1999),690,,243291,243553,10146.49,10157.42,10.93
Magnolia (1999),691,,243554,243596,10157.46,10159.21,1.75
Magnolia (1999),692,,243597,243706,10159.25,10163.8,4.55
Magnolia (1999),693,,243707,244075,10163.84,10179.19,15.35
Magnolia (1999),694,,244076,244140,10179.23,10181.9,2.67
Magnolia (1999),695,,244141,244173,10181.94,10183.28,1.34
Magnolia (1999),696,,244174,244323,10183.32,10189.53,6.21
Magnolia (1999),697,,244324,244521,10189.57,10197.79,8.22
Magnolia (1999),698,,244522,244926,10197.83,10214.68,16.85
Magnolia (1999),699,,244927,245170,10214.72,10224.86,10.14
Magnolia (1999),700,,245171,245564,10224.9,10241.29,16.39
Magnolia (1999),701,,245565,246330,10241.33,10273.23,31.9
Magnolia (1999),702,,246331,246687,10273.28,10288.12,14.84
Magnolia (1999),703,,246688,247544,10288.16,10323.86,35.7
Magnolia (1999),704,,247545,247843,10323.91,10336.33,12.42
Magnolia (1999),705,,247844,248058,10336.38,10345.3,8.92
Magnolia (1999),706,,248059,248146,10345.34,10348.97,3.63
Magnolia (1999),707,,248147,248223,10349.01,10352.18,3.17
Magnolia (1999),708,,248239,248542,10352.85,10365.49,12.64
Magnolia (1999),709,,248543,248766,10365.53,10374.83,9.3
Magnolia (1999),710,,248767,249032,10374.87,10385.92,11.05
Magnolia (1999),711,,249033,249351,10385.96,10399.22,13.26
Magnolia (1999),712,,249352,249785,10399.27,10417.32,18.05
Magnolia (1999),713,,249786,250311,10417.37,10439.26,21.89
Magnolia (1999),714,,250312,251599,10439.3,10492.98,53.68
Magnolia (1999),715,,251600,251725,10493.02,10498.23,5.21
Magnolia (1999),716,,251726,252037,10498.27,10511.24,12.97
Magnolia (1999),717,,252038,252189,10511.29,10517.58,6.29
Magnolia (1999),718,,252190,253130,10517.63,10556.83,39.2
Magnolia (1999),719,,253131,253246,10556.87,10561.67,4.8
Magnolia (1999),720,,253247,253421,10561.71,10568.96,7.25
Magnolia (1999),721,,253422,254130,10569.01,10598.53,29.52
Magnolia (1999),722,,254131,254934,10598.58,10632.06,33.48
Magnolia (1999),723,,254935,256011,10632.11,10676.98,44.87
Magnolia (1999),724,,256012,257163,10677.02,10725.03,48.01
Magnolia (1999),725,,257164,260277,10725.07,10854.9,129.83
Magnolia (1999),726,,260278,271313,10854.94,11315.15,460.21
Magnolia (1999),727,,271315,271434,11315.24,11320.2,4.96
Magnolia (1999),728,,271435,271484,11320.24,11322.29,2.05
Phantom Thread (2017),1,,0,287,0,11.97029,11.97029
Phantom Thread (2017),2,,300,634,12.5125,26.44308,13.93058
Phantom Thread (2017),3,,635,724,26.48479,30.19683,3.71204
Phantom Thread (2017),4,,745,975,31.07271,40.66562,9.59291
Phantom Thread (2017),5,,992,1082,41.37466,45.12841,3.75375
Phantom Thread (2017),6,,1083,1084,45.17012,45.21183,0.04171
Phantom Thread (2017),7,,1085,1086,45.25354,45.29525,0.04171
Phantom Thread (2017),8,,1096,1988,45.71233,82.91616,37.20383
Phantom Thread (2017),9,,1989,2216,82.95787,92.42566,9.46779
Phantom Thread (2017),10,,2217,2287,92.46737,95.38695,2.91958
Phantom Thread (2017),11,,2288,2430,95.42866,101.3512,5.92254
Phantom Thread (2017),12,,2431,2488,101.393,103.7703,2.3773
Phantom Thread (2017),13,,2489,2600,103.812,108.4417,4.6297
Phantom Thread (2017),14,,2601,2784,108.4834,116.116,7.6326
Phantom Thread (2017),15,,2785,3016,116.1577,125.7923,9.6346
Phantom Thread (2017),16,,3017,3099,125.834,129.2541,3.4201
Phantom Thread (2017),17,,3100,3547,129.2958,147.9394,18.6436
Phantom Thread (2017),18,,3548,3702,147.9812,154.4042,6.423
Phantom Thread (2017),19,,3703,4116,154.4459,171.6715,17.2256
Phantom Thread (2017),20,,4117,4555,171.7132,189.9814,18.2682
Phantom Thread (2017),21,,4556,4642,190.0232,193.6101,3.5869
Phantom Thread (2017),22,,4643,4846,193.6518,202.1186,8.4668
Phantom Thread (2017),23,,4847,5135,202.1603,214.1723,12.012
Phantom Thread (2017),24,,5136,5413,214.214,225.7672,11.5532
Phantom Thread (2017),25,,5414,5466,225.8089,227.9777,2.1688
Phantom Thread (2017),26,,5467,5688,228.0194,237.237,9.2176
Phantom Thread (2017),27,,5689,5858,237.2787,244.3274,7.0487
Phantom Thread (2017),28,,5859,5913,244.3691,246.6214,2.2523
Phantom Thread (2017),29,,5914,5995,246.6631,250.0414,3.3783
Phantom Thread (2017),30,,5996,6039,250.0832,251.8766,1.7934
Phantom Thread (2017),31,,6040,6185,251.9183,257.966,6.0477
Phantom Thread (2017),32,,6186,6264,258.0077,261.261,3.2533
Phantom Thread (2017),33,,6265,6466,261.3027,269.6861,8.3834
Phantom Thread (2017),34,,6467,6696,269.7278,279.279,9.5512
Phantom Thread (2017),35,,6697,6921,279.3207,288.6634,9.3427
Phantom Thread (2017),36,,6922,7079,288.7051,295.2533,6.5482
Phantom Thread (2017),37,,7080,7130,295.295,297.3804,2.0854
Phantom Thread (2017),38,,7131,7355,297.4221,306.7648,9.3427
Phantom Thread (2017),39,,7356,7495,306.8065,312.6039,5.7974
Phantom Thread (2017),40,,7496,7613,312.6456,317.5255,4.8799
Phantom Thread (2017),41,,7614,7739,317.5672,322.7808,5.2136
Phantom Thread (2017),42,,7740,7919,322.8225,330.2883,7.4658
Phantom Thread (2017),43,,7920,8016,330.33,334.334,4.004
Phantom Thread (2017),44,,8017,8246,334.3757,343.9269,9.5512
Phantom Thread (2017),45,,8247,8286,343.9686,345.5952,1.6266
Phantom Thread (2017),46,,8287,8452,345.6369,352.5188,6.8819
Phantom Thread (2017),47,,8453,8551,352.5605,356.6479,4.0874
Phantom Thread (2017),48,,8552,8696,356.6896,362.6956,6.006
Phantom Thread (2017),49,,8697,9015,362.7374,376.0006,13.2632
Phantom Thread (2017),50,,9016,9101,376.0423,379.5875,3.5452
Phantom Thread (2017),51,,9102,9268,379.6292,386.5528,6.9236
Phantom Thread (2017),52,,9269,9365,386.5945,390.5985,4.004
Phantom Thread (2017),53,,9366,9772,390.6402,407.5738,16.9336
Phantom Thread (2017),54,,9773,9936,407.6155,414.414,6.7985
Phantom Thread (2017),55,,9937,10051,414.4557,419.2104,4.7547
Phantom Thread (2017),56,,10052,10105,419.2521,421.4627,2.2106
Phantom Thread (2017),57,,10106,10168,421.5044,424.0903,2.5859
Phantom Thread (2017),58,,10169,10219,424.132,426.2174,2.0854
Phantom Thread (2017),59,,10220,10748,426.2591,448.2811,22.022
Phantom Thread (2017),60,,10749,11217,448.3228,467.8423,19.5195
Phantom Thread (2017),61,,11218,11554,467.8841,481.8981,14.014
Phantom Thread (2017),62,,11555,11816,481.9398,492.8256,10.8858
Phantom Thread (2017),63,,11817,11867,492.8673,494.9528,2.0855
Phantom Thread (2017),64,,11868,12303,494.9945,513.1376,18.1431
Phantom Thread (2017),65,,12304,12558,513.1793,523.7732,10.5939
Phantom Thread (2017),66,,12559,12691,523.8149,529.3204,5.5055
Phantom Thread (2017),67,,12692,13423,529.3621,559.8509,30.4888
Phantom Thread (2017),68,,13424,13858,559.8926,577.994,18.1014
Phantom Thread (2017),69,,13859,14062,578.0358,586.5025,8.4667
Phantom Thread (2017),70,,14063,14869,586.5443,620.1612,33.6169
Phantom Thread (2017),71,,14870,14991,620.2029,625.2496,5.0467
Phantom Thread (2017),72,,14992,15112,625.2913,630.2963,5.005
Phantom Thread (2017),73,,15113,15211,630.338,634.4254,4.0874
Phantom Thread (2017),74,,15212,15473,634.4671,645.353,10.8859
Phantom Thread (2017),75,,15474,15706,645.3947,655.071,9.6763
Phantom Thread (2017),76,,15707,16298,655.1128,679.7624,24.6496
Phantom Thread (2017),77,,16299,16348,679.8041,681.8478,2.0437
Phantom Thread (2017),78,,16350,16351,681.9312,681.9729,0.0417
Phantom Thread (2017),79,,16353,16427,682.0563,685.1427,3.0864
Phantom Thread (2017),80,,16428,16527,685.1845,689.3136,4.1291
Phantom Thread (2017),81,,16528,16874,689.3553,703.7864,14.4311
Phantom Thread (2017),82,,16875,16983,703.8281,708.3326,4.5045
Phantom Thread (2017),83,,16984,17918,708.3743,747.3299,38.9556
Phantom Thread (2017),84,,17919,18000,747.3716,750.75,3.3784
Phantom Thread (2017),85,,18001,18151,750.7917,757.0479,6.2562
Phantom Thread (2017),86,,18152,18351,757.0896,765.3896,8.3
Phantom Thread (2017),87,,18352,18508,765.4313,771.9378,6.5065
Phantom Thread (2017),88,,18509,18606,771.9795,776.0252,4.0457
Phantom Thread (2017),89,,18607,18791,776.0669,783.7412,7.6743
Phantom Thread (2017),90,,18792,18843,783.783,785.9101,2.1271
Phantom Thread (2017),91,,18844,18943,785.9518,790.0809,4.1291
Phantom Thread (2017),92,,18944,19277,790.1226,804.0115,13.8889
Phantom Thread (2017),93,,19278,19577,804.0532,816.524,12.4708
Phantom Thread (2017),94,,19578,19628,816.5657,818.6511,2.0854
Phantom Thread (2017),95,,19629,20146,818.6928,840.256,21.5632
Phantom Thread (2017),96,,20147,20302,840.2977,846.7625,6.4648
Phantom Thread (2017),97,,20303,20359,846.8042,849.1399,2.3357
Phantom Thread (2017),98,,20360,20493,849.1816,854.7288,5.5472
Phantom Thread (2017),99,,20494,20588,854.7705,858.6911,3.9206
Phantom Thread (2017),100,,20589,20714,858.7328,863.9464,5.2136
Phantom Thread (2017),101,,20715,20835,863.9881,868.9931,5.005
Phantom Thread (2017),102,,20836,20983,869.0348,875.1659,6.1311
Phantom Thread (2017),103,,20984,21128,875.2076,881.2136,6.006
Phantom Thread (2017),104,,21129,21233,881.2553,885.593,4.3377
Phantom Thread (2017),105,,21234,21331,885.6347,889.6804,4.0457
Phantom Thread (2017),106,,21332,21391,889.7221,892.1829,2.4608
Phantom Thread (2017),107,,21392,21490,892.2246,896.312,4.0874
Phantom Thread (2017),108,,21491,21548,896.3537,898.7311,2.3774
Phantom Thread (2017),109,,21549,22569,898.7728,941.3153,42.5425
Phantom Thread (2017),110,,22570,22828,941.357,952.1178,10.7608
Phantom Thread (2017),111,,22829,23574,952.1595,983.2322,31.0727
Phantom Thread (2017),112,,23575,23867,983.2739,995.4527,12.1788
Phantom Thread (2017),113,,23868,23992,995.4944,1000.666,5.1716
Phantom Thread (2017),114,,23993,24574,1000.708,1024.941,24.233
Phantom Thread (2017),115,,24575,24732,1024.982,1031.53,6.548
Phantom Thread (2017),116,,24733,24912,1031.572,1039.038,7.466
Phantom Thread (2017),117,,24913,24943,1039.08,1040.331,1.251
Phantom Thread (2017),118,,24944,25018,1040.373,1043.459,3.086
Phantom Thread (2017),119,,25019,25113,1043.501,1047.421,3.92
Phantom Thread (2017),120,,25114,25160,1047.463,1049.382,1.919
Phantom Thread (2017),121,,25161,25272,1049.423,1054.053,4.63
Phantom Thread (2017),122,,25273,25552,1054.095,1065.731,11.636
Phantom Thread (2017),123,,25553,25693,1065.773,1071.612,5.839
Phantom Thread (2017),124,,25694,25901,1071.654,1080.287,8.633
Phantom Thread (2017),125,,25902,25988,1080.329,1083.916,3.587
Phantom Thread (2017),126,,25989,26120,1083.958,1089.422,5.464
Phantom Thread (2017),127,,26121,26251,1089.463,1094.885,5.422
Phantom Thread (2017),128,,26252,26363,1094.927,1099.557,4.63
Phantom Thread (2017),129,,26364,26708,1099.598,1113.946,14.348
Phantom Thread (2017),130,,26709,26871,1113.988,1120.745,6.757
Phantom Thread (2017),131,,26872,26972,1120.786,1124.957,4.171
Phantom Thread (2017),132,,26973,27362,1124.999,1141.223,16.224
Phantom Thread (2017),133,,27363,27593,1141.265,1150.858,9.593
Phantom Thread (2017),134,,27594,27932,1150.9,1164.997,14.097
Phantom Thread (2017),135,,27933,27987,1165.039,1167.291,2.252
Phantom Thread (2017),136,,27988,28043,1167.333,1169.627,2.294
Phantom Thread (2017),137,,28044,28134,1169.668,1173.422,3.754
Phantom Thread (2017),138,,28135,28264,1173.464,1178.844,5.38
Phantom Thread (2017),139,,28265,28414,1178.886,1185.101,6.215
Phantom Thread (2017),140,,28415,28892,1185.142,1205.037,19.895
Phantom Thread (2017),141,,28893,28963,1205.079,1207.998,2.919
Phantom Thread (2017),142,,28965,29093,1208.082,1213.42,5.338
Phantom Thread (2017),143,,29094,30969,1213.462,1291.665,78.203
Phantom Thread (2017),144,,30970,31006,1291.707,1293.209,1.502
Phantom Thread (2017),145,,31007,31091,1293.25,1296.754,3.504
Phantom Thread (2017),146,,31092,31151,1296.795,1299.256,2.461
Phantom Thread (2017),147,,31152,31228,1299.298,1302.468,3.17
Phantom Thread (2017),148,,31229,31542,1302.509,1315.564,13.055
Phantom Thread (2017),149,,31543,31788,1315.606,1325.824,10.218
Phantom Thread (2017),150,,31789,31961,1325.866,1333.04,7.174
Phantom Thread (2017),151,,31962,32078,1333.082,1337.92,4.838
Phantom Thread (2017),152,,32079,32412,1337.962,1351.85,13.888
Phantom Thread (2017),153,,32413,32694,1351.892,1363.612,11.72
Phantom Thread (2017),154,,32695,32758,1363.654,1366.281,2.627
Phantom Thread (2017),155,,32759,32851,1366.323,1370.16,3.837
Phantom Thread (2017),156,,32852,33026,1370.202,1377.459,7.257
Phantom Thread (2017),157,,33027,33233,1377.501,1386.093,8.592
Phantom Thread (2017),158,,33234,33572,1386.135,1400.232,14.097
Phantom Thread (2017),159,,33573,33671,1400.274,1404.361,4.087
Phantom Thread (2017),160,,33672,33805,1404.403,1409.95,5.547
Phantom Thread (2017),161,,33806,33897,1409.992,1413.787,3.795
Phantom Thread (2017),162,,33898,34533,1413.829,1440.314,26.485
Phantom Thread (2017),163,,34534,35049,1440.355,1461.835,21.48
Phantom Thread (2017),164,,35050,35498,1461.877,1480.562,18.685
Phantom Thread (2017),165,,35499,35610,1480.604,1485.234,4.63
Phantom Thread (2017),166,,35611,35670,1485.275,1487.736,2.461
Phantom Thread (2017),167,,35671,35729,1487.778,1490.197,2.419
Phantom Thread (2017),168,,35730,35956,1490.239,1499.665,9.426
Phantom Thread (2017),169,,35957,36163,1499.706,1508.298,8.592
Phantom Thread (2017),170,,36164,36492,1508.34,1522.02,13.68
Phantom Thread (2017),171,,36493,36665,1522.062,1529.236,7.174
Phantom Thread (2017),172,,36666,36760,1529.278,1533.198,3.92
Phantom Thread (2017),173,,36761,36986,1533.24,1542.624,9.384
Phantom Thread (2017),174,,36987,37357,1542.666,1558.098,15.432
Phantom Thread (2017),175,,37358,37575,1558.14,1567.191,9.051
Phantom Thread (2017),176,,37576,37671,1567.232,1571.195,3.963
Phantom Thread (2017),177,,37672,37879,1571.236,1579.87,8.634
Phantom Thread (2017),178,,37880,38631,1579.912,1611.235,31.323
Phantom Thread (2017),179,,38632,38719,1611.276,1614.905,3.629
Phantom Thread (2017),180,,38720,38796,1614.947,1618.116,3.169
Phantom Thread (2017),181,,38797,38976,1618.158,1625.624,7.466
Phantom Thread (2017),182,,38977,39107,1625.666,1631.088,5.422
Phantom Thread (2017),183,,39108,39215,1631.129,1635.592,4.463
Phantom Thread (2017),184,,39216,39353,1635.634,1641.348,5.714
Phantom Thread (2017),185,,39354,39413,1641.39,1643.85,2.46
Phantom Thread (2017),186,,39414,39612,1643.892,1652.15,8.258
Phantom Thread (2017),187,,39613,40098,1652.192,1672.421,20.229
Phantom Thread (2017),188,,40099,40455,1672.462,1687.311,14.849
Phantom Thread (2017),189,,40456,40546,1687.352,1691.106,3.754
Phantom Thread (2017),190,,40547,40629,1691.148,1694.568,3.42
Phantom Thread (2017),191,,40630,40739,1694.609,1699.156,4.547
Phantom Thread (2017),192,,40740,40796,1699.197,1701.533,2.336
Phantom Thread (2017),193,,40797,40839,1701.575,1703.327,1.752
Phantom Thread (2017),194,,40840,40908,1703.368,1706.204,2.836
Phantom Thread (2017),195,,40909,41136,1706.246,1715.714,9.468
Phantom Thread (2017),196,,41137,41184,1715.756,1717.716,1.96
Phantom Thread (2017),197,,41185,41276,1717.758,1721.553,3.795
Phantom Thread (2017),198,,41277,41332,1721.595,1723.889,2.294
Phantom Thread (2017),199,,41333,41470,1723.93,1729.644,5.714
Phantom Thread (2017),200,,41471,41530,1729.686,1732.147,2.461
Phantom Thread (2017),201,,41531,41670,1732.189,1737.986,5.797
Phantom Thread (2017),202,,41671,42424,1738.028,1769.434,31.406
Phantom Thread (2017),203,,42425,42598,1769.476,1776.691,7.215
Phantom Thread (2017),204,,42599,43092,1776.733,1797.295,20.562
Phantom Thread (2017),205,,43093,43151,1797.337,1799.756,2.419
Phantom Thread (2017),206,,43152,43232,1799.798,1803.135,3.337
Phantom Thread (2017),207,,43233,43396,1803.176,1809.975,6.799
Phantom Thread (2017),208,,43397,43505,1810.016,1814.521,4.505
Phantom Thread (2017),209,,43506,44144,1814.563,1841.173,26.61
Phantom Thread (2017),210,,44145,44222,1841.214,1844.426,3.212
Phantom Thread (2017),211,,44223,44295,1844.468,1847.471,3.003
Phantom Thread (2017),212,,44296,44653,1847.512,1862.402,14.89
Phantom Thread (2017),213,,44654,44980,1862.444,1876.041,13.597
Phantom Thread (2017),214,,44981,45144,1876.082,1882.881,6.799
Phantom Thread (2017),215,,45145,46197,1882.923,1926.8,43.877
Phantom Thread (2017),216,,46198,46521,1926.841,1940.313,13.472
Phantom Thread (2017),217,,46522,47243,1940.355,1970.427,30.072
Phantom Thread (2017),218,,47244,47596,1970.468,1985.15,14.682
Phantom Thread (2017),219,,47597,47738,1985.191,1991.072,5.881
Phantom Thread (2017),220,,47739,48270,1991.114,2013.261,22.147
Phantom Thread (2017),221,,48271,49394,2013.303,2060.141,46.838
Phantom Thread (2017),222,,49395,49659,2060.183,2071.194,11.011
Phantom Thread (2017),223,,49660,49926,2071.236,2082.33,11.094
Phantom Thread (2017),224,,49927,50156,2082.372,2091.923,9.551
Phantom Thread (2017),225,,50157,50404,2091.965,2102.267,10.302
Phantom Thread (2017),226,,50405,50558,2102.308,2108.69,6.382
Phantom Thread (2017),227,,50559,50770,2108.731,2117.532,8.801
Phantom Thread (2017),228,,50771,51730,2117.574,2157.572,39.998
Phantom Thread (2017),229,,51731,52349,2157.614,2183.389,25.775
Phantom Thread (2017),230,,52350,52613,2183.431,2194.4,10.969
Phantom Thread (2017),231,,52614,52716,2194.442,2198.696,4.254
Phantom Thread (2017),232,,52717,52830,2198.738,2203.451,4.713
Phantom Thread (2017),233,,52831,52903,2203.493,2206.496,3.003
Phantom Thread (2017),234,,52904,53031,2206.538,2211.834,5.296
Phantom Thread (2017),235,,53032,53134,2211.876,2216.13,4.254
Phantom Thread (2017),236,,53135,53272,2216.172,2221.886,5.714
Phantom Thread (2017),237,,53273,53682,2221.928,2238.987,17.059
Phantom Thread (2017),238,,53683,53864,2239.028,2246.578,7.55
Phantom Thread (2017),239,,53865,53953,2246.619,2250.29,3.671
Phantom Thread (2017),240,,53954,54271,2250.331,2263.553,13.222
Phantom Thread (2017),241,,54272,54347,2263.595,2266.723,3.128
Phantom Thread (2017),242,,54348,54650,2266.764,2279.36,12.596
Phantom Thread (2017),243,,54651,55370,2279.402,2309.39,29.988
Phantom Thread (2017),244,,55371,55472,2309.432,2313.645,4.213
Phantom Thread (2017),245,,55473,55584,2313.686,2318.316,4.63
Phantom Thread (2017),246,,55585,55623,2318.358,2319.942,1.584
Phantom Thread (2017),247,,55624,55852,2319.984,2329.494,9.51
Phantom Thread (2017),248,,55853,56233,2329.535,2345.385,15.85
Phantom Thread (2017),249,,56234,56339,2345.426,2349.806,4.38
Phantom Thread (2017),250,,56340,56439,2349.847,2353.976,4.129
Phantom Thread (2017),251,,56440,56579,2354.018,2359.816,5.798
Phantom Thread (2017),252,,56580,56714,2359.857,2365.446,5.589
Phantom Thread (2017),253,,56715,56825,2365.488,2370.076,4.588
Phantom Thread (2017),254,,56826,56935,2370.118,2374.664,4.546
Phantom Thread (2017),255,,56936,57045,2374.706,2379.252,4.546
Phantom Thread (2017),256,,57046,57221,2379.293,2386.592,7.299
Phantom Thread (2017),257,,57222,57410,2386.634,2394.475,7.841
Phantom Thread (2017),258,,57411,57542,2394.517,2399.981,5.464
Phantom Thread (2017),259,,57543,57603,2400.022,2402.525,2.503
Phantom Thread (2017),260,,57604,57694,2402.567,2406.32,3.753
Phantom Thread (2017),261,,57695,57772,2406.362,2409.574,3.212
Phantom Thread (2017),262,,57773,57869,2409.615,2413.619,4.004
Phantom Thread (2017),263,,57870,57935,2413.661,2416.372,2.711
Phantom Thread (2017),264,,57936,57937,2416.414,2416.456,0.042
Phantom Thread (2017),265,,57938,57945,2416.497,2416.789,0.292
Phantom Thread (2017),266,,57946,58125,2416.831,2424.297,7.466
Phantom Thread (2017),267,,58126,58234,2424.338,2428.843,4.505
Phantom Thread (2017),268,,58235,58412,2428.885,2436.267,7.382
Phantom Thread (2017),269,,58413,58599,2436.309,2444.066,7.757
Phantom Thread (2017),270,,58600,59038,2444.108,2462.376,18.268
Phantom Thread (2017),271,,59039,59102,2462.418,2465.046,2.628
Phantom Thread (2017),272,,59103,59923,2465.087,2499.288,34.201
Phantom Thread (2017),273,,59924,60255,2499.33,2513.135,13.805
Phantom Thread (2017),274,,60256,60438,2513.177,2520.768,7.591
Phantom Thread (2017),275,,60439,60518,2520.81,2524.105,3.295
Phantom Thread (2017),276,,60519,60600,2524.146,2527.525,3.379
Phantom Thread (2017),277,,60601,60748,2527.567,2533.698,6.131
Phantom Thread (2017),278,,60749,60786,2533.739,2535.283,1.544
Phantom Thread (2017),279,,60787,61266,2535.324,2555.303,19.979
Phantom Thread (2017),280,,61267,61498,2555.344,2564.979,9.635
Phantom Thread (2017),281,,61499,61603,2565.021,2569.358,4.337
Phantom Thread (2017),282,,61604,61675,2569.4,2572.361,2.961
Phantom Thread (2017),283,,61676,61710,2572.403,2573.821,1.418
Phantom Thread (2017),284,,61711,61793,2573.863,2577.283,3.42
Phantom Thread (2017),285,,61794,61855,2577.325,2579.869,2.544
Phantom Thread (2017),286,,61856,62251,2579.911,2596.385,16.474
Phantom Thread (2017),287,,62252,62397,2596.427,2602.475,6.048
Phantom Thread (2017),288,,62398,62463,2602.516,2605.227,2.711
Phantom Thread (2017),289,,62464,62613,2605.269,2611.484,6.215
Phantom Thread (2017),290,,62614,62658,2611.525,2613.361,1.836
Phantom Thread (2017),291,,62659,62913,2613.402,2623.996,10.594
Phantom Thread (2017),292,,62914,63146,2624.038,2633.714,9.676
Phantom Thread (2017),293,,63147,63279,2633.756,2639.261,5.505
Phantom Thread (2017),294,,63280,63372,2639.303,2643.14,3.837
Phantom Thread (2017),295,,63373,63401,2643.182,2644.35,1.168
Phantom Thread (2017),296,,63402,63478,2644.392,2647.561,3.169
Phantom Thread (2017),297,,63479,63879,2647.603,2664.286,16.683
Phantom Thread (2017),298,,63880,64122,2664.328,2674.422,10.094
Phantom Thread (2017),299,,64123,64965,2674.463,2709.582,35.119
Phantom Thread (2017),300,,64966,65817,2709.623,2745.117,35.494
Phantom Thread (2017),301,,65818,66028,2745.159,2753.918,8.759
Phantom Thread (2017),302,,66029,66139,2753.959,2758.547,4.588
Phantom Thread (2017),303,,66140,66240,2758.589,2762.76,4.171
Phantom Thread (2017),304,,66241,66739,2762.802,2783.572,20.77
Phantom Thread (2017),305,,66740,67612,2783.614,2819.984,36.37
Phantom Thread (2017),306,,67613,67894,2820.025,2831.745,11.72
Phantom Thread (2017),307,,67895,68124,2831.787,2841.338,9.551
Phantom Thread (2017),308,,68125,68372,2841.38,2851.682,10.302
Phantom Thread (2017),309,,68373,68706,2851.724,2865.613,13.889
Phantom Thread (2017),310,,68707,68794,2865.654,2869.283,3.629
Phantom Thread (2017),311,,68795,69043,2869.325,2879.668,10.343
Phantom Thread (2017),312,,69044,69251,2879.71,2888.344,8.634
Phantom Thread (2017),313,,69252,69360,2888.385,2892.89,4.505
Phantom Thread (2017),314,,69361,69481,2892.932,2897.937,5.005
Phantom Thread (2017),315,,69482,69549,2897.978,2900.773,2.795
Phantom Thread (2017),316,,69550,69634,2900.814,2904.318,3.504
Phantom Thread (2017),317,,69635,69980,2904.36,2918.749,14.389
Phantom Thread (2017),318,,69981,70896,2918.791,2956.954,38.163
Phantom Thread (2017),319,,70897,70976,2956.996,2960.29,3.294
Phantom Thread (2017),320,,70977,71127,2960.332,2966.588,6.256
Phantom Thread (2017),321,,71128,71300,2966.63,2973.804,7.174
Phantom Thread (2017),322,,71301,71945,2973.846,3000.706,26.86
Phantom Thread (2017),323,,71946,72108,3000.748,3007.504,6.756
Phantom Thread (2017),324,,72109,72193,3007.546,3011.05,3.504
Phantom Thread (2017),325,,72194,72458,3011.091,3022.102,11.011
Phantom Thread (2017),326,,72459,74323,3022.144,3099.888,77.744
Phantom Thread (2017),327,,74324,74374,3099.93,3102.015,2.085
Phantom Thread (2017),328,,74375,74631,3102.057,3112.734,10.677
Phantom Thread (2017),329,,74632,74703,3112.776,3115.737,2.961
Phantom Thread (2017),330,,74704,74819,3115.779,3120.576,4.797
Phantom Thread (2017),331,,74820,74963,3120.617,3126.582,5.965
Phantom Thread (2017),332,,74964,75108,3126.623,3132.629,6.006
Phantom Thread (2017),333,,75109,75186,3132.671,3135.883,3.212
Phantom Thread (2017),334,,75187,75233,3135.924,3137.843,1.919
Phantom Thread (2017),335,,75234,75360,3137.885,3143.14,5.255
Phantom Thread (2017),336,,75361,75435,3143.182,3146.268,3.086
Phantom Thread (2017),337,,75436,75479,3146.31,3148.103,1.793
Phantom Thread (2017),338,,75480,75612,3148.145,3153.65,5.505
Phantom Thread (2017),339,,75613,75940,3153.692,3167.331,13.639
Phantom Thread (2017),340,,75941,76054,3167.372,3172.085,4.713
Phantom Thread (2017),341,,76055,76248,3172.127,3180.177,8.05
Phantom Thread (2017),342,,76249,76405,3180.219,3186.725,6.506
Phantom Thread (2017),343,,76406,76870,3186.767,3206.119,19.352
Phantom Thread (2017),344,,76871,77528,3206.161,3233.563,27.402
Phantom Thread (2017),345,,77529,77834,3233.605,3246.326,12.721
Phantom Thread (2017),346,,77835,77917,3246.368,3249.788,3.42
Phantom Thread (2017),347,,77918,77968,3249.83,3251.915,2.085
Phantom Thread (2017),348,,77969,78137,3251.957,3258.964,7.007
Phantom Thread (2017),349,,78138,78203,3259.006,3261.717,2.711
Phantom Thread (2017),350,,78204,78265,3261.758,3264.302,2.544
Phantom Thread (2017),351,,78266,78305,3264.344,3265.971,1.627
Phantom Thread (2017),352,,78306,78388,3266.013,3269.433,3.42
Phantom Thread (2017),353,,78389,78446,3269.474,3271.852,2.378
Phantom Thread (2017),354,,78447,78572,3271.893,3277.107,5.214
Phantom Thread (2017),355,,78573,78624,3277.149,3279.276,2.127
Phantom Thread (2017),356,,78625,78718,3279.317,3283.196,3.879
Phantom Thread (2017),357,,78719,78746,3283.238,3284.364,1.126
Phantom Thread (2017),358,,78747,78862,3284.406,3289.202,4.796
Phantom Thread (2017),359,,78863,78972,3289.244,3293.79,4.546
Phantom Thread (2017),360,,78973,79025,3293.832,3296.001,2.169
Phantom Thread (2017),361,,79026,79177,3296.043,3302.34,6.297
Phantom Thread (2017),362,,79178,79273,3302.382,3306.344,3.962
Phantom Thread (2017),363,,79274,79510,3306.386,3316.229,9.843
Phantom Thread (2017),364,,79511,79642,3316.271,3321.735,5.464
Phantom Thread (2017),365,,79643,79871,3321.777,3331.286,9.509
Phantom Thread (2017),366,,79872,79904,3331.328,3332.662,1.334
Phantom Thread (2017),367,,79905,79915,3332.704,3333.121,0.417
Phantom Thread (2017),368,,79918,79948,3333.246,3334.498,1.252
Phantom Thread (2017),369,,79952,79985,3334.664,3336.041,1.377
Phantom Thread (2017),370,,79987,80024,3336.124,3337.667,1.543
Phantom Thread (2017),371,,80025,80279,3337.709,3348.303,10.594
Phantom Thread (2017),372,,80280,80732,3348.345,3367.197,18.852
Phantom Thread (2017),373,,80733,81294,3367.239,3390.637,23.398
Phantom Thread (2017),374,,81295,81471,3390.679,3398.019,7.34
Phantom Thread (2017),375,,81472,81662,3398.061,3405.986,7.925
Phantom Thread (2017),376,,81663,81851,3406.027,3413.869,7.842
Phantom Thread (2017),377,,81852,82293,3413.91,3432.304,18.394
Phantom Thread (2017),378,,82294,82623,3432.345,3446.067,13.722
Phantom Thread (2017),379,,82624,83177,3446.109,3469.174,23.065
Phantom Thread (2017),380,,83178,83850,3469.216,3497.244,28.028
Phantom Thread (2017),381,,83851,83965,3497.285,3502.04,4.755
Phantom Thread (2017),382,,83966,84258,3502.082,3514.261,12.179
Phantom Thread (2017),383,,84259,84669,3514.302,3531.403,17.101
Phantom Thread (2017),384,,84670,84853,3531.444,3539.077,7.633
Phantom Thread (2017),385,,84854,85036,3539.119,3546.71,7.591
Phantom Thread (2017),386,,85037,86200,3546.751,3595.258,48.507
Phantom Thread (2017),387,,86201,86318,3595.3,3600.18,4.88
Phantom Thread (2017),388,,86319,86612,3600.221,3612.442,12.221
Phantom Thread (2017),389,,86613,86716,3612.484,3616.78,4.296
Phantom Thread (2017),390,,86717,87132,3616.821,3634.13,17.309
Phantom Thread (2017),391,,87133,87303,3634.172,3641.262,7.09
Phantom Thread (2017),392,,87304,87406,3641.304,3645.558,4.254
Phantom Thread (2017),393,,87407,87510,3645.6,3649.896,4.296
Phantom Thread (2017),394,,87511,87566,3649.938,3652.232,2.294
Phantom Thread (2017),395,,87567,87757,3652.273,3660.198,7.925
Phantom Thread (2017),396,,87758,87963,3660.24,3668.79,8.55
Phantom Thread (2017),397,,87964,88083,3668.832,3673.795,4.963
Phantom Thread (2017),398,,88084,88239,3673.837,3680.301,6.464
Phantom Thread (2017),399,,88240,88307,3680.343,3683.138,2.795
Phantom Thread (2017),400,,88308,88415,3683.179,3687.642,4.463
Phantom Thread (2017),401,,88416,88499,3687.684,3691.146,3.462
Phantom Thread (2017),402,,88500,88757,3691.187,3701.906,10.719
Phantom Thread (2017),403,,88758,89291,3701.948,3724.179,22.231
Phantom Thread (2017),404,,89292,89431,3724.22,3730.018,5.798
Phantom Thread (2017),405,,89432,89541,3730.059,3734.606,4.547
Phantom Thread (2017),406,,89542,90237,3734.647,3763.635,28.988
Phantom Thread (2017),407,,90238,90345,3763.676,3768.139,4.463
Phantom Thread (2017),408,,90346,90461,3768.181,3772.977,4.796
Phantom Thread (2017),409,,90462,90552,3773.019,3776.773,3.754
Phantom Thread (2017),410,,90553,90602,3776.814,3778.858,2.044
Phantom Thread (2017),411,,90603,90685,3778.9,3782.32,3.42
Phantom Thread (2017),412,,90686,90849,3782.362,3789.16,6.798
Phantom Thread (2017),413,,90850,91227,3789.202,3804.926,15.724
Phantom Thread (2017),414,,91228,92242,3804.968,3847.26,42.292
Phantom Thread (2017),415,,92243,92563,3847.302,3860.648,13.346
Phantom Thread (2017),416,,92564,92653,3860.69,3864.402,3.712
Phantom Thread (2017),417,,92654,92799,3864.444,3870.491,6.047
Phantom Thread (2017),418,,92800,92867,3870.533,3873.328,2.795
Phantom Thread (2017),419,,92868,92903,3873.369,3874.829,1.46
Phantom Thread (2017),420,,92904,93000,3874.871,3878.875,4.004
Phantom Thread (2017),421,,93001,93048,3878.916,3880.877,1.961
Phantom Thread (2017),422,,93049,93268,3880.918,3890.053,9.135
Phantom Thread (2017),423,,93269,93316,3890.094,3892.055,1.961
Phantom Thread (2017),424,,93317,93444,3892.096,3897.393,5.297
Phantom Thread (2017),425,,93445,93517,3897.435,3900.438,3.003
Phantom Thread (2017),426,,93518,93591,3900.48,3903.524,3.044
Phantom Thread (2017),427,,93592,93843,3903.566,3914.035,10.469
Phantom Thread (2017),428,,93844,94300,3914.077,3933.096,19.019
Phantom Thread (2017),429,,94301,94684,3933.137,3949.112,15.975
Phantom Thread (2017),430,,94685,94803,3949.153,3954.075,4.922
Phantom Thread (2017),431,,94804,94947,3954.117,3960.081,5.964
Phantom Thread (2017),432,,94948,94994,3960.123,3962.041,1.918
Phantom Thread (2017),433,,94995,95054,3962.083,3964.544,2.461
Phantom Thread (2017),434,,95055,95196,3964.585,3970.466,5.881
Phantom Thread (2017),435,,95197,95311,3970.508,3975.263,4.755
Phantom Thread (2017),436,,95312,95384,3975.304,3978.307,3.003
Phantom Thread (2017),437,,95385,95538,3978.349,3984.73,6.381
Phantom Thread (2017),438,,95539,95876,3984.772,3998.828,14.056
Phantom Thread (2017),439,,95877,95993,3998.87,4003.708,4.838
Phantom Thread (2017),440,,95994,96034,4003.749,4005.418,1.669
Phantom Thread (2017),441,,96035,96117,4005.46,4008.88,3.42
Phantom Thread (2017),442,,96118,96230,4008.921,4013.593,4.672
Phantom Thread (2017),443,,96231,96801,4013.634,4037.408,23.774
Phantom Thread (2017),444,,96802,97197,4037.45,4053.925,16.475
Phantom Thread (2017),445,,97198,97261,4053.966,4056.594,2.628
Phantom Thread (2017),446,,97262,97473,4056.636,4065.436,8.8
Phantom Thread (2017),447,,97474,97505,4065.478,4066.771,1.293
Phantom Thread (2017),448,,97506,97582,4066.812,4069.982,3.17
Phantom Thread (2017),449,,97583,97666,4070.024,4073.486,3.462
Phantom Thread (2017),450,,97667,98018,4073.528,4088.167,14.639
Phantom Thread (2017),451,,98019,98246,4088.209,4097.677,9.468
Phantom Thread (2017),452,,98247,98479,4097.718,4107.395,9.677
Phantom Thread (2017),453,,98480,98695,4107.436,4116.404,8.968
Phantom Thread (2017),454,,98696,98727,4116.445,4117.738,1.293
Phantom Thread (2017),455,,98728,98821,4117.78,4121.659,3.879
Phantom Thread (2017),456,,98822,98930,4121.701,4126.205,4.504
Phantom Thread (2017),457,,98931,99009,4126.247,4129.5,3.253
Phantom Thread (2017),458,,99010,99110,4129.542,4133.713,4.171
Phantom Thread (2017),459,,99111,99212,4133.754,4137.967,4.213
Phantom Thread (2017),460,,99213,99288,4138.009,4141.137,3.128
Phantom Thread (2017),461,,99289,99337,4141.178,4143.18,2.002
Phantom Thread (2017),462,,99338,99383,4143.222,4145.099,1.877
Phantom Thread (2017),463,,99384,99407,4145.141,4146.1,0.959
Phantom Thread (2017),464,,99408,99681,4146.142,4157.528,11.386
Phantom Thread (2017),465,,99682,99811,4157.57,4162.95,5.38
Phantom Thread (2017),466,,99812,99908,4162.992,4166.996,4.004
Phantom Thread (2017),467,,99909,99992,4167.038,4170.499,3.461
Phantom Thread (2017),468,,99993,100167,4170.541,4177.798,7.257
Phantom Thread (2017),469,,100168,100194,4177.84,4178.924,1.084
Phantom Thread (2017),470,,100195,100295,4178.966,4183.137,4.171
Phantom Thread (2017),471,,100296,100392,4183.179,4187.183,4.004
Phantom Thread (2017),472,,100393,100820,4187.224,4205.034,17.81
Phantom Thread (2017),473,,100821,101185,4205.076,4220.257,15.181
Phantom Thread (2017),474,,101186,101444,4220.299,4231.06,10.761
Phantom Thread (2017),475,,101445,101896,4231.102,4249.912,18.81
Phantom Thread (2017),476,,101897,102201,4249.954,4262.633,12.679
Phantom Thread (2017),477,,102202,102253,4262.675,4264.802,2.127
Phantom Thread (2017),478,,102254,102255,4264.844,4264.885,0.041
Phantom Thread (2017),479,,102256,102308,4264.927,4267.096,2.169
Phantom Thread (2017),480,,102309,102380,4267.138,4270.099,2.961
Phantom Thread (2017),481,,102382,102424,4270.182,4271.934,1.752
Phantom Thread (2017),482,,102427,102454,4272.059,4273.185,1.126
Phantom Thread (2017),483,,102455,102638,4273.227,4280.86,7.633
Phantom Thread (2017),484,,102639,102811,4280.901,4288.075,7.174
Phantom Thread (2017),485,,102812,102880,4288.117,4290.953,2.836
Phantom Thread (2017),486,,102881,103326,4290.995,4309.555,18.56
Phantom Thread (2017),487,,103327,103951,4309.597,4335.623,26.026
Phantom Thread (2017),488,,103952,104123,4335.664,4342.797,7.133
Phantom Thread (2017),489,,104124,104227,4342.838,4347.134,4.296
Phantom Thread (2017),490,,104228,105665,4347.176,4407.111,59.935
Phantom Thread (2017),491,,105666,105834,4407.152,4414.159,7.007
Phantom Thread (2017),492,,105835,106011,4414.201,4421.542,7.341
Phantom Thread (2017),493,,106012,106156,4421.584,4427.59,6.006
Phantom Thread (2017),494,,106157,106297,4427.631,4433.47,5.839
Phantom Thread (2017),495,,106298,106450,4433.512,4439.852,6.34
Phantom Thread (2017),496,,106451,106525,4439.894,4442.98,3.086
Phantom Thread (2017),497,,106526,106629,4443.022,4447.318,4.296
Phantom Thread (2017),498,,106630,107418,4447.359,4480.225,32.866
Phantom Thread (2017),499,,107420,107787,4480.309,4495.616,15.307
Phantom Thread (2017),500,,107788,108079,4495.658,4507.795,12.137
Phantom Thread (2017),501,,108080,108237,4507.836,4514.385,6.549
Phantom Thread (2017),502,,108238,109646,4514.426,4573.152,58.726
Phantom Thread (2017),503,,109648,109680,4573.235,4574.57,1.335
Phantom Thread (2017),504,,109681,109783,4574.611,4578.866,4.255
Phantom Thread (2017),505,,109784,109854,4578.907,4581.827,2.92
Phantom Thread (2017),506,,109855,109917,4581.869,4584.455,2.586
Phantom Thread (2017),507,,109918,110013,4584.496,4588.459,3.963
Phantom Thread (2017),508,,110014,110203,4588.5,4596.383,7.883
Phantom Thread (2017),509,,110204,110285,4596.425,4599.803,3.378
Phantom Thread (2017),510,,110286,110368,4599.845,4603.265,3.42
Phantom Thread (2017),511,,110369,110435,4603.307,4606.059,2.752
Phantom Thread (2017),512,,110436,110565,4606.101,4611.482,5.381
Phantom Thread (2017),513,,110566,110767,4611.523,4619.907,8.384
Phantom Thread (2017),514,,110768,110834,4619.948,4622.701,2.753
Phantom Thread (2017),515,,110835,110894,4622.743,4625.204,2.461
Phantom Thread (2017),516,,110895,111396,4625.245,4646.141,20.896
Phantom Thread (2017),517,,111397,112349,4646.183,4685.889,39.706
Phantom Thread (2017),518,,112350,112512,4685.931,4692.688,6.757
Phantom Thread (2017),519,,112513,112599,4692.729,4696.316,3.587
Phantom Thread (2017),520,,112600,112670,4696.358,4699.278,2.92
Phantom Thread (2017),521,,112671,112708,4699.319,4700.863,1.544
Phantom Thread (2017),522,,112709,112808,4700.904,4705.033,4.129
Phantom Thread (2017),523,,112809,113004,4705.075,4713.208,8.133
Phantom Thread (2017),524,,113005,113129,4713.25,4718.422,5.172
Phantom Thread (2017),525,,113130,113469,4718.463,4732.603,14.14
Phantom Thread (2017),526,,113470,113694,4732.644,4741.987,9.343
Phantom Thread (2017),527,,113695,113785,4742.029,4745.782,3.753
Phantom Thread (2017),528,,113786,114013,4745.824,4755.292,9.468
Phantom Thread (2017),529,,114014,114122,4755.334,4759.838,4.504
Phantom Thread (2017),530,,114123,114308,4759.88,4767.596,7.716
Phantom Thread (2017),531,,114309,114376,4767.638,4770.432,2.794
Phantom Thread (2017),532,,114377,114451,4770.474,4773.56,3.086
Phantom Thread (2017),533,,114452,114546,4773.602,4777.522,3.92
Phantom Thread (2017),534,,114547,114685,4777.564,4783.32,5.756
Phantom Thread (2017),535,,114686,114785,4783.362,4787.491,4.129
Phantom Thread (2017),536,,114786,114910,4787.532,4792.704,5.172
Phantom Thread (2017),537,,114911,115020,4792.746,4797.292,4.546
Phantom Thread (2017),538,,115021,115171,4797.334,4803.59,6.256
Phantom Thread (2017),539,,115172,115248,4803.632,4806.802,3.17
Phantom Thread (2017),540,,115249,115303,4806.843,4809.096,2.253
Phantom Thread (2017),541,,115304,115359,4809.137,4811.431,2.294
Phantom Thread (2017),542,,115360,115469,4811.473,4816.019,4.546
Phantom Thread (2017),543,,115470,115638,4816.061,4823.068,7.007
Phantom Thread (2017),544,,115639,116228,4823.11,4847.676,24.566
Phantom Thread (2017),545,,116229,116605,4847.718,4863.4,15.682
Phantom Thread (2017),546,,116606,116809,4863.442,4871.908,8.466
Phantom Thread (2017),547,,116810,117135,4871.95,4885.505,13.555
Phantom Thread (2017),548,,117136,117400,4885.547,4896.558,11.011
Phantom Thread (2017),549,,117401,117708,4896.6,4909.404,12.804
Phantom Thread (2017),550,,117709,117908,4909.446,4917.746,8.3
Phantom Thread (2017),551,,117909,117983,4917.788,4920.874,3.086
Phantom Thread (2017),552,,117984,118084,4920.916,4925.087,4.171
Phantom Thread (2017),553,,118085,118216,4925.128,4930.592,5.464
Phantom Thread (2017),554,,118217,118324,4930.634,4935.097,4.463
Phantom Thread (2017),555,,118325,118435,4935.138,4939.726,4.588
Phantom Thread (2017),556,,118436,118571,4939.768,4945.398,5.63
Phantom Thread (2017),557,,118572,118853,4945.44,4957.16,11.72
Phantom Thread (2017),558,,118854,119931,4957.202,5002.122,44.92
Phantom Thread (2017),559,,119932,120033,5002.164,5006.376,4.212
Phantom Thread (2017),560,,120034,120104,5006.418,5009.337,2.919
Phantom Thread (2017),561,,120105,120151,5009.379,5011.298,1.919
Phantom Thread (2017),562,,120152,120332,5011.339,5018.847,7.508
Phantom Thread (2017),563,,120333,120503,5018.889,5025.979,7.09
Phantom Thread (2017),564,,120504,120697,5026.021,5034.07,8.049
Phantom Thread (2017),565,,120698,120895,5034.112,5042.329,8.217
Phantom Thread (2017),566,,120896,121231,5042.37,5056.343,13.973
Phantom Thread (2017),567,,121232,121391,5056.384,5063.016,6.632
Phantom Thread (2017),568,,121392,121590,5063.058,5071.316,8.258
Phantom Thread (2017),569,,121591,121621,5071.358,5072.609,1.251
Phantom Thread (2017),570,,121622,121764,5072.651,5078.573,5.922
Phantom Thread (2017),571,,121765,122362,5078.615,5103.515,24.9
Phantom Thread (2017),572,,122363,123060,5103.556,5132.627,29.071
Phantom Thread (2017),573,,123061,123427,5132.669,5147.934,15.265
Phantom Thread (2017),574,,123428,123451,5147.976,5148.935,0.959
Phantom Thread (2017),575,,123452,124958,5148.977,5211.79,62.813
Phantom Thread (2017),576,,124960,126031,5211.873,5256.543,44.67
Phantom Thread (2017),577,,126032,126142,5256.584,5261.172,4.588
Phantom Thread (2017),578,,126143,126224,5261.214,5264.592,3.378
Phantom Thread (2017),579,,126225,126500,5264.634,5276.104,11.47
Phantom Thread (2017),580,,126501,126734,5276.146,5285.864,9.718
Phantom Thread (2017),581,,126735,126908,5285.905,5293.121,7.216
Phantom Thread (2017),582,,126909,127104,5293.163,5301.296,8.133
Phantom Thread (2017),583,,127105,127249,5301.337,5307.343,6.006
Phantom Thread (2017),584,,127250,127452,5307.385,5315.81,8.425
Phantom Thread (2017),585,,127453,127725,5315.852,5327.197,11.345
Phantom Thread (2017),586,,127726,128460,5327.238,5357.852,30.614
Phantom Thread (2017),587,,128461,128669,5357.894,5366.569,8.675
Phantom Thread (2017),588,,128670,129224,5366.611,5389.717,23.106
Phantom Thread (2017),589,,129225,129820,5389.759,5414.575,24.816
Phantom Thread (2017),590,,129821,129936,5414.617,5419.414,4.797
Phantom Thread (2017),591,,129937,130326,5419.455,5435.68,16.225
Phantom Thread (2017),592,,130327,130519,5435.722,5443.73,8.008
Phantom Thread (2017),593,,130520,130772,5443.771,5454.282,10.511
Phantom Thread (2017),594,,130773,131152,5454.324,5470.131,15.807
Phantom Thread (2017),595,,131153,131411,5470.173,5480.933,10.76
Phantom Thread (2017),596,,131412,131658,5480.975,5491.235,10.26
Phantom Thread (2017),597,,131659,131866,5491.277,5499.911,8.634
Phantom Thread (2017),598,,131867,136614,5499.952,5697.942,197.99
Phantom Thread (2017),599,,136615,137586,5697.984,5738.482,40.498
Phantom Thread (2017),600,,137587,137732,5738.524,5744.572,6.048
Phantom Thread (2017),601,,137733,138198,5744.614,5764.008,19.394
Phantom Thread (2017),602,,138199,138307,5764.05,5768.554,4.504
Phantom Thread (2017),603,,138308,138444,5768.596,5774.268,5.672
Phantom Thread (2017),604,,138445,138567,5774.31,5779.398,5.088
Phantom Thread (2017),605,,138568,138649,5779.44,5782.818,3.378
Phantom Thread (2017),606,,138650,138789,5782.86,5788.658,5.798
Phantom Thread (2017),607,,138790,138928,5788.699,5794.455,5.756
Phantom Thread (2017),608,,138929,139001,5794.497,5797.5,3.003
Phantom Thread (2017),609,,139002,139135,5797.541,5803.089,5.548
Phantom Thread (2017),610,,139136,139274,5803.13,5808.886,5.756
Phantom Thread (2017),611,,139275,139547,5808.928,5820.272,11.344
Phantom Thread (2017),612,,139548,139660,5820.314,5824.985,4.671
Phantom Thread (2017),613,,139661,139765,5825.027,5829.365,4.338
Phantom Thread (2017),614,,139766,139906,5829.407,5835.246,5.839
Phantom Thread (2017),615,,139907,142322,5835.287,5936.013,100.726
Phantom Thread (2017),616,,142323,142537,5936.055,5944.98,8.925
Phantom Thread (2017),617,,142538,142659,5945.022,5950.069,5.047
Phantom Thread (2017),618,,142660,142962,5950.11,5962.706,12.596
Phantom Thread (2017),619,,142963,143232,5962.748,5973.968,11.22
Phantom Thread (2017),620,,143233,143298,5974.009,5976.72,2.711
Phantom Thread (2017),621,,143299,143397,5976.762,5980.849,4.087
Phantom Thread (2017),622,,143398,143510,5980.891,5985.563,4.672
Phantom Thread (2017),623,,143511,143620,5985.604,5990.15,4.546
Phantom Thread (2017),624,,143621,143679,5990.192,5992.611,2.419
Phantom Thread (2017),625,,143680,144121,5992.653,6011.046,18.393
Phantom Thread (2017),626,,144122,144373,6011.088,6021.557,10.469
Phantom Thread (2017),627,,144374,144469,6021.599,6025.561,3.962
Phantom Thread (2017),628,,144470,144553,6025.603,6029.064,3.461
Phantom Thread (2017),629,,144554,144627,6029.106,6032.151,3.045
Phantom Thread (2017),630,,144628,144765,6032.192,6037.906,5.714
Phantom Thread (2017),631,,144766,144968,6037.948,6046.373,8.425
Phantom Thread (2017),632,,144969,145116,6046.415,6052.546,6.131
Phantom Thread (2017),633,,145117,145212,6052.588,6056.55,3.962
Phantom Thread (2017),634,,145213,145360,6056.592,6062.723,6.131
Phantom Thread (2017),635,,145361,145395,6062.765,6064.183,1.418
Phantom Thread (2017),636,,145396,145483,6064.224,6067.853,3.629
Phantom Thread (2017),637,,145484,145526,6067.895,6069.647,1.752
Phantom Thread (2017),638,,145527,145562,6069.688,6071.148,1.46
Phantom Thread (2017),639,,145563,145686,6071.19,6076.32,5.13
Phantom Thread (2017),640,,145687,145872,6076.362,6084.078,7.716
Phantom Thread (2017),641,,145873,146180,6084.119,6096.924,12.805
Phantom Thread (2017),642,,146181,146285,6096.965,6101.303,4.338
Phantom Thread (2017),643,,146286,146410,6101.345,6106.517,5.172
Phantom Thread (2017),644,,146411,146525,6106.558,6111.313,4.755
Phantom Thread (2017),645,,146526,146829,6111.355,6123.992,12.637
Phantom Thread (2017),646,,146830,146981,6124.034,6130.332,6.298
Phantom Thread (2017),647,,146982,147107,6130.374,6135.587,5.213
Phantom Thread (2017),648,,147108,147199,6135.629,6139.425,3.796
Phantom Thread (2017),649,,147200,147315,6139.466,6144.263,4.797
Phantom Thread (2017),650,,147316,147409,6144.304,6148.183,3.879
Phantom Thread (2017),651,,147410,147563,6148.225,6154.606,6.381
Phantom Thread (2017),652,,147564,148135,6154.648,6178.464,23.816
Phantom Thread (2017),653,,148136,148335,6178.505,6186.805,8.3
Phantom Thread (2017),654,,148336,148481,6186.847,6192.895,6.048
Phantom Thread (2017),655,,148482,148743,6192.936,6203.822,10.886
Phantom Thread (2017),656,,148744,149332,6203.864,6228.388,24.524
Phantom Thread (2017),657,,149333,149474,6228.43,6234.311,5.881
Phantom Thread (2017),658,,149475,149579,6234.353,6238.69,4.337
Phantom Thread (2017),659,,149580,149771,6238.732,6246.698,7.966
Phantom Thread (2017),660,,149772,150567,6246.74,6279.898,33.158
Phantom Thread (2017),661,,150568,151226,6279.94,6307.384,27.444
Phantom Thread (2017),662,,151227,151490,6307.426,6318.395,10.969
Phantom Thread (2017),663,,151491,151713,6318.437,6327.696,9.259
Phantom Thread (2017),664,,151714,151755,6327.738,6329.448,1.71
Phantom Thread (2017),665,,151756,151884,6329.489,6334.828,5.339
Phantom Thread (2017),666,,151885,151898,6334.87,6335.412,0.542
Phantom Thread (2017),667,,151900,152112,6335.495,6344.338,8.843
Phantom Thread (2017),668,,152113,152218,6344.379,6348.759,4.38
Phantom Thread (2017),669,,152219,152327,6348.8,6353.305,4.505
Phantom Thread (2017),670,,152328,152428,6353.347,6357.517,4.17
Phantom Thread (2017),671,,152429,152537,6357.559,6362.064,4.505
Phantom Thread (2017),672,,152538,152687,6362.105,6368.32,6.215
Phantom Thread (2017),673,,152688,153018,6368.362,6382.125,13.763
Phantom Thread (2017),674,,153019,154431,6382.167,6441.059,58.892
Phantom Thread (2017),675,,154432,154798,6441.101,6456.366,15.265
Phantom Thread (2017),676,,154799,155054,6456.408,6467.044,10.636
Phantom Thread (2017),677,,155055,155179,6467.085,6472.257,5.172
Phantom Thread (2017),678,,155180,155686,6472.299,6493.403,21.104
Phantom Thread (2017),679,,155687,155748,6493.445,6495.989,2.544
Phantom Thread (2017),680,,155749,155866,6496.031,6500.911,4.88
Phantom Thread (2017),681,,155867,156008,6500.952,6506.833,5.881
Phantom Thread (2017),682,,156009,156069,6506.875,6509.377,2.502
Phantom Thread (2017),683,,156070,156384,6509.419,6522.516,13.097
Phantom Thread (2017),684,,156385,156409,6522.557,6523.558,1.001
Phantom Thread (2017),685,,156410,156518,6523.6,6528.104,4.504
Phantom Thread (2017),686,,156519,156657,6528.146,6533.902,5.756
Phantom Thread (2017),687,,156658,156716,6533.944,6536.363,2.419
Phantom Thread (2017),688,,156717,156996,6536.404,6548.041,11.637
Phantom Thread (2017),689,,156997,157172,6548.083,6555.382,7.299
Phantom Thread (2017),690,,157173,157440,6555.423,6566.56,11.137
Phantom Thread (2017),691,,157441,157546,6566.601,6570.981,4.38
Phantom Thread (2017),692,,157547,157815,6571.022,6582.2,11.178
Phantom Thread (2017),693,,157816,157940,6582.242,6587.414,5.172
Phantom Thread (2017),694,,157941,158129,6587.455,6595.297,7.842
Phantom Thread (2017),695,,158130,158315,6595.338,6603.054,7.716
Phantom Thread (2017),696,,158316,158644,6603.096,6616.776,13.68
Phantom Thread (2017),697,,158645,158761,6616.818,6621.656,4.838
Phantom Thread (2017),698,,158762,158978,6621.698,6630.707,9.009
Phantom Thread (2017),699,,158979,159127,6630.749,6636.922,6.173
Phantom Thread (2017),700,,159128,159600,6636.963,6656.65,19.687
Phantom Thread (2017),701,,159601,159833,6656.691,6666.368,9.677
Phantom Thread (2017),702,,159834,160319,6666.409,6686.638,20.229
Phantom Thread (2017),703,,160320,160404,6686.68,6690.183,3.503
Phantom Thread (2017),704,,160405,160739,6690.225,6704.155,13.93
Phantom Thread (2017),705,,160740,160862,6704.197,6709.285,5.088
Phantom Thread (2017),706,,160863,161066,6709.327,6717.794,8.467
Phantom Thread (2017),707,,161067,161233,6717.836,6724.759,6.923
Phantom Thread (2017),708,,161234,161806,6724.801,6748.658,23.857
Phantom Thread (2017),709,,161807,162159,6748.7,6763.381,14.681
Phantom Thread (2017),710,,162160,162271,6763.423,6768.053,4.63
Phantom Thread (2017),711,,162272,162468,6768.094,6776.269,8.175
Phantom Thread (2017),712,,162469,162709,6776.311,6786.321,10.01
Phantom Thread (2017),713,,162710,162995,6786.362,6798.249,11.887
Phantom Thread (2017),714,,162996,163176,6798.291,6805.799,7.508
Phantom Thread (2017),715,,163177,163309,6805.84,6811.346,5.506
Phantom Thread (2017),716,,163310,163782,6811.387,6831.074,19.687
Phantom Thread (2017),717,,163783,163865,6831.116,6834.536,3.42
Phantom Thread (2017),718,,163866,163971,6834.577,6838.957,4.38
Phantom Thread (2017),719,,163972,164014,6838.998,6840.75,1.752
Phantom Thread (2017),720,,164015,164052,6840.792,6842.335,1.543
Phantom Thread (2017),721,,164056,164090,6842.502,6843.92,1.418
Phantom Thread (2017),722,,164091,164281,6843.962,6851.886,7.924
Phantom Thread (2017),723,,164282,164404,6851.928,6857.016,5.088
Phantom Thread (2017),724,,164405,164491,6857.058,6860.645,3.587
Phantom Thread (2017),725,,164492,164569,6860.687,6863.898,3.211
Phantom Thread (2017),726,,164570,164876,6863.94,6876.703,12.763
Phantom Thread (2017),727,,164877,164955,6876.744,6879.998,3.254
Phantom Thread (2017),728,,164956,165063,6880.039,6884.502,4.463
Phantom Thread (2017),729,,165064,165129,6884.544,6887.255,2.711
Phantom Thread (2017),730,,165130,165313,6887.297,6894.929,7.632
Phantom Thread (2017),731,,165314,165383,6894.971,6897.849,2.878
Phantom Thread (2017),732,,165384,165705,6897.891,6911.279,13.388
Phantom Thread (2017),733,,165706,165747,6911.321,6913.031,1.71
Phantom Thread (2017),734,,165748,165823,6913.072,6916.201,3.129
Phantom Thread (2017),735,,165824,165933,6916.242,6920.788,4.546
Phantom Thread (2017),736,,165934,166079,6920.83,6926.878,6.048
Phantom Thread (2017),737,,166080,166510,6926.92,6944.854,17.934
Phantom Thread (2017),738,,166511,166607,6944.896,6948.9,4.004
Phantom Thread (2017),739,,166608,166735,6948.942,6954.239,5.297
Phantom Thread (2017),740,,166736,166987,6954.28,6964.749,10.469
Phantom Thread (2017),741,,166988,167093,6964.791,6969.17,4.379
Phantom Thread (2017),742,,167094,168212,6969.212,7015.842,46.63
Phantom Thread (2017),743,,168213,168852,7015.883,7042.535,26.652
Phantom Thread (2017),744,,168853,169308,7042.577,7061.554,18.977
Phantom Thread (2017),745,,169309,169610,7061.596,7074.15,12.554
Phantom Thread (2017),746,,169611,169951,7074.192,7088.373,14.181
Phantom Thread (2017),747,,169952,170145,7088.414,7096.464,8.05
Phantom Thread (2017),748,,170146,170299,7096.506,7102.887,6.381
Phantom Thread (2017),749,,170300,170982,7102.929,7131.374,28.445
Phantom Thread (2017),750,,170983,171329,7131.416,7145.847,14.431
Phantom Thread (2017),751,,171330,171657,7145.888,7159.527,13.639
Phantom Thread (2017),752,,171658,171780,7159.569,7164.657,5.088
Phantom Thread (2017),753,,171781,171893,7164.699,7169.37,4.671
Phantom Thread (2017),754,,171894,172129,7169.412,7179.213,9.801
Phantom Thread (2017),755,,172130,172147,7179.255,7179.964,0.709
Phantom Thread (2017),756,,172148,172378,7180.006,7189.599,9.593
Phantom Thread (2017),757,,172379,173949,7189.64,7255.122,65.482
Phantom Thread (2017),758,,173950,174255,7255.164,7267.885,12.721
Phantom Thread (2017),759,,174256,174397,7267.927,7273.808,5.881
Phantom Thread (2017),760,,174398,174493,7273.849,7277.812,3.963
Phantom Thread (2017),761,,174494,174599,7277.853,7282.233,4.38
Phantom Thread (2017),762,,174600,174844,7282.275,7292.451,10.176
Phantom Thread (2017),763,,174845,175027,7292.493,7300.084,7.591
Phantom Thread (2017),764,,175028,175133,7300.126,7304.505,4.379
Phantom Thread (2017),765,,175134,175200,7304.547,7307.3,2.753
Phantom Thread (2017),766,,175201,175325,7307.341,7312.513,5.172
Phantom Thread (2017),767,,175326,176085,7312.555,7344.211,31.656
Phantom Thread (2017),768,,176086,176241,7344.253,7350.718,6.465
Phantom Thread (2017),769,,176242,176628,7350.76,7366.859,16.099
Phantom Thread (2017),770,,176629,176800,7366.901,7374.033,7.132
Phantom Thread (2017),771,,176801,177138,7374.075,7388.13,14.055
Phantom Thread (2017),772,,177139,177276,7388.172,7393.886,5.714
Phantom Thread (2017),773,,177277,177582,7393.928,7406.649,12.721
Phantom Thread (2017),774,,177583,177901,7406.69,7419.954,13.264
Phantom Thread (2017),775,,177902,178064,7419.995,7426.752,6.757
Phantom Thread (2017),776,,178065,178194,7426.794,7432.174,5.38
Phantom Thread (2017),777,,178204,178840,7432.591,7459.118,26.527
Phantom Thread (2017),778,,178841,178869,7459.16,7460.327,1.167
Phantom Thread (2017),779,,178871,178874,7460.411,7460.536,0.125
Phantom Thread (2017),780,,178879,179489,7460.744,7486.187,25.443
Phantom Thread (2017),781,,179503,179579,7486.77,7489.94,3.17
Phantom Thread (2017),782,,179591,179665,7490.441,7493.527,3.086
Phantom Thread (2017),783,,179682,179757,7494.236,7497.364,3.128
Phantom Thread (2017),784,,179769,180121,7497.865,7512.546,14.681
Phantom Thread (2017),785,,180123,180475,7512.63,7527.311,14.681
Phantom Thread (2017),786,,180490,180629,7527.937,7533.734,5.797
Phantom Thread (2017),787,,180642,180775,7534.276,7539.823,5.547
Phantom Thread (2017),788,,180788,181475,7540.366,7569.019,28.653
Phantom Thread (2017),789,,181479,181703,7569.186,7578.529,9.343
Phantom Thread (2017),790,,181717,181825,7579.113,7583.617,4.504
Phantom Thread (2017),791,,181838,182391,7584.159,7607.224,23.065
Phantom Thread (2017),792,,182393,182397,7607.308,7607.474,0.166
Phantom Thread (2017),793,,182400,182525,7607.6,7612.813,5.213
Phantom Thread (2017),794,,182529,182990,7612.98,7632.207,19.227
Phantom Thread (2017),795,,183002,183110,7632.708,7637.212,4.504
Phantom Thread (2017),796,,183123,183237,7637.755,7642.509,4.754
Phantom Thread (2017),797,,183250,183353,7643.052,7647.348,4.296
Phantom Thread (2017),798,,183366,183706,7647.89,7662.071,14.181
Phantom Thread (2017),799,,183719,184500,7662.613,7695.187,32.574
Phantom Thread (2017),800,,184506,184507,7695.437,7695.479,0.042
Phantom Thread (2017),801,,184513,184630,7695.729,7700.609,4.88
Phantom Thread (2017),802,,184635,184967,7700.818,7714.665,13.847
Phantom Thread (2017),803,,184981,185197,7715.249,7724.258,9.009
Phantom Thread (2017),804,,185212,185316,7724.883,7729.221,4.338
Phantom Thread (2017),805,,185328,185824,7729.722,7750.409,20.687
Phantom Thread (2017),806,,185832,186576,7750.743,7781.774,31.031
Phantom Thread (2017),807,,186579,186582,7781.899,7782.024,0.125
Phantom Thread (2017),808,,186583,187187,7782.065,7807.257,25.192
Boogie Nights (1997),1,,0,1366,0,56.97358,56.97358
Boogie Nights (1997),2,,1367,5506,57.01529,229.6461,172.63081
Boogie Nights (1997),3,,5507,5656,229.6878,235.9023,6.2145
Boogie Nights (1997),4,,5657,5747,235.944,239.6978,3.7538
Boogie Nights (1997),5,,5748,5843,239.7395,243.7018,3.9623
Boogie Nights (1997),6,,5844,6066,243.7435,253.0027,9.2592
Boogie Nights (1997),7,,6067,6134,253.0445,255.8389,2.7944
Boogie Nights (1997),8,,6140,6224,256.0892,259.5927,3.5035
Boogie Nights (1997),9,,6225,6834,259.6344,285.0347,25.4003
Boogie Nights (1997),10,,6835,7319,285.0765,305.2633,20.1868
Boogie Nights (1997),11,,7320,7444,305.305,310.4768,5.1718
Boogie Nights (1997),12,,7445,7508,310.5185,313.1462,2.6277
Boogie Nights (1997),13,,7509,7642,313.1879,318.7351,5.5472
Boogie Nights (1997),14,,7643,7686,318.7768,320.5702,1.7934
Boogie Nights (1997),15,,7687,7764,320.612,323.8235,3.2115
Boogie Nights (1997),16,,7765,7804,323.8652,325.4918,1.6266
Boogie Nights (1997),17,,7805,7907,325.5335,329.7878,4.2543
Boogie Nights (1997),18,,7908,8013,329.8295,334.2089,4.3794
Boogie Nights (1997),19,,8014,8072,334.2506,336.6697,2.4191
Boogie Nights (1997),20,,8073,8211,336.7114,342.4671,5.7557
Boogie Nights (1997),21,,8212,8257,342.5088,344.3857,1.8769
Boogie Nights (1997),22,,8258,8408,344.4274,350.6837,6.2563
Boogie Nights (1997),23,,8409,8551,350.7254,356.6479,5.9225
Boogie Nights (1997),24,,8552,8625,356.6897,359.7344,3.0447
Boogie Nights (1997),25,,8626,8713,359.7761,363.4047,3.6286
Boogie Nights (1997),26,,8714,8760,363.4464,365.365,1.9186
Boogie Nights (1997),27,,8761,8927,365.4067,372.3303,6.9236
Boogie Nights (1997),28,,8928,8981,372.372,374.5825,2.2105
Boogie Nights (1997),29,,8982,9018,374.6242,376.1257,1.5015
Boogie Nights (1997),30,,9019,9052,376.1674,377.5438,1.3764
Boogie Nights (1997),31,,9053,9087,377.5855,379.0036,1.4181
Boogie Nights (1997),32,,9088,9121,379.0453,380.4217,1.3764
Boogie Nights (1997),33,,9122,9180,380.4634,382.8825,2.4191
Boogie Nights (1997),34,,9181,9295,382.9242,387.6789,4.7547
Boogie Nights (1997),35,,9296,9345,387.7207,389.7644,2.0437
Boogie Nights (1997),36,,9346,9592,389.8061,400.0663,10.2602
Boogie Nights (1997),37,,9593,9717,400.108,405.2799,5.1719
Boogie Nights (1997),38,,9718,9832,405.3216,410.0763,4.7547
Boogie Nights (1997),39,,9833,9888,410.118,412.412,2.294
Boogie Nights (1997),40,,9889,9921,412.4537,413.7884,1.3347
Boogie Nights (1997),41,,9922,10019,413.8301,417.8758,4.0457
Boogie Nights (1997),42,,10020,10174,417.9175,424.3406,6.4231
Boogie Nights (1997),43,,10175,10246,424.3823,427.3436,2.9613
Boogie Nights (1997),44,,10247,10300,427.3853,429.5958,2.2105
Boogie Nights (1997),45,,10301,10388,429.6375,433.2662,3.6287
Boogie Nights (1997),46,,10389,10421,433.3079,434.6425,1.3346
Boogie Nights (1997),47,,10422,10482,434.6842,437.1867,2.5025
Boogie Nights (1997),48,,10483,10624,437.2284,443.1093,5.8809
Boogie Nights (1997),49,,10625,10656,443.151,444.444,1.293
Boogie Nights (1997),50,,10657,10749,444.4857,448.3229,3.8372
Boogie Nights (1997),51,,10750,10918,448.3646,455.3716,7.007
Boogie Nights (1997),52,,10919,11172,455.4133,465.9655,10.5522
Boogie Nights (1997),53,,11173,11202,466.0072,467.2167,1.2095
Boogie Nights (1997),54,,11203,11529,467.2584,480.8554,13.597
Boogie Nights (1997),55,,11530,11839,480.8971,493.7849,12.8878
Boogie Nights (1997),56,,11840,12895,493.8267,537.8289,44.0022
Boogie Nights (1997),57,,12896,12938,537.8707,539.6224,1.7517
Boogie Nights (1997),58,,12939,12987,539.6641,541.6661,2.002
Boogie Nights (1997),59,,12988,14091,541.7078,587.7121,46.0043
Boogie Nights (1997),60,,14092,15297,587.7538,638.0124,50.2586
Boogie Nights (1997),61,,15298,15400,638.0541,642.3083,4.2542
Boogie Nights (1997),62,,15401,15524,642.35,647.4801,5.1301
Boogie Nights (1997),63,,15525,15686,647.5219,654.2369,6.715
Boogie Nights (1997),64,,15687,15858,654.2786,661.4107,7.1321
Boogie Nights (1997),65,,15859,16000,661.4524,667.3333,5.8809
Boogie Nights (1997),66,,16001,16472,667.375,687.0196,19.6446
Boogie Nights (1997),67,,16473,16643,687.0614,694.1518,7.0904
Boogie Nights (1997),68,,16648,18256,694.3603,761.4273,67.067
Boogie Nights (1997),69,,18268,18351,761.9278,765.3896,3.4618
Boogie Nights (1997),70,,18352,18389,765.4313,766.9745,1.5432
Boogie Nights (1997),71,,18390,18425,767.0162,768.476,1.4598
Boogie Nights (1997),72,,18426,18476,768.5177,770.6031,2.0854
Boogie Nights (1997),73,,18477,19237,770.6449,802.3432,31.6983
Boogie Nights (1997),74,,19238,19594,802.3849,817.2331,14.8482
Boogie Nights (1997),75,,19595,19746,817.2748,823.5727,6.2979
Boogie Nights (1997),76,,19747,19831,823.6144,827.1179,3.5035
Boogie Nights (1997),77,,19832,19874,827.1596,828.9114,1.7518
Boogie Nights (1997),78,,19875,19917,828.9531,830.7049,1.7518
Boogie Nights (1997),79,,19918,20027,830.7466,835.2928,4.5462
Boogie Nights (1997),80,,20028,20226,835.3345,843.5927,8.2582
Boogie Nights (1997),81,,20227,20374,843.6344,849.7656,6.1312
Boogie Nights (1997),82,,20375,20458,849.8073,853.2691,3.4618
Boogie Nights (1997),83,,20459,20507,853.3108,855.3128,2.002
Boogie Nights (1997),84,,20508,20557,855.3545,857.3982,2.0437
Boogie Nights (1997),85,,20558,20939,857.4399,873.3308,15.8909
Boogie Nights (1997),86,,20940,21217,873.3725,884.9257,11.5532
Boogie Nights (1997),87,,21218,21350,884.9674,890.4729,5.5055
Boogie Nights (1997),88,,21351,21469,890.5146,895.4362,4.9216
Boogie Nights (1997),89,,21470,21681,895.4779,904.2784,8.8005
Boogie Nights (1997),90,,21682,21850,904.3201,911.3271,7.007
Boogie Nights (1997),91,,21851,22150,911.3688,923.8396,12.4708
Boogie Nights (1997),92,,22151,22216,923.8813,926.5923,2.711
Boogie Nights (1997),93,,22217,22269,926.634,928.8029,2.1689
Boogie Nights (1997),94,,22270,22803,928.8446,951.0751,22.2305
Boogie Nights (1997),95,,22804,22860,951.1168,953.4525,2.3357
Boogie Nights (1997),96,,22861,23209,953.4942,968.0087,14.5145
Boogie Nights (1997),97,,23210,23809,968.0504,993.0337,24.9833
Boogie Nights (1997),98,,23810,23861,993.0754,995.2025,2.1271
Boogie Nights (1997),99,,23862,23898,995.2442,996.7457,1.5015
Boogie Nights (1997),100,,23899,23945,996.7874,998.706,1.9186
Boogie Nights (1997),101,,23946,24829,998.7477,1035.576,36.8283
Boogie Nights (1997),102,,24830,24992,1035.618,1042.375,6.757
Boogie Nights (1997),103,,24993,25117,1042.416,1047.588,5.172
Boogie Nights (1997),104,,25118,25278,1047.63,1054.303,6.673
Boogie Nights (1997),105,,25279,25507,1054.345,1063.854,9.509
Boogie Nights (1997),106,,25508,25511,1063.896,1064.021,0.125
Boogie Nights (1997),107,,25514,25605,1064.146,1067.942,3.796
Boogie Nights (1997),108,,25606,25717,1067.984,1072.613,4.629
Boogie Nights (1997),109,,25718,25763,1072.655,1074.532,1.877
Boogie Nights (1997),110,,25764,25836,1074.573,1077.576,3.003
Boogie Nights (1997),111,,25837,26437,1077.618,1102.643,25.025
Boogie Nights (1997),112,,26438,26479,1102.685,1104.395,1.71
Boogie Nights (1997),113,,26480,26669,1104.437,1112.32,7.883
Boogie Nights (1997),114,,26670,26740,1112.361,1115.281,2.92
Boogie Nights (1997),115,,26741,26879,1115.323,1121.078,5.755
Boogie Nights (1997),116,,26880,27205,1121.12,1134.675,13.555
Boogie Nights (1997),117,,27206,27293,1134.717,1138.346,3.629
Boogie Nights (1997),118,,27294,27836,1138.387,1160.993,22.606
Boogie Nights (1997),119,,27837,28308,1161.035,1180.679,19.644
Boogie Nights (1997),120,,28309,28375,1180.721,1183.474,2.753
Boogie Nights (1997),121,,28376,28712,1183.516,1197.53,14.014
Boogie Nights (1997),122,,28713,29005,1197.571,1209.75,12.179
Boogie Nights (1997),123,,29006,29195,1209.792,1217.675,7.883
Boogie Nights (1997),124,,29196,29515,1217.716,1231.021,13.305
Boogie Nights (1997),125,,29516,30379,1231.063,1267.057,35.994
Boogie Nights (1997),126,,30380,31101,1267.099,1297.171,30.072
Boogie Nights (1997),127,,31102,31601,1297.213,1318.025,20.812
Boogie Nights (1997),128,,31602,31932,1318.067,1331.83,13.763
Boogie Nights (1997),129,,31933,32341,1331.872,1348.889,17.017
Boogie Nights (1997),130,,32342,32492,1348.931,1355.187,6.256
Boogie Nights (1997),131,,32493,33855,1355.229,1412.036,56.807
Boogie Nights (1997),132,,33856,35923,1412.077,1498.288,86.211
Boogie Nights (1997),133,,35924,36010,1498.33,1501.917,3.587
Boogie Nights (1997),134,,36011,36111,1501.959,1506.13,4.171
Boogie Nights (1997),135,,36112,36308,1506.171,1514.346,8.175
Boogie Nights (1997),136,,36309,36619,1514.388,1527.317,12.929
Boogie Nights (1997),137,,36620,37247,1527.359,1553.51,26.151
Boogie Nights (1997),138,,37248,37362,1553.552,1558.307,4.755
Boogie Nights (1997),139,,37363,37703,1558.348,1572.529,14.181
Boogie Nights (1997),140,,37704,37751,1572.571,1574.531,1.96
Boogie Nights (1997),141,,37752,37883,1574.573,1580.037,5.464
Boogie Nights (1997),142,,37884,38027,1580.078,1586.043,5.965
Boogie Nights (1997),143,,38028,38192,1586.084,1592.925,6.841
Boogie Nights (1997),144,,38193,38239,1592.966,1594.885,1.919
Boogie Nights (1997),145,,38240,38343,1594.927,1599.223,4.296
Boogie Nights (1997),146,,38344,38373,1599.264,1600.474,1.21
Boogie Nights (1997),147,,38374,38765,1600.516,1616.823,16.307
Boogie Nights (1997),148,,38766,38810,1616.865,1618.7,1.835
Boogie Nights (1997),149,,38811,39386,1618.742,1642.724,23.982
Boogie Nights (1997),150,,39387,39565,1642.766,1650.19,7.424
Boogie Nights (1997),151,,39566,39972,1650.232,1667.165,16.933
Boogie Nights (1997),152,,39973,40022,1667.207,1669.251,2.044
Boogie Nights (1997),153,,40023,40434,1669.293,1686.435,17.142
Boogie Nights (1997),154,,40435,40620,1686.476,1694.192,7.716
Boogie Nights (1997),155,,40621,41079,1694.234,1713.337,19.103
Boogie Nights (1997),156,,41080,44562,1713.378,1858.607,145.229
Boogie Nights (1997),157,,44563,44591,1858.648,1859.816,1.168
Boogie Nights (1997),158,,44592,44642,1859.858,1861.943,2.085
Boogie Nights (1997),159,,44643,44686,1861.985,1863.779,1.794
Boogie Nights (1997),160,,44687,44976,1863.82,1875.874,12.054
Boogie Nights (1997),161,,44977,45184,1875.916,1884.549,8.633
Boogie Nights (1997),162,,45185,45690,1884.591,1905.654,21.063
Boogie Nights (1997),163,,45691,48504,1905.695,2023.021,117.326
Boogie Nights (1997),164,,48506,48964,2023.104,2042.207,19.103
Boogie Nights (1997),165,,48965,49377,2042.248,2059.432,17.184
Boogie Nights (1997),166,,49378,49587,2059.474,2068.191,8.717
Boogie Nights (1997),167,,49588,49705,2068.233,2073.113,4.88
Boogie Nights (1997),168,,49706,49838,2073.154,2078.66,5.506
Boogie Nights (1997),169,,49839,50107,2078.702,2089.879,11.177
Boogie Nights (1997),170,,50108,50801,2089.921,2118.825,28.904
Boogie Nights (1997),171,,50802,51043,2118.867,2128.918,10.051
Boogie Nights (1997),172,,51044,51745,2128.96,2158.198,29.238
Boogie Nights (1997),173,,51746,51948,2158.239,2166.664,8.425
Boogie Nights (1997),174,,51949,52085,2166.706,2172.378,5.672
Boogie Nights (1997),175,,52086,52182,2172.42,2176.424,4.004
Boogie Nights (1997),176,,52183,52281,2176.466,2180.553,4.087
Boogie Nights (1997),177,,52282,52519,2180.595,2190.48,9.885
Boogie Nights (1997),178,,52520,52616,2190.522,2194.526,4.004
Boogie Nights (1997),179,,52617,52817,2194.567,2202.909,8.342
Boogie Nights (1997),180,,52818,53007,2202.951,2210.834,7.883
Boogie Nights (1997),181,,53008,53106,2210.875,2214.963,4.088
Boogie Nights (1997),182,,53107,53279,2215.004,2222.178,7.174
Boogie Nights (1997),183,,53280,55598,2222.22,2318.9,96.68
Boogie Nights (1997),184,,55599,55912,2318.942,2331.996,13.054
Boogie Nights (1997),185,,55913,55988,2332.038,2335.166,3.128
Boogie Nights (1997),186,,55989,56068,2335.208,2338.503,3.295
Boogie Nights (1997),187,,56069,56207,2338.544,2344.3,5.756
Boogie Nights (1997),188,,56208,56406,2344.342,2352.6,8.258
Boogie Nights (1997),189,,56407,56500,2352.642,2356.521,3.879
Boogie Nights (1997),190,,56501,56598,2356.562,2360.608,4.046
Boogie Nights (1997),191,,56599,56688,2360.65,2364.362,3.712
Boogie Nights (1997),192,,56689,56793,2364.404,2368.741,4.337
Boogie Nights (1997),193,,56794,56865,2368.783,2371.744,2.961
Boogie Nights (1997),194,,56866,57237,2371.786,2387.26,15.474
Boogie Nights (1997),195,,57238,57808,2387.302,2411.075,23.773
Boogie Nights (1997),196,,57809,58084,2411.117,2422.587,11.47
Boogie Nights (1997),197,,58085,58181,2422.628,2426.632,4.004
Boogie Nights (1997),198,,58182,58347,2426.674,2433.556,6.882
Boogie Nights (1997),199,,58348,58453,2433.598,2437.977,4.379
Boogie Nights (1997),200,,58454,58571,2438.019,2442.899,4.88
Boogie Nights (1997),201,,58572,58673,2442.94,2447.153,4.213
Boogie Nights (1997),202,,58674,58801,2447.195,2452.492,5.297
Boogie Nights (1997),203,,58802,58894,2452.533,2456.371,3.838
Boogie Nights (1997),204,,58895,59003,2456.412,2460.917,4.505
Boogie Nights (1997),205,,59004,59105,2460.958,2465.171,4.213
Boogie Nights (1997),206,,59106,59203,2465.213,2469.258,4.045
Boogie Nights (1997),207,,59204,59299,2469.3,2473.262,3.962
Boogie Nights (1997),208,,59300,59455,2473.304,2479.769,6.465
Boogie Nights (1997),209,,59456,59556,2479.811,2483.981,4.17
Boogie Nights (1997),210,,59557,59645,2484.023,2487.693,3.67
Boogie Nights (1997),211,,59646,59815,2487.735,2494.784,7.049
Boogie Nights (1997),212,,59816,59850,2494.826,2496.244,1.418
Boogie Nights (1997),213,,59851,59923,2496.285,2499.288,3.003
Boogie Nights (1997),214,,59924,59988,2499.33,2501.999,2.669
Boogie Nights (1997),215,,59989,60459,2502.041,2521.644,19.603
Boogie Nights (1997),216,,60460,60549,2521.686,2525.398,3.712
Boogie Nights (1997),217,,60550,62088,2525.44,2589.587,64.147
Boogie Nights (1997),218,,62089,62248,2589.629,2596.26,6.631
Boogie Nights (1997),219,,62249,62324,2596.302,2599.43,3.128
Boogie Nights (1997),220,,62325,62536,2599.472,2608.272,8.8
Boogie Nights (1997),221,,62537,62622,2608.314,2611.859,3.545
Boogie Nights (1997),222,,62623,62780,2611.901,2618.449,6.548
Boogie Nights (1997),223,,62781,62815,2618.491,2619.909,1.418
Boogie Nights (1997),224,,62816,63252,2619.951,2638.135,18.184
Boogie Nights (1997),225,,63253,63257,2638.177,2638.344,0.167
Boogie Nights (1997),226,,63258,63422,2638.386,2645.226,6.84
Boogie Nights (1997),227,,63423,63524,2645.268,2649.48,4.212
Boogie Nights (1997),228,,63525,63750,2649.522,2658.906,9.384
Boogie Nights (1997),229,,63751,63833,2658.948,2662.368,3.42
Boogie Nights (1997),230,,63834,63934,2662.41,2666.581,4.171
Boogie Nights (1997),231,,63957,65521,2667.54,2732.772,65.232
Boogie Nights (1997),232,,65522,66288,2732.813,2764.762,31.949
Boogie Nights (1997),233,,66289,66668,2764.804,2780.611,15.807
Boogie Nights (1997),234,,66669,66883,2780.653,2789.578,8.925
Boogie Nights (1997),235,,66884,67713,2789.62,2824.196,34.576
Boogie Nights (1997),236,,67714,69098,2824.238,2881.962,57.724
Boogie Nights (1997),237,,69099,69737,2882.004,2908.614,26.61
Boogie Nights (1997),238,,69738,69845,2908.656,2913.118,4.462
Boogie Nights (1997),239,,69846,70174,2913.16,2926.841,13.681
Boogie Nights (1997),240,,70175,71174,2926.882,2968.549,41.667
Boogie Nights (1997),241,,71175,72365,2968.591,3018.223,49.632
Boogie Nights (1997),242,,72366,72603,3018.265,3028.15,9.885
Boogie Nights (1997),243,,72604,72764,3028.192,3034.865,6.673
Boogie Nights (1997),244,,72765,72923,3034.907,3041.497,6.59
Boogie Nights (1997),245,,72924,73039,3041.538,3046.335,4.797
Boogie Nights (1997),246,,73040,73336,3046.377,3058.722,12.345
Boogie Nights (1997),247,,73337,73492,3058.764,3065.229,6.465
Boogie Nights (1997),248,,73493,73924,3065.27,3083.247,17.977
Boogie Nights (1997),249,,73925,74342,3083.288,3100.681,17.393
Boogie Nights (1997),250,,74343,74765,3100.723,3118.323,17.6
Boogie Nights (1997),251,,74776,75260,3118.782,3138.969,20.187
Boogie Nights (1997),252,,75261,75482,3139.011,3148.228,9.217
Boogie Nights (1997),253,,75483,75657,3148.27,3155.527,7.257
Boogie Nights (1997),254,,75658,76011,3155.569,3170.292,14.723
Boogie Nights (1997),255,,76012,76336,3170.334,3183.847,13.513
Boogie Nights (1997),256,,76337,76465,3183.889,3189.228,5.339
Boogie Nights (1997),257,,76466,76568,3189.269,3193.524,4.255
Boogie Nights (1997),258,,76569,76659,3193.565,3197.319,3.754
Boogie Nights (1997),259,,76666,76889,3197.611,3206.912,9.301
Boogie Nights (1997),260,,76890,77003,3206.954,3211.667,4.713
Boogie Nights (1997),261,,77004,77896,3211.708,3248.912,37.204
Boogie Nights (1997),262,,77897,78055,3248.954,3255.544,6.59
Boogie Nights (1997),263,,78056,78988,3255.586,3294.458,38.872
Boogie Nights (1997),264,,78989,79347,3294.499,3309.431,14.932
Boogie Nights (1997),265,,79348,79704,3309.473,3324.321,14.848
Boogie Nights (1997),266,,79705,79749,3324.363,3326.198,1.835
Boogie Nights (1997),267,,79750,79782,3326.239,3327.574,1.335
Boogie Nights (1997),268,,79783,79873,3327.616,3331.37,3.754
Boogie Nights (1997),269,,79874,79991,3331.411,3336.291,4.88
Boogie Nights (1997),270,,79992,80228,3336.333,3346.176,9.843
Boogie Nights (1997),271,,80229,80332,3346.218,3350.514,4.296
Boogie Nights (1997),272,,80333,80588,3350.555,3361.191,10.636
Boogie Nights (1997),273,,80589,80902,3361.233,3374.287,13.054
Boogie Nights (1997),274,,80903,81187,3374.329,3386.174,11.845
Boogie Nights (1997),275,,81190,81947,3386.299,3417.873,31.574
Boogie Nights (1997),276,,81950,82849,3417.998,3455.494,37.496
Boogie Nights (1997),277,,82850,83744,3455.535,3492.823,37.288
Boogie Nights (1997),278,,83745,83921,3492.864,3500.205,7.341
Boogie Nights (1997),279,,83924,84124,3500.33,3508.672,8.342
Boogie Nights (1997),280,,84125,84211,3508.713,3512.3,3.587
Boogie Nights (1997),281,,84222,86486,3512.759,3607.187,94.428
Boogie Nights (1997),282,,86487,86634,3607.229,3613.36,6.131
Boogie Nights (1997),283,,86635,86676,3613.401,3615.111,1.71
Boogie Nights (1997),284,,86677,86847,3615.153,3622.244,7.091
Boogie Nights (1997),285,,86848,86882,3622.285,3623.703,1.418
Boogie Nights (1997),286,,86883,87162,3623.745,3635.382,11.637
Boogie Nights (1997),287,,87163,87326,3635.423,3642.222,6.799
Boogie Nights (1997),288,,87327,87522,3642.264,3650.397,8.133
Boogie Nights (1997),289,,87523,87687,3650.438,3657.279,6.841
Boogie Nights (1997),290,,87688,87835,3657.32,3663.451,6.131
Boogie Nights (1997),291,,87836,87906,3663.493,3666.413,2.92
Boogie Nights (1997),292,,87907,88013,3666.454,3670.875,4.421
Boogie Nights (1997),293,,88014,88183,3670.917,3677.966,7.049
Boogie Nights (1997),294,,88184,88246,3678.008,3680.593,2.585
Boogie Nights (1997),295,,88247,88423,3680.635,3687.976,7.341
Boogie Nights (1997),296,,88424,90257,3688.018,3764.469,76.451
Boogie Nights (1997),297,,90258,90655,3764.511,3781.069,16.558
Boogie Nights (1997),298,,90656,90820,3781.111,3787.951,6.84
Boogie Nights (1997),299,,90821,91122,3787.992,3800.547,12.555
Boogie Nights (1997),300,,91123,91725,3800.588,3825.697,25.109
Boogie Nights (1997),301,,91726,92016,3825.738,3837.834,12.096
Boogie Nights (1997),302,,92017,92145,3837.876,3843.214,5.338
Boogie Nights (1997),303,,92146,92420,3843.256,3854.684,11.428
Boogie Nights (1997),304,,92421,92742,3854.726,3868.114,13.388
Boogie Nights (1997),305,,92743,93034,3868.156,3880.293,12.137
Boogie Nights (1997),306,,93035,93074,3880.335,3881.961,1.626
Boogie Nights (1997),307,,93075,93186,3882.003,3886.633,4.63
Boogie Nights (1997),308,,93187,93705,3886.674,3908.279,21.605
Boogie Nights (1997),309,,93706,93980,3908.321,3919.749,11.428
Boogie Nights (1997),310,,93981,94240,3919.791,3930.593,10.802
Boogie Nights (1997),311,,94241,94829,3930.635,3955.159,24.524
Boogie Nights (1997),312,,94830,94924,3955.201,3959.122,3.921
Boogie Nights (1997),313,,94925,95715,3959.163,3992.113,32.95
Boogie Nights (1997),314,,95720,95916,3992.322,4000.496,8.174
Boogie Nights (1997),315,,95920,96083,4000.663,4007.462,6.799
Boogie Nights (1997),316,,96087,96173,4007.629,4011.215,3.586
Boogie Nights (1997),317,,96177,96866,4011.382,4040.119,28.737
Boogie Nights (1997),318,,96870,96954,4040.286,4043.79,3.504
Boogie Nights (1997),319,,96957,97369,4043.915,4061.099,17.184
Boogie Nights (1997),320,,97381,97490,4061.599,4066.145,4.546
Boogie Nights (1997),321,,97491,97765,4066.187,4077.615,11.428
Boogie Nights (1997),322,,97766,97808,4077.657,4079.409,1.752
Boogie Nights (1997),323,,97809,97964,4079.45,4085.915,6.465
Boogie Nights (1997),324,,97965,98750,4085.957,4118.698,32.741
Boogie Nights (1997),325,,98752,98753,4118.781,4118.823,0.042
Boogie Nights (1997),326,,98756,99275,4118.948,4140.595,21.647
Boogie Nights (1997),327,,99276,101337,4140.636,4226.597,85.961
Boogie Nights (1997),328,,101338,101388,4226.639,4228.724,2.085
Boogie Nights (1997),329,,101391,101668,4228.85,4240.403,11.553
Boogie Nights (1997),330,,101669,102352,4240.444,4268.931,28.487
Boogie Nights (1997),331,,102353,103119,4268.973,4300.922,31.949
Boogie Nights (1997),332,,103120,103238,4300.963,4305.885,4.922
Boogie Nights (1997),333,,103239,103240,4305.927,4305.968,0.041
Boogie Nights (1997),334,,103241,103244,4306.01,4306.135,0.125
Boogie Nights (1997),335,,103245,103335,4306.177,4309.931,3.754
Boogie Nights (1997),336,,103336,103568,4309.972,4319.649,9.677
Boogie Nights (1997),337,,103569,104680,4319.69,4366.028,46.338
Boogie Nights (1997),338,,104681,106525,4366.07,4442.98,76.91
Boogie Nights (1997),339,,106526,108730,4443.022,4534.947,91.925
Boogie Nights (1997),340,,108731,108825,4534.989,4538.909,3.92
Boogie Nights (1997),341,,108826,109090,4538.951,4549.962,11.011
Boogie Nights (1997),342,,109091,109262,4550.004,4557.136,7.132
Boogie Nights (1997),343,,109263,109322,4557.178,4559.638,2.46
Boogie Nights (1997),344,,109323,109503,4559.68,4567.188,7.508
Boogie Nights (1997),345,,109504,109541,4567.229,4568.772,1.543
Boogie Nights (1997),346,,109542,109989,4568.814,4587.458,18.644
Boogie Nights (1997),347,,109990,110409,4587.499,4604.975,17.476
Boogie Nights (1997),348,,110410,110514,4605.017,4609.355,4.338
Boogie Nights (1997),349,,110515,111335,4609.396,4643.597,34.201
Boogie Nights (1997),350,,111336,111428,4643.639,4647.476,3.837
Boogie Nights (1997),351,,111429,111523,4647.518,4651.438,3.92
Boogie Nights (1997),352,,111524,111665,4651.48,4657.361,5.881
Boogie Nights (1997),353,,111666,111915,4657.403,4667.788,10.385
Boogie Nights (1997),354,,111916,112032,4667.83,4672.668,4.838
Boogie Nights (1997),355,,112033,112106,4672.71,4675.754,3.044
Boogie Nights (1997),356,,112107,112317,4675.796,4684.555,8.759
Boogie Nights (1997),357,,112318,112409,4684.596,4688.392,3.796
Boogie Nights (1997),358,,112410,112457,4688.434,4690.394,1.96
Boogie Nights (1997),359,,112458,116247,4690.436,4848.468,158.032
Boogie Nights (1997),360,,116248,116879,4848.51,4874.828,26.318
Boogie Nights (1997),361,,116880,117206,4874.87,4888.467,13.597
Boogie Nights (1997),362,,117207,121219,4888.508,5055.842,167.334
Boogie Nights (1997),363,,121220,121275,5055.884,5058.178,2.294
Boogie Nights (1997),364,,121276,121586,5058.22,5071.149,12.929
Boogie Nights (1997),365,,121587,121795,5071.191,5079.866,8.675
Boogie Nights (1997),366,,121796,122122,5079.908,5093.505,13.597
Boogie Nights (1997),367,,122123,122265,5093.547,5099.469,5.922
Boogie Nights (1997),368,,122266,122462,5099.511,5107.686,8.175
Boogie Nights (1997),369,,122463,122884,5107.727,5125.287,17.56
Boogie Nights (1997),370,,122885,123827,5125.328,5164.618,39.29
Boogie Nights (1997),371,,123828,123982,5164.659,5171.082,6.423
Boogie Nights (1997),372,,123983,124087,5171.124,5175.462,4.338
Boogie Nights (1997),373,,124088,124217,5175.504,5180.884,5.38
Boogie Nights (1997),374,,124218,124292,5180.926,5184.012,3.086
Boogie Nights (1997),375,,124293,124543,5184.054,5194.481,10.427
Boogie Nights (1997),376,,124544,124823,5194.523,5206.159,11.636
Boogie Nights (1997),377,,124824,125033,5206.201,5214.918,8.717
Boogie Nights (1997),378,,125034,125211,5214.96,5222.342,7.382
Boogie Nights (1997),379,,125212,125870,5222.384,5249.828,27.444
Boogie Nights (1997),380,,125871,127085,5249.869,5300.503,50.634
Boogie Nights (1997),381,,127086,127434,5300.545,5315.06,14.515
Boogie Nights (1997),382,,127435,127487,5315.101,5317.27,2.169
Boogie Nights (1997),383,,127488,127694,5317.312,5325.904,8.592
Boogie Nights (1997),384,,127695,127717,5325.945,5326.863,0.918
Boogie Nights (1997),385,,127718,127738,5326.905,5327.739,0.834
Boogie Nights (1997),386,,127739,128283,5327.781,5350.47,22.689
Boogie Nights (1997),387,,128284,128479,5350.512,5358.645,8.133
Boogie Nights (1997),388,,128480,129109,5358.687,5384.921,26.234
Boogie Nights (1997),389,,129110,129863,5384.963,5416.369,31.406
Boogie Nights (1997),390,,129864,129958,5416.411,5420.331,3.92
Boogie Nights (1997),391,,129959,130489,5420.373,5442.479,22.106
Boogie Nights (1997),392,,130490,130793,5442.52,5455.158,12.638
Boogie Nights (1997),393,,130794,130881,5455.2,5458.828,3.628
Boogie Nights (1997),394,,130882,130983,5458.87,5463.082,4.212
Boogie Nights (1997),395,,130984,131205,5463.124,5472.342,9.218
Boogie Nights (1997),396,,131206,131322,5472.383,5477.222,4.839
Boogie Nights (1997),397,,131323,131562,5477.263,5487.232,9.969
Boogie Nights (1997),398,,131563,131697,5487.273,5492.862,5.589
Boogie Nights (1997),399,,131698,131745,5492.904,5494.864,1.96
Boogie Nights (1997),400,,131746,131880,5494.906,5500.495,5.589
Boogie Nights (1997),401,,131881,131984,5500.537,5504.833,4.296
Boogie Nights (1997),402,,131985,132289,5504.874,5517.554,12.68
Boogie Nights (1997),403,,132290,132959,5517.595,5545.498,27.903
Boogie Nights (1997),404,,132960,132986,5545.54,5546.624,1.084
Boogie Nights (1997),405,,132987,133210,5546.666,5555.967,9.301
Boogie Nights (1997),406,,133213,133214,5556.092,5556.134,0.042
Boogie Nights (1997),407,,133228,133806,5556.718,5580.825,24.107
Boogie Nights (1997),408,,133808,134607,5580.909,5614.233,33.324
Boogie Nights (1997),409,,134608,134843,5614.275,5624.077,9.802
Boogie Nights (1997),410,,134844,134963,5624.118,5629.082,4.964
Boogie Nights (1997),411,,134964,135124,5629.123,5635.797,6.674
Boogie Nights (1997),412,,135125,135220,5635.838,5639.801,3.963
Boogie Nights (1997),413,,135221,135371,5639.842,5646.099,6.257
Boogie Nights (1997),414,,135372,135468,5646.14,5650.144,4.004
Boogie Nights (1997),415,,135469,135818,5650.186,5664.742,14.556
Boogie Nights (1997),416,,135819,136148,5664.784,5678.506,13.722
Boogie Nights (1997),417,,136149,136745,5678.548,5703.406,24.858
Boogie Nights (1997),418,,136746,136861,5703.448,5708.244,4.796
Boogie Nights (1997),419,,136862,137139,5708.286,5719.839,11.553
Boogie Nights (1997),420,,137140,137278,5719.881,5725.636,5.755
Boogie Nights (1997),421,,137279,138340,5725.678,5769.931,44.253
Boogie Nights (1997),422,,138349,138812,5770.306,5789.617,19.311
Boogie Nights (1997),423,,138813,138904,5789.659,5793.454,3.795
Boogie Nights (1997),424,,138905,138971,5793.496,5796.249,2.753
Boogie Nights (1997),425,,138972,139384,5796.29,5813.474,17.184
Boogie Nights (1997),426,,139385,140354,5813.516,5853.931,40.415
Boogie Nights (1997),427,,140355,141026,5853.973,5881.959,27.986
Boogie Nights (1997),428,,141027,141718,5882.001,5910.821,28.82
Boogie Nights (1997),429,,141719,141776,5910.863,5913.241,2.378
Boogie Nights (1997),430,,141777,142284,5913.282,5934.428,21.146
Boogie Nights (1997),431,,142286,142517,5934.512,5944.146,9.634
Boogie Nights (1997),432,,142534,142588,5944.855,5947.108,2.253
Boogie Nights (1997),433,,142589,142695,5947.149,5951.57,4.421
Boogie Nights (1997),434,,142696,143020,5951.612,5965.126,13.514
Boogie Nights (1997),435,,143021,144248,5965.167,6016.344,51.177
Boogie Nights (1997),436,,144249,144340,6016.385,6020.181,3.796
Boogie Nights (1997),437,,144341,144492,6020.222,6026.52,6.298
Boogie Nights (1997),438,,144493,144679,6026.562,6034.32,7.758
Boogie Nights (1997),439,,144680,146341,6034.362,6103.639,69.277
Boogie Nights (1997),440,,146342,146601,6103.681,6114.483,10.802
Boogie Nights (1997),441,,146602,146740,6114.525,6120.281,5.756
Boogie Nights (1997),442,,146741,146893,6120.322,6126.662,6.34
Boogie Nights (1997),443,,146894,146955,6126.704,6129.248,2.544
Boogie Nights (1997),444,,146956,146986,6129.29,6130.541,1.251
Boogie Nights (1997),445,,146987,147083,6130.583,6134.587,4.004
Boogie Nights (1997),446,,147084,147152,6134.628,6137.465,2.837
Boogie Nights (1997),447,,147153,147243,6137.506,6141.26,3.754
Boogie Nights (1997),448,,147244,147407,6141.302,6148.1,6.798
Boogie Nights (1997),449,,147408,147713,6148.142,6160.863,12.721
Boogie Nights (1997),450,,147714,147775,6160.905,6163.449,2.544
Boogie Nights (1997),451,,147776,147816,6163.491,6165.159,1.668
Boogie Nights (1997),452,,147817,147922,6165.201,6169.58,4.379
Boogie Nights (1997),453,,147923,148168,6169.622,6179.84,10.218
Boogie Nights (1997),454,,148169,148258,6179.882,6183.594,3.712
Boogie Nights (1997),455,,148259,148663,6183.636,6200.486,16.85
Boogie Nights (1997),456,,148664,149055,6200.528,6216.835,16.307
Boogie Nights (1997),457,,149056,149210,6216.877,6223.3,6.423
Boogie Nights (1997),458,,149211,149215,6223.342,6223.509,0.167
Boogie Nights (1997),459,,149216,149241,6223.551,6224.593,1.042
Boogie Nights (1997),460,,149242,149581,6224.635,6238.774,14.139
Boogie Nights (1997),461,,149582,149805,6238.816,6248.117,9.301
Boogie Nights (1997),462,,149806,149840,6248.158,6249.576,1.418
Boogie Nights (1997),463,,149841,150094,6249.618,6260.17,10.552
Boogie Nights (1997),464,,150095,150183,6260.212,6263.882,3.67
Boogie Nights (1997),465,,150184,150446,6263.924,6274.852,10.928
Boogie Nights (1997),466,,150447,150597,6274.893,6281.15,6.257
Boogie Nights (1997),467,,150598,150683,6281.191,6284.737,3.546
Boogie Nights (1997),468,,150684,150756,6284.778,6287.781,3.003
Boogie Nights (1997),469,,150757,150801,6287.823,6289.658,1.835
Boogie Nights (1997),470,,150802,150885,6289.7,6293.162,3.462
Boogie Nights (1997),471,,150886,150933,6293.203,6295.164,1.961
Boogie Nights (1997),472,,150934,151106,6295.205,6302.379,7.174
Boogie Nights (1997),473,,151107,151318,6302.421,6311.221,8.8
Boogie Nights (1997),474,,151319,151544,6311.263,6320.647,9.384
Boogie Nights (1997),475,,151545,152273,6320.689,6351.053,30.364
Boogie Nights (1997),476,,152274,152456,6351.095,6358.685,7.59
Boogie Nights (1997),477,,152457,152538,6358.727,6362.106,3.379
Boogie Nights (1997),478,,152539,152801,6362.147,6373.075,10.928
Boogie Nights (1997),479,,152802,152852,6373.117,6375.202,2.085
Boogie Nights (1997),480,,152853,152891,6375.244,6376.829,1.585
Boogie Nights (1997),481,,152892,152931,6376.87,6378.497,1.627
Boogie Nights (1997),482,,152932,152985,6378.539,6380.749,2.21
Boogie Nights (1997),483,,152986,153018,6380.791,6382.126,1.335
Boogie Nights (1997),484,,153019,153069,6382.167,6384.253,2.086
Boogie Nights (1997),485,,153070,153442,6384.294,6399.81,15.516
Boogie Nights (1997),486,,153443,153504,6399.852,6402.396,2.544
Boogie Nights (1997),487,,153505,154161,6402.438,6429.798,27.36
Boogie Nights (1997),488,,154162,154395,6429.84,6439.558,9.718
Boogie Nights (1997),489,,154396,154740,6439.6,6453.947,14.347
Boogie Nights (1997),490,,154741,154836,6453.989,6457.951,3.962
Boogie Nights (1997),491,,154837,155247,6457.993,6475.093,17.1
Boogie Nights (1997),492,,155248,155283,6475.135,6476.595,1.46
Boogie Nights (1997),493,,155284,155563,6476.637,6488.273,11.636
Boogie Nights (1997),494,,155564,155668,6488.315,6492.653,4.338
Boogie Nights (1997),495,,155669,155813,6492.694,6498.7,6.006
Boogie Nights (1997),496,,155814,155901,6498.742,6502.371,3.629
Boogie Nights (1997),497,,155902,156025,6502.412,6507.543,5.131
Boogie Nights (1997),498,,156026,156139,6507.584,6512.297,4.713
Boogie Nights (1997),499,,156140,156198,6512.339,6514.758,2.419
Boogie Nights (1997),500,,156199,156277,6514.8,6518.053,3.253
Boogie Nights (1997),501,,156278,156761,6518.095,6538.24,20.145
Boogie Nights (1997),502,,156763,158786,6538.323,6622.699,84.376
Boogie Nights (1997),503,,158787,159238,6622.741,6641.551,18.81
Boogie Nights (1997),504,,159239,161485,6641.593,6735.27,93.677
Boogie Nights (1997),505,,161486,161664,6735.312,6742.736,7.424
Boogie Nights (1997),506,,161665,161880,6742.778,6751.745,8.967
Boogie Nights (1997),507,,161881,162465,6751.787,6776.144,24.357
Boogie Nights (1997),508,,162466,162935,6776.186,6795.747,19.561
Boogie Nights (1997),509,,162936,164307,6795.789,6852.971,57.182
Boogie Nights (1997),510,,164308,165198,6853.013,6890.133,37.12
Boogie Nights (1997),511,,165199,165468,6890.175,6901.394,11.219
Boogie Nights (1997),512,,165469,166353,6901.436,6938.306,36.87
Boogie Nights (1997),513,,166354,166783,6938.348,6956.241,17.893
Boogie Nights (1997),514,,166784,167704,6956.282,6994.654,38.372
Boogie Nights (1997),515,,167705,169190,6994.696,7056.633,61.937
Boogie Nights (1997),516,,169191,169684,7056.674,7077.237,20.563
Boogie Nights (1997),517,,169685,170467,7077.278,7109.894,32.616
Boogie Nights (1997),518,,170468,170584,7109.936,7114.774,4.838
Boogie Nights (1997),519,,170585,170770,7114.816,7122.532,7.716
Boogie Nights (1997),520,,170771,171315,7122.574,7145.263,22.689
Boogie Nights (1997),521,,171316,171473,7145.305,7151.853,6.548
Boogie Nights (1997),522,,171474,171718,7151.895,7162.071,10.176
Boogie Nights (1997),523,,171719,171767,7162.113,7164.115,2.002
Boogie Nights (1997),524,,171768,172094,7164.157,7177.754,13.597
Boogie Nights (1997),525,,172095,172430,7177.795,7191.768,13.973
Boogie Nights (1997),526,,172431,172471,7191.809,7193.478,1.669
Boogie Nights (1997),527,,172472,172566,7193.519,7197.44,3.921
Boogie Nights (1997),528,,172567,172595,7197.482,7198.65,1.168
Boogie Nights (1997),529,,172596,172773,7198.691,7206.074,7.383
Boogie Nights (1997),530,,172774,172783,7206.115,7206.491,0.376
Boogie Nights (1997),531,,172787,172814,7206.658,7207.784,1.126
Boogie Nights (1997),532,,172815,173357,7207.825,7230.431,22.606
Boogie Nights (1997),533,,173358,173616,7230.473,7241.234,10.761
Boogie Nights (1997),534,,173617,173641,7241.276,7242.277,1.001
Boogie Nights (1997),535,,173642,173717,7242.318,7245.446,3.128
Boogie Nights (1997),536,,173718,173793,7245.488,7248.616,3.128
Boogie Nights (1997),537,,173794,174026,7248.658,7258.334,9.676
Boogie Nights (1997),538,,174027,174116,7258.376,7262.088,3.712
Boogie Nights (1997),539,,174117,174191,7262.13,7265.216,3.086
Boogie Nights (1997),540,,174192,174221,7265.258,7266.467,1.209
Boogie Nights (1997),541,,174222,174330,7266.509,7271.014,4.505
Boogie Nights (1997),542,,174331,174496,7271.055,7277.937,6.882
Boogie Nights (1997),543,,174497,174549,7277.979,7280.148,2.169
Boogie Nights (1997),544,,174550,174651,7280.189,7284.402,4.213
Boogie Nights (1997),545,,174652,174839,7284.444,7292.243,7.799
Boogie Nights (1997),546,,174840,174889,7292.285,7294.329,2.044
Boogie Nights (1997),547,,174890,174975,7294.37,7297.915,3.545
Boogie Nights (1997),548,,174976,175149,7297.957,7305.173,7.216
Boogie Nights (1997),549,,175150,175699,7305.214,7328.112,22.898
Boogie Nights (1997),550,,175700,176192,7328.154,7348.674,20.52
Boogie Nights (1997),551,,176193,176377,7348.716,7356.391,7.675
Boogie Nights (1997),552,,176378,176555,7356.432,7363.815,7.383
Boogie Nights (1997),553,,176556,178078,7363.856,7427.336,63.48
Boogie Nights (1997),554,,178079,178129,7427.378,7429.464,2.086
Boogie Nights (1997),555,,178130,178177,7429.505,7431.466,1.961
Boogie Nights (1997),556,,178178,178460,7431.507,7443.269,11.762
Boogie Nights (1997),557,,178461,178572,7443.311,7447.94,4.629
Boogie Nights (1997),558,,178573,178621,7447.982,7449.984,2.002
Boogie Nights (1997),559,,178622,178687,7450.026,7452.737,2.711
Boogie Nights (1997),560,,178688,178759,7452.778,7455.74,2.962
Boogie Nights (1997),561,,178760,178811,7455.781,7457.909,2.128
Boogie Nights (1997),562,,178812,178924,7457.95,7462.622,4.672
Boogie Nights (1997),563,,178925,178985,7462.663,7465.166,2.503
Boogie Nights (1997),564,,178986,179070,7465.208,7468.711,3.503
Boogie Nights (1997),565,,179071,179233,7468.753,7475.51,6.757
Boogie Nights (1997),566,,179234,179269,7475.551,7477.011,1.46
Boogie Nights (1997),567,,179270,179301,7477.053,7478.346,1.293
Boogie Nights (1997),568,,179302,179371,7478.387,7481.265,2.878
Boogie Nights (1997),569,,179372,179595,7481.307,7490.608,9.301
Boogie Nights (1997),570,,179596,179786,7490.65,7498.574,7.924
Boogie Nights (1997),571,,179787,179907,7498.616,7503.621,5.005
Boogie Nights (1997),572,,179908,180021,7503.663,7508.376,4.713
Boogie Nights (1997),573,,180022,180127,7508.417,7512.797,4.38
Boogie Nights (1997),574,,180128,180407,7512.838,7524.475,11.637
Boogie Nights (1997),575,,180408,180469,7524.517,7527.061,2.544
Boogie Nights (1997),576,,180470,180596,7527.103,7532.358,5.255
Boogie Nights (1997),577,,180597,181843,7532.4,7584.368,51.968
Boogie Nights (1997),578,,181844,181882,7584.41,7585.995,1.585
Boogie Nights (1997),579,,181883,182276,7586.037,7602.428,16.391
Boogie Nights (1997),580,,182277,182704,7602.47,7620.279,17.809
Boogie Nights (1997),581,,182705,182750,7620.321,7622.198,1.877
Boogie Nights (1997),582,,182751,182798,7622.239,7624.2,1.961
Boogie Nights (1997),583,,182799,183666,7624.241,7660.403,36.162
Boogie Nights (1997),584,,183667,183826,7660.444,7667.076,6.632
Boogie Nights (1997),585,,183827,184071,7667.118,7677.294,10.176
Boogie Nights (1997),586,,184072,184193,7677.336,7682.383,5.047
Boogie Nights (1997),587,,184194,184589,7682.425,7698.899,16.474
Boogie Nights (1997),588,,184590,184833,7698.941,7709.076,10.135
Boogie Nights (1997),589,,184834,184946,7709.118,7713.789,4.671
Boogie Nights (1997),590,,184947,185044,7713.831,7717.877,4.046
Boogie Nights (1997),591,,185045,185164,7717.918,7722.882,4.964
Boogie Nights (1997),592,,185165,185433,7722.923,7734.101,11.178
Boogie Nights (1997),593,,185434,185518,7734.143,7737.646,3.503
Boogie Nights (1997),594,,185519,185728,7737.688,7746.405,8.717
Boogie Nights (1997),595,,185729,185781,7746.447,7748.616,2.169
Boogie Nights (1997),596,,185782,186079,7748.657,7761.045,12.388
Boogie Nights (1997),597,,186080,186115,7761.086,7762.546,1.46
Boogie Nights (1997),598,,186116,186168,7762.588,7764.757,2.169
Boogie Nights (1997),599,,186169,186355,7764.799,7772.556,7.757
Boogie Nights (1997),600,,186356,186446,7772.598,7776.352,3.754
Boogie Nights (1997),601,,186447,186478,7776.393,7777.686,1.293
Boogie Nights (1997),602,,186479,186617,7777.728,7783.484,5.756
Boogie Nights (1997),603,,186618,186966,7783.526,7798.04,14.514
Boogie Nights (1997),604,,186967,187053,7798.082,7801.669,3.587
Boogie Nights (1997),605,,187054,187099,7801.71,7803.587,1.877
Boogie Nights (1997),606,,187100,187136,7803.629,7805.13,1.501
Boogie Nights (1997),607,,187137,187259,7805.172,7810.261,5.089
Boogie Nights (1997),608,,187260,187574,7810.302,7823.399,13.097
Boogie Nights (1997),609,,187575,187676,7823.44,7827.653,4.213
Boogie Nights (1997),610,,187677,187852,7827.695,7834.994,7.299
Boogie Nights (1997),611,,187853,187965,7835.035,7839.707,4.672
Boogie Nights (1997),612,,187966,188072,7839.748,7844.169,4.421
Boogie Nights (1997),613,,188073,188252,7844.211,7851.677,7.466
Boogie Nights (1997),614,,188253,188591,7851.719,7865.816,14.097
Boogie Nights (1997),615,,188592,188662,7865.858,7868.777,2.919
Boogie Nights (1997),616,,188663,188752,7868.819,7872.531,3.712
Boogie Nights (1997),617,,188753,188952,7872.573,7880.873,8.3
Boogie Nights (1997),618,,188953,189071,7880.914,7885.836,4.922
Boogie Nights (1997),619,,189072,189263,7885.878,7893.844,7.966
Boogie Nights (1997),620,,189264,189320,7893.886,7896.221,2.335
Boogie Nights (1997),621,,189321,189401,7896.263,7899.6,3.337
Boogie Nights (1997),622,,189402,189484,7899.642,7903.062,3.42
Boogie Nights (1997),623,,189485,189649,7903.103,7909.943,6.84
Boogie Nights (1997),624,,189650,189777,7909.985,7915.282,5.297
Boogie Nights (1997),625,,189778,190208,7915.324,7933.258,17.934
Boogie Nights (1997),626,,190209,190291,7933.3,7936.72,3.42
Boogie Nights (1997),627,,190292,190348,7936.762,7939.098,2.336
Boogie Nights (1997),628,,190349,190394,7939.139,7941.016,1.877
Boogie Nights (1997),629,,190395,190425,7941.058,7942.309,1.251
Boogie Nights (1997),630,,190426,190449,7942.351,7943.31,0.959
Boogie Nights (1997),631,,190450,190493,7943.352,7945.145,1.793
Boogie Nights (1997),632,,190494,190699,7945.187,7953.737,8.55
Boogie Nights (1997),633,,190700,190731,7953.779,7955.072,1.293
Boogie Nights (1997),634,,190732,191001,7955.114,7966.333,11.219
Boogie Nights (1997),635,,191002,191167,7966.375,7973.257,6.882
Boogie Nights (1997),636,,191168,191248,7973.298,7976.635,3.337
Boogie Nights (1997),637,,191249,191679,7976.677,7994.611,17.934
Boogie Nights (1997),638,,191680,192031,7994.653,8009.293,14.64
Boogie Nights (1997),639,,192032,193314,8009.334,8062.805,53.471
Boogie Nights (1997),640,,193315,193374,8062.846,8065.307,2.461
Boogie Nights (1997),641,,193375,193785,8065.349,8082.449,17.1
Boogie Nights (1997),642,,193786,194002,8082.491,8091.5,9.009
Boogie Nights (1997),643,,194003,194237,8091.542,8101.301,9.759
Boogie Nights (1997),644,,194238,194310,8101.343,8104.346,3.003
Boogie Nights (1997),645,,194311,194408,8104.388,8108.433,4.045
Boogie Nights (1997),646,,194409,194502,8108.475,8112.354,3.879
Boogie Nights (1997),647,,194503,194756,8112.396,8122.948,10.552
Boogie Nights (1997),648,,194757,194810,8122.99,8125.2,2.21
Boogie Nights (1997),649,,194811,194858,8125.242,8127.202,1.96
Boogie Nights (1997),650,,194859,194881,8127.244,8128.161,0.917
Boogie Nights (1997),651,,194882,194941,8128.203,8130.664,2.461
Boogie Nights (1997),652,,194942,194962,8130.706,8131.54,0.834
Boogie Nights (1997),653,,194963,195028,8131.582,8134.293,2.711
Boogie Nights (1997),654,,195029,195165,8134.334,8140.007,5.673
Boogie Nights (1997),655,,195166,195302,8140.048,8145.721,5.673
Boogie Nights (1997),656,,195303,195434,8145.762,8151.226,5.464
Boogie Nights (1997),657,,195435,195473,8151.268,8152.853,1.585
Boogie Nights (1997),658,,195474,195782,8152.895,8165.741,12.846
Boogie Nights (1997),659,,195783,195939,8165.782,8172.289,6.507
Boogie Nights (1997),660,,195940,196130,8172.331,8180.255,7.924
Boogie Nights (1997),661,,196131,196215,8180.297,8183.8,3.503
Boogie Nights (1997),662,,196216,196275,8183.842,8186.303,2.461
Boogie Nights (1997),663,,196276,196297,8186.345,8187.22,0.875
Boogie Nights (1997),664,,196298,196326,8187.262,8188.43,1.168
Boogie Nights (1997),665,,196327,196677,8188.472,8203.07,14.598
Boogie Nights (1997),666,,196678,196781,8203.111,8207.407,4.296
Boogie Nights (1997),667,,196782,196804,8207.449,8208.367,0.918
Boogie Nights (1997),668,,196805,196875,8208.408,8211.328,2.92
Boogie Nights (1997),669,,196876,196975,8211.37,8215.499,4.129
Boogie Nights (1997),670,,196976,197021,8215.54,8217.417,1.877
Boogie Nights (1997),671,,197022,197175,8217.459,8223.84,6.381
Boogie Nights (1997),672,,197176,197471,8223.882,8236.186,12.304
Boogie Nights (1997),673,,197472,197738,8236.228,8247.322,11.094
Boogie Nights (1997),674,,197739,197829,8247.364,8251.118,3.754
Boogie Nights (1997),675,,197830,198045,8251.159,8260.127,8.968
Boogie Nights (1997),676,,198046,198945,8260.168,8297.664,37.496
Boogie Nights (1997),677,,198946,200983,8297.706,8382.666,84.96
Boogie Nights (1997),678,,200984,201175,8382.707,8390.674,7.967
Boogie Nights (1997),679,,201176,202544,8390.715,8447.772,57.057
Boogie Nights (1997),680,,202545,202910,8447.814,8463.038,15.224
Boogie Nights (1997),681,,202911,203280,8463.079,8478.47,15.391
Boogie Nights (1997),682,,203281,203955,8478.511,8506.623,28.112
Boogie Nights (1997),683,,203956,204754,8506.665,8539.948,33.283
Boogie Nights (1997),684,,204755,205427,8539.99,8568.018,28.028
Boogie Nights (1997),685,,205428,209068,8568.059,8719.878,151.819
Boogie Nights (1997),686,,209069,212388,8719.919,8858.349,138.43
Boogie Nights (1997),687,,212389,223829,8858.391,9335.534,477.143
Licorice Pizza (2021),1,,0,66,0,2.752744,2.752744
Licorice Pizza (2021),2,,69,214,2.877869,8.925564,6.047695
Licorice Pizza (2021),3,,216,573,9.008981,23.89882,14.889839
Licorice Pizza (2021),4,,574,933,23.94053,38.91379,14.97326
Licorice Pizza (2021),5,,934,1065,38.9555,44.41928,5.46378
Licorice Pizza (2021),6,,1066,1108,44.46099,46.21273,1.75174
Licorice Pizza (2021),7,,1110,1208,46.29615,50.38356,4.08741
Licorice Pizza (2021),8,,1209,3319,50.42527,138.4297,88.00443
Licorice Pizza (2021),9,,3320,5008,138.4714,208.8749,70.4035
Licorice Pizza (2021),10,,5009,6194,208.9166,258.3409,49.4243
Licorice Pizza (2021),11,,6195,7989,258.3826,333.2072,74.8246
Licorice Pizza (2021),12,,7990,8206,333.2489,342.2578,9.0089
Licorice Pizza (2021),13,,8207,8663,342.2996,361.3185,19.0189
Licorice Pizza (2021),14,,8664,9043,361.3602,377.1677,15.8075
Licorice Pizza (2021),15,,9044,9467,377.2094,394.8519,17.6425
Licorice Pizza (2021),16,,9468,11351,394.8937,473.4303,78.5366
Licorice Pizza (2021),17,,11352,11679,473.472,487.1106,13.6386
Licorice Pizza (2021),18,,11680,12011,487.1523,500.9577,13.8054
Licorice Pizza (2021),19,,12012,12090,500.9994,504.2527,3.2533
Licorice Pizza (2021),20,,12091,12220,504.2944,509.6747,5.3803
Licorice Pizza (2021),21,,12221,12292,509.7164,512.6777,2.9613
Licorice Pizza (2021),22,,12293,12514,512.7194,521.937,9.2176
Licorice Pizza (2021),23,,12515,12871,521.9787,536.8268,14.8481
Licorice Pizza (2021),24,,12872,13046,536.8685,544.1258,7.2573
Licorice Pizza (2021),25,,13047,13149,544.1675,548.4217,4.2542
Licorice Pizza (2021),26,,13150,13490,548.4634,562.6442,14.1808
Licorice Pizza (2021),27,,13491,13866,562.6859,578.3265,15.6406
Licorice Pizza (2021),28,,13867,13955,578.3682,582.0385,3.6703
Licorice Pizza (2021),29,,13956,14074,582.0803,587.0018,4.9215
Licorice Pizza (2021),30,,14075,14435,587.0435,602.0585,15.015
Licorice Pizza (2021),31,,14436,14772,602.1002,616.1142,14.014
Licorice Pizza (2021),32,,14773,14895,616.1559,621.2443,5.0884
Licorice Pizza (2021),33,,14896,16662,621.286,694.9428,73.6568
Licorice Pizza (2021),34,,16663,17412,694.9845,726.2239,31.2394
Licorice Pizza (2021),35,,17413,17703,726.2657,738.361,12.0953
Licorice Pizza (2021),36,,17704,17828,738.4028,743.5746,5.1718
Licorice Pizza (2021),37,,17829,18044,743.6163,752.5836,8.9673
Licorice Pizza (2021),38,,18045,18204,752.6253,759.2569,6.6316
Licorice Pizza (2021),39,,18205,18478,759.2986,770.6849,11.3863
Licorice Pizza (2021),40,,18479,18643,770.7266,777.5668,6.8402
Licorice Pizza (2021),41,,18644,19048,777.6085,794.4586,16.8501
Licorice Pizza (2021),42,,19049,19202,794.5003,800.8817,6.3814
Licorice Pizza (2021),43,,19203,19598,800.9234,817.3982,16.4748
Licorice Pizza (2021),44,,19599,19701,817.4399,821.6941,4.2542
Licorice Pizza (2021),45,,19702,19973,821.7358,833.0388,11.303
Licorice Pizza (2021),46,,19974,20156,833.0805,840.6714,7.5909
Licorice Pizza (2021),47,,20157,20258,840.7131,844.9256,4.2125
Licorice Pizza (2021),48,,20259,20369,844.9673,849.5552,4.5879
Licorice Pizza (2021),49,,20370,20501,849.5969,855.0607,5.4638
Licorice Pizza (2021),50,,20502,20592,855.1024,858.8562,3.7538
Licorice Pizza (2021),51,,20593,21224,858.8979,885.2158,26.3179
Licorice Pizza (2021),52,,21225,21915,885.2575,914.0362,28.7787
Licorice Pizza (2021),53,,21916,22153,914.0779,923.9627,9.8848
Licorice Pizza (2021),54,,22154,22748,924.0044,948.7791,24.7747
Licorice Pizza (2021),55,,22749,22805,948.8208,951.1565,2.3357
Licorice Pizza (2021),56,,22806,22913,951.1982,955.661,4.4628
Licorice Pizza (2021),57,,22914,23006,955.7027,959.5399,3.8372
Licorice Pizza (2021),58,,23007,23107,959.5816,963.7524,4.1708
Licorice Pizza (2021),59,,23108,23206,963.7941,967.8815,4.0874
Licorice Pizza (2021),60,,23207,23250,967.9232,969.7167,1.7935
Licorice Pizza (2021),61,,23251,23515,969.7584,980.7694,11.011
Licorice Pizza (2021),62,,23516,23582,980.8111,983.5638,2.7527
Licorice Pizza (2021),63,,23583,23645,983.6055,986.1914,2.5859
Licorice Pizza (2021),64,,23646,23715,986.2331,989.111,2.8779
Licorice Pizza (2021),65,,23716,23809,989.1527,993.0316,3.8789
Licorice Pizza (2021),66,,23810,24398,993.0733,1017.598,24.5247
Licorice Pizza (2021),67,,24399,25536,1017.639,1065.062,47.423
Licorice Pizza (2021),68,,25537,26128,1065.103,1089.753,24.65
Licorice Pizza (2021),69,,26129,27622,1089.795,1152.065,62.27
Licorice Pizza (2021),70,,27623,27925,1152.107,1164.703,12.596
Licorice Pizza (2021),71,,27926,28799,1164.744,1201.156,36.412
Licorice Pizza (2021),72,,28800,29201,1201.197,1217.922,16.725
Licorice Pizza (2021),73,,29202,29333,1217.964,1223.428,5.464
Licorice Pizza (2021),74,,29334,30267,1223.47,1262.383,38.913
Licorice Pizza (2021),75,,30268,30733,1262.425,1281.819,19.394
Licorice Pizza (2021),76,,30734,30831,1281.861,1285.907,4.046
Licorice Pizza (2021),77,,30832,31332,1285.949,1306.803,20.854
Licorice Pizza (2021),78,,31333,31912,1306.844,1330.993,24.149
Licorice Pizza (2021),79,,31913,32054,1331.035,1336.916,5.881
Licorice Pizza (2021),80,,32055,32630,1336.958,1360.94,23.982
Licorice Pizza (2021),81,,32631,32718,1360.982,1364.61,3.628
Licorice Pizza (2021),82,,32719,33249,1364.652,1386.757,22.105
Licorice Pizza (2021),83,,33250,33867,1386.799,1412.533,25.734
Licorice Pizza (2021),84,,33868,34066,1412.575,1420.833,8.258
Licorice Pizza (2021),85,,34067,34164,1420.875,1424.92,4.045
Licorice Pizza (2021),86,,34165,34344,1424.962,1432.428,7.466
Licorice Pizza (2021),87,,34345,34702,1432.47,1447.359,14.889
Licorice Pizza (2021),88,,34703,34843,1447.401,1453.24,5.839
Licorice Pizza (2021),89,,34844,35159,1453.282,1466.42,13.138
Licorice Pizza (2021),90,,35160,35341,1466.462,1474.011,7.549
Licorice Pizza (2021),91,,35342,35490,1474.053,1480.226,6.173
Licorice Pizza (2021),92,,35491,35620,1480.267,1485.648,5.381
Licorice Pizza (2021),93,,35621,36211,1485.689,1510.297,24.608
Licorice Pizza (2021),94,,36212,36342,1510.339,1515.761,5.422
Licorice Pizza (2021),95,,36343,36579,1515.803,1525.646,9.843
Licorice Pizza (2021),96,,36580,36968,1525.688,1541.87,16.182
Licorice Pizza (2021),97,,36969,37086,1541.912,1546.792,4.88
Licorice Pizza (2021),98,,37087,37235,1546.834,1553.006,6.172
Licorice Pizza (2021),99,,37236,37469,1553.048,1562.766,9.718
Licorice Pizza (2021),100,,37470,37727,1562.808,1573.527,10.719
Licorice Pizza (2021),101,,37728,37992,1573.569,1584.58,11.011
Licorice Pizza (2021),102,,37993,38053,1584.621,1587.124,2.503
Licorice Pizza (2021),103,,38054,38122,1587.166,1590.002,2.836
Licorice Pizza (2021),104,,38123,38278,1590.043,1596.508,6.465
Licorice Pizza (2021),105,,38279,38362,1596.55,1600.012,3.462
Licorice Pizza (2021),106,,38363,38463,1600.053,1604.224,4.171
Licorice Pizza (2021),107,,38464,38687,1604.266,1613.567,9.301
Licorice Pizza (2021),108,,38688,38847,1613.609,1620.24,6.631
Licorice Pizza (2021),109,,38848,38986,1620.282,1626.038,5.756
Licorice Pizza (2021),110,,38987,40520,1626.079,1690.018,63.939
Licorice Pizza (2021),111,,40521,41210,1690.06,1718.797,28.737
Licorice Pizza (2021),112,,41211,42052,1718.838,1753.915,35.077
Licorice Pizza (2021),113,,42053,42395,1753.957,1768.221,14.264
Licorice Pizza (2021),114,,42396,42501,1768.263,1772.642,4.379
Licorice Pizza (2021),115,,42502,43143,1772.684,1799.419,26.735
Licorice Pizza (2021),116,,43144,43625,1799.46,1819.522,20.062
Licorice Pizza (2021),117,,43626,43784,1819.564,1826.154,6.59
Licorice Pizza (2021),118,,43785,44237,1826.195,1845.048,18.853
Licorice Pizza (2021),119,,44238,44536,1845.089,1857.518,12.429
Licorice Pizza (2021),120,,44537,44631,1857.56,1861.481,3.921
Licorice Pizza (2021),121,,44632,44873,1861.522,1871.574,10.052
Licorice Pizza (2021),122,,44874,45036,1871.616,1878.372,6.756
Licorice Pizza (2021),123,,45037,45309,1878.414,1889.759,11.345
Licorice Pizza (2021),124,,45310,45594,1889.801,1901.646,11.845
Licorice Pizza (2021),125,,45595,45708,1901.687,1906.4,4.713
Licorice Pizza (2021),126,,45709,45855,1906.442,1912.532,6.09
Licorice Pizza (2021),127,,45856,47851,1912.573,1995.781,83.208
Licorice Pizza (2021),128,,47852,48786,1995.823,2034.778,38.955
Licorice Pizza (2021),129,,48787,49319,2034.82,2057.009,22.189
Licorice Pizza (2021),130,,49320,49621,2057.051,2069.605,12.554
Licorice Pizza (2021),131,,49622,49735,2069.646,2074.36,4.714
Licorice Pizza (2021),132,,49736,49823,2074.401,2078.03,3.629
Licorice Pizza (2021),133,,49824,49937,2078.072,2082.785,4.713
Licorice Pizza (2021),134,,49938,50084,2082.826,2088.916,6.09
Licorice Pizza (2021),135,,50085,50186,2088.957,2093.17,4.213
Licorice Pizza (2021),136,,50187,50248,2093.212,2095.756,2.544
Licorice Pizza (2021),137,,50249,50332,2095.798,2099.259,3.461
Licorice Pizza (2021),138,,50333,51451,2099.301,2145.931,46.63
Licorice Pizza (2021),139,,51452,51664,2145.973,2154.815,8.842
Licorice Pizza (2021),140,,51665,52798,2154.856,2202.112,47.256
Licorice Pizza (2021),141,,52799,53782,2202.154,2243.153,40.999
Licorice Pizza (2021),142,,53783,54015,2243.194,2252.871,9.677
Licorice Pizza (2021),143,,54016,54482,2252.913,2272.349,19.436
Licorice Pizza (2021),144,,54483,54800,2272.39,2285.612,13.222
Licorice Pizza (2021),145,,54801,54943,2285.653,2291.576,5.923
Licorice Pizza (2021),146,,54944,55964,2291.618,2334.16,42.542
Licorice Pizza (2021),147,,55965,56171,2334.202,2342.794,8.592
Licorice Pizza (2021),148,,56172,56541,2342.835,2358.226,15.391
Licorice Pizza (2021),149,,56542,56867,2358.268,2371.823,13.555
Licorice Pizza (2021),150,,56868,57008,2371.864,2377.704,5.84
Licorice Pizza (2021),151,,57009,57558,2377.745,2400.643,22.898
Licorice Pizza (2021),152,,57559,57985,2400.685,2418.453,17.768
Licorice Pizza (2021),153,,57986,58164,2418.494,2425.918,7.424
Licorice Pizza (2021),154,,58165,58602,2425.96,2444.187,18.227
Licorice Pizza (2021),155,,58603,59337,2444.228,2474.842,30.614
Licorice Pizza (2021),156,,59338,59467,2474.884,2480.264,5.38
Licorice Pizza (2021),157,,59468,59528,2480.306,2482.808,2.502
Licorice Pizza (2021),158,,59529,59769,2482.85,2492.86,10.01
Licorice Pizza (2021),159,,59770,59877,2492.902,2497.365,4.463
Licorice Pizza (2021),160,,59878,60521,2497.406,2524.225,26.819
Licorice Pizza (2021),161,,60522,60748,2524.266,2533.692,9.426
Licorice Pizza (2021),162,,60749,61457,2533.734,2563.264,29.53
Licorice Pizza (2021),163,,61458,61787,2563.305,2577.027,13.722
Licorice Pizza (2021),164,,61788,61848,2577.069,2579.571,2.502
Licorice Pizza (2021),165,,61849,61915,2579.613,2582.366,2.753
Licorice Pizza (2021),166,,61916,62041,2582.408,2587.621,5.213
Licorice Pizza (2021),167,,62042,62622,2587.663,2611.854,24.191
Licorice Pizza (2021),168,,62623,62970,2611.895,2626.368,14.473
Licorice Pizza (2021),169,,62971,63027,2626.41,2628.745,2.335
Licorice Pizza (2021),170,,63028,63861,2628.787,2663.53,34.743
Licorice Pizza (2021),171,,63862,63993,2663.572,2669.036,5.464
Licorice Pizza (2021),172,,63994,64360,2669.077,2684.343,15.266
Licorice Pizza (2021),173,,64361,64685,2684.384,2697.898,13.514
Licorice Pizza (2021),174,,64686,64780,2697.939,2701.86,3.921
Licorice Pizza (2021),175,,64781,64843,2701.902,2704.488,2.586
Licorice Pizza (2021),176,,64844,65884,2704.529,2747.906,43.377
Licorice Pizza (2021),177,,65885,66345,2747.948,2767.133,19.185
Licorice Pizza (2021),178,,66346,66596,2767.175,2777.602,10.427
Licorice Pizza (2021),179,,66597,66839,2777.644,2787.737,10.093
Licorice Pizza (2021),180,,66840,67030,2787.779,2795.704,7.925
Licorice Pizza (2021),181,,67031,67112,2795.745,2799.124,3.379
Licorice Pizza (2021),182,,67113,67356,2799.165,2809.3,10.135
Licorice Pizza (2021),183,,67357,67618,2809.342,2820.228,10.886
Licorice Pizza (2021),184,,67619,67881,2820.27,2831.197,10.927
Licorice Pizza (2021),185,,67882,68064,2831.239,2838.83,7.591
Licorice Pizza (2021),186,,68065,68226,2838.872,2845.587,6.715
Licorice Pizza (2021),187,,68227,68463,2845.628,2855.472,9.844
Licorice Pizza (2021),188,,68464,68882,2855.513,2872.947,17.434
Licorice Pizza (2021),189,,68883,68982,2872.989,2877.118,4.129
Licorice Pizza (2021),190,,68983,69686,2877.16,2906.481,29.321
Licorice Pizza (2021),191,,69687,69834,2906.522,2912.654,6.132
Licorice Pizza (2021),192,,69835,70336,2912.695,2933.591,20.896
Licorice Pizza (2021),193,,70337,70669,2933.633,2947.48,13.847
Licorice Pizza (2021),194,,70670,71051,2947.522,2963.412,15.89
Licorice Pizza (2021),195,,71052,71391,2963.454,2977.593,14.139
Licorice Pizza (2021),196,,71392,71509,2977.635,2982.515,4.88
Licorice Pizza (2021),197,,71510,72006,2982.557,3003.244,20.687
Licorice Pizza (2021),198,,72007,72104,3003.286,3007.331,4.045
Licorice Pizza (2021),199,,72105,72428,3007.373,3020.845,13.472
Licorice Pizza (2021),200,,72429,72685,3020.886,3031.564,10.678
Licorice Pizza (2021),201,,72686,72995,3031.605,3044.493,12.888
Licorice Pizza (2021),202,,72996,73049,3044.535,3046.746,2.211
Licorice Pizza (2021),203,,73050,73247,3046.787,3055.004,8.217
Licorice Pizza (2021),204,,73248,73562,3055.045,3068.142,13.097
Licorice Pizza (2021),205,,73563,74451,3068.184,3105.22,37.036
Licorice Pizza (2021),206,,74452,74632,3105.262,3112.77,7.508
Licorice Pizza (2021),207,,74633,74754,3112.811,3117.858,5.047
Licorice Pizza (2021),208,,74755,74960,3117.9,3126.45,8.55
Licorice Pizza (2021),209,,74961,75018,3126.492,3128.869,2.377
Licorice Pizza (2021),210,,75019,75086,3128.911,3131.705,2.794
Licorice Pizza (2021),211,,75087,75418,3131.747,3145.552,13.805
Licorice Pizza (2021),212,,75419,75506,3145.594,3149.223,3.629
Licorice Pizza (2021),213,,75507,75710,3149.264,3157.731,8.467
Licorice Pizza (2021),214,,75711,76477,3157.773,3189.721,31.948
Licorice Pizza (2021),215,,76478,76774,3189.763,3202.109,12.346
Licorice Pizza (2021),216,,76775,77168,3202.15,3218.542,16.392
Licorice Pizza (2021),217,,77169,78288,3218.583,3265.255,46.672
Licorice Pizza (2021),218,,78289,79412,3265.297,3312.135,46.838
Licorice Pizza (2021),219,,79413,79568,3312.177,3318.642,6.465
Licorice Pizza (2021),220,,79569,79936,3318.683,3333.99,15.307
Licorice Pizza (2021),221,,79937,80265,3334.032,3347.712,13.68
Licorice Pizza (2021),222,,80266,80594,3347.754,3361.434,13.68
Licorice Pizza (2021),223,,80595,80822,3361.476,3370.944,9.468
Licorice Pizza (2021),224,,80823,80903,3370.985,3374.322,3.337
Licorice Pizza (2021),225,,80904,80994,3374.364,3378.118,3.754
Licorice Pizza (2021),226,,80995,81085,3378.159,3381.913,3.754
Licorice Pizza (2021),227,,81086,81276,3381.955,3389.879,7.924
Licorice Pizza (2021),228,,81277,81355,3389.921,3393.174,3.253
Licorice Pizza (2021),229,,81356,82546,3393.216,3442.849,49.633
Licorice Pizza (2021),230,,82547,83205,3442.89,3470.334,27.444
Licorice Pizza (2021),231,,83206,83627,3470.376,3487.935,17.559
Licorice Pizza (2021),232,,83628,84211,3487.977,3512.293,24.316
Licorice Pizza (2021),233,,84212,84859,3512.335,3539.32,26.985
Licorice Pizza (2021),234,,84860,85223,3539.362,3554.502,15.14
Licorice Pizza (2021),235,,85224,85417,3554.543,3562.593,8.05
Licorice Pizza (2021),236,,85418,85557,3562.635,3568.432,5.797
Licorice Pizza (2021),237,,85558,85877,3568.474,3581.779,13.305
Licorice Pizza (2021),238,,85878,86358,3581.821,3601.841,20.02
Licorice Pizza (2021),239,,86359,86842,3601.882,3622.027,20.145
Licorice Pizza (2021),240,,86843,87148,3622.069,3634.79,12.721
Licorice Pizza (2021),241,,87149,87966,3634.832,3668.907,34.075
Licorice Pizza (2021),242,,87967,88224,3668.949,3679.668,10.719
Licorice Pizza (2021),243,,88225,88889,3679.71,3707.404,27.694
Licorice Pizza (2021),244,,88890,89537,3707.446,3734.431,26.985
Licorice Pizza (2021),245,,89538,89980,3734.473,3752.908,18.435
Licorice Pizza (2021),246,,89981,90174,3752.949,3760.999,8.05
Licorice Pizza (2021),247,,90175,90413,3761.041,3770.967,9.926
Licorice Pizza (2021),248,,90414,90464,3771.009,3773.095,2.086
Licorice Pizza (2021),249,,90465,90615,3773.136,3779.393,6.257
Licorice Pizza (2021),250,,90616,91114,3779.434,3800.205,20.771
Licorice Pizza (2021),251,,91115,91396,3800.247,3811.967,11.72
Licorice Pizza (2021),252,,91397,91660,3812.008,3822.978,10.97
Licorice Pizza (2021),253,,91661,91818,3823.019,3829.568,6.549
Licorice Pizza (2021),254,,91819,92110,3829.609,3841.746,12.137
Licorice Pizza (2021),255,,92111,92202,3841.788,3845.584,3.796
Licorice Pizza (2021),256,,92203,92587,3845.625,3861.641,16.016
Licorice Pizza (2021),257,,92588,92747,3861.683,3868.314,6.631
Licorice Pizza (2021),258,,92748,92938,3868.356,3876.281,7.925
Licorice Pizza (2021),259,,92939,93094,3876.322,3882.787,6.465
Licorice Pizza (2021),260,,93095,93273,3882.829,3890.253,7.424
Licorice Pizza (2021),261,,93274,93463,3890.295,3898.178,7.883
Licorice Pizza (2021),262,,93464,93527,3898.219,3900.847,2.628
Licorice Pizza (2021),263,,93528,93632,3900.889,3905.226,4.337
Licorice Pizza (2021),264,,93633,93712,3905.268,3908.563,3.295
Licorice Pizza (2021),265,,93713,94441,3908.605,3938.968,30.363
Licorice Pizza (2021),266,,94442,94532,3939.01,3942.764,3.754
Licorice Pizza (2021),267,,94533,95025,3942.805,3963.326,20.521
Licorice Pizza (2021),268,,95026,95139,3963.368,3968.081,4.713
Licorice Pizza (2021),269,,95140,95347,3968.122,3976.756,8.634
Licorice Pizza (2021),270,,95348,95474,3976.798,3982.053,5.255
Licorice Pizza (2021),271,,95475,95645,3982.095,3989.185,7.09
Licorice Pizza (2021),272,,95646,95948,3989.227,4001.823,12.596
Licorice Pizza (2021),273,,95949,96040,4001.864,4005.66,3.796
Licorice Pizza (2021),274,,96041,96103,4005.701,4008.287,2.586
Licorice Pizza (2021),275,,96104,96170,4008.329,4011.082,2.753
Licorice Pizza (2021),276,,96171,96216,4011.124,4013,1.876
Licorice Pizza (2021),277,,96217,96301,4013.042,4016.546,3.504
Licorice Pizza (2021),278,,96302,96374,4016.587,4019.59,3.003
Licorice Pizza (2021),279,,96375,96477,4019.632,4023.886,4.254
Licorice Pizza (2021),280,,96478,96664,4023.928,4031.686,7.758
Licorice Pizza (2021),281,,96665,96866,4031.727,4040.111,8.384
Licorice Pizza (2021),282,,96867,96913,4040.152,4042.071,1.919
Licorice Pizza (2021),283,,96914,96957,4042.113,4043.906,1.793
Licorice Pizza (2021),284,,96958,96994,4043.948,4045.449,1.501
Licorice Pizza (2021),285,,96995,97044,4045.491,4047.535,2.044
Licorice Pizza (2021),286,,97045,97198,4047.577,4053.958,6.381
Licorice Pizza (2021),287,,97199,97486,4054,4065.97,11.97
Licorice Pizza (2021),288,,97487,97595,4066.012,4070.516,4.504
Licorice Pizza (2021),289,,97596,97863,4070.558,4081.694,11.136
Licorice Pizza (2021),290,,97864,98036,4081.736,4088.909,7.173
Licorice Pizza (2021),291,,98037,98145,4088.951,4093.456,4.505
Licorice Pizza (2021),292,,98146,98530,4093.497,4109.513,16.016
Licorice Pizza (2021),293,,98531,99049,4109.555,4131.16,21.605
Licorice Pizza (2021),294,,99050,99649,4131.202,4156.185,24.983
Licorice Pizza (2021),295,,99650,99702,4156.227,4158.395,2.168
Licorice Pizza (2021),296,,99703,99775,4158.437,4161.44,3.003
Licorice Pizza (2021),297,,99776,100234,4161.482,4180.584,19.102
Licorice Pizza (2021),298,,100235,100327,4180.626,4184.463,3.837
Licorice Pizza (2021),299,,100328,100423,4184.505,4188.467,3.962
Licorice Pizza (2021),300,,100424,100732,4188.509,4201.355,12.846
Licorice Pizza (2021),301,,100733,100868,4201.397,4207.027,5.63
Licorice Pizza (2021),302,,100869,100918,4207.069,4209.113,2.044
Licorice Pizza (2021),303,,100919,101135,4209.154,4218.163,9.009
Licorice Pizza (2021),304,,101136,101250,4218.205,4222.96,4.755
Licorice Pizza (2021),305,,101251,101351,4223.001,4227.172,4.171
Licorice Pizza (2021),306,,101352,101470,4227.214,4232.136,4.922
Licorice Pizza (2021),307,,101471,101828,4232.177,4247.067,14.89
Licorice Pizza (2021),308,,101829,101960,4247.109,4252.573,5.464
Licorice Pizza (2021),309,,101961,102159,4252.614,4260.872,8.258
Licorice Pizza (2021),310,,102160,102248,4260.914,4264.585,3.671
Licorice Pizza (2021),311,,102249,102481,4264.626,4274.303,9.677
Licorice Pizza (2021),312,,102482,102959,4274.344,4294.239,19.895
Licorice Pizza (2021),313,,102960,103198,4294.281,4304.207,9.926
Licorice Pizza (2021),314,,103199,103336,4304.249,4309.963,5.714
Licorice Pizza (2021),315,,103337,103491,4310.005,4316.428,6.423
Licorice Pizza (2021),316,,103492,103853,4316.47,4331.526,15.056
Licorice Pizza (2021),317,,103854,103960,4331.568,4335.989,4.421
Licorice Pizza (2021),318,,103961,104484,4336.031,4357.844,21.813
Licorice Pizza (2021),319,,104485,104663,4357.886,4365.31,7.424
Licorice Pizza (2021),320,,104664,104691,4365.352,4366.478,1.126
Licorice Pizza (2021),321,,104692,104754,4366.519,4369.105,2.586
Licorice Pizza (2021),322,,104755,104824,4369.147,4372.025,2.878
Licorice Pizza (2021),323,,104825,104887,4372.067,4374.653,2.586
Licorice Pizza (2021),324,,104888,104940,4374.694,4376.863,2.169
Licorice Pizza (2021),325,,104941,105002,4376.905,4379.449,2.544
Licorice Pizza (2021),326,,105003,105268,4379.491,4390.543,11.052
Licorice Pizza (2021),327,,105269,105324,4390.585,4392.879,2.294
Licorice Pizza (2021),328,,105325,105476,4392.921,4399.219,6.298
Licorice Pizza (2021),329,,105477,105708,4399.26,4408.895,9.635
Licorice Pizza (2021),330,,105709,105795,4408.937,4412.524,3.587
Licorice Pizza (2021),331,,105796,106105,4412.565,4425.453,12.888
Licorice Pizza (2021),332,,106106,106200,4425.495,4429.416,3.921
Licorice Pizza (2021),333,,106201,106457,4429.457,4440.135,10.678
Licorice Pizza (2021),334,,106458,106584,4440.176,4445.431,5.255
Licorice Pizza (2021),335,,106585,106665,4445.473,4448.81,3.337
Licorice Pizza (2021),336,,106666,106895,4448.852,4458.403,9.551
Licorice Pizza (2021),337,,106896,108237,4458.444,4514.375,55.931
Licorice Pizza (2021),338,,108238,108336,4514.417,4518.504,4.087
Licorice Pizza (2021),339,,108337,108507,4518.546,4525.636,7.09
Licorice Pizza (2021),340,,108508,108652,4525.678,4531.684,6.006
Licorice Pizza (2021),341,,108653,108953,4531.726,4544.238,12.512
Licorice Pizza (2021),342,,108954,109438,4544.28,4564.467,20.187
Licorice Pizza (2021),343,,109439,109705,4564.509,4575.603,11.094
Licorice Pizza (2021),344,,109706,109787,4575.645,4579.023,3.378
Licorice Pizza (2021),345,,109788,109916,4579.065,4584.403,5.338
Licorice Pizza (2021),346,,109917,109999,4584.445,4587.865,3.42
Licorice Pizza (2021),347,,110000,110173,4587.907,4595.122,7.215
Licorice Pizza (2021),348,,110174,110269,4595.164,4599.126,3.962
Licorice Pizza (2021),349,,110270,110399,4599.168,4604.548,5.38
Licorice Pizza (2021),350,,110400,110455,4604.59,4606.884,2.294
Licorice Pizza (2021),351,,110456,110582,4606.926,4612.181,5.255
Licorice Pizza (2021),352,,110583,110691,4612.223,4616.727,4.504
Licorice Pizza (2021),353,,110692,110797,4616.769,4621.148,4.379
Licorice Pizza (2021),354,,110798,110855,4621.19,4623.567,2.377
Licorice Pizza (2021),355,,110856,110904,4623.609,4625.611,2.002
Licorice Pizza (2021),356,,110905,111017,4625.653,4630.324,4.671
Licorice Pizza (2021),357,,111018,111056,4630.366,4631.951,1.585
Licorice Pizza (2021),358,,111057,111428,4631.992,4647.466,15.474
Licorice Pizza (2021),359,,111429,111512,4647.508,4650.97,3.462
Licorice Pizza (2021),360,,111513,111722,4651.011,4659.728,8.717
Licorice Pizza (2021),361,,111723,111792,4659.77,4662.648,2.878
Licorice Pizza (2021),362,,111793,111917,4662.69,4667.862,5.172
Licorice Pizza (2021),363,,111918,113938,4667.903,4752.154,84.251
Licorice Pizza (2021),364,,113939,114917,4752.196,4792.986,40.79
Licorice Pizza (2021),365,,114918,114982,4793.028,4795.697,2.669
Licorice Pizza (2021),366,,114983,115442,4795.739,4814.883,19.144
Licorice Pizza (2021),367,,115443,115682,4814.925,4824.893,9.968
Licorice Pizza (2021),368,,115683,115742,4824.935,4827.396,2.461
Licorice Pizza (2021),369,,115743,116155,4827.437,4844.621,17.184
Licorice Pizza (2021),370,,116156,116387,4844.663,4854.297,9.634
Licorice Pizza (2021),371,,116388,116567,4854.339,4861.805,7.466
Licorice Pizza (2021),372,,116568,116689,4861.847,4866.893,5.046
Licorice Pizza (2021),373,,116690,116817,4866.935,4872.232,5.297
Licorice Pizza (2021),374,,116818,116893,4872.274,4875.402,3.128
Licorice Pizza (2021),375,,116894,117010,4875.443,4880.282,4.839
Licorice Pizza (2021),376,,117011,117071,4880.323,4882.826,2.503
Licorice Pizza (2021),377,,117072,117151,4882.868,4886.162,3.294
Licorice Pizza (2021),378,,117152,117575,4886.204,4903.847,17.643
Licorice Pizza (2021),379,,117576,117763,4903.888,4911.688,7.8
Licorice Pizza (2021),380,,117764,118562,4911.73,4945.013,33.283
Licorice Pizza (2021),381,,118563,118824,4945.055,4955.94,10.885
Licorice Pizza (2021),382,,118825,119022,4955.982,4964.199,8.217
Licorice Pizza (2021),383,,119023,119130,4964.24,4968.703,4.463
Licorice Pizza (2021),384,,119131,119285,4968.745,4975.168,6.423
Licorice Pizza (2021),385,,119286,119360,4975.21,4978.296,3.086
Licorice Pizza (2021),386,,119361,119404,4978.338,4980.131,1.793
Licorice Pizza (2021),387,,119405,119463,4980.173,4982.592,2.419
Licorice Pizza (2021),388,,119464,119632,4982.634,4989.641,7.007
Licorice Pizza (2021),389,,119633,119828,4989.682,4997.815,8.133
Licorice Pizza (2021),390,,119829,120555,4997.857,5028.137,30.28
Licorice Pizza (2021),391,,120556,120692,5028.179,5033.851,5.672
Licorice Pizza (2021),392,,120693,120961,5033.893,5045.071,11.178
Licorice Pizza (2021),393,,120962,121288,5045.113,5058.709,13.596
Licorice Pizza (2021),394,,121289,121602,5058.751,5071.806,13.055
Licorice Pizza (2021),395,,121603,121702,5071.848,5075.977,4.129
Licorice Pizza (2021),396,,121703,121849,5076.018,5082.108,6.09
Licorice Pizza (2021),397,,121850,121943,5082.15,5086.028,3.878
Licorice Pizza (2021),398,,121944,122009,5086.07,5088.781,2.711
Licorice Pizza (2021),399,,122010,122077,5088.823,5091.617,2.794
Licorice Pizza (2021),400,,122078,122213,5091.659,5097.29,5.631
Licorice Pizza (2021),401,,122214,122239,5097.331,5098.374,1.043
Licorice Pizza (2021),402,,122240,122275,5098.416,5099.876,1.46
Licorice Pizza (2021),403,,122276,122341,5099.917,5102.628,2.711
Licorice Pizza (2021),404,,122342,122422,5102.67,5106.007,3.337
Licorice Pizza (2021),405,,122423,122679,5106.048,5116.726,10.678
Licorice Pizza (2021),406,,122680,122787,5116.767,5121.23,4.463
Licorice Pizza (2021),407,,122788,122959,5121.272,5128.404,7.132
Licorice Pizza (2021),408,,122960,123313,5128.446,5143.169,14.723
Licorice Pizza (2021),409,,123314,123522,5143.21,5151.886,8.676
Licorice Pizza (2021),410,,123523,125170,5151.927,5220.621,68.694
Licorice Pizza (2021),411,,125171,127117,5220.663,5301.827,81.164
Licorice Pizza (2021),412,,127118,127902,5301.869,5334.568,32.699
Licorice Pizza (2021),413,,127903,128005,5334.61,5338.864,4.254
Licorice Pizza (2021),414,,128006,128390,5338.905,5354.921,16.016
Licorice Pizza (2021),415,,128391,128718,5354.963,5368.602,13.639
Licorice Pizza (2021),416,,128719,129483,5368.643,5400.509,31.866
Licorice Pizza (2021),417,,129484,129592,5400.55,5405.055,4.505
Licorice Pizza (2021),418,,129593,129706,5405.096,5409.809,4.713
Licorice Pizza (2021),419,,129707,129786,5409.851,5413.146,3.295
Licorice Pizza (2021),420,,129787,130016,5413.188,5422.739,9.551
Licorice Pizza (2021),421,,130017,130493,5422.781,5442.634,19.853
Licorice Pizza (2021),422,,130494,130670,5442.676,5450.016,7.34
Licorice Pizza (2021),423,,130671,130722,5450.058,5452.185,2.127
Licorice Pizza (2021),424,,130723,130776,5452.227,5454.437,2.21
Licorice Pizza (2021),425,,130777,130811,5454.479,5455.897,1.418
Licorice Pizza (2021),426,,130812,130915,5455.939,5460.235,4.296
Licorice Pizza (2021),427,,130916,130978,5460.276,5462.862,2.586
Licorice Pizza (2021),428,,130979,131730,5462.904,5494.227,31.323
Licorice Pizza (2021),429,,131731,132455,5494.269,5524.465,30.196
Licorice Pizza (2021),430,,132456,132544,5524.507,5528.177,3.67
Licorice Pizza (2021),431,,132545,132665,5528.219,5533.224,5.005
Licorice Pizza (2021),432,,132666,133005,5533.266,5547.405,14.139
Licorice Pizza (2021),433,,133006,133122,5547.447,5552.285,4.838
Licorice Pizza (2021),434,,133123,133201,5552.327,5555.58,3.253
Licorice Pizza (2021),435,,133202,133231,5555.622,5556.831,1.209
Licorice Pizza (2021),436,,133232,133307,5556.873,5560.001,3.128
Licorice Pizza (2021),437,,133308,133625,5560.043,5573.264,13.221
Licorice Pizza (2021),438,,133626,133939,5573.306,5586.36,13.054
Licorice Pizza (2021),439,,133940,134158,5586.402,5595.495,9.093
Licorice Pizza (2021),440,,134159,134251,5595.536,5599.373,3.837
Licorice Pizza (2021),441,,134254,134475,5599.499,5608.716,9.217
Licorice Pizza (2021),442,,134476,134608,5608.758,5614.263,5.505
Licorice Pizza (2021),443,,134609,134726,5614.305,5619.185,4.88
Licorice Pizza (2021),444,,134727,135131,5619.227,5636.077,16.85
Licorice Pizza (2021),445,,135132,135529,5636.118,5652.677,16.559
Licorice Pizza (2021),446,,135530,135680,5652.718,5658.975,6.257
Licorice Pizza (2021),447,,135681,136104,5659.016,5676.659,17.643
Licorice Pizza (2021),448,,136105,136196,5676.701,5680.496,3.795
Licorice Pizza (2021),449,,136197,136321,5680.538,5685.71,5.172
Licorice Pizza (2021),450,,136322,136475,5685.751,5692.133,6.382
Licorice Pizza (2021),451,,136476,137167,5692.174,5720.995,28.821
Licorice Pizza (2021),452,,137168,137569,5721.036,5737.761,16.725
Licorice Pizza (2021),453,,137570,137642,5737.803,5740.806,3.003
Licorice Pizza (2021),454,,137643,137955,5740.848,5753.861,13.013
Licorice Pizza (2021),455,,137956,138237,5753.902,5765.623,11.721
Licorice Pizza (2021),456,,138238,138796,5765.664,5788.937,23.273
Licorice Pizza (2021),457,,138797,139065,5788.979,5800.157,11.178
Licorice Pizza (2021),458,,139066,140153,5800.199,5845.536,45.337
Licorice Pizza (2021),459,,140154,140313,5845.577,5852.209,6.632
Licorice Pizza (2021),460,,140314,140452,5852.251,5858.006,5.755
Licorice Pizza (2021),461,,140453,140579,5858.048,5863.303,5.255
Licorice Pizza (2021),462,,140580,140874,5863.345,5875.607,12.262
Licorice Pizza (2021),463,,140875,141077,5875.649,5884.074,8.425
Licorice Pizza (2021),464,,141078,141187,5884.116,5888.662,4.546
Licorice Pizza (2021),465,,141188,141265,5888.704,5891.915,3.211
Licorice Pizza (2021),466,,141266,141425,5891.957,5898.588,6.631
Licorice Pizza (2021),467,,141426,141741,5898.63,5911.768,13.138
Licorice Pizza (2021),468,,141742,142062,5911.81,5925.157,13.347
Licorice Pizza (2021),469,,142063,142504,5925.198,5943.592,18.394
Licorice Pizza (2021),470,,142505,142601,5943.633,5947.637,4.004
Licorice Pizza (2021),471,,142602,142731,5947.679,5953.059,5.38
Licorice Pizza (2021),472,,142732,142887,5953.101,5959.566,6.465
Licorice Pizza (2021),473,,142888,143053,5959.608,5966.489,6.881
Licorice Pizza (2021),474,,143054,143262,5966.531,5975.206,8.675
Licorice Pizza (2021),475,,143263,143362,5975.248,5979.377,4.129
Licorice Pizza (2021),476,,143363,143558,5979.419,5987.552,8.133
Licorice Pizza (2021),477,,143559,144007,5987.594,6006.279,18.685
Licorice Pizza (2021),478,,144008,144414,6006.321,6023.254,16.933
Licorice Pizza (2021),479,,144415,144521,6023.296,6027.717,4.421
Licorice Pizza (2021),480,,144522,144644,6027.759,6032.847,5.088
Licorice Pizza (2021),481,,144645,144886,6032.889,6042.941,10.052
Licorice Pizza (2021),482,,144887,144997,6042.982,6047.57,4.588
Licorice Pizza (2021),483,,144998,145200,6047.612,6056.037,8.425
Licorice Pizza (2021),484,,145201,145827,6056.079,6082.188,26.109
Licorice Pizza (2021),485,,145828,146023,6082.23,6090.363,8.133
Licorice Pizza (2021),486,,146024,146122,6090.405,6094.492,4.087
Licorice Pizza (2021),487,,146123,146269,6094.534,6100.623,6.089
Licorice Pizza (2021),488,,146270,146488,6100.665,6109.757,9.092
Licorice Pizza (2021),489,,146489,146552,6109.799,6112.427,2.628
Licorice Pizza (2021),490,,146553,146673,6112.468,6117.473,5.005
Licorice Pizza (2021),491,,146674,146743,6117.515,6120.393,2.878
Licorice Pizza (2021),492,,146744,147421,6120.435,6148.671,28.236
Licorice Pizza (2021),493,,147422,147523,6148.713,6152.925,4.212
Licorice Pizza (2021),494,,147524,147725,6152.967,6161.35,8.383
Licorice Pizza (2021),495,,147726,149508,6161.392,6235.716,74.324
Licorice Pizza (2021),496,,149509,150040,6235.758,6257.905,22.147
Licorice Pizza (2021),497,,150041,150239,6257.947,6266.205,8.258
Licorice Pizza (2021),498,,150240,150715,6266.247,6286.058,19.811
Licorice Pizza (2021),499,,150716,151951,6286.1,6337.609,51.509
Licorice Pizza (2021),500,,151952,152067,6337.651,6342.448,4.797
Licorice Pizza (2021),501,,152068,152410,6342.489,6356.753,14.264
Licorice Pizza (2021),502,,152411,152948,6356.795,6379.192,22.397
Licorice Pizza (2021),503,,152949,153205,6379.234,6389.912,10.678
Licorice Pizza (2021),504,,153206,153483,6389.953,6401.506,11.553
Licorice Pizza (2021),505,,153484,153569,6401.548,6405.093,3.545
Licorice Pizza (2021),506,,153570,153890,6405.135,6418.482,13.347
Licorice Pizza (2021),507,,153891,153994,6418.523,6422.819,4.296
Licorice Pizza (2021),508,,153995,154232,6422.861,6432.746,9.885
Licorice Pizza (2021),509,,154233,154349,6432.788,6437.626,4.838
Licorice Pizza (2021),510,,154350,154535,6437.667,6445.383,7.716
Licorice Pizza (2021),511,,154536,154688,6445.425,6451.765,6.34
Licorice Pizza (2021),512,,154689,156212,6451.807,6515.328,63.521
Licorice Pizza (2021),513,,156213,156369,6515.37,6521.876,6.506
Licorice Pizza (2021),514,,156370,156499,6521.918,6527.298,5.38
Licorice Pizza (2021),515,,156500,156593,6527.34,6531.219,3.879
Licorice Pizza (2021),516,,156594,156748,6531.261,6537.684,6.423
Licorice Pizza (2021),517,,156749,156853,6537.726,6542.063,4.337
Licorice Pizza (2021),518,,156854,156948,6542.105,6546.025,3.92
Licorice Pizza (2021),519,,156949,157392,6546.067,6564.544,18.477
Licorice Pizza (2021),520,,157393,157592,6564.586,6572.886,8.3
Licorice Pizza (2021),521,,157593,157800,6572.927,6581.561,8.634
Licorice Pizza (2021),522,,157801,157863,6581.603,6584.189,2.586
Licorice Pizza (2021),523,,157864,157910,6584.23,6586.149,1.919
Licorice Pizza (2021),524,,157911,157965,6586.191,6588.443,2.252
Licorice Pizza (2021),525,,157966,158039,6588.484,6591.529,3.045
Licorice Pizza (2021),526,,158040,158110,6591.571,6594.49,2.919
Licorice Pizza (2021),527,,158111,158275,6594.532,6601.372,6.84
Licorice Pizza (2021),528,,158276,159262,6601.414,6642.538,41.124
Licorice Pizza (2021),529,,159263,159545,6642.58,6654.342,11.762
Licorice Pizza (2021),530,,159546,159689,6654.383,6660.348,5.965
Licorice Pizza (2021),531,,159690,159811,6660.389,6665.436,5.047
Licorice Pizza (2021),532,,159812,159957,6665.478,6671.526,6.048
Licorice Pizza (2021),533,,159958,160090,6671.567,6677.073,5.506
Licorice Pizza (2021),534,,160091,160279,6677.114,6684.956,7.842
Licorice Pizza (2021),535,,160280,160870,6684.997,6709.605,24.608
Licorice Pizza (2021),536,,160879,161034,6709.981,6716.445,6.464
Licorice Pizza (2021),537,,161035,161432,6716.487,6733.045,16.558
Licorice Pizza (2021),538,,161433,163178,6733.087,6805.868,72.781
Licorice Pizza (2021),539,,163179,164077,6805.91,6843.364,37.454
Licorice Pizza (2021),540,,164078,164372,6843.405,6855.667,12.262
Licorice Pizza (2021),541,,164373,164776,6855.709,6872.518,16.809
Licorice Pizza (2021),542,,164777,165003,6872.559,6881.985,9.426
Licorice Pizza (2021),543,,165006,165229,6882.11,6891.411,9.301
Licorice Pizza (2021),544,,165230,165347,6891.453,6896.333,4.88
Licorice Pizza (2021),545,,165348,165512,6896.375,6903.215,6.84
Licorice Pizza (2021),546,,165513,166931,6903.257,6962.399,59.142
Licorice Pizza (2021),547,,166932,167487,6962.441,6985.589,23.148
Licorice Pizza (2021),548,,167488,168129,6985.63,7012.365,26.735
Licorice Pizza (2021),549,,168130,168228,7012.407,7016.494,4.087
Licorice Pizza (2021),550,,168229,168599,7016.536,7031.968,15.432
Licorice Pizza (2021),551,,168600,168860,7032.01,7042.854,10.844
Licorice Pizza (2021),552,,168861,170793,7042.896,7123.476,80.58
Licorice Pizza (2021),553,,170794,170935,7123.518,7129.399,5.881
Licorice Pizza (2021),554,,170936,171059,7129.44,7134.57,5.13
Licorice Pizza (2021),555,,171060,171335,7134.612,7146.082,11.47
Licorice Pizza (2021),556,,171336,171722,7146.124,7162.223,16.099
Licorice Pizza (2021),557,,171723,171770,7162.265,7164.225,1.96
Licorice Pizza (2021),558,,171771,171867,7164.267,7168.271,4.004
Licorice Pizza (2021),559,,171868,171961,7168.312,7172.191,3.879
Licorice Pizza (2021),560,,171962,172183,7172.233,7181.451,9.218
Licorice Pizza (2021),561,,172184,172532,7181.492,7196.007,14.515
Licorice Pizza (2021),562,,172533,172664,7196.048,7201.512,5.464
Licorice Pizza (2021),563,,172665,172806,7201.554,7207.435,5.881
Licorice Pizza (2021),564,,172807,172904,7207.477,7211.522,4.045
Licorice Pizza (2021),565,,172905,173006,7211.564,7215.776,4.212
Licorice Pizza (2021),566,,173007,173266,7215.818,7226.621,10.803
Licorice Pizza (2021),567,,173267,175748,7226.662,7330.14,103.478
Licorice Pizza (2021),568,,175749,176438,7330.182,7358.919,28.737
Licorice Pizza (2021),569,,176439,176922,7358.961,7379.106,20.145
Licorice Pizza (2021),570,,176923,177344,7379.148,7396.707,17.559
Licorice Pizza (2021),571,,177345,177523,7396.749,7404.173,7.424
Licorice Pizza (2021),572,,177524,177998,7404.214,7423.984,19.77
Licorice Pizza (2021),573,,177999,178549,7424.026,7446.965,22.939
Licorice Pizza (2021),574,,178550,178913,7447.007,7462.147,15.14
Licorice Pizza (2021),575,,178914,178970,7462.189,7464.524,2.335
Licorice Pizza (2021),576,,178971,179096,7464.566,7469.78,5.214
Licorice Pizza (2021),577,,179097,179324,7469.821,7479.289,9.468
Licorice Pizza (2021),578,,179325,179460,7479.331,7484.961,5.63
Licorice Pizza (2021),579,,179461,179624,7485.003,7491.802,6.799
Licorice Pizza (2021),580,,179625,179640,7491.843,7492.469,0.626
Licorice Pizza (2021),581,,179642,179757,7492.552,7497.349,4.797
Licorice Pizza (2021),582,,179758,179929,7497.391,7504.523,7.132
Licorice Pizza (2021),583,,179931,179936,7504.606,7504.815,0.209
Licorice Pizza (2021),584,,179937,180010,7504.856,7507.901,3.045
Licorice Pizza (2021),585,,180011,180076,7507.943,7510.654,2.711
Licorice Pizza (2021),586,,180077,180121,7510.695,7512.531,1.836
Licorice Pizza (2021),587,,180122,180220,7512.572,7516.66,4.088
Licorice Pizza (2021),588,,180221,180795,7516.701,7540.642,23.941
Licorice Pizza (2021),589,,180796,180868,7540.684,7543.687,3.003
Licorice Pizza (2021),590,,180869,180928,7543.728,7546.189,2.461
Licorice Pizza (2021),591,,180929,181416,7546.231,7566.543,20.312
Licorice Pizza (2021),592,,181418,181450,7566.626,7567.961,1.335
Licorice Pizza (2021),593,,181451,181658,7568.003,7576.636,8.633
Licorice Pizza (2021),594,,181659,181684,7576.678,7577.721,1.043
Licorice Pizza (2021),595,,181688,181971,7577.887,7589.691,11.804
Licorice Pizza (2021),596,,181972,190264,7589.733,7935.577,345.844
Licorice Pizza (2021),597,,190265,191611,7935.619,7991.758,56.139
Licorice Pizza (2021),598,,191622,191662,7992.217,7993.885,1.668
Licorice Pizza (2021),599,,191681,191829,7994.678,8000.851,6.173
Licorice Pizza (2021),600,,191838,191898,8001.226,8003.729,2.503
Licorice Pizza (2021),601,,191906,191947,8004.062,8005.772,1.71
Inherent Vice (2014),1,,0,72,0,3.003,3.003
Inherent Vice (2014),2,,87,374,3.628625,15.59892,11.970295
Inherent Vice (2014),3,,382,490,15.93258,20.43708,4.5045
Inherent Vice (2014),4,,491,913,20.47879,38.07971,17.60092
Inherent Vice (2014),5,,914,1312,38.12142,54.72133,16.59991
Inherent Vice (2014),6,,1314,1692,54.80475,70.5705,15.76575
Inherent Vice (2014),7,,1693,1930,70.61221,80.49708,9.88487
Inherent Vice (2014),8,,1931,2060,80.53879,85.91917,5.38038
Inherent Vice (2014),9,,2061,2290,85.96087,95.51208,9.55121
Inherent Vice (2014),10,,2291,2472,95.55379,103.103,7.54921
Inherent Vice (2014),11,,2473,2637,103.1447,109.9849,6.8402
Inherent Vice (2014),12,,2638,2857,110.0266,119.1607,9.1341
Inherent Vice (2014),13,,2858,2938,119.2024,122.5391,3.3367
Inherent Vice (2014),14,,2939,3086,122.5808,128.7119,6.1311
Inherent Vice (2014),15,,3087,3309,128.7536,138.0129,9.2593
Inherent Vice (2014),16,,3310,3583,138.0546,149.441,11.3864
Inherent Vice (2014),17,,3584,3669,149.4827,153.0279,3.5452
Inherent Vice (2014),18,,3670,3979,153.0696,165.9575,12.8879
Inherent Vice (2014),19,,3980,4208,165.9992,175.5087,9.5095
Inherent Vice (2014),20,,4209,4220,175.5504,176.0092,0.4588
Inherent Vice (2014),21,,4221,4222,176.0509,176.0926,0.0417
Inherent Vice (2014),22,,4223,4438,176.1343,185.1016,8.9673
Inherent Vice (2014),23,,4439,4497,185.1433,187.5624,2.4191
Inherent Vice (2014),24,,4498,4575,187.6041,190.8156,3.2115
Inherent Vice (2014),25,,4576,4621,190.8573,192.7342,1.8769
Inherent Vice (2014),26,,4622,4860,192.7759,202.7025,9.9266
Inherent Vice (2014),27,,4861,5164,202.7442,215.3818,12.6376
Inherent Vice (2014),28,,5165,5250,215.4235,218.9687,3.5452
Inherent Vice (2014),29,,5251,5361,219.0105,223.5984,4.5879
Inherent Vice (2014),30,,5362,5409,223.6401,225.6004,1.9603
Inherent Vice (2014),31,,5410,5765,225.6421,240.4485,14.8064
Inherent Vice (2014),32,,5766,6026,240.4902,251.3344,10.8442
Inherent Vice (2014),33,,6027,6151,251.3761,256.548,5.1719
Inherent Vice (2014),34,,6152,6192,256.5897,258.258,1.6683
Inherent Vice (2014),35,,6193,6312,258.2997,263.263,4.9633
Inherent Vice (2014),36,,6313,6578,263.3047,274.3574,11.0527
Inherent Vice (2014),37,,6579,6683,274.3991,278.7368,4.3377
Inherent Vice (2014),38,,6684,6821,278.7785,284.4925,5.714
Inherent Vice (2014),39,,6822,7052,284.5342,294.1272,9.593
Inherent Vice (2014),40,,7053,7176,294.1689,299.299,5.1301
Inherent Vice (2014),41,,7177,7380,299.3407,307.8075,8.4668
Inherent Vice (2014),42,,7381,7515,307.8492,313.4381,5.5889
Inherent Vice (2014),43,,7516,7708,313.4798,321.4878,8.008
Inherent Vice (2014),44,,7709,7767,321.5295,323.9486,2.4191
Inherent Vice (2014),45,,7768,7805,323.9903,325.5335,1.5432
Inherent Vice (2014),46,,7806,7935,325.5752,330.9556,5.3804
Inherent Vice (2014),47,,7936,8002,330.9973,333.7501,2.7528
Inherent Vice (2014),48,,8003,8363,333.7918,348.8068,15.015
Inherent Vice (2014),49,,8364,8484,348.8485,353.8535,5.005
Inherent Vice (2014),50,,8485,8765,353.8952,365.5735,11.6783
Inherent Vice (2014),51,,8766,8865,365.6152,369.7444,4.1292
Inherent Vice (2014),52,,8866,9090,369.7861,379.1287,9.3426
Inherent Vice (2014),53,,9091,9329,379.1704,389.097,9.9266
Inherent Vice (2014),54,,9330,9444,389.1387,393.8935,4.7548
Inherent Vice (2014),55,,9445,9553,393.9352,398.4397,4.5045
Inherent Vice (2014),56,,9554,11055,398.4814,461.0856,62.6042
Inherent Vice (2014),57,,11056,12632,461.1273,526.8597,65.7324
Inherent Vice (2014),58,,12633,13915,526.9014,580.3714,53.47
Inherent Vice (2014),59,,13916,14096,580.4132,587.9207,7.5075
Inherent Vice (2014),60,,14097,15022,587.9624,626.5426,38.5802
Inherent Vice (2014),61,,15023,15209,626.5843,634.342,7.7577
Inherent Vice (2014),62,,15210,15468,634.3837,645.1445,10.7608
Inherent Vice (2014),63,,15469,15588,645.1862,650.1495,4.9633
Inherent Vice (2014),64,,15589,15686,650.1912,654.2369,4.0457
Inherent Vice (2014),65,,15687,15813,654.2786,659.5339,5.2553
Inherent Vice (2014),66,,15814,15923,659.5756,664.1218,4.5462
Inherent Vice (2014),67,,15924,16142,664.1635,673.2559,9.0924
Inherent Vice (2014),68,,16143,16231,673.2976,676.9679,3.6703
Inherent Vice (2014),69,,16232,16690,677.0097,696.1121,19.1024
Inherent Vice (2014),70,,16691,17385,696.1538,725.0994,28.9456
Inherent Vice (2014),71,,17386,17489,725.1411,729.437,4.2959
Inherent Vice (2014),72,,17490,17601,729.4787,734.1084,4.6297
Inherent Vice (2014),73,,17602,17710,734.1501,738.6546,4.5045
Inherent Vice (2014),74,,17711,18509,738.6963,771.9795,33.2832
Inherent Vice (2014),75,,18510,18680,772.0212,779.1116,7.0904
Inherent Vice (2014),76,,18681,18824,779.1534,785.1176,5.9642
Inherent Vice (2014),77,,18825,19096,785.1594,796.4623,11.3029
Inherent Vice (2014),78,,19097,19114,796.504,797.2131,0.7091
Inherent Vice (2014),79,,19122,19204,797.5467,800.9668,3.4201
Inherent Vice (2014),80,,19205,19365,801.0085,807.6819,6.6734
Inherent Vice (2014),81,,19366,19620,807.7236,818.3175,10.5939
Inherent Vice (2014),82,,19622,19692,818.4009,821.3205,2.9196
Inherent Vice (2014),83,,19693,19794,821.3622,825.5747,4.2125
Inherent Vice (2014),84,,19795,20096,825.6164,838.1706,12.5542
Inherent Vice (2014),85,,20097,20365,838.2124,849.3902,11.1778
Inherent Vice (2014),86,,20366,20436,849.4319,852.3515,2.9196
Inherent Vice (2014),87,,20437,20572,852.3932,858.0238,5.6306
Inherent Vice (2014),88,,20573,20655,858.0655,861.4856,3.4201
Inherent Vice (2014),89,,20656,22921,861.5273,955.9967,94.4694
Inherent Vice (2014),90,,22922,23083,956.0384,962.7534,6.715
Inherent Vice (2014),91,,23084,23928,962.7951,997.997,35.2019
Inherent Vice (2014),92,,23929,24593,998.0387,1025.733,27.6943
Inherent Vice (2014),93,,24594,24771,1025.775,1033.157,7.382
Inherent Vice (2014),94,,24772,24953,1033.199,1040.748,7.549
Inherent Vice (2014),95,,24954,25307,1040.79,1055.513,14.723
Inherent Vice (2014),96,,25308,25950,1055.554,1082.331,26.777
Inherent Vice (2014),97,,25951,26241,1082.373,1094.468,12.095
Inherent Vice (2014),98,,26242,28878,1094.51,1204.453,109.943
Inherent Vice (2014),99,,28883,28886,1204.662,1204.787,0.125
Inherent Vice (2014),100,,28891,28949,1204.995,1207.415,2.42
Inherent Vice (2014),101,,28950,29370,1207.456,1224.974,17.518
Inherent Vice (2014),102,,29371,29654,1225.015,1236.819,11.804
Inherent Vice (2014),103,,29655,29832,1236.861,1244.243,7.382
Inherent Vice (2014),104,,29837,29860,1244.452,1245.411,0.959
Inherent Vice (2014),105,,29861,30343,1245.453,1265.556,20.103
Inherent Vice (2014),106,,30344,30643,1265.598,1278.068,12.47
Inherent Vice (2014),107,,30644,30703,1278.11,1280.571,2.461
Inherent Vice (2014),108,,30704,31140,1280.613,1298.797,18.184
Inherent Vice (2014),109,,31141,31183,1298.839,1300.591,1.752
Inherent Vice (2014),110,,31184,31286,1300.633,1304.887,4.254
Inherent Vice (2014),111,,31287,31372,1304.929,1308.474,3.545
Inherent Vice (2014),112,,31373,31470,1308.516,1312.561,4.045
Inherent Vice (2014),113,,31471,31635,1312.603,1319.443,6.84
Inherent Vice (2014),114,,31636,31885,1319.485,1329.87,10.385
Inherent Vice (2014),115,,31886,31966,1329.912,1333.249,3.337
Inherent Vice (2014),116,,31967,32604,1333.29,1359.858,26.568
Inherent Vice (2014),117,,32605,32666,1359.9,1362.444,2.544
Inherent Vice (2014),118,,32667,32799,1362.486,1367.992,5.506
Inherent Vice (2014),119,,32800,32843,1368.033,1369.827,1.794
Inherent Vice (2014),120,,32844,33315,1369.868,1389.513,19.645
Inherent Vice (2014),121,,33316,33632,1389.555,1402.735,13.18
Inherent Vice (2014),122,,33633,33795,1402.776,1409.533,6.757
Inherent Vice (2014),123,,33796,33923,1409.575,1414.872,5.297
Inherent Vice (2014),124,,33924,33980,1414.913,1417.249,2.336
Inherent Vice (2014),125,,33981,34143,1417.291,1424.048,6.757
Inherent Vice (2014),126,,34144,34325,1424.089,1431.639,7.55
Inherent Vice (2014),127,,34326,34515,1431.68,1439.563,7.883
Inherent Vice (2014),128,,34516,34812,1439.605,1451.95,12.345
Inherent Vice (2014),129,,34813,34885,1451.992,1454.995,3.003
Inherent Vice (2014),130,,34886,35070,1455.037,1462.711,7.674
Inherent Vice (2014),131,,35071,35243,1462.753,1469.927,7.174
Inherent Vice (2014),132,,35244,36090,1469.968,1505.254,35.286
Inherent Vice (2014),133,,36091,36410,1505.295,1518.6,13.305
Inherent Vice (2014),134,,36411,36603,1518.642,1526.65,8.008
Inherent Vice (2014),135,,36604,36681,1526.692,1529.903,3.211
Inherent Vice (2014),136,,36682,36919,1529.945,1539.83,9.885
Inherent Vice (2014),137,,36920,37636,1539.872,1569.735,29.863
Inherent Vice (2014),138,,37637,37970,1569.777,1583.665,13.888
Inherent Vice (2014),139,,37971,38072,1583.707,1587.92,4.213
Inherent Vice (2014),140,,38073,38119,1587.961,1589.88,1.919
Inherent Vice (2014),141,,38120,38316,1589.922,1598.096,8.174
Inherent Vice (2014),142,,38317,38483,1598.138,1605.062,6.924
Inherent Vice (2014),143,,38484,38679,1605.103,1613.237,8.134
Inherent Vice (2014),144,,38680,38826,1613.278,1619.368,6.09
Inherent Vice (2014),145,,38827,38925,1619.409,1623.497,4.088
Inherent Vice (2014),146,,38926,38962,1623.539,1625.04,1.501
Inherent Vice (2014),147,,38993,39193,1626.333,1634.675,8.342
Inherent Vice (2014),148,,39194,40437,1634.716,1686.56,51.844
Inherent Vice (2014),149,,40438,40968,1686.602,1708.707,22.105
Inherent Vice (2014),150,,40969,41051,1708.749,1712.169,3.42
Inherent Vice (2014),151,,41052,41636,1712.21,1736.568,24.358
Inherent Vice (2014),152,,41637,41840,1736.61,1745.077,8.467
Inherent Vice (2014),153,,41841,41969,1745.118,1750.457,5.339
Inherent Vice (2014),154,,41970,42051,1750.499,1753.877,3.378
Inherent Vice (2014),155,,42052,42161,1753.919,1758.465,4.546
Inherent Vice (2014),156,,42162,42220,1758.507,1760.926,2.419
Inherent Vice (2014),157,,42221,42695,1760.968,1780.737,19.769
Inherent Vice (2014),158,,42696,42838,1780.779,1786.702,5.923
Inherent Vice (2014),159,,42839,42999,1786.743,1793.417,6.674
Inherent Vice (2014),160,,43000,43060,1793.458,1795.961,2.503
Inherent Vice (2014),161,,43061,43219,1796.003,1802.592,6.589
Inherent Vice (2014),162,,43220,43471,1802.634,1813.103,10.469
Inherent Vice (2014),163,,43472,43529,1813.145,1815.522,2.377
Inherent Vice (2014),164,,43530,43602,1815.564,1818.567,3.003
Inherent Vice (2014),165,,43603,43829,1818.608,1828.034,9.426
Inherent Vice (2014),166,,43830,43960,1828.076,1833.498,5.422
Inherent Vice (2014),167,,43961,44094,1833.54,1839.087,5.547
Inherent Vice (2014),168,,44095,44293,1839.129,1847.387,8.258
Inherent Vice (2014),169,,44294,44364,1847.429,1850.348,2.919
Inherent Vice (2014),170,,44365,44496,1850.39,1855.854,5.464
Inherent Vice (2014),171,,44497,44710,1855.896,1864.78,8.884
Inherent Vice (2014),172,,44711,44869,1864.821,1871.411,6.59
Inherent Vice (2014),173,,44870,45121,1871.453,1881.922,10.469
Inherent Vice (2014),174,,45122,45205,1881.963,1885.425,3.462
Inherent Vice (2014),175,,45206,45299,1885.467,1889.346,3.879
Inherent Vice (2014),176,,45300,45500,1889.387,1897.729,8.342
Inherent Vice (2014),177,,45501,45689,1897.771,1905.612,7.841
Inherent Vice (2014),178,,45690,45835,1905.654,1911.701,6.047
Inherent Vice (2014),179,,45836,45892,1911.743,1914.079,2.336
Inherent Vice (2014),180,,45893,45940,1914.12,1916.081,1.961
Inherent Vice (2014),181,,45941,46291,1916.122,1930.72,14.598
Inherent Vice (2014),182,,46292,47087,1930.762,1963.92,33.158
Inherent Vice (2014),183,,47088,47231,1963.962,1969.926,5.964
Inherent Vice (2014),184,,47232,47356,1969.968,1975.14,5.172
Inherent Vice (2014),185,,47357,47500,1975.181,1981.146,5.965
Inherent Vice (2014),186,,47501,47601,1981.187,1985.358,4.171
Inherent Vice (2014),187,,47602,47640,1985.4,1986.985,1.585
Inherent Vice (2014),188,,47641,47921,1987.027,1998.705,11.678
Inherent Vice (2014),189,,47922,49687,1998.747,2072.362,73.615
Inherent Vice (2014),190,,49688,49887,2072.404,2080.704,8.3
Inherent Vice (2014),191,,49888,49984,2080.745,2084.749,4.004
Inherent Vice (2014),192,,49985,50127,2084.791,2090.714,5.923
Inherent Vice (2014),193,,50128,50368,2090.755,2100.765,10.01
Inherent Vice (2014),194,,50369,50551,2100.807,2108.398,7.591
Inherent Vice (2014),195,,50552,50647,2108.44,2112.402,3.962
Inherent Vice (2014),196,,50648,50832,2112.444,2120.118,7.674
Inherent Vice (2014),197,,50833,57646,2120.16,2404.319,284.159
Inherent Vice (2014),198,,57647,58374,2404.36,2434.682,30.322
Inherent Vice (2014),199,,58375,58530,2434.724,2441.189,6.465
Inherent Vice (2014),200,,58531,58964,2441.23,2459.29,18.06
Inherent Vice (2014),201,,58965,59106,2459.332,2465.213,5.881
Inherent Vice (2014),202,,59107,59161,2465.254,2467.507,2.253
Inherent Vice (2014),203,,59162,59234,2467.548,2470.551,3.003
Inherent Vice (2014),204,,59235,59375,2470.593,2476.432,5.839
Inherent Vice (2014),205,,59376,59518,2476.474,2482.397,5.923
Inherent Vice (2014),206,,59519,59681,2482.438,2489.195,6.757
Inherent Vice (2014),207,,59682,60306,2489.237,2515.263,26.026
Inherent Vice (2014),208,,60307,60378,2515.304,2518.266,2.962
Inherent Vice (2014),209,,60379,60638,2518.307,2529.11,10.803
Inherent Vice (2014),210,,60639,60695,2529.152,2531.487,2.335
Inherent Vice (2014),211,,60696,60903,2531.529,2540.163,8.634
Inherent Vice (2014),212,,60904,60976,2540.204,2543.207,3.003
Inherent Vice (2014),213,,60977,61217,2543.249,2553.259,10.01
Inherent Vice (2014),214,,61218,61422,2553.301,2561.809,8.508
Inherent Vice (2014),215,,61423,61524,2561.851,2566.063,4.212
Inherent Vice (2014),216,,61525,61658,2566.105,2571.652,5.547
Inherent Vice (2014),217,,61659,61693,2571.694,2573.112,1.418
Inherent Vice (2014),218,,61694,61939,2573.154,2583.372,10.218
Inherent Vice (2014),219,,61940,62076,2583.414,2589.086,5.672
Inherent Vice (2014),220,,62082,62311,2589.337,2598.888,9.551
Inherent Vice (2014),221,,62312,62505,2598.93,2606.979,8.049
Inherent Vice (2014),222,,62506,62643,2607.021,2612.735,5.714
Inherent Vice (2014),223,,62644,63008,2612.777,2627.959,15.182
Inherent Vice (2014),224,,63009,63163,2628,2634.423,6.423
Inherent Vice (2014),225,,63164,63212,2634.465,2636.467,2.002
Inherent Vice (2014),226,,63213,63506,2636.509,2648.729,12.22
Inherent Vice (2014),227,,63507,63614,2648.771,2653.234,4.463
Inherent Vice (2014),228,,63615,63706,2653.276,2657.071,3.795
Inherent Vice (2014),229,,63707,63827,2657.113,2662.118,5.005
Inherent Vice (2014),230,,63828,64023,2662.159,2670.293,8.134
Inherent Vice (2014),231,,64024,64079,2670.334,2672.628,2.294
Inherent Vice (2014),232,,64080,64177,2672.67,2676.716,4.046
Inherent Vice (2014),233,,64178,64277,2676.757,2680.886,4.129
Inherent Vice (2014),234,,64278,64499,2680.928,2690.146,9.218
Inherent Vice (2014),235,,64500,68572,2690.187,2860.024,169.837
Inherent Vice (2014),236,,68573,69137,2860.065,2883.589,23.524
Inherent Vice (2014),237,,69138,70057,2883.631,2921.961,38.33
Inherent Vice (2014),238,,70058,70431,2922.002,2937.56,15.558
Inherent Vice (2014),239,,70432,71066,2937.601,2964.044,26.443
Inherent Vice (2014),240,,71067,71385,2964.086,2977.349,13.263
Inherent Vice (2014),241,,71386,71976,2977.391,3001.999,24.608
Inherent Vice (2014),242,,71977,72073,3002.041,3006.045,4.004
Inherent Vice (2014),243,,72074,72249,3006.086,3013.385,7.299
Inherent Vice (2014),244,,72250,72349,3013.427,3017.556,4.129
Inherent Vice (2014),245,,72350,72414,3017.598,3020.267,2.669
Inherent Vice (2014),246,,72415,72443,3020.309,3021.477,1.168
Inherent Vice (2014),247,,72444,72610,3021.518,3028.442,6.924
Inherent Vice (2014),248,,72611,72701,3028.484,3032.237,3.753
Inherent Vice (2014),249,,72702,72862,3032.279,3038.953,6.674
Inherent Vice (2014),250,,72863,72993,3038.994,3044.416,5.422
Inherent Vice (2014),251,,72994,73246,3044.458,3054.969,10.511
Inherent Vice (2014),252,,73247,73335,3055.01,3058.681,3.671
Inherent Vice (2014),253,,73336,73592,3058.722,3069.4,10.678
Inherent Vice (2014),254,,73593,73673,3069.441,3072.778,3.337
Inherent Vice (2014),255,,73674,73733,3072.82,3075.28,2.46
Inherent Vice (2014),256,,73734,73825,3075.322,3079.118,3.796
Inherent Vice (2014),257,,73826,73935,3079.159,3083.706,4.547
Inherent Vice (2014),258,,73936,74050,3083.747,3088.502,4.755
Inherent Vice (2014),259,,74051,74410,3088.544,3103.517,14.973
Inherent Vice (2014),260,,74411,74580,3103.559,3110.607,7.048
Inherent Vice (2014),261,,74581,75057,3110.649,3130.502,19.853
Inherent Vice (2014),262,,75058,75165,3130.544,3135.007,4.463
Inherent Vice (2014),263,,75166,75264,3135.049,3139.136,4.087
Inherent Vice (2014),264,,75265,75354,3139.178,3142.89,3.712
Inherent Vice (2014),265,,75355,75437,3142.931,3146.351,3.42
Inherent Vice (2014),266,,75438,76675,3146.393,3197.986,51.593
Inherent Vice (2014),267,,76676,76811,3198.028,3203.659,5.631
Inherent Vice (2014),268,,76812,76972,3203.7,3210.374,6.674
Inherent Vice (2014),269,,76973,77536,3210.415,3233.897,23.482
Inherent Vice (2014),270,,77550,79357,3234.481,3309.848,75.367
Inherent Vice (2014),271,,79358,79604,3309.89,3320.15,10.26
Inherent Vice (2014),272,,79605,80056,3320.192,3339.002,18.81
Inherent Vice (2014),273,,80058,80188,3339.086,3344.508,5.422
Inherent Vice (2014),274,,80189,80286,3344.549,3348.595,4.046
Inherent Vice (2014),275,,80287,80482,3348.637,3356.77,8.133
Inherent Vice (2014),276,,80483,81578,3356.812,3402.482,45.67
Inherent Vice (2014),277,,81579,81669,3402.524,3406.278,3.754
Inherent Vice (2014),278,,81698,81903,3407.487,3416.038,8.551
Inherent Vice (2014),279,,81904,82460,3416.079,3439.269,23.19
Inherent Vice (2014),280,,82461,84693,3439.311,3532.404,93.093
Inherent Vice (2014),281,,84694,85314,3532.446,3558.305,25.859
Inherent Vice (2014),282,,85315,91781,3558.346,3828.032,269.686
Inherent Vice (2014),283,,91782,91911,3828.074,3833.455,5.381
Inherent Vice (2014),284,,91912,92051,3833.496,3839.294,5.798
Inherent Vice (2014),285,,92052,92405,3839.335,3854.058,14.723
Inherent Vice (2014),286,,92406,93673,3854.1,3906.945,52.845
Inherent Vice (2014),287,,93674,94614,3906.986,3946.192,39.206
Inherent Vice (2014),288,,94615,95099,3946.234,3966.421,20.187
Inherent Vice (2014),289,,95100,95287,3966.462,3974.262,7.8
Inherent Vice (2014),290,,95288,95367,3974.304,3977.599,3.295
Inherent Vice (2014),291,,95368,95440,3977.64,3980.643,3.003
Inherent Vice (2014),292,,95441,95506,3980.685,3983.396,2.711
Inherent Vice (2014),293,,95507,95567,3983.438,3985.94,2.502
Inherent Vice (2014),294,,95568,95667,3985.982,3990.111,4.129
Inherent Vice (2014),295,,95668,95739,3990.153,3993.114,2.961
Inherent Vice (2014),296,,95740,95788,3993.156,3995.158,2.002
Inherent Vice (2014),297,,95789,96014,3995.199,4004.584,9.385
Inherent Vice (2014),298,,96015,96168,4004.626,4011.007,6.381
Inherent Vice (2014),299,,96169,96356,4011.049,4018.848,7.799
Inherent Vice (2014),300,,96357,96414,4018.89,4021.267,2.377
Inherent Vice (2014),301,,96415,96521,4021.309,4025.73,4.421
Inherent Vice (2014),302,,96522,96889,4025.772,4041.079,15.307
Inherent Vice (2014),303,,96890,97278,4041.12,4057.303,16.183
Inherent Vice (2014),304,,97279,97379,4057.345,4061.516,4.171
Inherent Vice (2014),305,,97380,97490,4061.557,4066.145,4.588
Inherent Vice (2014),306,,97491,97603,4066.187,4070.858,4.671
Inherent Vice (2014),307,,97604,97651,4070.9,4072.86,1.96
Inherent Vice (2014),308,,97652,97993,4072.902,4087.125,14.223
Inherent Vice (2014),309,,97994,98145,4087.166,4093.464,6.298
Inherent Vice (2014),310,,98146,98336,4093.506,4101.431,7.925
Inherent Vice (2014),311,,98337,98522,4101.472,4109.188,7.716
Inherent Vice (2014),312,,98523,98589,4109.23,4111.983,2.753
Inherent Vice (2014),313,,98590,98834,4112.024,4122.201,10.177
Inherent Vice (2014),314,,98835,98897,4122.243,4124.829,2.586
Inherent Vice (2014),315,,98898,98977,4124.871,4128.166,3.295
Inherent Vice (2014),316,,98978,99068,4128.207,4131.961,3.754
Inherent Vice (2014),317,,99069,99251,4132.003,4139.594,7.591
Inherent Vice (2014),318,,99252,99409,4139.635,4146.184,6.549
Inherent Vice (2014),319,,99410,99455,4146.225,4148.102,1.877
Inherent Vice (2014),320,,99456,99530,4148.144,4151.23,3.086
Inherent Vice (2014),321,,99531,99592,4151.272,4153.816,2.544
Inherent Vice (2014),322,,99593,99674,4153.858,4157.236,3.378
Inherent Vice (2014),323,,99675,99730,4157.278,4159.572,2.294
Inherent Vice (2014),324,,99731,99918,4159.614,4167.413,7.799
Inherent Vice (2014),325,,99919,100207,4167.455,4179.467,12.012
Inherent Vice (2014),326,,100208,100298,4179.509,4183.262,3.753
Inherent Vice (2014),327,,100299,100532,4183.304,4193.022,9.718
Inherent Vice (2014),328,,100533,100741,4193.064,4201.739,8.675
Inherent Vice (2014),329,,100742,100893,4201.781,4208.079,6.298
Inherent Vice (2014),330,,100894,100933,4208.12,4209.747,1.627
Inherent Vice (2014),331,,100934,100994,4209.789,4212.291,2.502
Inherent Vice (2014),332,,100995,101062,4212.333,4215.127,2.794
Inherent Vice (2014),333,,101063,101252,4215.169,4223.052,7.883
Inherent Vice (2014),334,,101253,101348,4223.094,4227.056,3.962
Inherent Vice (2014),335,,101349,101515,4227.098,4234.021,6.923
Inherent Vice (2014),336,,101516,101602,4234.063,4237.65,3.587
Inherent Vice (2014),337,,101603,101902,4237.692,4250.162,12.47
Inherent Vice (2014),338,,101903,101971,4250.204,4253.04,2.836
Inherent Vice (2014),339,,101972,103470,4253.082,4315.561,62.479
Inherent Vice (2014),340,,103471,103491,4315.603,4316.437,0.834
Inherent Vice (2014),341,,103494,103644,4316.562,4322.818,6.256
Inherent Vice (2014),342,,103645,103770,4322.86,4328.074,5.214
Inherent Vice (2014),343,,103771,104080,4328.115,4341.003,12.888
Inherent Vice (2014),344,,104081,104878,4341.045,4374.286,33.241
Inherent Vice (2014),345,,104879,105165,4374.328,4386.257,11.929
Inherent Vice (2014),346,,105166,105373,4386.298,4394.932,8.634
Inherent Vice (2014),347,,105374,105584,4394.974,4403.733,8.759
Inherent Vice (2014),348,,105585,105742,4403.774,4410.322,6.548
Inherent Vice (2014),349,,105743,105984,4410.364,4420.416,10.052
Inherent Vice (2014),350,,105985,106195,4420.458,4429.216,8.758
Inherent Vice (2014),351,,106196,106274,4429.258,4432.511,3.253
Inherent Vice (2014),352,,106275,106334,4432.553,4435.014,2.461
Inherent Vice (2014),353,,106335,106374,4435.056,4436.682,1.626
Inherent Vice (2014),354,,106375,106454,4436.724,4440.019,3.295
Inherent Vice (2014),355,,106455,106798,4440.061,4454.366,14.305
Inherent Vice (2014),356,,106799,107243,4454.408,4472.927,18.519
Inherent Vice (2014),357,,107244,107330,4472.968,4476.555,3.587
Inherent Vice (2014),358,,107331,107429,4476.597,4480.684,4.087
Inherent Vice (2014),359,,107430,108149,4480.726,4510.714,29.988
Inherent Vice (2014),360,,108150,108380,4510.756,4520.349,9.593
Inherent Vice (2014),361,,108381,108634,4520.391,4530.943,10.552
Inherent Vice (2014),362,,108635,108795,4530.985,4537.658,6.673
Inherent Vice (2014),363,,108796,109531,4537.7,4568.355,30.655
Inherent Vice (2014),364,,109532,109907,4568.397,4584.038,15.641
Inherent Vice (2014),365,,109908,110468,4584.079,4607.436,23.357
Inherent Vice (2014),366,,110469,110681,4607.478,4616.32,8.842
Inherent Vice (2014),367,,110682,110906,4616.362,4625.704,9.342
Inherent Vice (2014),368,,110907,111269,4625.746,4640.844,15.098
Inherent Vice (2014),369,,111270,111437,4640.886,4647.851,6.965
Inherent Vice (2014),370,,111438,111784,4647.893,4662.324,14.431
Inherent Vice (2014),371,,111785,111869,4662.366,4665.869,3.503
Inherent Vice (2014),372,,111870,111941,4665.911,4668.872,2.961
Inherent Vice (2014),373,,111942,112028,4668.914,4672.501,3.587
Inherent Vice (2014),374,,112029,112142,4672.543,4677.256,4.713
Inherent Vice (2014),375,,112143,112232,4677.298,4681.01,3.712
Inherent Vice (2014),376,,112233,112349,4681.051,4685.889,4.838
Inherent Vice (2014),377,,112350,112876,4685.931,4707.87,21.939
Inherent Vice (2014),378,,112877,112952,4707.911,4711.04,3.129
Inherent Vice (2014),379,,112953,113458,4711.081,4732.144,21.063
Inherent Vice (2014),380,,113459,113555,4732.186,4736.19,4.004
Inherent Vice (2014),381,,113556,113751,4736.231,4744.365,8.134
Inherent Vice (2014),382,,113752,113806,4744.406,4746.658,2.252
Inherent Vice (2014),383,,113807,113901,4746.7,4750.621,3.921
Inherent Vice (2014),384,,113902,114117,4750.662,4759.63,8.968
Inherent Vice (2014),385,,114118,114163,4759.671,4761.548,1.877
Inherent Vice (2014),386,,114164,114504,4761.59,4775.771,14.181
Inherent Vice (2014),387,,114505,114938,4775.813,4793.872,18.059
Inherent Vice (2014),388,,114939,115499,4793.914,4817.271,23.357
Inherent Vice (2014),389,,115500,115654,4817.312,4823.735,6.423
Inherent Vice (2014),390,,115655,115725,4823.777,4826.697,2.92
Inherent Vice (2014),391,,115726,115765,4826.738,4828.365,1.627
Inherent Vice (2014),392,,115766,115830,4828.407,4831.076,2.669
Inherent Vice (2014),393,,115831,115888,4831.118,4833.495,2.377
Inherent Vice (2014),394,,115889,116182,4833.537,4845.757,12.22
Inherent Vice (2014),395,,116183,116310,4845.799,4851.096,5.297
Inherent Vice (2014),396,,116311,116442,4851.138,4856.602,5.464
Inherent Vice (2014),397,,116443,116533,4856.643,4860.397,3.754
Inherent Vice (2014),398,,116534,116614,4860.439,4863.775,3.336
Inherent Vice (2014),399,,116615,116730,4863.817,4868.614,4.797
Inherent Vice (2014),400,,116731,116772,4868.655,4870.365,1.71
Inherent Vice (2014),401,,116773,116934,4870.407,4877.122,6.715
Inherent Vice (2014),402,,116935,116963,4877.164,4878.332,1.168
Inherent Vice (2014),403,,116964,116985,4878.373,4879.249,0.876
Inherent Vice (2014),404,,116986,117035,4879.291,4881.335,2.044
Inherent Vice (2014),405,,117036,117576,4881.376,4903.899,22.523
Inherent Vice (2014),406,,117577,117720,4903.941,4909.905,5.964
Inherent Vice (2014),407,,117721,117894,4909.947,4917.162,7.215
Inherent Vice (2014),408,,117895,117980,4917.204,4920.749,3.545
Inherent Vice (2014),409,,117981,118075,4920.791,4924.711,3.92
Inherent Vice (2014),410,,118076,118121,4924.753,4926.63,1.877
Inherent Vice (2014),411,,118122,118152,4926.672,4927.923,1.251
Inherent Vice (2014),412,,118153,118198,4927.965,4929.841,1.876
Inherent Vice (2014),413,,118199,118282,4929.883,4933.345,3.462
Inherent Vice (2014),414,,118283,118384,4933.387,4937.599,4.212
Inherent Vice (2014),415,,118385,118413,4937.641,4938.809,1.168
Inherent Vice (2014),416,,118414,118492,4938.85,4942.104,3.254
Inherent Vice (2014),417,,118493,118526,4942.145,4943.522,1.377
Inherent Vice (2014),418,,118527,118636,4943.564,4948.11,4.546
Inherent Vice (2014),419,,118637,118728,4948.151,4951.947,3.796
Inherent Vice (2014),420,,118729,118776,4951.989,4953.949,1.96
Inherent Vice (2014),421,,118777,118923,4953.991,4960.08,6.089
Inherent Vice (2014),422,,118924,119053,4960.122,4965.502,5.38
Inherent Vice (2014),423,,119054,119131,4965.544,4968.755,3.211
Inherent Vice (2014),424,,119132,119255,4968.797,4973.927,5.13
Inherent Vice (2014),425,,119256,119342,4973.969,4977.556,3.587
Inherent Vice (2014),426,,119343,119745,4977.598,4994.364,16.766
Inherent Vice (2014),427,,119746,120095,4994.406,5008.962,14.556
Inherent Vice (2014),428,,120098,120125,5009.087,5010.213,1.126
Inherent Vice (2014),429,,120126,120341,5010.255,5019.222,8.967
Inherent Vice (2014),430,,120342,120390,5019.264,5021.266,2.002
Inherent Vice (2014),431,,120391,120445,5021.308,5023.56,2.252
Inherent Vice (2014),432,,120446,120563,5023.602,5028.482,4.88
Inherent Vice (2014),433,,120564,120608,5028.523,5030.359,1.836
Inherent Vice (2014),434,,120609,120721,5030.4,5035.072,4.672
Inherent Vice (2014),435,,120722,120923,5035.113,5043.497,8.384
Inherent Vice (2014),436,,120924,121070,5043.538,5049.628,6.09
Inherent Vice (2014),437,,121071,121133,5049.67,5052.255,2.585
Inherent Vice (2014),438,,121134,121395,5052.297,5063.183,10.886
Inherent Vice (2014),439,,121396,121629,5063.225,5072.943,9.718
Inherent Vice (2014),440,,121630,121687,5072.984,5075.362,2.378
Inherent Vice (2014),441,,121688,121895,5075.404,5084.037,8.633
Inherent Vice (2014),442,,121896,121899,5084.079,5084.204,0.125
Inherent Vice (2014),443,,121906,122129,5084.496,5093.797,9.301
Inherent Vice (2014),444,,122130,122314,5093.839,5101.513,7.674
Inherent Vice (2014),445,,122315,122617,5101.555,5114.151,12.596
Inherent Vice (2014),446,,122618,122702,5114.192,5117.696,3.504
Inherent Vice (2014),447,,122703,122967,5117.738,5128.749,11.011
Inherent Vice (2014),448,,122968,123052,5128.79,5132.294,3.504
Inherent Vice (2014),449,,123053,123237,5132.335,5140.01,7.675
Inherent Vice (2014),450,,123238,123532,5140.051,5152.314,12.263
Inherent Vice (2014),451,,123533,123628,5152.355,5156.318,3.963
Inherent Vice (2014),452,,123629,123703,5156.359,5159.446,3.087
Inherent Vice (2014),453,,123704,123812,5159.488,5163.992,4.504
Inherent Vice (2014),454,,123813,123941,5164.034,5169.372,5.338
Inherent Vice (2014),455,,123942,124839,5169.414,5206.827,37.413
Inherent Vice (2014),456,,124840,124900,5206.868,5209.371,2.503
Inherent Vice (2014),457,,124901,124937,5209.412,5210.914,1.502
Inherent Vice (2014),458,,124938,125000,5210.956,5213.542,2.586
Inherent Vice (2014),459,,125001,125171,5213.583,5220.674,7.091
Inherent Vice (2014),460,,125172,125254,5220.715,5224.135,3.42
Inherent Vice (2014),461,,125255,125554,5224.177,5236.648,12.471
Inherent Vice (2014),462,,125555,125733,5236.69,5244.114,7.424
Inherent Vice (2014),463,,125734,125882,5244.155,5250.328,6.173
Inherent Vice (2014),464,,125883,125938,5250.37,5252.664,2.294
Inherent Vice (2014),465,,125939,126000,5252.706,5255.25,2.544
Inherent Vice (2014),466,,126001,126106,5255.292,5259.671,4.379
Inherent Vice (2014),467,,126107,126252,5259.713,5265.76,6.047
Inherent Vice (2014),468,,126253,126373,5265.802,5270.807,5.005
Inherent Vice (2014),469,,126374,126445,5270.849,5273.81,2.961
Inherent Vice (2014),470,,126446,126563,5273.852,5278.732,4.88
Inherent Vice (2014),471,,126564,126647,5278.773,5282.235,3.462
Inherent Vice (2014),472,,126648,126712,5282.277,5284.946,2.669
Inherent Vice (2014),473,,126713,126812,5284.988,5289.117,4.129
Inherent Vice (2014),474,,126813,127708,5289.159,5326.488,37.329
Inherent Vice (2014),475,,127709,127861,5326.529,5332.869,6.34
Inherent Vice (2014),476,,127862,127992,5332.911,5338.333,5.422
Inherent Vice (2014),477,,127993,128130,5338.375,5344.089,5.714
Inherent Vice (2014),478,,128131,128196,5344.13,5346.841,2.711
Inherent Vice (2014),479,,128197,128340,5346.883,5352.847,5.964
Inherent Vice (2014),480,,128341,128397,5352.889,5355.225,2.336
Inherent Vice (2014),481,,128398,128472,5355.266,5358.353,3.087
Inherent Vice (2014),482,,128473,128558,5358.395,5361.94,3.545
Inherent Vice (2014),483,,128559,128904,5361.982,5376.371,14.389
Inherent Vice (2014),484,,128905,129178,5376.413,5387.799,11.386
Inherent Vice (2014),485,,129179,129241,5387.841,5390.427,2.586
Inherent Vice (2014),486,,129242,129285,5390.468,5392.262,1.794
Inherent Vice (2014),487,,129286,129333,5392.303,5394.264,1.961
Inherent Vice (2014),488,,129334,129498,5394.305,5401.146,6.841
Inherent Vice (2014),489,,129499,129621,5401.187,5406.276,5.089
Inherent Vice (2014),490,,129622,130132,5406.317,5427.589,21.272
Inherent Vice (2014),491,,130133,130202,5427.63,5430.508,2.878
Inherent Vice (2014),492,,130203,130626,5430.55,5448.193,17.643
Inherent Vice (2014),493,,130627,131496,5448.234,5484.479,36.245
Inherent Vice (2014),494,,131497,131770,5484.521,5495.907,11.386
Inherent Vice (2014),495,,131771,132471,5495.949,5525.144,29.195
Inherent Vice (2014),496,,132472,132844,5525.186,5540.702,15.516
Inherent Vice (2014),497,,132845,133138,5540.743,5552.964,12.221
Inherent Vice (2014),498,,133139,133305,5553.006,5559.929,6.923
Inherent Vice (2014),499,,133306,133464,5559.971,5566.561,6.59
Inherent Vice (2014),500,,133465,133532,5566.603,5569.397,2.794
Inherent Vice (2014),501,,133533,133656,5569.439,5574.569,5.13
Inherent Vice (2014),502,,133657,133896,5574.611,5584.579,9.968
Inherent Vice (2014),503,,133897,133967,5584.621,5587.54,2.919
Inherent Vice (2014),504,,133968,134145,5587.582,5594.964,7.382
Inherent Vice (2014),505,,134146,134177,5595.006,5596.299,1.293
Inherent Vice (2014),506,,134178,134270,5596.341,5600.178,3.837
Inherent Vice (2014),507,,134271,134312,5600.219,5601.93,1.711
Inherent Vice (2014),508,,134313,134345,5601.971,5603.306,1.335
Inherent Vice (2014),509,,134346,134486,5603.348,5609.187,5.839
Inherent Vice (2014),510,,134487,134544,5609.228,5611.606,2.378
Inherent Vice (2014),511,,134558,134871,5612.19,5625.244,13.054
Inherent Vice (2014),512,,134872,135408,5625.286,5647.642,22.356
Inherent Vice (2014),513,,135409,135554,5647.684,5653.731,6.047
Inherent Vice (2014),514,,135555,135676,5653.773,5658.82,5.047
Inherent Vice (2014),515,,135677,135846,5658.861,5665.91,7.049
Inherent Vice (2014),516,,135847,136908,5665.952,5710.204,44.252
Inherent Vice (2014),517,,136909,137045,5710.246,5715.918,5.672
Inherent Vice (2014),518,,137046,137125,5715.96,5719.255,3.295
Inherent Vice (2014),519,,137126,137621,5719.297,5739.942,20.645
Inherent Vice (2014),520,,137622,137721,5739.984,5744.113,4.129
Inherent Vice (2014),521,,137722,137787,5744.155,5746.866,2.711
Inherent Vice (2014),522,,137788,137892,5746.908,5751.245,4.337
Inherent Vice (2014),523,,137893,137971,5751.287,5754.54,3.253
Inherent Vice (2014),524,,137972,138047,5754.582,5757.71,3.128
Inherent Vice (2014),525,,138048,138512,5757.752,5777.105,19.353
Inherent Vice (2014),526,,138513,138722,5777.146,5785.863,8.717
Inherent Vice (2014),527,,138723,138826,5785.905,5790.201,4.296
Inherent Vice (2014),528,,138827,138883,5790.243,5792.578,2.335
Inherent Vice (2014),529,,138884,138976,5792.62,5796.457,3.837
Inherent Vice (2014),530,,138977,139305,5796.499,5810.179,13.68
Inherent Vice (2014),531,,139306,139432,5810.221,5815.476,5.255
Inherent Vice (2014),532,,139433,139692,5815.518,5826.32,10.802
Inherent Vice (2014),533,,139693,139752,5826.362,5828.823,2.461
Inherent Vice (2014),534,,139753,140071,5828.865,5842.128,13.263
Inherent Vice (2014),535,,140072,140145,5842.17,5845.214,3.044
Inherent Vice (2014),536,,140146,140307,5845.256,5851.971,6.715
Inherent Vice (2014),537,,140308,140421,5852.013,5856.726,4.713
Inherent Vice (2014),538,,140422,141036,5856.767,5882.376,25.609
Inherent Vice (2014),539,,141037,141140,5882.418,5886.714,4.296
Inherent Vice (2014),540,,141141,141541,5886.756,5903.439,16.683
Inherent Vice (2014),541,,141542,141612,5903.481,5906.4,2.919
Inherent Vice (2014),542,,141613,142609,5906.442,5947.984,41.542
Inherent Vice (2014),543,,142610,142753,5948.025,5953.99,5.965
Inherent Vice (2014),544,,142754,142920,5954.031,5960.955,6.924
Inherent Vice (2014),545,,142921,143192,5960.997,5972.3,11.303
Inherent Vice (2014),546,,143193,143278,5972.341,5975.886,3.545
Inherent Vice (2014),547,,143279,143416,5975.928,5981.642,5.714
Inherent Vice (2014),548,,143417,143466,5981.684,5983.728,2.044
Inherent Vice (2014),549,,143467,143727,5983.769,5994.613,10.844
Inherent Vice (2014),550,,143728,143854,5994.655,5999.91,5.255
Inherent Vice (2014),551,,143855,144083,5999.952,6009.462,9.51
Inherent Vice (2014),552,,144084,144400,6009.503,6022.683,13.18
Inherent Vice (2014),553,,144401,144626,6022.725,6032.109,9.384
Inherent Vice (2014),554,,144627,144941,6032.151,6045.247,13.096
Inherent Vice (2014),555,,144942,145097,6045.289,6051.754,6.465
Inherent Vice (2014),556,,145098,145216,6051.796,6056.717,4.921
Inherent Vice (2014),557,,145217,145758,6056.759,6079.323,22.564
Inherent Vice (2014),558,,145759,145965,6079.365,6087.957,8.592
Inherent Vice (2014),559,,145966,146178,6087.998,6096.841,8.843
Inherent Vice (2014),560,,146179,146288,6096.882,6101.429,4.547
Inherent Vice (2014),561,,146289,146400,6101.47,6106.1,4.63
Inherent Vice (2014),562,,146401,146485,6106.142,6109.645,3.503
Inherent Vice (2014),563,,146486,146604,6109.687,6114.608,4.921
Inherent Vice (2014),564,,146605,146687,6114.65,6118.07,3.42
Inherent Vice (2014),565,,146688,146728,6118.112,6119.78,1.668
Inherent Vice (2014),566,,146729,146840,6119.822,6124.452,4.63
Inherent Vice (2014),567,,146841,146894,6124.493,6126.704,2.211
Inherent Vice (2014),568,,146895,147112,6126.745,6135.796,9.051
Inherent Vice (2014),569,,147113,147215,6135.838,6140.092,4.254
Inherent Vice (2014),570,,147216,147312,6140.134,6144.138,4.004
Inherent Vice (2014),571,,147313,148026,6144.18,6173.918,29.738
Inherent Vice (2014),572,,148027,148352,6173.959,6187.515,13.556
Inherent Vice (2014),573,,148353,148528,6187.556,6194.855,7.299
Inherent Vice (2014),574,,148529,149057,6194.897,6216.919,22.022
Inherent Vice (2014),575,,149058,149464,6216.961,6233.894,16.933
Inherent Vice (2014),576,,149465,149698,6233.936,6243.654,9.718
Inherent Vice (2014),577,,149699,150107,6243.696,6260.713,17.017
Inherent Vice (2014),578,,150108,150212,6260.754,6265.092,4.338
Inherent Vice (2014),579,,150213,150295,6265.134,6268.554,3.42
Inherent Vice (2014),580,,150296,150463,6268.596,6275.561,6.965
Inherent Vice (2014),581,,150464,159614,6275.603,6657.234,381.631
Inherent Vice (2014),582,,159615,160036,6657.275,6674.835,17.56
Inherent Vice (2014),583,,160037,161001,6674.876,6715.083,40.207
Inherent Vice (2014),584,,161002,161245,6715.125,6725.26,10.135
Inherent Vice (2014),585,,161246,161340,6725.302,6729.222,3.92
Inherent Vice (2014),586,,161341,161723,6729.264,6745.197,15.933
Inherent Vice (2014),587,,161724,161846,6745.238,6750.327,5.089
Inherent Vice (2014),588,,161847,162770,6750.368,6788.865,38.497
Inherent Vice (2014),589,,162771,162878,6788.907,6793.37,4.463
Inherent Vice (2014),590,,162879,162917,6793.411,6794.996,1.585
Inherent Vice (2014),591,,162918,163111,6795.038,6803.088,8.05
Inherent Vice (2014),592,,163112,163130,6803.13,6803.88,0.75
Inherent Vice (2014),593,,163131,163165,6803.922,6805.34,1.418
Inherent Vice (2014),594,,163166,163296,6805.382,6810.804,5.422
Inherent Vice (2014),595,,163297,163366,6810.846,6813.723,2.877
Inherent Vice (2014),596,,163367,163848,6813.765,6833.827,20.062
Inherent Vice (2014),597,,163849,163873,6833.869,6834.87,1.001
Inherent Vice (2014),598,,163874,163974,6834.911,6839.082,4.171
Inherent Vice (2014),599,,163975,164040,6839.124,6841.835,2.711
Inherent Vice (2014),600,,164041,164114,6841.877,6844.921,3.044
Inherent Vice (2014),601,,164115,164236,6844.963,6850.01,5.047
Inherent Vice (2014),602,,164237,164321,6850.051,6853.555,3.504
Inherent Vice (2014),603,,164322,164394,6853.597,6856.6,3.003
Inherent Vice (2014),604,,164395,164456,6856.641,6859.186,2.545
Inherent Vice (2014),605,,164457,164541,6859.227,6862.731,3.504
Inherent Vice (2014),606,,164542,164807,6862.772,6873.825,11.053
Inherent Vice (2014),607,,164808,165254,6873.867,6892.469,18.602
Inherent Vice (2014),608,,165255,165403,6892.51,6898.683,6.173
Inherent Vice (2014),609,,165404,165552,6898.725,6904.898,6.173
Inherent Vice (2014),610,,165553,165700,6904.94,6911.071,6.131
Inherent Vice (2014),611,,165701,165813,6911.112,6915.784,4.672
Inherent Vice (2014),612,,165814,166117,6915.825,6928.463,12.638
Inherent Vice (2014),613,,166118,166260,6928.505,6934.427,5.922
Inherent Vice (2014),614,,166261,166351,6934.469,6938.223,3.754
Inherent Vice (2014),615,,166355,166356,6938.39,6938.431,0.041
Inherent Vice (2014),616,,166357,166359,6938.473,6938.556,0.083
Inherent Vice (2014),617,,166360,166621,6938.598,6949.484,10.886
Inherent Vice (2014),618,,166622,166769,6949.526,6955.657,6.131
Inherent Vice (2014),619,,166770,167004,6955.699,6965.458,9.759
Inherent Vice (2014),620,,167005,167104,6965.5,6969.629,4.129
Inherent Vice (2014),621,,167105,167325,6969.671,6978.847,9.176
Inherent Vice (2014),622,,167326,167552,6978.888,6988.315,9.427
Inherent Vice (2014),623,,167553,167826,6988.356,6999.743,11.387
Inherent Vice (2014),624,,167827,168085,6999.784,7010.545,10.761
Inherent Vice (2014),625,,168086,168191,7010.587,7014.966,4.379
Inherent Vice (2014),626,,168192,168303,7015.008,7019.637,4.629
Inherent Vice (2014),627,,168304,168548,7019.679,7029.856,10.177
Inherent Vice (2014),628,,168549,168650,7029.898,7034.11,4.212
Inherent Vice (2014),629,,168651,168844,7034.152,7042.202,8.05
Inherent Vice (2014),630,,168845,168972,7042.243,7047.54,5.297
Inherent Vice (2014),631,,168973,169106,7047.582,7053.129,5.547
Inherent Vice (2014),632,,169107,169217,7053.171,7057.759,4.588
Inherent Vice (2014),633,,169218,169329,7057.801,7062.43,4.629
Inherent Vice (2014),634,,169330,169449,7062.472,7067.435,4.963
Inherent Vice (2014),635,,169450,169673,7067.477,7076.778,9.301
Inherent Vice (2014),636,,169674,170081,7076.82,7093.795,16.975
Inherent Vice (2014),637,,170082,170469,7093.837,7109.978,16.141
Inherent Vice (2014),638,,170470,170534,7110.019,7112.689,2.67
Inherent Vice (2014),639,,170535,171229,7112.73,7141.676,28.946
Inherent Vice (2014),640,,171230,171340,7141.718,7146.306,4.588
Inherent Vice (2014),641,,171341,171974,7146.347,7172.749,26.402
Inherent Vice (2014),642,,171975,172290,7172.79,7185.929,13.139
Inherent Vice (2014),643,,172291,172405,7185.97,7190.725,4.755
Inherent Vice (2014),644,,172406,172919,7190.767,7212.163,21.396
Inherent Vice (2014),645,,172920,173689,7212.205,7244.279,32.074
Inherent Vice (2014),646,,173690,173810,7244.32,7249.325,5.005
Inherent Vice (2014),647,,173811,173993,7249.367,7256.958,7.591
Inherent Vice (2014),648,,173994,174224,7257,7266.592,9.592
Inherent Vice (2014),649,,174225,174704,7266.634,7286.612,19.978
Inherent Vice (2014),650,,174705,175191,7286.654,7306.924,20.27
Inherent Vice (2014),651,,175192,175246,7306.966,7309.218,2.252
Inherent Vice (2014),652,,175247,175286,7309.26,7310.887,1.627
Inherent Vice (2014),653,,175287,175431,7310.928,7316.934,6.006
Inherent Vice (2014),654,,175432,175497,7316.976,7319.687,2.711
Inherent Vice (2014),655,,175498,175753,7319.729,7330.365,10.636
Inherent Vice (2014),656,,175754,176016,7330.406,7341.334,10.928
Inherent Vice (2014),657,,176017,178081,7341.376,7427.462,86.086
Inherent Vice (2014),658,,178082,178418,7427.503,7441.517,14.014
Inherent Vice (2014),659,,178419,178611,7441.559,7449.567,8.008
Inherent Vice (2014),660,,178612,179425,7449.609,7483.518,33.909
Inherent Vice (2014),661,,179429,179438,7483.684,7484.06,0.376
Inherent Vice (2014),662,,179440,179543,7484.143,7488.439,4.296
Inherent Vice (2014),663,,179544,179780,7488.481,7498.324,9.843
Inherent Vice (2014),664,,179781,179822,7498.366,7500.076,1.71
Inherent Vice (2014),665,,179823,180074,7500.117,7510.586,10.469
Inherent Vice (2014),666,,180075,180391,7510.628,7523.808,13.18
Inherent Vice (2014),667,,180392,182082,7523.849,7594.337,70.488
Inherent Vice (2014),668,,182083,182288,7594.378,7602.928,8.55
Inherent Vice (2014),669,,182289,182659,7602.97,7618.402,15.432
Inherent Vice (2014),670,,182660,182835,7618.444,7625.743,7.299
Inherent Vice (2014),671,,182836,182930,7625.785,7629.705,3.92
Inherent Vice (2014),672,,182931,183104,7629.747,7636.962,7.215
Inherent Vice (2014),673,,183105,183219,7637.004,7641.759,4.755
Inherent Vice (2014),674,,183220,183528,7641.801,7654.647,12.846
Inherent Vice (2014),675,,183529,184045,7654.689,7676.21,21.521
Inherent Vice (2014),676,,184046,184228,7676.252,7683.843,7.591
Inherent Vice (2014),677,,184229,184482,7683.884,7694.437,10.553
Inherent Vice (2014),678,,184483,184969,7694.478,7714.749,20.271
Inherent Vice (2014),679,,184970,185127,7714.79,7721.338,6.548
Inherent Vice (2014),680,,185128,185261,7721.38,7726.927,5.547
Inherent Vice (2014),681,,185262,185519,7726.969,7737.688,10.719
Inherent Vice (2014),682,,185520,185738,7737.73,7746.822,9.092
Inherent Vice (2014),683,,185739,185869,7746.864,7752.286,5.422
Inherent Vice (2014),684,,185870,186217,7752.328,7766.801,14.473
Inherent Vice (2014),685,,186218,186308,7766.842,7770.596,3.754
Inherent Vice (2014),686,,186309,186413,7770.638,7774.975,4.337
Inherent Vice (2014),687,,186414,186851,7775.017,7793.244,18.227
Inherent Vice (2014),688,,186852,186903,7793.285,7795.412,2.127
Inherent Vice (2014),689,,186904,187206,7795.454,7808.05,12.596
Inherent Vice (2014),690,,187207,187271,7808.092,7810.761,2.669
Inherent Vice (2014),691,,187272,187347,7810.803,7813.931,3.128
Inherent Vice (2014),692,,187348,187516,7813.973,7820.98,7.007
Inherent Vice (2014),693,,187517,187576,7821.021,7823.482,2.461
Inherent Vice (2014),694,,187577,187786,7823.524,7832.241,8.717
Inherent Vice (2014),695,,187787,187957,7832.283,7839.373,7.09
Inherent Vice (2014),696,,187958,188179,7839.415,7848.632,9.217
Inherent Vice (2014),697,,188180,188869,7848.674,7877.411,28.737
Inherent Vice (2014),698,,188870,189279,7877.453,7894.511,17.058
Inherent Vice (2014),699,,189280,189830,7894.553,7917.493,22.94
Inherent Vice (2014),700,,189831,190453,7917.534,7943.477,25.943
Inherent Vice (2014),701,,190454,190458,7943.519,7943.686,0.167
Inherent Vice (2014),702,,190459,190559,7943.727,7947.898,4.171
Inherent Vice (2014),703,,190560,190780,7947.94,7957.116,9.176
Inherent Vice (2014),704,,190781,191650,7957.157,7993.402,36.245
Inherent Vice (2014),705,,191651,192415,7993.444,8025.309,31.865
Inherent Vice (2014),706,,192416,192650,8025.35,8035.11,9.76
Inherent Vice (2014),707,,192651,192725,8035.152,8038.238,3.086
Inherent Vice (2014),708,,192728,192954,8038.363,8047.79,9.427
Inherent Vice (2014),709,,192955,193115,8047.831,8054.505,6.674
Inherent Vice (2014),710,,193116,195572,8054.546,8156.982,102.436
Inherent Vice (2014),711,,195573,197161,8157.024,8223.257,66.233
Inherent Vice (2014),712,,197162,197308,8223.298,8229.388,6.09
Inherent Vice (2014),713,,197309,197354,8229.429,8231.306,1.877
Inherent Vice (2014),714,,197355,197471,8231.348,8236.186,4.838
Inherent Vice (2014),715,,197472,197663,8236.228,8244.194,7.966
Inherent Vice (2014),716,,197664,197833,8244.236,8251.285,7.049
Inherent Vice (2014),717,,197834,198339,8251.326,8272.389,21.063
Inherent Vice (2014),718,,198340,198436,8272.431,8276.435,4.004
Inherent Vice (2014),719,,198437,198537,8276.476,8280.647,4.171
Inherent Vice (2014),720,,198538,198599,8280.689,8283.233,2.544
Inherent Vice (2014),721,,198600,198660,8283.275,8285.777,2.502
Inherent Vice (2014),722,,198661,198826,8285.819,8292.701,6.882
Inherent Vice (2014),723,,198827,199252,8292.743,8310.469,17.726
Inherent Vice (2014),724,,199253,199356,8310.51,8314.806,4.296
Inherent Vice (2014),725,,199357,199407,8314.848,8316.933,2.085
Inherent Vice (2014),726,,199408,199445,8316.975,8318.518,1.543
Inherent Vice (2014),727,,199446,199496,8318.56,8320.645,2.085
Inherent Vice (2014),728,,199497,199602,8320.687,8325.067,4.38
Inherent Vice (2014),729,,199603,200018,8325.108,8342.417,17.309
Inherent Vice (2014),730,,200019,200087,8342.459,8345.295,2.836
Inherent Vice (2014),731,,200088,200211,8345.337,8350.467,5.13
Inherent Vice (2014),732,,200212,200515,8350.509,8363.146,12.637
Inherent Vice (2014),733,,200516,200642,8363.188,8368.443,5.255
Inherent Vice (2014),734,,200643,200764,8368.485,8373.532,5.047
Inherent Vice (2014),735,,200765,200989,8373.573,8382.916,9.343
Inherent Vice (2014),736,,200990,203998,8382.958,8508.416,125.458
Inherent Vice (2014),737,,203999,204051,8508.458,8510.627,2.169
Inherent Vice (2014),738,,204052,204197,8510.669,8516.716,6.047
Inherent Vice (2014),739,,204198,209533,8516.758,8739.272,222.514
Inherent Vice (2014),740,,209534,211215,8739.314,8809.425,70.111
Inherent Vice (2014),741,,211216,212911,8809.467,8880.163,70.696
Inherent Vice (2014),742,,212912,213015,8880.204,8884.5,4.296
Inherent Vice (2014),743,,213016,213119,8884.542,8888.838,4.296
Inherent Vice (2014),744,,213120,213791,8888.88,8916.866,27.986
Inherent Vice (2014),745,,213792,213885,8916.908,8920.787,3.879
Inherent Vice (2014),746,,213893,213948,8921.12,8923.414,2.294
