id,label,Known For,Hard Eight,Boogie Nights,Magnolia,Punch-Drunk Love,There Will Be Blood,The Master,Inherent Vice,Phantom Thread,Licorice Pizza,One Battle After Another,Year,Film Page
1111425,Aaron Ali Tichenor,Camera,,,"Production, Production Secretary","Production, Production Assistant",,"Camera, Second Assistant ""A"" Camera","Camera, Second Assistant Camera",,"Camera, Second Assistant Camera","Camera, Second Assistant Camera",,
2207139,Aaron Barrocas,Editing,,,,"Production, Production Assistant",,,,,,,,
3743163,Aaron Bracetty,Lighting,,,,,,,,,,"Lighting, Lighting Technician",,
1116278,Aaron L. Gilbert,Production,,,,,,,,,"Production, Executive Producer",,,
2071755,Aaron Moskal,Directing,,,,,,"Production, Extras Casting",,,,,,
2976405,Aaron Rodriguez,Art,,,,,,,,,,"Art, Additional Set Dresser",,
1036299,Aaron Stielstra,Acting,,"Acting, Actor, Partygoer (uncredited)",,,,,,,,,,
2305607,Aaron Walrod,Production,,,,,,,"Production, Payroll Accountant",,,,,
4188194,Abraxas Adams,Acting,,,,,,"Acting, Actor, V.A. Patient",,,,,,
1802558,Adam Blantz,Sound,,,,,,"Sound, Boom Operator",,,,,,
2890828,Adam Campbell,Crew,,"Crew, Special Effects",,,,,,,,,,
1717621,Adam Dorsey,Acting,,,,,,,"Acting, Actor, Jesus Guard (uncredited)",,,,,
1733130,Adam Druxman,Directing,,"Directing, Second Assistant Director","Directing, First Assistant Director","Directing, First Assistant Director",,,,,,,,
3562558,Adam Jeffrey,Crew,,,,,,,,,,"Crew, Stunts",,
3118590,Adam Macy,Crew,,,,,,,,,"Crew, Legal Services",,,
1552020,Adam Pinkstaff,Crew,,,"Crew, Driver","Crew, Driver",,,,,,,,
1640815,Adam Ridge,Sound,,,,,,,,"Sound, Boom Operator",,,,
19292,Adam Sandler,Acting,,,,"Acting, Actor, Barry Egan",,,,,,,,
20739,Adam Shankman,Directing,,"Crew, Choreographer",,,,,,,,,,
1102140,Adam Somner,Directing,,,,,"Directing, Assistant Director","Directing, First Assistant Director | Production, Executive Producer","Directing, First Assistant Director | Production, Executive Producer","Production, Executive Producer | Directing, First Assistant Director","Acting, Actor, Tiny Toes Photographer | Production, Producer | Directing, First Assistant Director","Production, Producer | Directing, First Assistant Director | Crew, In Memory Of",,
1650813,Adam Squires,Art,,,,,,,,"Art, Art Direction",,,,
1638527,Adam Watkins,Crew,,,,,"Crew, CG Supervisor",,,,,,,
1883537,Adeana Lane,Acting,,,,,,,"Acting, Actor, Beach Girl (uncredited)",,,,,
1640830,Adrian Bell,Sound,,,,,,,,"Sound, Sound Mixer",,,,
1760556,Adrian Lubanski,Costume & Make-Up,,,,,,,,,"Costume & Make-Up, Costumer",,,
1874521,Adrian Valdes,Art,,,,,,,,,"Art, Paint Coordinator",,,
1923335,Ahou Mofid,Costume & Make-Up,,,,,,,,,,"Costume & Make-Up, Hair Department Head",,
4771,Aimee Mann,Acting,,,"Acting, Actor, Hot Date Infomercial (uncredited) | Sound, Songs",,,,,,,,,
2752202,AJ Carr,Acting,,,,,,,,,"Acting, Actor, Fat Bernie's Pinball Crowd",,,
3269201,AJ Cisneros,Art,,,,,,,,,,"Art, Art Direction",,
2146480,Ákos Gulyás,Camera,,,"Camera, Camera Loader",,,,,,,,,
1741367,Alana Haim,Acting,,,,,,,,,"Acting, Actor, Alana Kane","Acting, Actor, Mae West",,
1106260,Alan D. Purwin,Crew,,,"Crew, Aerial Coordinator",,,,,,,,,
2299204,Alan Parr,Camera,"Camera, Dolly Grip",,,,,,,,,,,
4173974,Alan Parry,Acting,,,,"Acting, Actor, Member of After Eden Band",,,,,,,,
1442207,Albert Chi,Production,,,,,,"Production, Co-Producer","Production, Co-Producer",,,,,
5707935,Alberto Garcia,Acting,,,,,,,,,,"Acting, Actor, Snap Crackle Pop Kid",,
2443480,Al Boone,Crew,"Crew, Transportation Captain",,,,,,,,,,,
1401814,Alejandro M. Hernandez,Costume & Make-Up,,,,,,,,,"Costume & Make-Up, Costumer",,,
75321,Alexander D. Slanger,Acting,,"Acting, Actor, Floyd's Kid - Boy",,,,,,,,,,
3074582,Alexander W. Gage,Camera,,,,"Camera, Grip",,,,,,,,
4188424,Alexandra Monkarsh,Acting,,,,,,,,,"Acting, Actor, Stage Mom",,,
1956743,Alexandre Dumas,Lighting,,,,,,,,,,"Production, Data Management Technician",,
4188522,Alex Canter,Acting,,,,,,,,,"Acting, Actor, Fat Bernie's Pinball Crowd",,,
1215068,Alex Herschlag,Writing,,,,,,,,,"Acting, Actor, Joel Wachs Dad",,,
3118597,Alexis Tanasoca,Production,,,,,,,,,"Production, First Assistant Accountant",,,
4961956,Alex Lebel,Crew,,,,,,,,,"Crew, Special Effects Technician",,,
2950405,Alfie Jensen,Crew,,,,"Crew, Driver",,,,,,,,
1548683,Alfred Ainsworth Jr.,Crew,,,"Crew, Video Assist Operator","Crew, Video Assist Operator",,,,,"Crew, Video Assist Operator",,,
658,Alfred Molina,Acting,,"Acting, Actor, Rahad Jackson","Acting, Actor, Solomon Solomon",,,,,,,,,
1883529,Al Function,Acting,,,,,,,"Acting, Actor, Biker (uncredited)",,,,,
2589985,Alice Grenier,Acting,,,,,,,,"Acting, Actor, Bridesmaid",,,,
2908349,Alice Kornicki,Costume & Make-Up,,,,,,,,"Costume & Make-Up, Seamstress",,,,
1463282,Alina Gatti,Directing,,,,,,,"Acting, Actor, Howdy Doper's Phone Voice (voice)",,,,,
2162459,Alister Reynolds,Crew,,,,,,,,"Crew, Special Effects Technician",,,,
33017,Allan Graf,Acting,,"Acting, Actor, Man with Gun | Crew, Stunts","Acting, Actor, Firefighter | Crew, Stunts","Crew, Stunt Coordinator",,,,,,,,
1634438,Allan Padelford,Crew,,,,,,,,,,"Crew, Stunts",,
2591391,Allegra Clark,Acting,,,,,,,,,"Acting, Actor, Police Dispatch (voice)",,,
4028889,Allison Harvey,Crew,,,"Crew, Set Production Assistant","Production, Production Assistant",,,,,,,,
1368184,Ally Johnson,Acting,,,,,,"Acting, Actor, Dancer",,,,,,
2051143,Al Marangoni,Crew,,,"Crew, Special Effects",,,,,,,,,
1970301,Alyma Dorsey,Acting,,,,,,,,,,"Crew, Stunts",,
3820340,Alyson Murphy,Costume & Make-Up,"Costume & Make-Up, Key Makeup Artist | Costume & Make-Up, Key Hair Stylist",,,,,,,,,,,
4188224,Amanda Caryn Jobbins,Acting,,,,,,"Acting, Actor, British Receptionist",,,,,,
2080032,Amanda Darouie,Camera,,,,,,,,,"Camera, Additional Second Assistant Camera",,,
1337068,Amanda Maddox,Acting,,,,,,,"Acting, Actor, Flight Attendant (uncredited)",,,,,
1452615,Amanda Williams,Costume & Make-Up,,,,,,"Costume & Make-Up, Hair Department Head",,,,,,
2589968,Amber Brabant,Costume & Make-Up,,,,,,,,"Acting, Actor, Amber",,,,
4087729,Amber Roberts,Acting,,,,,"Acting, Actor, Eli Follower",,,,,,,
75330,Ambyr Childers,Acting,,,,,,"Acting, Actor, Elizabeth Dodd",,,,,,
9273,Amy Adams,Acting,,,,,,"Acting, Actor, Peggy Dodd",,,,,,
1732753,Amy Arnold,Costume & Make-Up,,,,,,"Costume & Make-Up, Costumer",,,,,,
4028428,Amy Brown,Acting,,,"Acting, Actor, WDKK Page #2",,,,,,,,,
4933008,Amy Carter Mason,Costume & Make-Up,,,,,,,,"Costume & Make-Up, Makeup Artist",,,,
2589966,Amy Cunningham,Acting,,,,,,,,"Acting, Actor, Mabel",,,,
2150518,Amy Fegely,Costume & Make-Up,,,,,,"Costume & Make-Up, Costumer",,,,,,
230060,Amy Ferguson,Acting,,,,,,"Acting, Actor, Martha the Salesgirl","Acting, Actor, Bodhi",,,,,
21591,Amy Wells,Art,,,,,,"Art, Set Decoration","Art, Set Decoration",,,,,
2851403,Anastasia Basche,Directing,,,,"Production, Production Assistant",,,,,,,,
521563,Anders Holm,Acting,,,,,,,"Acting, Actor, LAPD Officer #2",,,,,
4174174,Andi Ruane,Camera,,,,"Camera, Grip",,,,,,,,
1956704,Andrea Biklian,Editing,,,"Editing, Negative Cutter",,,,,,,,,
1481282,Andrea Carter,Art,,"Art, Art Department Coordinator",,,,,,,,,,
1578897,Andrea Cooper,Costume & Make-Up,,,,,,"Costume & Make-Up, Costumer",,,,,,
2142650,Andrea Ficele,Editing,,,,,,,,,,"Editing, Negative Cutter",,
1414886,Andrea Gard,Sound,,,,"Sound, Foley Editor",,,"Sound, Foley Artist",,,,,
1865067,Andrea Pino,Costume & Make-Up,,,,,,"Costume & Make-Up, Makeup Artist",,,,,,
2075754,Andreas Crawford,Camera,,,,"Camera, Dolly Grip",,,,,,,,
1412985,Andre Fenley,Sound,,,,,,,,,"Sound, Foley Editor",,,
4028713,André Martin,Camera,,,"Camera, Camera Technician",,,,,,,,,
1433622,Andrew Blustain,Editing,,,,,,,,,,"Editing, Assistant Editor",,
1447601,Andrew Bock,Sound,,,"Sound, Sound Assistant",,"Sound, Sound Assistant",,,,,,,
4188388,Andrew C. Eure,Acting,,,,,,,,,"Acting, Actor, Jerry Best Crew",,,
2945231,Andrew Catania,Production,,,,,,,,,,"Production, Production Coordinator",,
5819890,Andrew Craven,Crew,,,,,,,,,,"Crew, Special Effects Technician",,
4173983,Andrew Higgs,Acting,,,,"Acting, Actor, Restaurant Manager",,,,,,,,
3085927,Andrew Kalicki,Visual Effects,,,,,,,,,"Visual Effects, Visual Effects Producer",,,
3148268,Andrew Koponen,Acting,,,,,,"Acting, Actor, V.A. Patient",,,,,,
4445623,Andrew Lary,Production,,,,,,,,,,"Production, Executive Producer",,
2551690,Andrew Leitch,Art,,,,,,,,,"Art, Set Designer",,,
1357058,Andrew M. Siegel,Art,,,"Art, Props",,,,,,,,,
41592,Andrew Max Cahn,Art,,,,,,,,,,"Art, Supervising Art Director",,
1937492,Andrew Padilla,Crew,,,"Crew, Security","Crew, Security Coordinator",,,,,,,,
3360495,Andrew Prescott,Visual Effects,,,,,,,,,,"Visual Effects, Visual Effects Producer",,
2908356,Andrew Ryland,Production,,,,,,,,"Production, Location Manager",,,,
3189486,Andrew Sebok,Crew,,,,"Crew, Special Effects Technician",,,,,,,,
1505841,Andrew Simpson,Acting,,,,,,,"Acting, Actor, Riggs Warbling",,,,,
1380897,Andrew Sissons,Sound,,,,,,,,"Sound, Sound Mixer",,,,
1549273,Andrew Slyder,Costume & Make-Up,,,"Costume & Make-Up, Set Costumer","Costume & Make-Up, Costumer",,,,,,,,
5397106,Andrew Solt,Crew,,,,,,,,,"Crew, Thanks",,,
1336050,Andy Breen,Acting,"Acting, Actor, Groom",,,,,,,,,,,
1335881,Andy Foster,Visual Effects,,,,,,"Visual Effects, Visual Effects Producer",,,,,,
968316,Andy Gill,Crew,,,,,,,,,,"Crew, Stunts",,
1517940,Andy Jurgensen,Editing,,,,,,,"Editing, First Assistant Editor","Editing, Associate Editor","Editing, Editor","Editing, Editor",,
1393449,Andy Shuttleworth,Camera,"Camera, Steadicam Operator","Camera, Steadicam Operator | Camera, Camera Operator",,,,,,,,,,
4028693,Andy Wang,Visual Effects,,,"Visual Effects, Visual Effects",,,,,,,,,
1592516,Angela Meryl,Acting,,,,,,,,,,"Crew, Stunts",,
1564535,Angel DeSanti,Crew,,,"Crew, Driver","Crew, Transportation Co-Captain",,,,,,,,
4188525,Angenaya Carr,Acting,,,,,,,,,"Acting, Actor, Fat Bernie's Pinball Crowd",,,
3041051,Anica Brown,Acting,,,,"Acting, Actor, Parader (uncredited)",,,,,,,,
1532306,Anna Cordell,Acting,,,,,,,,,"Acting, Actor, Tiny Toes Girl",,,
1657837,AnnaCorey,Acting,,,,,,"Acting, Actor, Madam Grace Love Interest (uncredited)",,,,,,
1345635,Anna Rane,Directing,,,,,"Directing, Script Supervisor",,,,,,,
29214,Anne Fletcher,Directing,,"Acting, Actor, Hot Traxx Dancer",,,,,,,,,,
4174743,Anne Hoss,Costume & Make-Up,,,,"Costume & Make-Up, Costumer",,,,,,,,
1226133,Annette Helde,Acting,,,"Acting, Actor, Coroner Woman",,,,,,,,,
1390388,Annie Penn,Directing,,,,,,,,"Directing, Script Supervisor",,,,
75377,Ann Pala,Costume & Make-Up,,,,"Costume & Make-Up, Makeup Artist | Costume & Make-Up, Hairstylist",,,,,,,,
1530849,Anthony Bashford,Art,"Art, Leadman",,,,,,,,,,,
1643717,Anthony Carlino,Art,,,,,,,,,"Art, Leadman","Art, Set Decoration",,
1754420,Anthony D. Parrillo,Art,,,,,,,"Art, Set Designer",,,,,
1417865,Anthony Gordon,Costume & Make-Up,,,,,,,"Costume & Make-Up, Makeup Artist",,,,,
202930,Anthony Molinari,Acting,,,,,,,,,"Acting, Actor, Cop #2 (uncredited) | Crew, Stunts",,,
4188266,Anthony Samora,Art,,,,,,"Art, Set Dresser",,,,,,
1352964,Anthony Syracuse,Art,,,,,,,,,"Art, Construction Coordinator",,,
4445624,Anthony Tittanegro,Production,,,,,,,,,,"Production, Executive Producer",,
5708278,Anthony Weise,Acting,,,,,,,,,,"Acting, Actor, CB Radio | Crew, Thanks",,
3608585,Anthony Xzavier Estrada,Acting,,,,,,,,,,"Acting, Actor, Thief (uncredited)",,
3102166,Antonio Garcia,Acting,,,,,,,,,,"Acting, Actor, Tacos T-Shirt",,
5707936,Antonio Tadeo Garcia,Acting,,,,,,,,,,"Acting, Actor, Snap Crackle Pop Kid",,
10691,April Grace,Acting,,,"Acting, Actor, Gwenovier",,,,,,,"Acting, Actor, Sister Rochelle",,
4188458,Apryl Huntzinger,Acting,,,,,,,,,"Acting, Actor, Fat Bernie's Waterbed Customer",,,
2681985,Ariel Felix,Acting,,,,,,"Acting, Actor, Filipino Worker",,,,,,
3150547,Ariel Rechtshaid,Sound,,,,,,,,,"Acting, Actor, KPPC Management",,,
229811,Arjen Tuiten,Costume & Make-Up,,,,,,,,,,"Costume & Make-Up, Prosthetic Designer",,
4188541,Arlo Reilly,Acting,,,,,,,,,"Acting, Actor, Fat Bernie's Pinball Crowd",,,
154821,Art Frankel,Acting,,,"Acting, Actor, Old Pharmacist",,,,,,,,,
4028269,Arthur D. Whitehead,Lighting,"Lighting, Electrician",,,,,,,,,,,
20230,Arvo Pärt,Sound,,,,,"Sound, Additional Soundtrack",,,,,,,
1842092,Ashleigh Biller,Acting,,,,,,,"Acting, Actor, Patient (uncredited)",,,,,
554039,Ashley Clark,Acting,,,,"Acting, Actor, Phone Sex Sister",,,,,,,,
1648092,Ashley Kimmet,Lighting,,,,"Lighting, Electrician",,,,,,,,
4188529,Astaria Dayne,Acting,,,,,,,,,"Acting, Actor, Fat Bernie's Pinball Crowd",,,
2269906,Audie Harrison,Directing,,,,"Production, Production Assistant",,,,,,,,
3148115,Audrey Finer,Acting,,,,,,"Acting, Actor, Dancer",,,,,,
1748157,Audrey Wiechman,Acting,,"Acting, Actor, Awards Ceremony Band Member",,,,,,,,,,
2559263,Augustin Dukes,Production,,,,,,,,"Production, Assistant Production Coordinator",,,,
2209474,Aura Gilge,Sound,,,,"Sound, Sound Effects Editor",,,,,,,,
1017340,Aurora Bergere,Costume & Make-Up,,,,,,"Costume & Make-Up, Key Makeup Artist",,,,,,
1323379,Austin Anderson,Acting,,,,,,,,,"Acting, Actor, Fat Bernie's Waterbed Customer",,,
5708218,Autumn Crosswhite,Acting,,,,,,,,,,"Acting, Actor, Autumn",,
4188367,Ava Gosselaar,Acting,,,,,,,,,"Acting, Actor, Grant High School Student",,,
4188523,Avery Carey,Acting,,,,,,,,,"Acting, Actor, Fat Bernie's Pinball Crowd",,,
1748177,B. Philly Johnson,Acting,,"Acting, Actor, Rahad's Bodyguard",,,,,,,,,,
3118593,Bailey Moore,Production,,,,,,,,,"Production, Production Secretary",,,
1321222,Baily Hopkins,Acting,,,,,,"Acting, Actor, Dancer",,,,,,
157583,Barbara Brownell,Acting,,,,,,"Acting, Actor, Margaret O'Brien",,,,,,
1380477,Barbara Delpuech,Sound,,"Sound, Assistant Sound Editor",,,,,,,,,,
230436,Barbara Harris,Production,,"Production, ADR Voice Casting","Production, ADR Voice Casting",,,,,,,,,
4028690,Barbara Townsend,Visual Effects,,,"Visual Effects, Visual Effects",,,,,,,,,
53685,Barbara Tulliver,Editing,"Editing, Editor",,,,,,,,,,,
71885,Barlow Jacobs,Acting,,,,,,"Acting, Actor, James Sullivan",,,,,,
4087733,Barry Bruce,Acting,,,,,"Acting, Actor, Oil Worker",,,,,,,
8214,Barry Del Sherman,Acting,,,,,"Acting, Actor, H. B. Ailman",,,,,,,
1406766,Barry Idoine,Camera,,,,,,"Camera, Director of Photography",,,,,,
2125111,Barry McQueary,Crew,,,"Crew, Special Effects",,,,,,,,,
5727567,Bea Musat,Visual Effects,,,,,,,,,,"Visual Effects, Digital Compositor",,
2092917,Bea Stoykova,Production,,,,,,,,,"Production, Production Assistant",,,
131426,Beau Smith,Acting,,,,,"Acting, Actor, Blacksmith (uncredited)",,,,,,,
76575,Belladonna,Acting,,,,,,,"Acting, Actor, Clancy Charlock",,,,,
5708250,Bella Feinstein,Acting,,,,,,,,,,"Acting, Actor, Sister",,
1824569,Ben Beaird,Camera,,,"Camera, Key Grip","Camera, Key Grip",,,,,,,,
1454383,Ben Conrad,Sound,,,,"Sound, Foley Mixer",,,,,,,,
1121,Benicio del Toro,Acting,,,,,,,"Acting, Actor, Sauncho Smilax, Esq.",,,"Acting, Actor, Sensei Sergio St. Carlos",,
1978834,Benjamin Barrett,Acting,,,,,,,,,"Acting, Actor, Latin Lad",,,
2520434,Benjamin Hoffman,Acting,,,,,,,"Crew, Stunts",,,,,
4028396,Benjamin Niedens,Acting,,,"Acting, Actor, Little Donnie Smith",,,,,,,,,
4066311,Benjamin Sanchez,Acting,,,,,,,,,,"Crew, Stunts",,
4961979,Ben Klevay,Art,,,,,,,,,"Art, Main Title Designer",,,
3259287,Benny Buck,Lighting,,"Lighting, Electrician",,,,,,,,,,
227564,Benny Safdie,Directing,,,,,,,,,"Acting, Actor, Joel Wachs",,,
4188420,Ben Schacter,Acting,,,,,,,,,"Acting, Actor, Under One Roof Kid",,,
4028862,Benson Jones,Crew,,,"Crew, Driver",,,,,,,,,
2154385,Ben Thomas Holley,Production,,,,,,,,,"Production, Assistant Location Manager",,,
2752065,Bernhard Eichholz,Acting,,,"Crew, Special Effects",,,,,,,,,
1635210,Bethany Levy,Crew,,,,,,,,,,"Crew, Stunts",,
1877907,Bethany Orlemann,Editing,,"Editing, Associate Editor",,,,,,,,,,
1463475,Beth D'Amato,Visual Effects,,,"Visual Effects, Rotoscoping Artist",,,,,,,,,
1462925,Beth Miller,Costume & Make-Up,,,,,,,,,"Costume & Make-Up, Costumer",,,
1048963,Bill Blair,Acting,,,,,,"Acting, Actor, Man at the Bar (uncredited)",,,,,,
1933987,Bill Fesh,Crew,,,"Crew, Special Effects",,,,,,,,,
1391383,Bill Holmquist,Art,,"Art, Construction Coordinator",,,,"Art, Construction Coordinator",,,,,,
4028868,Bill Needham,Crew,,,"Crew, Driver","Crew, Driver",,,,,,,,
1832428,Billy Craft,Lighting,,,"Lighting, Electrician",,,,,,,,,
2219097,Billy Dowd,Production,,,,,,,,,,"Crew, Thanks",,
1886386,Billy Gunn,Lighting,,,"Lighting, Lighting Technician",,,,,,,,,
1549355,Billy Kane,Crew,,,,"Crew, Driver",,,,,,,,
2976403,Billy Sender,Art,,,,,,,,,"Art, Set Dresser",,,
1513215,Blue LoLan,Acting,,,,,,,"Acting, Actor, Patient (uncredited)",,,,,
1636662,Blumes Tracy,Visual Effects,,,"Crew, Special Effects",,,,,,,,,
4087725,Bob Bell,Acting,,,,,"Acting, Actor, Geologist",,,,,,,
4087753,Bob Bock,Acting,,,,,"Acting, Actor, Priest",,,,,,,
2477841,Bob Bowen,Sound,,,"Sound, Music Coordinator",,,,,,,,,
4060606,Bob Brewer,Acting,,,"Acting, Actor, Richard's Dad",,,,,,,,,
4173978,Bobby Bluehouse,Acting,,,,"Acting, Actor, After Eden Sound Man",,,,,,,,
149834,Bobby Brewer,Acting,,,"Acting, Actor, Richard",,,,,,,,,
1161231,Bobby Burns,Crew,"Crew, Stunt Double",,,,,,,,,,,
1530164,Bobby Lavelle,Sound,,"Sound, Music Supervisor",,,,,,,,,,
134979,Bobby Talbert,Acting,,,,,,,,,,"Crew, Stunts",,
4028227,Bob Cryderman,Art,"Art, Construction Foreman",,,,,,,,,,,
2393337,Bob Dewitt,Crew,,,"Crew, Driver",,,,,,,,,
1395281,Bob Gorelick,Camera,,,,"Camera, Steadicam Operator",,,,,,,,
2278018,Bob Ivanjack,Camera,"Camera, Dolly Grip",,,,,,,,,,,
2148423,Bob McGovern,Crew,,"Crew, Stunts",,,,,,,,,,
1552025,Bob McMillian,Editing,,,"Editing, Color Timer",,,,,,,,,
3118544,Bob Riley,Directing,,,,,,,,,"Directing, Second Second Assistant Director",,,
26738,Bob Yerkes,Crew,,,"Crew, Stunts",,,,,,,,,
4028871,Bob Young,Crew,,,"Crew, Driver",,,,,,,,,
15427,Bob Ziembicki,Art,,"Art, Production Design",,,,,,,,,,
2116862,Bonni Camen,Art,,,,,,,,,,"Production, Production Supervisor",,
boog,Boogie Nights,Film,,,,,,,,,,,1997,https://ptannotated.com/boogie-nights.html
5717282,Bosco Somner,Crew,,,,,,,,,,"Crew, Thanks",,
3118524,Bottara Angele,Acting,,,,,,,,,"Acting, Actor, Fairgoer",,,
1773829,Boyd Wilson,Production,,"Production, Location Manager",,,,,,,,,,
2161449,Brad Blei,Art,,,,,"Art, Set Dresser",,,,,,,
1748147,Brad Braeden,Acting,,"Acting, Actor, Big Stud",,,,,,,,,,
60849,Brad Carr,Camera,,,,,"Acting, Actor, Signal Hill Man (uncredited)",,,,,,,
1334779,Brad Einhorn,Art,,,,,,,,,,"Art, Assistant Property Master",,
1462842,Bradford Bell,Sound,,"Sound, Sound Engineer",,,,,,,,,,
65732,Brad Hunt,Acting,,,"Acting, Actor, Craig Hansen",,,,,,,,,
51329,Bradley Cooper,Acting,,,,,,,,,"Acting, Actor, Jon Peters",,,
1565014,Brad Peterman,Camera,,,,,,,,,,"Camera, Additional First Assistant Camera",,
1760567,Brad Rea,Camera,,,,,,,"Camera, Dolly Grip",,,,,
1388864,Brad Semenoff,Sound,,,,,,,"Sound, Dialogue Editor",,,,,
1099823,Brady Rubin,Acting,,,,,,"Acting, Actor, Michelle Mortimer",,,,,,
1436195,Branden Marks,Costume & Make-Up,,,,,,"Costume & Make-Up, Costumer",,,,,,
4961970,Brandon Birrer,Crew,,,,,,,,,"Crew, Propmaker",,,
1606670,Brandon K. McLaughlin,Crew,,,,,"Crew, Special Effects Technician",,,,,,,
2910038,Brandon Koen,Acting,,,,,,,,,"Acting, Actor, Fair Goer (uncredited)",,,
2215014,Brandon Linville,Production,,,,,,,"Production, First Assistant Accountant",,,,,
1352424,Brandon Proctor,Sound,,,,"Sound, Sound Mix Technician | Sound, Sound Re-Recording Assistant",,,,,,,,
227474,Brandy Futch,Acting,,,,,,,"Acting, Actor, Flight Attendant (uncredited)",,,,,
2378823,Brenda Lorena Garcia,Acting,,,,,,,,,,"Crew, Stunts",,
1382447,Brendan Walsh,Editing,,,,,,"Editing, First Assistant Editor",,,,,,
1361927,Brenna Graziano,Writing,,,,"Crew, Production Office Assistant",,,,,,,,
4028485,Brent Dyer,Crew,,,"Crew, Propmaker",,,,,,,,,
2770639,Brent Fletcher,Crew,,,,,,,,,,"Crew, Stunts",,
3118564,Brent Wilson,Lighting,,,,,,,,,"Lighting, Rigging Gaffer",,,
2137738,Bret Ross,Art,,,,,,"Art, Set Dresser",,,,,,
1175135,Brett A. Jones,Crew,,,,,,,,,,"Crew, Stunts",,
4028442,Brett Higgins,Acting,,,"Acting, Actor, Mackey Disciple Twin #1",,,,,,,,,
4028644,Brett Stern,Crew,,,"Crew, Special Effects",,,,,,,,,
1552521,Brian Avery,Crew,,"Crew, Stunts",,"Crew, Stunts","Crew, Stunts",,,,,"Crew, Stunts",,
5708197,Brian Bishop,Acting,,,,,,,,,,"Acting, Actor, Soldier",,
2999897,Brian Drown,Lighting,,,,,,,,,"Lighting, Rigging Grip",,,
2006725,Brian Flora,Art,,,"Visual Effects, Matte Painter",,,,,,,,,
2581208,Brian Fong,Acting,,,,,,"Acting, Actor, Filipino Worker",,,,,,
63364,Brian Gleeson,Acting,,,,,,,,"Acting, Actor, Dr. Robert Hardy",,,,
4028445,Brian Higgins,Acting,,,"Acting, Actor, Mackey Disciple Twin #2",,,,,,,,,
1661084,Brian Kehew,Sound,,"Acting, Actor, Awards Ceremony Band Member","Acting, Actor, Seminar Patron (uncredited)",,,,,,"Acting, Actor, Sonny & Cher Tech",,,
4555900,Brian Kelley,Editing,,,,,,,,,"Crew, Thanks",,,
1547749,Brian Kinney,Costume & Make-Up,,,,,,,,,"Costume & Make-Up, Key Makeup Artist | Costume & Make-Up, Makeup Artist",,,
2445882,Brian M. Fisher,Lighting,,,,,,,,,"Lighting, Lighting Programmer",,,
1391698,Brian Machleit,Crew,,,,,,,,,"Crew, Stunt Coordinator","Crew, Stunt Coordinator",,
2908334,Brian Martin,Art,,,,,,,,"Art, Construction Coordinator",,,,
16470,Brian McManus,Costume & Make-Up,,"Costume & Make-Up, Makeup Artist",,,,,,,,,,
13051,Brian Sampson,Crew,,,,,,,,,,"Crew, Stunt Driver",,
64143,Brian Scannell,Acting,,,,,,"Crew, Stunts",,,,,,
1676484,Brigitte Hagerman,Acting,,,,,,"Acting, Actor, New York Party Girl",,,,,,
66490,Brigitte Mueller,Production,,"Production, Production Coordinator",,,,,,,,,,
3256760,Brittany Kilcoyne McGregor,Acting,,,,,,"Acting, Actor, Dancer",,,,,,
1735767,Brock Helfer,Art,,,,,,"Art, Set Dresser",,,,,,
12608,Brook Johnson,Camera,,,,,,"Camera, Grip",,,,,,
1716776,Brooklyn Demme,Acting,,,,,,,,,,"Acting, Actor, Sober Rick",,
1559552,Bruce Birmelin,Camera,,,,"Camera, Still Photographer",,,,,,,,
1149895,Bruce Goodchild,Acting,,,,,,"Acting, Actor, V.A. Doctor / Interview",,,,,,
1474719,Bruce Gregory,Acting,,,"Acting, Actor, Randy (uncredited)",,,,,,,,,
1406389,Bruce Tanis,Sound,,,,,"Sound, Foley Editor",,,,,,,
4028691,Bruce Vecchitto,Editing,,,"Editing, Color Timer",,,,,,,,,
2301446,Bruno Angelico,Crew,,,"Acting, Actor, Fireman #2 (uncredited)",,,,,,,,,
70306,Bryan Burrough,Writing,,,,,,,,,,"Crew, Thanks",,
4028496,Bryan Hurley,Art,,,"Art, Set Dresser",,,,,,,,,
2049153,Bryan Kopp,Costume & Make-Up,,,,,,,,,,"Costume & Make-Up, Assistant Costume Designer",,
5397114,Bryan Lourd,Crew,,,,,,,,,"Crew, Thanks","Crew, Thanks",,
5707954,Bryan Pickens,Acting,,,,,,,,,,"Acting, Actor, Billy Toejam | Crew, Military Consultant",,
16475,Burt Reynolds,Acting,,"Acting, Actor, Jack Horner",,,,,,,,,,
1392237,C.J. Maguire,Art,,,,,,"Art, Property Master",,,,,,
1970189,Cailey Milito,Sound,"Sound, Assistant Foley Artist",,,,,,,,,,,
1637650,Cait Brasel,Acting,,,,,,,,,,"Art, Additional Set Dresser",,
3894271,Caleb Packer,Art,,,,,,,,,,"Art, Additional Set Dresser",,
2200689,Cameron Thorburn,Camera,,,,,,,,,"Camera, Additional Grip",,,
4028699,Cam Griffin,Visual Effects,,,"Visual Effects, Rotoscoping Artist",,,,,,,,,
38809,Camilla Rutherford,Acting,,,,,,,,"Acting, Actor, Johanna",,,,
2299401,Camille Freer,Camera,,,"Camera, Second Assistant Camera",,,,,,,,,
1712104,Camille Geier,Visual Effects,,,"Visual Effects, Visual Effects Producer","Visual Effects, Visual Effects Producer",,,,,,,,
1549655,Camille Henderson,Costume & Make-Up,,,"Costume & Make-Up, Makeup Artist",,,,,,,,,
22077,Carla Fry,Production,,"Production, Executive In Charge Of Production","Production, Executive In Charge Of Production",,,,,,,,,
1422060,Carl J. Stensel,Art,,,,,"Art, Set Designer",,,,,,,
2157704,Carlo Pratto,Production,,,,"Production, Production Assistant",,,,,,,,
3164666,Carlos Benavides,Lighting,,,,,,,,,,"Lighting, Additional Lighting Technician",,
1545995,Carlos De Carvalho,Camera,,,,,,,,"Camera, ""B"" Camera Operator",,,,
1415107,Carlos Isais,Sound,"Sound, Sound Recordist",,,,,,,,,,,
5708213,Carlos McFarland,Acting,,,,,,,,,,"Acting, Actor, Bluto",,
4174796,Carlo Solano,Crew,,,,"Crew, Driver",,,,,,,,
2218995,Carmen Ruiz de Huidobro,Production,,,,,,,,,,"Crew, Thanks",,
14837,Carol Burnett,Acting,,,,,,,,,"Crew, Thanks",,,
3281512,Carol Dunn,Sound,,"Sound, Music Coordinator",,,,,,,,,,
4173980,Carol Mirelez,Acting,,,,"Acting, Actor, Phone Sex Girl #1 - Utah",,,,,,,,
1336056,Carrie McVey,Acting,"Acting, Actor, El Dorado Cashier",,,,,,,,,,,
92499,Casey O'Neill,Crew,,,,,,,,,,"Crew, Stunts",,
1511063,Casey Stone,Sound,"Sound, Sound Engineer","Sound, Scoring Mixer",,,,,,,,,,
5717377,Cassandra Hesseltine,Crew,,,,,,,,,,"Crew, Thanks",,
4772,Cassandra Kulukundis,Production,,"Production, Casting Associate","Production, Casting","Production, Casting","Production, Casting","Production, Casting","Production, Casting","Production, Casting","Acting, Actor, Tail o' the Cock Patron | Production, Casting","Production, Casting",,
3421091,Cassie Jo Craig,Crew,,,,,,,,,,"Crew, Stunts",,
1576850,Catherine Conrad,Costume & Make-Up,,,,,"Costume & Make-Up, Makeup Artist",,,,,,,
2751962,Catherine Cooley,Acting,,,,"Acting, Actor, Flight Attendant",,,,,,,,
1339929,Catherine Haena Kim,Acting,,,,,,,"Acting, Actor, News Reporter",,,,,
1425929,Cécile van Dijk,Costume & Make-Up,,,,,,,,"Acting, Actor, Cécile (uncredited)",,,,
1941584,Cecilia Escobar,Production,,,"Production, Payroll Accountant","Production, Payroll Accountant",,,,,,,,
209349,Chad Guerrero,Acting,,,,,,,,,,"Crew, Stunts",,
3118562,Chad Hladki,Crew,,,,,,,,,"Crew, Loader",,,
1732494,Chanel Salzer,Production,,"Art, Location Scout","Production, Assistant Location Manager",,,,,,,,,
76314,Channon Roe,Acting,,"Acting, Actor, Surfer",,,,,,,,,,
1451923,Chantal Thuy,Acting,,,,,,,"Acting, Actor, Groupie (uncredited)",,,,,
1760534,Charles Crivier,Camera,,,,,"Camera, Grip",,,,,,,
4174870,Charles E. Scott III,Crew,,,,"Crew, Craft Service",,,,,,,,
4174856,Charles Long,Crew,,,,"Crew, Security",,,,,,,,
15004,Charles Newirth,Production,,,,"Production, Executive In Charge Of Production",,,,,,,,
1510796,Charles Thomas Doyle,Acting,,,,,"Acting, Actor, J.J. Carter",,,,,,,
91093,Charles W. Ritter,Sound,,"Sound, Dialogue Editor",,,,,,,,,,
1505848,Charley Morgan,Acting,,,,,,"Acting, Actor, New York Lawyer","Acting, Actor, Dr. Igor",,,,,
2128481,Charlie Jaramillo,Art,,,,,,,,,"Art, Greensman",,,
1432024,Charlie McIntyre,Lighting,,,,,,"Lighting, Rigging Gaffer",,,,,,
1893954,Charlie Scott Jr.,Crew,,,"Acting, Actor, Pedestrian #2 | Crew, Craft Service",,,,,,,,,
2589989,Charlotte Melen,Acting,,,,,,,,"Acting, Actor, Young Fashionable Woman",,,,
4188461,Charlotte Schmid-Maybach,Acting,,,,,,,,,"Acting, Actor, Fat Bernie's Waterbed Customer",,,
1578406,Charlotte Townsend,Crew,,,,,,,,,"Acting, Actor, Fairgoer #3 (uncredited) | Crew, Stunts","Crew, Stunts",,
3914706,Chase Infiniti,Acting,,,,,,,,,,"Acting, Actor, Willa",,
4256338,Chau Naumova,Acting,,,,,,,,,,"Crew, Stunts",,
939529,Chelsea Barnard,Production,,,,,,,,"Production, Executive Producer",,,,
2176989,Chelsea Body,Sound,,,,,,,,,,"Sound, Foley Mixer",,
2155458,Chelsea Kammeyer,Visual Effects,,,,,,"Visual Effects, Visual Effects Coordinator",,,,,,
1306640,Chelsea O'Toole,Acting,,,,,,,"Acting, Actor, Patient (uncredited)",,,,,
1376899,Cheryl Nardi,Sound,,,,,,"Sound, Dialogue Editor",,,,,,
4070938,Chey Kennedy,Acting,,,,,,,,,,"Crew, Stunts",,
1783637,Chris Carriveau,Art,,"Art, Leadman",,,,,,,,,,
2583980,Chris Cortner,Art,,,,,,,,,,"Art, Set Designer",,
5493565,Chris Deaton,Crew,,,,,,,,,,"Crew, Special Effects Technician",,
2815092,Chris Grantz,Art,,,,"Art, Set Dresser",,,,,,,,
41082,Chris L. Spellman,Art,,,"Art, Set Decoration",,,,,,,,,
1387252,Chris O'Hara,Crew,,,"Acting, Actor, Sydney Barringer",,,,,,,"Crew, Stunts",,
2454695,Chris Oliver,Production,,,"Camera, Grip",,,,,,,,,
35546,Chris Palermo,Crew,,,,,,,,,"Crew, Stunts","Crew, Stunts",,
1789588,Chris Peters,Art,,,,,,,,"Art, Art Direction",,,,
2203349,Chris Proctor,Costume & Make-Up,,,,,,"Costume & Make-Up, Costumer",,,,,,
1789930,Chris Raines,Crew,,,,,,,"Crew, Transportation Captain",,"Crew, Transportation Co-Captain","Crew, Transportation Captain",,
1621072,Chris Reynolds,Visual Effects,,,,,,,,"Visual Effects, Special Effects Supervisor",,,,
1400906,Chris Scarabosio,Sound,,,,"Sound, Sound Designer","Sound, Sound Designer","Sound, Sound Designer | Sound, Sound Re-Recording Mixer | Sound, Supervising Sound Editor","Sound, Supervising Sound Editor | Sound, Sound Re-Recording Mixer | Sound, Sound Designer","Sound, Sound Re-Recording Mixer | Sound, Sound Designer","Sound, Supervising Sound Editor","Sound, Supervising Sound Editor | Sound, Sound Re-Recording Mixer",,
1424134,Chrissie England,Visual Effects,,,"Visual Effects, Visual Effects",,,,,,,,,
4587894,Chris Sloan,Camera,,,,,,,,,,"Camera, First Assistant Camera",,
3118592,Christian A. Medina,Crew,,,,,,,,,"Crew, Security",,,
2153898,Christian Eubank,Crew,,,,,"Crew, Special Effects Technician",,,,,,,
1734689,Christian Williams,Acting,,,,,,,"Acting, Actor, Smedley",,,,,
1842256,Christi Cagle,Costume & Make-Up,,,,,,,,,"Costume & Make-Up, Key Hair Stylist",,,
1883514,Christina Bobrowsky,Acting,,,,,,,"Acting, Actor, Patient (uncredited)",,,,,
1373432,Christina Graff,Visual Effects,,,,,"Visual Effects, Visual Effects Producer",,"Visual Effects, Visual Effects Producer",,,,,
4003,Christine Ebersole,Acting,,,,,,,,,"Acting, Actor, Lucille Doolittle",,,
4087720,Christine Olejniczak,Acting,,,,,"Acting, Actor, Mother Sunday",,,,,,,
23653,Christine Sheaks,Production,"Production, Casting","Production, Casting",,,,,,,,,,
6446,Christopher Allen Nelson,Costume & Make-Up,,,"Costume & Make-Up, Special Effects Makeup Artist",,,,"Acting, Actor, Glenn Charlock",,,"Costume & Make-Up, Special Effects Makeup Artist",,
1990315,Christopher Anthony Luciano,Directing,,,,,,,,,,"Crew, Editorial Staff",,
2910972,Christopher Barron,Sound,,,,"Sound, Assistant Sound Editor",,,,,,,,
60021,Christopher Evan Welch,Acting,,,,,,"Acting, Actor, John More",,,,,,
1546875,Christopher Flick,Sound,,,"Sound, Foley Supervisor",,,,,,,,,
228458,Christopher Karl Johnson,Acting,,,,,,,"Acting, Actor, Mr. Robinson (uncredited)",,,,,
1401791,Christopher Marino,Crew,,,"Editing, Assistant Editor","Editing, Assistant Editor",,,,,,,,
1485578,Christos Bitsakos,Camera,,,"Camera, Second Assistant Camera",,,,,,,,,
2781303,Chris Vermeulen,Visual Effects,,,,,,,,,,"Visual Effects, Visual Effects Coordinator",,
2443485,Chris Waldoch,Crew,"Crew, Transportation Co-Captain",,,"Crew, Driver",,,,,,,,
2153815,Chris Zimmerman,Art,,,,,,,,,"Art, Sign Painter",,,
4028855,Chuck Alsobrook,Crew,,,"Crew, Driver",,,,,,,,,
2252499,Chuck Askerneese,Art,,,"Art, Assistant Property Master","Art, Assistant Property Master",,,,,,,,
1394724,Chuck Zlotnick,Camera,,,,,,"Camera, Still Photographer",,,,,,
5717189,Chunning Chang,Directing,,,,,,,,,,"Directing, Additional Second Assistant Director",,
5727564,Ciara Morris,Visual Effects,,,,,,,,,,"Visual Effects, Digital Compositor",,
8785,Ciarán Hinds,Acting,,,,,"Acting, Actor, Fletcher Hamilton",,,,,,,
1580463,Ciarán Keenan,Visual Effects,,,,,,,,,,"Visual Effects, Visual Effects Producer",,
4188554,Ciara Williamson,Acting,,,,,,,,,"Acting, Actor, Fat Bernie's Pinball Crowd",,,
3565668,Cina McKenna,Crew,,,,,,,,,,"Crew, Stunts",,
4863174,Clara García-Pando,Visual Effects,,,,,,,,,,"Visual Effects, Digital Compositor",,
9048,Clark Gregg,Acting,,,"Acting, Actor, WDKK Floor Director",,,,,,,,,
2024942,Clarrel Pope,Crew,,,,,,,,,,"Crew, Stunts",,
3559994,Claudia Abrego,Crew,,,,,,,,,"Crew, Stunt Driver",,,
2175223,Claudia Cimmino,Production,,,,,,,,"Production, Production Supervisor",,,,
60536,Clay Cullen,Crew,,,,,,,,,,"Crew, Stunts",,
1291797,Clay Donahue Fontenot,Crew,,,,,,,,,"Crew, Stunts",,,
2901678,Clayton Nepveux,Camera,,,,,,,,,"Camera, Grip",,,
54694,Clement Blake,Acting,,,"Acting, Actor, Arthur Barringer",,,,,,,,,
7574,Cleo King,Acting,,,"Acting, Actor, Marcie",,,,,,,,,
1437861,Cliff Cudney,Crew,"Crew, Stunt Coordinator","Crew, Stunt Coordinator",,,,,,,,,,
1336055,Cliff Keeley,Acting,"Acting, Actor, Aladdin Change Booth Attendant",,,,,,,,,,,
4028914,Clifford Scott,Crew,,,"Crew, Assistant Craft Service",,,,,,,,,
1733285,Coco Leigh,Acting,,,,,"Acting, Actor, Mrs. Bankside",,,,,,,
1832132,Coco Soren,Acting,,,,,,,,,"Acting, Actor, Lucy's Friend",,,
1853442,Cody Banta,Crew,,,,,,,,,,"Crew, Stunts",,
1743025,Colby Lemmo,Crew,,,,,,,,,,"Crew, Stunts",,
1748189,Coleman McClary,Acting,,"Acting, Actor, Jack's Pool Party Guest (uncredited)",,,,,,,,,,
1724709,Colin Alexander,Sound,,"Crew, Propmaker",,,,,,,,,,
1400535,Colin Anderson,Camera,,,,,"Camera, Camera Operator","Camera, Camera Operator","Camera, Steadicam Operator","Camera, Camera Operator","Camera, Camera Operator","Camera, Camera Operator | Camera, Steadicam Operator",,
78009,Colin Brady,Visual Effects,,,"Visual Effects, Animation",,,,,,,,,
1532617,Colin Dennis,Crew,,,,,,,,,"Art, Construction Foreman | Crew, Propmaker",,,
557,Colleen Atwood,Costume & Make-Up,,,,,,,,,,"Costume & Make-Up, Costume Design",,
3118574,Colleen Coviello,Production,,,,,,,,,"Production, Assistant Location Manager",,,
52566,Colleen Foy,Acting,,,,,"Acting, Actor, Mary Sunday",,,,,,,
5717441,Colleen Murphy,Editing,,,,,,,,,,"Editing, Assistant Editor",,
4032607,Colleen Pelletier,Acting,,,"Acting, Actor, Gameshow Audience Member (uncredited)",,,,,,,,,
1862690,Collin Hymes,Acting,,,,,,,,,,"Crew, Stunts",,
1053402,Collin Sutton,Acting,,,,,,,,,"Acting, Actor, Tiny Toes Photographer",,,
5708215,Colton Gantt,Acting,,,,,,,,,,"Acting, Actor, Bobo",,
4862731,Colton Maddigan,Sound,,,,,,,,,,"Sound, Foley Editor",,
4087737,Colton Woodward,Acting,,,,,"Acting, Actor, William Bandy",,,,,,,
1547331,Conner McKinley,Art,,,,,,"Art, Art Department Coordinator","Art, Art Department Coordinator",,,,,
2199569,Conny Boettger-Marinos,Art,,,"Art, Set Designer",,,,,,,,,
1549272,Cookie Lopez,Costume & Make-Up,,"Costume & Make-Up, Key Costumer",,,,"Costume & Make-Up, Key Set Costumer",,,,,,
2764542,Cooper Hoffman,Acting,,,,,,,,,"Acting, Actor, Gary Valentine",,,
1357067,Corey Bronson,Costume & Make-Up,,,,,,,,,,"Costume & Make-Up, Key Set Costumer",,
2971588,Corey Gomez,Art,,,,,,,,,"Art, Set Dresser","Art, Set Dresser",,
147207,Corey Michael Eubanks,Acting,,,,,,,,,,"Crew, Stunts",,
2928253,Corey Sklov,Production,,,,"Production, Production Assistant",,,,,,,,
3063783,Cortney Lynn Kammerer,Production,,,,,,,"Production, Post Production Coordinator",,,,,
1226126,Cory Buck,Acting,,,"Acting, Actor, Young Boy",,,,,,,,,
1976191,Coya Elliott,Sound,,,,"Sound, Assistant Sound Editor","Sound, First Assistant Sound Editor",,"Sound, First Assistant Sound Editor","Sound, Sound Effects Editor",,,,
4028708,Craig Brown,Camera,,,"Camera, Best Boy Grip",,,,,,,,,
1414554,Craig Frosty Silva,Crew,,,,,,,,,"Crew, Stunt Coordinator",,,
1589942,Craig Johnson,Crew,,,,,,,,,,"Crew, Stunts",,
2299114,Craig Kohlhoff,Camera,,,,"Camera, Assistant Camera",,,,,,,,
2448486,Craig Kvinsland,Acting,,,"Acting, Actor, Brad the Bartender",,,,,,,,,
1336061,Craig Markey,Production,"Production, Production Manager","Production, Production Supervisor","Production, Production Supervisor",,,,,,,,,
183519,Craig Stark,Acting,,,,,,,,,"Acting, Actor, Long Haired Freak",,,
5320669,Cristian Almanza,Production,,,,,,,,,,"Production, Production Assistant",,
2548380,Curtis Clark,Crew,,,"Crew, Driver",,,,,,,,,
1851651,Cynthia Pusheck,Camera,,,"Camera, Underwater Camera",,,,,,,,,
4028515,D.A. Zingelewicz,Art,,,"Art, Painter",,,,,,,,,
3136534,D.B. Wilson,Crew,,,"Crew, Driver",,,,,,,,,
87956,D.W. Moffett,Acting,,,,,,,,,,"Acting, Actor, Bill Desmond",,
2156267,Daisuke Dice Miyake,Camera,,,,"Camera, Grip",,,,,,,,
2127275,Dale Bartlett,Sound,,,"Sound, Sound Designer",,,,,,,,,
177645,Dale Gibson,Acting,,,"Acting, Actor, Paramedic #3",,,,,,,,,
1283410,Dale Richard Howard,Acting,,,,,,"Acting, Actor, Court Observer (uncredited)",,,,,,
1318344,Dallas James,Acting,,,,,,,"Acting, Actor, Auto Mechanic (uncredited)",,,,,
1996037,Damian Fisher,Crew,,,"Crew, Special Effects Technician",,,,,,,,,
3118554,Damon Green,Art,,,,,,,,,"Art, Construction Foreman",,,
1427379,Dana Arnold,Lighting,,,,,,,,,"Lighting, Rigging Gaffer",,,
95812,Dana Kristen Vahle,Crew,,,"Crew, Pilot",,,,,,,,,
4188182,Dan Anderson,Acting,,,,,,"Acting, Actor, V.A. Patient",,,"Acting, Actor, Encino Theater Staff",,,
91081,Dana Porter,Sound,,"Sound, Foley Recordist",,,,,,,,,,
91147,Dana Sano,Sound,,"Sound, Music Supervisor","Sound, Music Supervisor",,,,,,,,,
3118560,Dan Birnbaum,Camera,,,,,,,,,"Camera, Camera Production Assistant",,,
1535095,Dan Brown,Crew,,,,,,"Crew, Stunts",,,,,,
1210997,Dan Chariton,Acting,,,,,,,,,"Acting, Actor, Sam Harpoon","Acting, Actor, Comrade Josh",,
9349,Dane A. Davis,Sound,,"Sound, Supervising Sound Editor",,,,,,,,,,
2313763,Dan Edwards,Crew,,,"Crew, Special Effects",,,,,,,,,
1548640,Dan Glass,Visual Effects,,,,,,"Visual Effects, Senior Visual Effects Supervisor",,,,,,
11856,Daniel Day-Lewis,Acting,,,,,"Acting, Actor, Daniel Plainview",,,"Acting, Actor, Reynolds Woodcock | Writing, Script Consultant",,,,
1648058,Daniel Gordon,Crew,,,,"Crew, Driver",,,,,,,,
4028275,Daniel Kahn,Production,"Production, Location Assistant",,,,,,,,,,,
1658883,Daniel Lawson Johnston,Costume & Make-Up,,,,,,,,"Costume & Make-Up, Makeup Artist",,,,
1618836,Danielle Dupre,Sound,,,,,,,,"Sound, Sound Re-Recording Assistant",,,,
1741368,Danielle Haim,Acting,,,,,,,,,"Acting, Actor, Danielle Kane",,,
933335,Danielle Miller,Acting,,,,,,,,,"Acting, Actor, Tail o' the Cock Patron",,,
1819029,Danielle Raveh,Acting,,,,,,,,,"Costume & Make-Up, Costumer",,,
2611281,Daniel Lillie,Camera,,,,,,,,"Camera, Second Assistant ""A"" Camera",,,,
4769,Daniel Lupi,Production,"Production, Co-Producer","Production, Co-Producer | Production, Unit Production Manager","Production, Co-Producer | Production, Unit Production Manager","Production, Producer | Production, Unit Production Manager","Production, Producer","Production, Producer | Production, Unit Production Manager","Production, Unit Production Manager | Production, Producer","Production, Producer","Production, Executive Producer",,,
1336060,Daniel P. Collins,Production,"Production, Unit Production Manager","Production, Unit Manager","Production, Production Supervisor","Production, Associate Producer",,,,,,,,
1043358,Daniel Pellerin,Sound,"Sound, Sound Re-Recording Mixer",,,,,,,,,,,
5727576,Daniel Pons,Visual Effects,,,,,,,,,,"Visual Effects, Digital Compositor",,
1502956,Daniel Stevens,Crew,,,,,,,,,,"Crew, Stunts",,
3243189,Daniel Tucker,Camera,,,,,,,,,,"Camera, Grip",,
5708198,Daniel Zinoviev,Acting,,,,,,,,,,"Acting, Actor, Soldier",,
1619096,Dani Morrow,Directing,,,"Visual Effects, Matchmove Supervisor",,,,,,,,,
1548684,Dan Muscarella,Editing,,,,,,,"Editing, Color Timer",,,,,
1809346,Danny Barfield,Camera,,,"Lighting, Rigging Grip",,,,,,,,,
92491,Danny Downey,Crew,,,,,,,,,,"Crew, Stunts",,
1773749,Danny Durr,Lighting,,,,,,,"Lighting, Lighting Technician",,,,,
2976400,Danny Metz,Art,,,,,,,,,"Art, Set Dresser","Art, Additional Set Dresser",,
1552190,Danny Miller,Editing,,"Editing, Associate Editor",,,,,,,,,,
5094936,Danny Robles,Costume & Make-Up,,,,,,,,,,"Costume & Make-Up, Hairstylist",,
1893549,Danny Rowe,Crew,,,,,,,,,"Art, Set Dresser",,,
5714336,Danny Swanson,Crew,,,,,,,,,,"Crew, Stunts",,
2244091,Danny Vick,Costume & Make-Up,,,,,,,,,,"Costume & Make-Up, Key Costumer",,
109066,Danny Wells,Acting,,,"Acting, Actor, Dick Jennings",,,,,,,,,
1338372,Dan O'Connell,Sound,,,"Sound, Foley Artist",,,,,,,,,
1648134,Dan Perri,Art,,,,,"Art, Main Title Designer",,,,,,,
1880389,Dan Plum,Crew,,,"Crew, Stunts",,,,,,,,,
1367524,Dan Rebert,Costume & Make-Up,,,"Visual Effects, Special Effects Supervisor",,,,,,,,,
4961975,Dan Roberts,Crew,,,,,,,,,"Crew, Propmaker",,,
5397119,Dan Sasaki,Crew,,,,,,,,,"Crew, Thanks","Crew, Thanks",,
4087723,Dan Swallow,Acting,,,,,"Acting, Actor, Gene Blaize",,,,,,,
1559546,Darlene Salinas,Art,,,"Art, Art Department Coordinator",,,,,,,,,
1748186,Darrel W. Wright,Acting,,"Acting, Actor, Hot Traxx Dancer",,,,,,,,,,
2078679,Darren Lyttle,Art,,,,,,,,"Art, Assistant Property Master",,,,
3674466,Darren Mauch,Art,,,,,,,,,,"Art, Set Dresser",,
4028861,Dash Hart,Crew,,,"Crew, Driver","Crew, Driver",,,,,,,,
4028724,Dave Evans,Production,,,"Production, Assistant Location Manager",,,,,,,,,
1824507,Dave Richardson,Camera,,,,"Camera, Best Boy Grip",,,,,,,,
1809625,Dave Simon,Acting,,,,,,,,"Acting, Actor, Chelsea Arts Club New Years Eve Party Guest (uncredited)",,,,
4174718,Dave Tutokey,Lighting,,,,"Lighting, Best Boy Electric",,,,,,,,
1648095,Dave W. Slodski,Lighting,"Lighting, Electrician",,,,,,,,,,,
4174800,Dave Wilson,Crew,,,,"Crew, Driver",,,,,,,,
1195433,David 'Goldy' Goldsmith,Crew,,,,,,,"Crew, Video Assist Operator",,,,,
1336059,David A. Koneff,Art,"Art, Set Decoration",,,,,,,,,,,
1235786,David Acord,Sound,,,,,,"Sound, Sound Effects Editor","Sound, Sound Re-Recording Mixer","Sound, Sound Re-Recording Mixer","Sound, Sound Re-Recording Mixer | Sound, Supervising Sound Editor",,,
4003497,David Alarcón,Crew,,,,,,,,,,"Crew, Stunts",,
9556,David Barrett,Directing,,,,,,,,,,"Crew, Stunts",,
3261965,David Blair,Crew,,"Crew, Special Effects",,,,,,,,,,
2847541,David Bodin,Camera,,,,"Camera, Grip",,,,,,,,
3118587,David Boyle,Crew,,,,,,,,,"Crew, Legal Services",,,
1696636,David Castillo,Crew,,,,,,,,,,"Crew, Stunts",,
1809510,David Charles-Cully,Acting,,,,,,,,"Acting, Actor, Chelsea Arts Club New Years Eve Party Guest (uncredited)",,,,
1852722,David Christopher Campbell,Art,,,,,,,,,"Crew, Propmaker",,,
958921,David Crank,Art,,,,,"Art, Art Direction","Art, Production Design","Art, Production Design",,,,,
2351729,David Croley Broyles,Production,,,,,,,,,"Crew, Set Production Assistant",,,
1372884,David Crone,Camera,,,,"Camera, Camera Operator | Camera, Steadicam Operator",,,,,,,,
1328380,David Davenport,Costume & Make-Up,,"Costume & Make-Up, Costume Supervisor",,,,,,,,,,
2548386,David Garris,Crew,,,"Crew, Driver",,,,,,,,,
4034894,David Greathouse,Costume & Make-Up,,,"Costume & Make-Up, Special Effects Makeup Artist",,,,,,,,,
1518644,David H. Stevens,Acting,,,,"Acting, Actor, David",,,,,,,,
2055207,David Halbert,Sound,,"Sound, Boom Operator",,,,,,,,,,
4028891,David Hayles,Crew,,,"Crew, Set Medic",,,,,,,,,
2816109,David Heffler,Production,,,,,,,,,"Production, Second Assistant Accountant",,,
1868798,David Horton Jr.,Sound,,,,,"Sound, Foley Editor",,,,,,,
1375146,David Hutchison,Acting,,,,,,,,,,"Crew, Stunts",,
5954156,David Kane,Lighting,,,,,,,,,,"Lighting, Lighting Programmer",,
2645839,David Kiiskinen,Crew,,,,,,"Crew, Stunts",,,,,,
4188291,David Kramer,Production,,,,,,"Production, Extras Casting",,,,,,
1599623,David Ladish,Art,,,,,,,,,,"Art, Set Dresser",,
1619099,David Lee,Lighting,,,,"Lighting, Chief Lighting Technician",,,,,,,,
1341414,David M. Roberts,Sound,,,"Sound, Boom Operator",,"Sound, Boom Operator",,"Sound, Boom Operator",,"Sound, Boom Operator","Sound, Boom Operator",,
2488165,David Marnell,Directing,,,,,,,,,"Directing, Additional Second Assistant Director",,,
4028416,David Masuda,Acting,,,"Acting, Actor, Coroner Man",,,,,,,,,
3600083,David Mauch,Art,,,,,,,,,,"Art, Additional Set Dresser",,
91091,David McRell,Sound,,"Sound, Assistant Sound Editor",,,,,,,,,,
1724241,David Monzingo,Art,,,"Crew, Special Effects",,,,,,,,,
1401108,David Nakabayashi,Crew,,,"Crew, Visual Effects Art Director",,,,,,,,,
2610428,David Nickoll,Writing,,"Production, Producer's Assistant",,,,,,,,,,
98542,David P. Barton,Costume & Make-Up,,,,,,,,,"Crew, Propmaker",,,
1406614,David Parker,Sound,,"Sound, Sound Re-Recording Mixer",,,,,,,,,,
2521250,David Paul Olsen,Acting,,,,,,,,,,"Crew, Stunts",,
3262928,David Peck,Art,,"Art, Construction Foreman",,,,,,,,,,
2066954,David Perrone,Costume & Make-Up,,,,,,"Costume & Make-Up, Costumer",,,,,,
1811937,David Prak,Acting,,,,,,,"Acting, Actor, Buddhist Monk",,,,,
5493566,David Reeder,Crew,,,,,,,,,,"Crew, Special Effects Technician",,
5708276,David Reynoso,Acting,,,,,,,,,,"Acting, Actor, Sensei Sheriff",,
554026,David Schrempf,Acting,,,,"Acting, Actor, Customer #1",,,,,,,,
4174143,David Sterner,Crew,,,,"Crew, Special Effects Technician",,,,,,,,
3239697,David Sullivan,Visual Effects,,,"Visual Effects, Rotoscoping Artist","Visual Effects, Rotoscoping Artist",,,,,,,,
2237277,David Travis Grieb,Production,,,,"Crew, Driver",,,,,,,,
6264557,David Velez,Production,,,,,,,,,,"Production, Production Assistant",,
5719031,David Vernasco,Production,,,,,,,,,,"Production, Extras Casting Assistant",,
37204,David Warshofsky,Acting,,,,,"Acting, Actor, H.M. Tilford","Acting, Actor, Philadelphia Police",,,,,,
4087726,David Williams,Acting,,,,,"Acting, Actor, Ben Blaut",,,,,,,
53668,David Willis,Acting,,,,,"Acting, Actor, Abel Sunday",,,,,,,
2908360,Dawn Greenhalgh,Crew,,,,,,,,"Crew, Set Medic",,,,
4174179,Dean DesJarlais,Lighting,,,,"Lighting, Best Boy Electric",,,,,,,,
2255921,Dean Lakoff,Art,,,,,,,,,,"Art, Set Dresser",,
2045920,Dean St. John,Sound,,"Sound, ADR Mixer",,,,,,,,,,
2264830,Debbie Arrowood,Camera,,,"Camera, Second Assistant Camera",,,,,,,,,
1279727,Debbie Evans,Crew,,,"Crew, Stunts",,,,,,,,,
1828941,Debra Rego,Costume & Make-Up,,,,"Costume & Make-Up, Hairstylist",,,,,,,,
1748074,Dee Dee Weathers,Acting,,"Acting, Actor, Hot Traxx Dancer",,,,,,,,,,
1197519,Delaina Mitchell,Acting,,,,,,,"Acting, Actor, Mrs. Chastity Bjornsen",,"Acting, Actor, Stage Mom",,,
2589984,Delia Remy,Acting,,,,,,,,"Acting, Actor, Bridesmaid",,,,
1733133,Demelza Cronin,Production,,,,"Production, Assistant Production Coordinator",,"Production, Production Coordinator","Production, Production Coordinator",,"Acting, Actor, Tennis Girl | Production, Production Supervisor","Production, Production Supervisor",,
3322118,Denise Woolfork,Acting,,,"Acting, Actor, Smiling Peanut Patron #3",,,,,,,,,
26193,Denis Schnegg,Art,,,,,,,,"Art, Supervising Art Director",,,,
159264,Denney Pierce,Acting,,,,,"Crew, Stunts",,,,,,,
8160,Dennie Thorpe,Sound,,,,"Sound, Foley Artist",,"Sound, Foley Artist",,,,,,
1221121,Dennis Keiffer,Acting,,,,,,,"Crew, Stunts",,,,,
1436196,Dennis McCarthy,Crew,,,,,,,,,"Acting, Actor, Reporter",,,
1413169,Dennis Sands,Sound,,,"Sound, Scoring Mixer","Sound, Scoring Mixer",,,,,,,,
92484,Dennis Scott,Crew,,,"Crew, Stunts",,,,,,,,,
5727578,Dennis Tsoi,Visual Effects,,,,,,,,,,"Visual Effects, Digital Compositor",,
4188481,Dennis Weiss,Acting,,,,,,,,,"Acting, Actor, Tail o' the Cock Patron",,,
2066936,Dennis Yeager II,Crew,,,"Crew, Special Effects Technician",,,,,,,,,
1302795,Derek McGinley,Sound,,,,,,,,,,"Sound, Sound Re-Recording Assistant",,
2070276,Derik Wingo,Costume & Make-Up,,,"Costume & Make-Up, Special Effects Makeup Artist",,,,,,,,,
5708226,Derrick J. Saenz,Acting,,,,,,,,,,"Acting, Actor, Primo Derrick",,
2631159,Dervla Reilly,Production,,,,,,,,,,"Visual Effects, Visual Effects Coordinator",,
2281194,Destry Allyn Spielberg,Directing,,,,,,,,,"Acting, Actor, Frisbee Kahill",,,
4174783,Devin B. Donahue,Crew,,,,"Crew, Driver",,,,,,,,
2969803,Devin Hayes,Lighting,,,,,,,,,"Lighting, Lighting Technician",,,
4188329,Dexter Demme,Acting,,,,,,,,,"Acting, Actor, Cherry Bomb Kid / Fat Bernie's Pinball Crowd",,,
1296832,Diana Elizabeth Torres,Acting,,,,,,,"Acting, Actor, Lourdes (uncredited)",,,,,
4028250,Diana Eljabri,Sound,"Sound, Assistant Foley Artist",,,,,,,,,,,
200465,Diana R. Lupo,Crew,,,,"Crew, Stunts",,,,,,,,
4188208,Diane Cortejo,Acting,,,,,,"Acting, Actor, Young Filipino Woman",,,,,,
14390,Diane Mizota,Acting,,"Acting, Actor, Hot Traxx Dancer",,,,,,,,,,
3261943,Dianne Carlucci,Crew,,"Crew, Special Effects Manager","Crew, Special Effects",,,,,,,,,
562696,Dianne Chadwick,Art,,,,,,,,,"Art, Graphic Designer",,,
5206166,Didi Alaoui,Acting,,,,,,,,,,"Crew, Stunts",,
5585090,Dijon,Acting,,,,,,,,,,"Acting, Actor, Talleyrand",,
4028502,Dikran Mahakian,Crew,,,"Crew, Propmaker",,,,,,,,,
52564,Dillon Freasier,Acting,,,,,"Acting, Actor, H.W. Plainview",,,,,,,
2589961,Dinah Nicholson,Acting,,,,,,,,"Acting, Actor, Elsa",,,,
8157,Doc Kane,Sound,,,"Sound, ADR Mixer",,,,,,,,,
4780309,Dominic Lee,Visual Effects,,,,,,,,,,"Crew, Compositor",,
1790033,Dominic Pacitti,Directing,,,,,,,,,,"Directing, Second Second Assistant Director",,
4028893,Dominique Jaramillo,Crew,,,"Crew, Set Medic","Crew, Set Medic",,,,,,,,
15800,Don Amendolia,Acting,,"Acting, Actor, Bank Worker",,,,,,,,,,
1896,Don Cheadle,Acting,,"Acting, Actor, Buck Swope",,,,,,,,,,
79025,Don McManus,Acting,,,"Acting, Actor, Dr. Landon","Acting, Actor, Plastic (voice)",,,,,,,,
3334741,Donna Haim,Acting,,,,,,,,,"Acting, Actor, Donna Kane",,,
29401,Donna Langley,Production,,,,,,,,,"Crew, Thanks",,,
1319193,Donna Marcione Pollack,Costume & Make-Up,,,,,,"Costume & Make-Up, Key Costumer",,,,,,
4174811,Donovan Ahuna,Crew,,,,"Crew, Craft Service",,,,,,,,
1414540,Don Rutherford,Costume & Make-Up,,,"Crew, Special Effects",,,,,,,,,
4028512,Don Yaklin,Crew,,,"Crew, Propmaker",,,,,,,,,
1550795,Dora Krolikowska,Camera,,,,,,,,"Camera, First Assistant ""B"" Camera",,,,
2080552,Doreen Austria,Art,,,,"Art, Graphic Designer",,,,,,,,
4174821,Dorian Cirillo-Murray,Production,,,,"Production, Additional Production Assistant",,,,,,,,
4188336,Dorie Samovitz,Acting,,,,,,,,,"Acting, Actor, Tiny Toes Girl",,,
4174881,Dorion Thomas,Crew,,,,"Crew, Production Office Assistant",,,,,,,,
142157,Doug Coleman,Crew,,,,,,,,,,"Crew, Stunts",,
1576387,Doug Hubbard,Crew,,,"Crew, Special Effects",,,,,,,,,
4174785,Douglas A. Farias,Crew,,,,"Crew, Driver",,,,,,,,
2041479,Douglas Busby,Camera,,,"Acting, Actor, Extra (uncredited)",,,,,,,,,
1463434,Douglas D. Ziegler,Crew,,,,,"Crew, Special Effects Technician",,,,,,,
2215137,Douglas J. Stewart,Art,,,"Costume & Make-Up, Special Effects Makeup Artist",,,,,,,,,
1340323,Doug Reed,Sound,"Sound, Foley Artist",,,,,,,,,,,
2087173,Doug Sieck,Art,,,,"Art, Set Dresser",,,,,,,,
4188439,Doug Weaver,Crew,,,,,,,,,"Acting, Actor, UPS Driver | Crew, Transportation Captain",,,
1352425,Doug Winningham,Sound,,,,,,,"Sound, Foley Editor",,,,,
2999904,Dr. Randolph Schnitman,Crew,,,,,,,,,"Crew, Thanks",,,
4829999,Drew Mayer-Oakes,Crew,,,,,,,,,,"Crew, Thanks",,
2474430,Drew Payne,Production,,,,,,,,"Production, Unit Manager",,,,
1488386,Dustin Courtney,Acting,,"Acting, Actor, Donut Boy",,,,,,,,,,
1638032,Dustin Meier,Crew,,,,"Crew, Stunts",,,,,,,,
5397116,Dustin Stanton,Crew,,,,,,,,,"Crew, Thanks",,,
3259818,Dwayne Mack Alezandre,Art,,"Art, Location Scout",,,,,,,,,,
91122,Dylan Goss,Camera,,,,,,,,,,"Camera, Aerial Director of Photography",,
2923523,Dylan J. Hay-Chapman,Art,"Production, Production Assistant",,,,,,,,,,,
1809,Dylan Tichenor,Editing,"Production, Post Production Coordinator","Editing, Editor","Editing, Editor | Production, Associate Producer",,"Editing, Editor",,,"Editing, Editor",,,,
1621232,Earl F. Betts,Crew,,,"Crew, Propmaker",,,,,,,,,
64027,Eban Schletter,Writing,,,,,,"Acting, Actor, Band (Piano)",,,,,,
42157,Ed Begley Jr.,Acting,,,,,,,"Crew, Thanks",,,,,
1354927,Ed Bruce,Visual Effects,,,,,,,,,,"Visual Effects, Visual Effects Supervisor",,
1400556,Ed Callahan,Sound,,,"Sound, Foley Editor",,,,,,,,,
2116342,Eddie A. Reid IV,Lighting,,,,,,,,,"Lighting, Additional Lighting Technician",,,
1455496,Eddie Braun,Crew,,,,,,,,,,"Crew, Stunts",,
1397694,Eddie Garcia,Acting,,"Acting, Actor, Hot Traxx Dancer",,,,,,,,,,
4173976,Eddie Wayne Howell,Acting,,,,"Acting, Actor, Member of After Eden Band",,,,,,,,
4188521,Eden Burakoff,Acting,,,,,,,,,"Acting, Actor, Fat Bernie's Pinball Crowd",,,
1341860,Eden Clark Coblenz,Costume & Make-Up,,,,"Costume & Make-Up, Costume Supervisor","Costume & Make-Up, Costume Supervisor",,,,,,,
5708275,Edith Ascencion,Acting,,,,,,,,,,"Acting, Actor, Sensei Sheriff",,
5727558,Eduardo Faria,Visual Effects,,,,,,,,,,"Visual Effects, Digital Compositor",,
92490,Edward Conna,Crew,,"Crew, Stunts",,,,,,,,,,
1403435,Edward J. Protiva,Art,,,,,,,,,,"Art, Set Dresser",,
5717380,Edwina Anderson,Crew,,,,,,,,,,"Crew, Thanks | Crew, In Memory Of",,
5717373,Efren Manuel Alvidrez Ornelas,Crew,,,,,,,,,,"Crew, Thanks",,
1556312,Egan Gauntt,Costume & Make-Up,,,"Production, Art Department Production Assistant",,,,,,,,,
3258820,Eileen Malyszko Lee,Production,,"Production, Production Coordinator","Production, Production Coordinator","Production, Production Supervisor",,,,,,,,
12543,Eileen Ryan,Acting,,,"Acting, Actor, Mary",,,,,,,,,
1415333,Elaine L. Offers,Costume & Make-Up,,,"Costume & Make-Up, Makeup Artist",,,,,,,,,
123791,Elaine Tan,Acting,,,,,,,"Acting, Actor, Xandra",,,,,
1435644,Elia P. Popov,Visual Effects,,,,,,,,,"Visual Effects, Special Effects Supervisor",,,
1046160,Eli Bush,Production,,,,,,,"Production, Co-Producer",,,,,
5708232,Elijah Joseph Sambrano,Acting,,,,,,,,,,"Acting, Actor, Latino Heat",,
4990479,Elisabeth Pease,Acting,,,,,,,,,,"Acting, Actor, RiRi",,
5719005,Elizabeth Anderson,Production,,,,,,,,,,"Production, Other",,
1650638,Elizabeth Colunga,Acting,,,,,,,"Acting, Actor, Patient (uncredited)",,,,,
1846447,Elizabeth Dahl,Costume & Make-Up,,,,"Costume & Make-Up, Makeup Artist",,,,,,,,
1469339,Elizabeth Ludwick-Bax,Directing,"Directing, Script Supervisor",,,,,,,,,,,
1491977,Elizabeth Warn,Costume & Make-Up,,,,,,,,,"Costume & Make-Up, Key Costumer",,,
1397731,Elizabeth Ziegler,Camera,,,"Camera, Steadicam Operator",,,,,,,,,
1464310,Eliza Coleman,Crew,,,,,,,,,,"Crew, Stunts | Crew, Stunt Driver",,
1424380,Ellen Ho,Acting,,,,,,,"Acting, Actor, Chinese Waitress (uncredited)",,,,,
18133,Ellen Ryba,Costume & Make-Up,,,"Costume & Make-Up, Costumer",,,,,,,,,
2589965,Elli Banks,Acting,,,,,,,,"Acting, Actor, Elli",,,,
2589978,Ellie Blackwell,Acting,,,,,,,,"Acting, Actor, House Model",,,,
5727568,Ellyana Naughton,Visual Effects,,,,,,,,,,"Visual Effects, Digital Compositor",,
2621301,Eloy Perez,Acting,,,,,,,,,"Acting, Actor, Guillermo",,,
1883552,Emilee Madrak,Acting,,,,,,,"Acting, Actor, Groupie (uncredited)",,,,,
5708270,Emilio Carranza,Acting,,,,,,,,,,"Acting, Actor, Fruit Stand Tio",,
1774266,Emily Althaus,Acting,,,,,,,,,"Acting, Actor, Kiki Page",,,
4188200,Emily Gilliam,Acting,,,,,,"Acting, Actor, Portrait Customer",,,,,,
2983204,Emily Glatter,Production,,,"Production, Production Coordinator",,,,,,,,,
4028230,Emily Hull,Art,"Art, Props",,,,,,,,,,,
4188223,Emily Jordan,Acting,,,,,,"Acting, Actor, British Receptionist",,,,,,
1639,Emily Watson,Acting,,,,"Acting, Actor, Lena Leonard",,,,,,,,
2669673,Emma Bailey,Costume & Make-Up,,,,,,,,"Costume & Make-Up, Hairstylist",,,,
1985978,Emma Clandon,Acting,,,,,,,,"Acting, Actor, Reynolds' Mother",,,,
2908353,Emma Collinson,Production,,,,,,,,"Production, Location Manager",,,,
1883526,Emma Cooper,Acting,,,,,,,"Acting, Actor, Groupie (uncredited)",,,,,
968089,Emma Dumont,Acting,,,,,,,"Acting, Actor, Zinnia",,"Acting, Actor, Airplane Brenda",,,
2396559,Emma Horton,Directing,,,,,,,,"Directing, Second Assistant Director",,,,
4777,Emmanuel Johnson,Acting,,,"Acting, Actor, Dixon",,,,,,,,,
1505844,Emmet Unverzagt,Acting,,,,,,,"Acting, Actor, Bigfoot's Kid",,,,,
2622594,Emyr Glyn Rees,Directing,,,,,,,,"Directing, Crowd Assistant Director",,,,
1425486,Enrique Bilsland,Visual Effects,,,"Crew, Animatronic and Prosthetic Effects",,,,,,,,,
3259268,Eric 'Sprocket' Uporsky,Sound,,"Sound, Utility Sound",,,,,,,,,,
1339432,Erica Frauman,Crew,,,,,"Crew, Post Production Supervisor",,"Crew, Post Production Supervisor","Crew, Post Production Supervisor","Crew, Post Production Supervisor","Crew, Post Production Supervisor",,
1505845,Erica Sullivan,Acting,,,,,"Acting, Actor, Signal Hill Woman",,"Acting, Actor, Dr. Lily Hammer",,"Acting, Actor, Director's Assistant",,,
3261442,Eric Berger,Production,,"Production, Assistant Unit Manager",,,,,,,,,,
1549065,Eric Bretter,Sound,,,,"Sound, Sound Recordist",,,,,,,,
2144513,Eric Compton,Crew,,,"Crew, Driver",,,,,,,,,
2701730,Eric Crocombe,Camera,,,,,,,,,"Production, Assistant Location Manager",,,
3347588,Eric Cross,Camera,,,,,,"Camera, Grip",,,,,,
4165964,Eric Culhane,Editing,,,,,,,,,"Acting, Actor, Fat Bernie's Pinball Crowd",,,
2066925,Eric Dressor,Crew,,,"Crew, Special Effects",,,,,,,,,
1728293,Eric Glasser,Production,,,,"Crew, Set Production Assistant",,,,,,,,
1398178,Eric Hoeschen,Sound,"Sound, ADR Mixer | Sound, Foley Mixer",,,,,,,,,,,
4174790,Eric Learnnard,Crew,,,,"Crew, Driver",,,,,,,,
1683371,Eric Linden,Crew,,,,,,,"Crew, Stunts",,,,,
2548345,Eric Potter,Sound,,,"Sound, Sound Recordist",,,,,,,,,
1463287,Eric Richard Lasko,Directing,,,,,"Directing, Assistant Director","Directing, Second Assistant Director","Directing, Second Assistant Director",,,,,
21315,Eric Roberts,Acting,,,,,,,"Acting, Actor, Michael Z. ""Mickey"" Wolfmann",,,,,
54758,Eric Schlosser,Writing,,,,,"Production, Executive Producer",,,,,,,
57448,Eric Schweig,Acting,,,,,,,,,,"Acting, Actor, Avanti",,
2781964,Eric Sherlin,Art,,,,,,,,,,"Art, Set Dresser",,
1985977,Eric Sigmundsson,Acting,,,,,,,,"Acting, Actor, Cal Rose",,,,
4133903,Eric Townsend,Art,,,,,,,,,,"Art, Additional Set Dresser",,
1025909,Eric Winzenried,Acting,,"Acting, Actor, Doctor",,,,,,,,,,
1434471,Erik A. Candiani,Writing,,,"Visual Effects, Visual Effects",,,,,,,,,
91158,Erik Ellner,Crew,,,"Crew, Legal Services",,,,,,,,,
1616395,Erik L. Brown,Camera,,,,,,"Camera, First Assistant Camera","Camera, First Assistant Camera","Camera, First Assistant Camera","Camera, First Assistant Camera",,,
1789919,Erik Solky,Crew,,,,,,,,,,"Crew, Stunts",,
15438,Erik Stabenau,Crew,,,,,,,,,,"Crew, Stunts",,
1970795,Erin Duffy,Production,,,,,,,,"Production, Production Coordinator",,,,
1324827,Erin Tanaka,Costume & Make-Up,,,,,,,,,"Costume & Make-Up, Set Costumer",,,
554031,Ernesto Quintero,Acting,,,,"Acting, Actor, Ernesto",,,,,,,,
1216544,Ernie Anderson,Acting,"Acting, Actor, Pants on Fire Person",,,,,,,,,,,
2684136,Ernst Aschi Michel,Production,,,,,,,,"Production, Location Manager",,,,
5708227,Esperanza Rodarte De Santoyo,Acting,,,,,,,,,,"Acting, Actor, Esperanza",,
4028867,Esteban Munoz,Crew,,,"Crew, Driver","Crew, Driver",,,,,,,,
1741366,Este Haim,Sound,,,,,,,,,"Acting, Actor, Este Kane",,,
4173988,Esther Imade Balogun,Acting,,,,"Acting, Actor, Receptionist Nurse",,,,,,,,
1594905,Ethan Goodwin,Art,,,,,,,,,"Art, Set Decoration Buyer",,,
2551293,Ethan Jensen,Crew,,,"Crew, Stunts",,,,,,,,,
2242504,Ethel Edwards,Crew,,,"Crew, Special Effects",,,,,,,,,
184296,Eva Fisher,Acting,,,,,,,"Acting, Actor, Dr. Threeply's Assistant #1",,,,,
3259352,Eva Marie Denst,Costume & Make-Up,,"Costume & Make-Up, Makeup Artist",,,,,,,,,,
1686958,Eva Rismanforoush,Sound,,,,,,,,,"Sound, Utility Sound",,,
3259354,Evelyn Rozenfeld,Costume & Make-Up,,"Costume & Make-Up, Additional Hairstylist",,,,,,,,,,
1264641,Evie Wray,Acting,,,,,,,,"Acting, Actor, Wedding Guest / Dancer (uncredited)",,,,
1400905,Ewa Sztompke,Sound,,,,"Sound, Dialogue Editor",,,,,,,,
59285,Ezra Buzzington,Acting,,,"Acting, Actor, Smiling Peanut Patron #2",,,,,,,,,
3821800,F. Andrew Scott,Art,,,,"Art, Standby Painter",,,,,,,,
9297,F. William Parker,Acting,"Acting, Actor, Hostage",,,,,,,,,,,
1790002,Fante Zamora,Art,,,,,,,,,,"Art, Set Dresser",,
4028482,Fariba Behnam,Production,,,"Production, Art Department Production Assistant",,,,,,,,,
559644,Fatimah Hassan,Acting,,,,,,,,,"Acting, Actor, Driver (uncredited)",,,
1459862,Felicity Hickson,Art,,,,,,,,"Art, Graphic Designer",,,,
7427,Felicity Huffman,Acting,,,"Acting, Actor, Cynthia",,,,,,,,,
1673534,Fernando Favila,Crew,,,"Crew, Animatronic and Prosthetic Effects",,,,,,,,,
215486,Fiona Apple,Acting,,,"Crew, Additional Music",,,,,,,,,
204468,Fiona Dourif,Acting,,,,,,"Acting, Actor, Dancer",,,,,,
1571003,Florencia Martin,Art,,,,,,"Art, Set Decoration Buyer",,,"Art, Production Design","Art, Production Design",,
4188462,Ford Stoller,Acting,,,,,,,,,"Acting, Actor, Fat Bernie's Waterbed Customer",,,
4091183,Francesca Sarracino,Acting,,,,,,,,,"Acting, Actor, Fat Bernie's Pinball Crowd",,,
4838360,Francette Kelley,Production,,,,,,,,,"Crew, Thanks",,,
1735723,Franco Esile,Art,,,,"Art, Set Dresser",,,,,,,,
1177850,François Duhamel,Camera,,,,,"Camera, Still Photographer",,,,,,,
9037,François Duplat,Production,"Production, Executive Producer",,,,,,,,,,,
1640918,Frank 'Pepe' Merel,Sound,,,,"Sound, Foley Recordist",,,,,,,,
2193903,Frank A. Montesanto,Camera,,,,"Camera, Key Grip",,,,,,,,
1789929,Frank Annunziata,Crew,,,,,,,,,"Crew, Driver",,,
1149896,Frank Bettag,Acting,,,,,,"Acting, Actor, Frank",,,,,,
3322089,Frank Elmore,Acting,,,"Acting, Actor, 1958 Detective",,,,,,,,,
1378613,Frank Lloyd,Crew,,,,,"Crew, Stunts",,,,,,,
91088,Frank Long,Sound,,"Sound, Sound Engineer",,,,,,,,,,
4174767,Frank Mitchell,Production,,,,"Production, Location Assistant",,,,,,,,
1571058,Frank Rinella,Sound,,,,"Sound, Foley Recordist",,"Sound, Foley Mixer","Sound, Foley Artist | Sound, Foley Supervisor","Sound, Foley Supervisor","Sound, Foley Supervisor",,,
4188549,Frank Scott,Acting,,,,,,,,,"Acting, Actor, Fat Bernie's Pinball Crowd",,,
179861,Freddy Bouciegues,Crew,,,,,,,,,,"Crew, Stunts",,
2895114,Fred M. Ortiz,Art,,,,,,,,,,"Art, Additional Set Dresser",,
58194,Fred Raskin,Editing,"Crew, Post Production Assistant","Editing, Assistant Editor",,"Editing, Additional Editor",,,,,,,,
228254,Gabor Heiligenberg,Costume & Make-Up,,,"Costume & Make-Up, Hairstylist",,,,,,,,,
2060021,Gabriela Petrova,Visual Effects,,,,,,,,,,"Visual Effects, Digital Compositor",,
3186542,Gabriel Rios,Crew,,,,,,,,,,"Crew, Stunts",,
956198,Garrett Warren,Crew,,,,,,"Crew, Stunt Coordinator",,,,,,
4174766,Gary Bechtel,Production,,,,"Production, Assistant Location Manager",,,,,,,,
2907558,Gary Gill,Camera,,,,,,"Lighting, Key Rigging Grip",,,,,,
27098,Gary Goetzman,Production,,,,,,,,,"Crew, Thanks",,,
1398107,Gary Powell,Crew,,,,,,,,"Crew, Stunt Coordinator",,,,
1453281,Gary Ritchie,Sound,,,"Sound, Sound Recordist","Sound, Sound Recordist",,,,,,,,
2216,Gary Rydstrom,Sound,,,,"Sound, Sound Re-Recording Mixer",,,,,,,,
1677317,Gary Toy,Crew,,,,,,"Crew, Stunts",,,,,,
4174884,Gary Wigglesworth,Crew,,,,"Crew, Assistant Chef",,,,,,,,
5727561,Gavin Hoffman,Visual Effects,,,,,,,,,,"Visual Effects, Digital Compositor",,
1423989,Gayle Simon,Art,,"Art, Assistant Art Director",,,,,,,,,,
1819544,Geneva Corlett,Costume & Make-Up,,,,,,,,"Acting, Actor, Geneva",,,,
1591432,Genevieve Zweig,Acting,,,"Acting, Actor, Mrs. Godfrey",,,,,,,,,
1397737,Geno Hart,Crew,"Crew, Transportation Coordinator",,"Crew, Transportation Coordinator","Crew, Transportation Coordinator",,,,,,,,
4174176,Geoffrey Chang,Camera,,,,"Camera, Camera Loader",,,,,,,,
1748179,George Anthony Rae,Acting,,"Acting, Actor, Maurice's Brother",,,,,,,,,,
2354448,George DiCaprio,Production,,,,,,,,,"Acting, Actor, Mr. Jack",,,
1043374,George Doering,Sound,"Sound, Musician",,,,,,,,,,,
2477303,George Glasgow,Costume & Make-Up,,,,,,,,"Acting, Actor, Nigel Cheddar-Goode",,,,
1463749,George Lozano Jr.,Lighting,,"Lighting, Electrician",,,,,,,,,,
986403,George Sheanshang,Production,"Crew, Legal Services",,,,,,,,,,,
4188463,George Stoller,Acting,,,,,,,,,"Acting, Actor, Fat Bernie's Waterbed Customer",,,
2589975,Georgia Kemball,Acting,,,,,,,,"Acting, Actor, Young Fan's Friend",,,,
2456410,Gerald Gates Jr.,Art,,,,"Art, Painter",,,,,,,,
1457694,Germicka Barclay,Costume & Make-Up,,,,,,"Costume & Make-Up, Hairstylist",,,,,,
2882010,Gerren Hall,Directing,,,,,,,,,"Acting, Actor, Campaign Employee (uncredited)",,,
4028892,Gerry Hernandez,Crew,,,"Crew, Assistant Craft Service",,,,,,,,,
4188217,Gigi Benson,Acting,,,,,,"Acting, Actor, Dancer",,,,,,
1457835,Gigi Williams,Costume & Make-Up,,,,,,"Costume & Make-Up, Makeup Department Head","Costume & Make-Up, Makeup Department Head",,,,,
5708229,Gilberto Martinez Jr.,Acting,,,,,,,,,,"Acting, Actor, BeeGee",,
179887,Gilbert Rosales,Acting,,,,,,,,,,"Crew, Stunts",,
18022,Gina McKee,Acting,,,,,,,,"Acting, Actor, Countess Henrietta Harding",,,,
1771,Giovanni Ribisi,Acting,,,,,,,,,,"Crew, Thanks",,
2239489,Glen Davis,Camera,,,"Camera, Best Boy Grip",,,,,,,,,
5819846,Glen Hale,Art,,,,,,,,,,"Art, Set Dresser",,
1621224,Glen Hanz,Art,,,"Art, Sculptor",,,,,,,,,
4028277,Glen Hollman,Sound,"Sound, Musician",,,,,,,,,,,
2724466,Glen Mathias,Crew,,,"Crew, Transportation Co-Captain",,,,,,,,,
2944948,Glen McRaven,Crew,"Crew, Driver",,,,,,,,,,,
4174777,Glenn Coopersmith,Crew,,,,"Crew, Driver",,,,,,,,
2203724,Glenn Knowlton,Crew,"Crew, Transportation Co-Captain",,,,,,,,,,,
122929,Glenn Morrison,Acting,,,,,,,,,,"Crew, Thanks",,
1537424,Goliath,Acting,,"Acting, Actor, Tyrone",,,,,,,,,,
3982398,Goran Kjulavkovski,Visual Effects,,,,,,,,,,"Visual Effects, Digital Compositor",,
20228,Goro Koyama,Sound,,,,,,,,,,"Sound, Foley Artist",,
4188399,Grace Anderson,Acting,,,,,,,,,"Acting, Actor, Under One Roof Kid",,,
103437,Grace Bustos,Acting,,"Acting, Actor, Underwater Swimming Girl at Party (uncredited)",,,,,,,,,,
1787838,Grace Lambert Pyke,Costume & Make-Up,,,,,,,"Costume & Make-Up, Key Costumer",,,,,
1403458,Grady Cofer,Visual Effects,,,,,"Visual Effects, Visual Effects Supervisor",,,,,,,
1547323,Graeme Stewart,Sound,,,,,,"Sound, Music Editor","Sound, Music Editor","Sound, Music Editor","Sound, Music Editor | Sound, Scoring Mixer","Sound, Music Editor | Sound, Music Producer | Sound, Scoring Mixer",,
1190766,Graham Robertson,Costume & Make-Up,,,,"Art, Set Dresser",,,,,,,,
14333,Grand L. Bush,Acting,,,,,,,,,"Crew, Thanks",,,
1718377,Grant Crookes,Acting,,,,,,,,"Acting, Actor, New Years Eve Party Goer (uncredited)",,,,
2554307,Gray Miller,Visual Effects,,,"Visual Effects, Animation",,,,,,,,,
1383838,Greg Bronson,Acting,,"Acting, Actor, Clubgoer (uncredited)","Acting, Actor, Waiter (uncredited)",,,,,,,,,
2066286,Greg Curry,Editing,,,,,,,,,"Editing, Dailies Technician",,,
4028486,Greg Eliot,Crew,,,"Crew, Propmaker",,,,,,,,,
4028883,Greg Gateley,Production,,,"Production, Production Assistant",,,,,,,,,
1966297,Gregg Dandridge,Acting,,"Crew, Stunts",,,,,,,,,,
1517943,Gregg Garvin,Editing,,,,,,,,,,"Editing, Digital Intermediate Colorist",,
3118588,Greg Giebel,Production,,,,,,,,,"Production, Production Assistant",,,
1851736,Gregg M. Hartman,Art,,"Art, Swing",,,,,,,,,,
4188392,Greg Goetzman,Acting,,,,,,,,,"Acting, Actor, Jerry Best",,,
1789913,Gregg Szabo,Art,,,,,,"Art, Set Dresser",,,,,,
141573,Greg Lauren,Acting,,"Acting, Actor, Young Stud",,,,,,,,,,
3262973,Greg Lay,Crew,,"Crew, Propmaker",,,,,,,,,,
1386913,Greg Maloney,Visual Effects,,,"Crew, CG Supervisor",,,,,,,,,
3281497,Greg Musselman,Art,,"Art, Painter",,,,,,,,,,
59287,Greg Nicotero,Costume & Make-Up,,"Costume & Make-Up, Special Effects Makeup Artist",,,,,,,,,,
1564312,Gregoer Boru,Acting,,,,,,,"Acting, Actor, Recording Tech (uncredited)",,,,,
2156040,Gregor Lakner,Visual Effects,,,"Crew, CG Supervisor",,,,,,,,,
3262974,Gregory A. Newton,Crew,,"Crew, Propmaker",,,,,,,,,,
1395027,Gregory D. Liegey,Visual Effects,,,,,,"Visual Effects, Visual Effects Supervisor",,,,,,
4174852,Gregory P. Krueger,Crew,,,,"Crew, Assistant Chef",,,,,,,,
1655495,Gregory T. Daniel,Acting,,"Acting, Actor, Minister",,,,,,,,,,
1354457,Greg Patterson,Crew,,,,,,,,,"Lighting, Additional Lighting Technician",,,
2805264,Greg Tracy,Crew,,,,,,,,,"Crew, Stunts",,,
3334744,Griff Giacchino,Acting,,,,,,,,,"Acting, Actor, Mark",,,
2819125,Guillaume Chiavassa,Visual Effects,,,,,,,,"Crew, Visual Effects Editor",,,,
3322116,Guillermo Melgarejo,Acting,,,"Acting, Actor, Pink Dot Guy",,,,,,,,,
1401373,Guy Adan,Crew,,,"Production, Publicist",,,,,,,,,
130533,Guy Norman Bee,Directing,,,"Camera, Steadicam Operator",,,,,,,,,
12052,Gwyneth Paltrow,Acting,"Acting, Actor, Clementine",,,,,,,,,,,
1681352,H. Leah Amir,Crew,,,,,,,,,,"Crew, Craft Service",,
5708228,Hadasa Genesaret Palomares,Acting,,,,,,,,,,"Acting, Actor, Sacred Heart",,
1360100,Hamilton Sterling,Sound,,,"Sound, Sound Effects Editor",,,,,,,,,
4188475,Hank Oster,Acting,,,,,,,,,"Acting, Actor, Tail o' the Cock Patron",,,
1463658,Hannah Betts,Crew,,,,,,,,,,"Crew, Stunts",,
4188558,Hannah Williamson,Acting,,,,,,,,,"Acting, Actor, Fat Bernie's Pinball Crowd",,,
1399071,Hans Bjerno,Camera,,,"Camera, Aerial Camera",,,,,,,,,
9038,Hans Brockmann,Production,"Production, Executive Producer",,,,,,,,,,,
53669,Hans Howes,Acting,,,,,"Acting, Actor, Mr. Bandy",,,,,,,
hard,Hard Eight,Film,,,,,,,,,,,1996,https://ptannotated.com/hard-eight.html
2950408,Hardy Ophuls,Crew,,,"Crew, Picture Car Coordinator","Crew, Picture Car Coordinator",,,,,,,,
1985982,Harriet Leitch,Acting,,,,,,,,"Acting, Actor, Pippa",,,,
538,Harriet Sansom Harris,Acting,,,,,,,,"Acting, Actor, Barbara Rose","Acting, Actor, Mary Grady",,,
4188331,Harrison Bray,Acting,,,,,,,,,"Acting, Actor, Cherry Bomb Kid",,,
4087717,Harrison Taylor,Acting,,,,,"Acting, Actor, Baby H.W.",,,,,,,
4188359,Harry Fincher,Acting,,,,,,,,,"Acting, Actor, Grant High School Student",,,
2908361,Harry Hewitt,Production,,,,,,,,"Production, Production Secretary",,,,
2299337,Harry Marks,Crew,,,,"Crew, Driver",,,,,,,,
999709,Harry Wowchuk,Crew,,,"Crew, Stunts",,,,,,,,,
2272449,Hayley Wright,Crew,,,,,,,,,"Crew, Stunt Double | Crew, Stunts",,,
554028,Hazel Mailloux,Acting,,,,"Acting, Actor, Rhonda",,,,,,,,
3553650,Hazel Schaffer,Acting,,,,,,,,,"Acting, Actor, Under One Roof Kid",,,
69122,Heather Graham,Acting,,"Acting, Actor, Rollergirl",,,,,,,,,,
1389609,Heba Thorisdottir,Costume & Make-Up,,,,,,,,,"Costume & Make-Up, Makeup Designer","Costume & Make-Up, Makeup Department Head",,
4028895,Hector Jumilla Jr.,Crew,,,"Crew, Production Office Assistant",,,,,,,,,
1376274,Hector M. Gonzalez,Crew,,,,"Crew, Driver",,,,,,,,
1336058,Helene Mulholland,Production,"Production, Associate Producer",,,,,,,,,,,
1586890,Helen Kozora,Art,,,,,,,,,,"Art, Set Decoration Buyer",,
2825426,Heloise Walker,Costume & Make-Up,,,,,,,,"Costume & Make-Up, Seamstress",,,,
4188467,Henri Abergel,Acting,,,,,,,,,"Acting, Actor, Henri",,,
1695270,Henry Cantor,Lighting,,,,,,,,,"Lighting, Lighting Technician",,,
19439,Henry Gibson,Acting,,,"Acting, Actor, Thurston Howell",,,,,,,,,
1599618,Herb Ault,Camera,,,,,,,,,"Crew, Thanks",,,
4459356,Herb Santos Jr.,Acting,,,"Acting, Actor, 21 Dealer (uncredited)",,,,,,,,,
3281499,Hilmar Ragnarsson,Art,,"Art, Painter",,,,,,,,,,
1415607,Holiday Landa,Art,,,,"Art, Art Department Coordinator",,,,,,,,
64449,Holly Dorff,Production,,,,,,"Production, ADR Voice Casting",,,,,,
1745677,Holly Houston,Acting,,,"Acting, Actor, Jimmy's Showgirl",,,,,,,,,
1360317,Hong Chau,Acting,,,,,,,"Acting, Actor, Jade",,,,,
52565,Hope Elizabeth Reeves,Acting,,,,,"Acting, Actor, Elizabeth",,,,,,,
1746960,Horace Knight Jr.,Crew,,,,,,,,,,"Crew, Stunts",,
107372,Howard Berger,Costume & Make-Up,,"Costume & Make-Up, Special Effects Makeup Artist",,,,,,,"Crew, Thanks",,,
4188451,Hudson Brown,Acting,,,,,,,,,"Acting, Actor, Fat Bernie's Waterbed Customer",,,
4188416,Hudson Monkarsh,Acting,,,,,,,,,"Acting, Actor, Under One Roof Kid",,,
4087746,Huey Rhudy,Acting,,,,,"Acting, Actor, Standard Oil Man",,,,,,,
1866406,Hugh Aodh O'Brien,Crew,,"Crew, Stunts","Crew, Stunts","Crew, Stunts",,,,,,,,
2953558,Hugh Brunt,Sound,,,,,,,,,,"Sound, Conductor",,
4005080,Hugh Pritchard,Art,,,,,,,,,,"Art, Additional Set Dresser",,
1050930,Hugo Weng,Sound,,,"Sound, Dialogue Editor",,"Sound, Dialogue Editor",,,,,,,
4188197,Hunter Craig,Acting,,,,,,"Acting, Actor, Portrait Customer",,,,,,
1977051,Ian Harrod,Acting,,,,,,,,"Acting, Actor, Registrar",,,,
2672202,Ian McCamey,Crew,,,"Visual Effects, Visual Effects",,,,,,,,,
2268117,Ian Stone,Directing,,,,,"Directing, Second Assistant Director",,,,,"Directing, Additional Second Assistant Director",,
4174716,Ian Strang,Lighting,,,,"Lighting, Electrician",,,,,,,,
2589977,Ingrid Sophie Schram,Acting,,,,,,,,"Acting, Actor, House Model","Acting, Actor, B. Mitch Reed Assistant",,,
inhe,Inherent Vice,Film,,,,,,,,,,,2014,https://ptannotated.com/inherent-vice.html
4087735,Irene G. Hunter,Acting,,,,,"Acting, Actor, Mrs. Hunter",,,,,,,
4188385,Isaac Soren,Acting,,,,,,,,,"Acting, Actor, Grant High School Student",,,
3159120,Isabelle Kusman,Acting,,,,,,,,,"Acting, Actor, Sue Pomerantz",,,
157488,Israel Juarbe,Acting,,"Acting, Actor, Maurice's Brother",,,,,,,,,,
4632438,Ivan Garcia,Camera,,,,,,,,,,"Camera, Grip",,
2702666,Ivan Martin del Campo,Production,,,"Production, Production Office Coordinator",,,,,,,,,
1877835,Iyana Halley,Acting,,,,,,,,,"Acting, Actor, Wig Shop Brenda",,,
1550388,J. Armin Garza II,Crew,,,"Camera, Camera Car",,,,,,,,,
963298,J.D. Donaruma,Acting,,,,"Production, Production Assistant",,,,,,,,
5708253,J. Izon,Acting,,,,,,,,,,"Acting, Actor, Sister",,
1414177,J.R. Grubbs,Sound,,,,"Sound, Sound Effects Editor","Sound, Sound Effects Editor",,,,,,,
4188404,Jack Anderson,Acting,,,,,,,"Crew, Thanks",,"Acting, Actor, Under One Roof Kid / Jimbo","Crew, Thanks",,
2267832,Jack Bentley,Camera,,,,,,,,"Camera, Second Assistant ""B"" Camera",,,,
1648168,Jack Carpenter,Crew,,,"Crew, Stunts","Crew, Stunts",,,,,,,,
1585165,Jack Chouchanian,Camera,,,,,,,,,"Lighting, Rigging Grip",,,
2689984,Jack Colmenero,Art,,,,,"Art, Set Dresser",,,,,,,
2908341,Jack Farrow,Lighting,,,,,,,,"Lighting, Lighting Technician",,,,
5632,Jack Fisk,Art,,,,,"Art, Production Design","Art, Production Design",,,,,,
6328,Jack Gill,Crew,,,,,,,,,,"Crew, Stunts",,
3971975,Jackie Mata,Editing,,,,,,,,,,"Editing, Dailies Manager",,
1505846,Jackie Michele Johnson,Acting,,,,,,,"Acting, Actor, Dr. Threeply's Assistant #2",,,,,
12311,Jack Kelly,Acting,,,,,,,"Acting, Actor, Burke Stodger (archive footage)",,,,,
3262930,Jack Orlando,Crew,,"Crew, Propmaker",,,,,,,,,,
62590,Jack Riley,Acting,,"Acting, Actor, Lawyer",,,,,,,,,,
2415700,Jackson Davis,Acting,,,,,,,,,,"Crew, Loader",,
2354950,Jack Tyson,Acting,,,,,,,,"Acting, Actor, New Year's Eve Party Guest (uncredited)",,,,
2860458,Jack Van Nuis,Visual Effects,,,,,,,,,"Crew, Compositor",,,
24435,Jack Wallace,Acting,,"Acting, Actor, Rocky",,,,,,,,,,
2716457,Jacob Bojsza,Crew,,,,,,,,,,"Camera, BTS Videographer",,
1883548,Jacob Lyman,Acting,,,,,,,"Acting, Actor, Mormon FBI Agent (uncredited)",,,,,
3348144,Jacob Perry,Camera,,,,,,,,,,"Camera, Additional First Assistant Camera",,
4087715,Jacob Stringer,Acting,,,,,"Acting, Actor, Silver Assay Worker",,,,,,,
1755102,Jacqueline Knowlton,Costume & Make-Up,,,,,,,,,"Costume & Make-Up, Makeup Department Head",,,
3118572,Jade Thompson,Costume & Make-Up,,,,,,,,,"Costume & Make-Up, Costumer",,,
4188249,Jaime Lovell,Art,,,,,,"Art, Art Department Assistant",,,,,,
1139130,Jake Cross,Camera,"Acting, Actor, Pants on Fire Person | Camera, Grip","Acting, Actor, Watcher #2","Acting, Actor, Pedestrian #1",,,,,,,,,
2754358,Jake Lombard,Acting,,,,,"Crew, Stunts",,,,,,,
122582,Jake Paltrow,Directing,"Crew, Set Production Assistant",,,,,,,,,,,
2154323,Jake Swallow,Crew,,,,,,,,,,"Crew, Stunts",,
2932438,Jalise Beamon,Sound,,,,,,,,,"Sound, Apprentice Sound Editor",,,
2214977,Jamala Gaither,Directing,,,"Acting, Actor, WDKK P.A. | Crew, Set Production Assistant",,,,,,,,,
1552186,James 'Obee' Oberman,Crew,,,"Crew, Driver","Crew, Driver",,,,,,,,
1564250,James Ashwill,Sound,,,"Sound, Foley Mixer",,,,,,,,,
1684382,James Barrett,Lighting,,,"Lighting, Electrician",,,,,,,,,
2114266,James Coffin,Camera,,,,,,,,,,"Camera, Grip",,
4961922,James Ellis,Lighting,,,,,,,,,"Lighting, Additional Lighting Technician",,,
2235559,James Flemming,Crew,,,"Crew, Assistant Chef","Crew, Chef",,,,,,,,
2278017,James Irons,Camera,"Camera, Best Boy Grip",,,,,,,,,,,
1639053,James Kelley,Acting,,,,,,,,,"Acting, Actor, Tim",,,
94560,James Kiriyama-Lem,Acting,,,"Acting, Actor, Dr. Lee",,,,,,,,,
1991296,James Kumarelas,Lighting,,,,,,"Lighting, Rigging Gaffer",,,,,,
4028582,James Lacroix,Crew,,,"Crew, Special Effects",,,,,,,,,
1773855,James Lennox,Production,,"Art, Location Scout",,,,,,,,,,
2075012,James Malley,Art,,,,,,,,,"Art, Set Dresser",,,
1299405,James Matheny,Sound,,,"Sound, Dialogue Editor",,,,,,,,,
4028900,James Moody,Lighting,,,"Lighting, Lighting Design",,,,,,,,,
1436122,James Moran,Directing,,,"Crew, Set Production Assistant","Directing, Second Assistant Director",,,,,,,,
5717207,James O'Hara,Camera,,,,,,,,,,"Camera, Aerial Camera Technician",,
2131188,James Ochoa,Visual Effects,,,"Crew, Special Effects",,,,,,,,,
1194472,James Plannette,Lighting,,,"Lighting, Chief Lighting Technician",,,,,,,,,
5707950,James Raterman,Acting,,,,,,,,,,"Acting, Actor, Danvers",,
2030398,James Spencer,Sound,,,,,,,,"Sound, ADR & Dubbing",,,,
1453652,James Summers,Lighting,,,,,,,,"Lighting, Rigging Gaffer",,,,
2561239,James Takahashi,Lighting,,,,"Camera, Grip",,,,,,,,
1741194,James Thatcher,Sound,,,"Sound, Musician",,,,,,,,,
2477597,James Thomson,Acting,,,,,,,,"Acting, Actor, Reporter",,,,
1651762,Jamey Pryde,Crew,,,,,"Crew, Post Production Supervisor",,,,,,,
4144629,Jamie Dobb,Crew,,,,,,,,"Crew, Stunt Driver",,,,
2302951,Jamie Feldman,Production,,,,"Crew, Set Production Assistant",,,,,,,,
1791930,Jamie Franta,Camera,,"Camera, Grip",,,,,"Camera, Grip",,"Camera, Grip",,,
4188456,Jamie Giacchino,Acting,,,,,,,,,"Acting, Actor, Fat Bernie's Waterbed Customer",,,
4028498,Jamie Litwak,Crew,,,"Crew, Propmaker",,,,,,,,,
1719106,Jamielyn Lippman,Acting,,"Acting, Actor, Colonel's Hot Traxx Girlfriend",,,,,,,,,,
1748190,Jami Philbrick,Acting,,"Acting, Actor, Dancer (uncredited)",,,,,,,,,,
8163,Jana Vance,Sound,,,,"Sound, Foley Artist",,"Sound, Foley Artist",,,,,,
158414,Jane Perry,Acting,,,,,,,,"Acting, Actor, Mrs. Vaughan",,,,
1400877,Janet Ingram,Costume & Make-Up,,"Costume & Make-Up, Costumer",,,,,,,,,,
1336053,Jane W. Brimmer,Acting,"Acting, Actor, Aladdin Cashier",,,,,,,,,,,
2170658,Janice Min,Camera,,,,,,,,,,"Camera, Additional Camera",,
177063,Jason Andrews,Acting,,"Acting, Actor, Johnny Limo Driver","Acting, Actor, Doc","Acting, Actor, Operator Carter (voice)",,,,,,,,
4188253,Jason Bean,Costume & Make-Up,,,,,,"Costume & Make-Up, On Set Dresser",,,,,,
5708191,Jason Belford,Acting,,,,,,,,,,"Acting, Actor, Soldier",,
2006867,Jason Brown,Visual Effects,,,"Visual Effects, Visual Effects",,,,,,,,,
1388469,Jason Cloth,Production,,,,,,,,,"Production, Executive Producer",,,
4765,Jason Robards,Acting,,,"Acting, Actor, Earl Partridge",,,,,,,,,
1393446,Jason Sanford,Visual Effects,,,,,,,,,"Visual Effects, Visual Effects Producer",,,
5094941,Javier Lomeli Jr.,Crew,,,,,,,,,,"Crew, Special Effects Technician",,
4174822,Jay Duncan,Production,,,,"Production, Production Assistant",,,,,,,,
1586938,Jay Galbo,Lighting,,,,"Lighting, Electrician",,,,,,,,
7237,Jay Hart,Art,,,,"Art, Set Decoration",,,,,,,,
16574,Jay King,Crew,,,,,"Crew, Special Effects Technician","Crew, Special Effects Technician",,,,,,
4188193,Jay Laurence,Acting,,,,,,"Acting, Actor, V.A. Patient",,,,,,
1342669,Jayne-Ann Tenggren,Directing,,"Directing, Script Supervisor",,,,,,,,,,
4174001,Jayson Whitmore,Art,,,,"Art, Graphic Designer",,,,,,,,
2810459,Jay Trautman,Editing,,,,,,,,,"Editing, First Assistant Editor","Editing, Associate Editor",,
83084,Jeanette Browning,Sound,,,"Sound, ADR Recordist",,,,,,,,,
1336049,Jean Langer,Acting,"Acting, Actor, Cashier",,,,,,,,,,,
124377,Jeannie Berlin,Acting,,,,,,,"Acting, Actor, Aunt Reet",,,,,
4028876,Jeff Behlendorf,Production,,,"Production, Post Production Accountant",,,,,,,,,
183814,Jefferson Mays,Acting,,,,,,,"Acting, Actor, Dr. Threeply",,,,,
5714310,Jeff Garrido,Crew,,,,,,,,,,"Crew, Stunts",,
3110836,Jeff Griffith,Camera,,,,"Camera, Camera Loader",,,,,,,,
1319526,Jeff Gross,Production,,,"Crew, Propmaker",,,,,,,,,
9624,Jeff Habberstad,Crew,,,,,"Crew, Stunt Coordinator",,,,,,,
10067,Jeff Jarvis,Visual Effects,,,,"Crew, Special Effects Coordinator",,,,,,,,
1485588,Jeff Kunkle,Camera,,,"Camera, Dolly Grip","Camera, Dolly Grip",,"Camera, Dolly Grip","Camera, Key Grip","Camera, Key Grip","Camera, Key Grip",,,
4174862,Jeff Milcheck,Production,,,,"Production, Production Assistant",,,,,,,,
1113494,Jeff Orsa,Crew,,"Lighting, Rigging Gaffer",,,,,,,,,,
1752115,Jeff Podgurski,Acting,,,"Crew, Stunts",,,,,,,,,
982374,Jeff Ramsey,Acting,,"Crew, Stunts",,,,,,,,,,
1826530,Jeffrey G. Barnett,Crew,,,,,,,,,"Crew, Stunts",,,
1280234,Jeffrey Lee Gibson,Crew,,"Crew, Stunts",,,,,,,,,,
2150316,Jeffrey Machit,Crew,,,"Crew, Special Effects",,,,,,,,,
5707927,Jeffrey Massagli,Acting,,,,,,,,,,"Acting, Actor, Official Lockjaw Award",,
2058996,Jeffrey Norvet,Camera,,,,"Camera, Additional Camera",,,,,,,,
2057086,Jeffrey R. Payne,Sound,"Sound, Sound Editor",,,,,,,,,,,
1736599,Jeffrey W. Jenkins,Acting,,,,,,"Acting, Actor, V.A. Patient",,,,,,
4028688,Jeff Saltzman,Visual Effects,,,"Visual Effects, Matchmove Supervisor",,,,,,,,,
1417516,Jeff Sawyer,Sound,,,,,"Sound, Sound Effects Editor",,,,,,,
3260334,Jeff Trachtman,Crew,,"Crew, Set Production Assistant",,,,,,,,,,
2905434,Jeff Willy,Acting,,,,,,,,,"Acting, Actor, Fair Volunteer (uncredited)",,,
1231682,Jeff Zucker,Lighting,,"Lighting, Gaffer",,,,,,,,,,
76056,Jefry Shebroe,Art,,,,,,,,,,"Art, Assistant Property Master",,
20089,Jena Malone,Acting,,,,,,,"Acting, Actor, Hope Harlingen",,,"Acting, Actor, Greeting Code (voice)",,
3736122,Jen Annor,Sound,,,,,,,,"Sound, Second Assistant Sound",,,,
2038593,Jenna Dalla Riva,Sound,,,,,,,,,,"Sound, Foley Editor",,
1883528,Jenna Emery,Acting,,,,,,,"Acting, Actor, Groupie (uncredited)",,,,,
4174817,Jennifer Asaro,Production,,,,"Production, Second Assistant Accountant",,,,,,,,
1596323,Jennifer Barin,Sound,,,,"Sound, First Assistant Sound Editor",,,,,,,,
1020050,Jennifer Barrons,Production,,,"Production, Production Assistant",,,,,,,,,
2299680,Jennifer Clark,Production,,,"Production, Assistant Accountant",,,,,,,,,
1128184,Jennifer Davisson,Production,,,,,,,,,,"Crew, Thanks",,
1536379,Jennifer Day Young,Costume & Make-Up,,,,"Costume & Make-Up, Costumer",,,,,,,,
2950396,Jennifer Duclos,Crew,,,"Production, Production Assistant",,,,,,,,,
1462589,Jennifer Herrenkohl,Crew,,,,,,,,,"Costume & Make-Up, Costume Coordinator",,,
1149893,Jennifer Neala Page,Acting,,,,,,"Acting, Actor, Winn Manchester",,,,,,
4779,Jeremy Blackman,Acting,,,"Acting, Actor, Stanley Spector",,,,,,,,,
1846985,Jeremy Blake,Directing,,,,"Art, Art Designer",,,,,,,,
3416098,Jeremy Boone,Acting,,,,,,,,,,"Acting, Actor, CAC Security",,
1375907,Jeremy Cisneros,Art,,,,,,,,,"Costume & Make-Up, On Set Dresser",,,
1635204,Jeremy Fry,Crew,,,,,,,"Crew, Stunts",,"Crew, Stunts","Crew, Stunts",,
1533071,Jeremy Hays,Visual Effects,,,,,,,,,,"Visual Effects, Special Effects Supervisor",,
1756519,Jeremy Molod,Sound,,"Sound, Foley Recordist",,,,,,,"Sound, Assistant Sound Editor","Sound, Sound Editor",,
1380479,Jeremy Peirson,Sound,,,,"Sound, Sound Recordist",,,,,,,,
3887980,Jerry Conca,Production,,,"Production, Extras Casting",,,,,,,,,
4028860,Jerry Glassman,Crew,,,"Crew, Driver",,,,,,,,,
4028286,Jerry Snaiczuk,Crew,"Crew, Driver",,,,,,,,,,,
4174784,Jesse Duarte,Crew,,,,"Crew, Driver",,,,,,,,
88124,Jesse Plemons,Acting,,,,,,"Acting, Actor, Val Dodd",,,,,,
77295,Jesse V. Johnson,Directing,,,,,,"Crew, Stunts",,,,,,
4174135,Jessica B. Schultz,Sound,,,,"Sound, Sound Mixer",,,,,,,,
1780582,Jessica Huss,Acting,,,,,,,"Acting, Actor, Speed Freak (uncredited)",,,,,
5717378,Jewel Gentry,Crew,,,,,,,,,,"Crew, Thanks",,
3097818,Jhoseline Villacorta,Editing,,,,,,,,,,"Editing, Digital Intermediate Producer",,
100263,Jill Andre,Acting,,,,,,"Acting, Actor, Beatrice Campbell",,,,,,
1942761,Jill Haber,Art,,,"Art, Painter","Art, Painter",,,,,,,,
1226302,Jillian Bell,Acting,,,,,,"Acting, Actor, Susan Gregory","Acting, Actor, Chlorinda",,,,,
1533037,Jillian Giacomini,Directing,,,,,,"Directing, Script Supervisor","Directing, Script Supervisor",,"Directing, Script Supervisor","Directing, Script Supervisor",,
1428268,Jillian Longnecker,Production,,,,,,,,"Production, Executive Producer",,,,
4188271,Jill Rolie-December,Art,,,,,,"Art, Set Decoration Buyer",,,,,,
4174772,Jill Thornsberry,Production,,,,"Production, Location Production Assistant",,,,,,,,
29862,Jim Beaver,Acting,,,"Acting, Actor, Smiling Peanut Patron #1",,,,,,,,,
577620,Jim Borgardt,Sound,,"Sound, ADR Supervisor",,,,,,,,,,
1221159,Jim Downey,Acting,,,,,"Acting, Actor, Al Rose",,,,,"Acting, Actor, Sandy Irvine",,
8680,Jim Erickson,Art,,,,,"Art, Set Decoration",,,,,,,
2688096,Jim Eustace,Sound,"Sound, Assistant Foley Artist",,,,,,,,,,,
4028575,Jim Girch,Crew,,,"Crew, Special Effects",,,,,,,,,
1979366,Jim Hall,Editing,,,,,,,,,,"Editing, Negative Cutter",,
1865069,Jim Krase,Art,,,,,,"Art, Construction Foreman",,,,,,
1867129,Jim Leidholdt,Camera,,,"Lighting, Rigging Grip",,,,,,,,,
30697,Jim Meskimen,Acting,,,"Acting, Actor, Forensic Scientist",,"Acting, Actor, Signal Hill Married Man",,,,,,,
83093,Jimmy N. Roberts,Crew,,,,,,,"Crew, Stunts",,"Crew, Stunt Driver | Crew, Stunts",,,
2756424,Jimmy Stevens,Acting,,,,"Acting, Actor, Jim",,,,,,,,
159394,Jim Ortlieb,Acting,,,"Acting, Actor, Middle-Aged Guy",,,,,,,,,
9568,Jim Palmer,Crew,,,,,,,"Crew, Stunts",,,,,
13223,Jim Passon,Editing,,"Editing, Color Timer",,,,,,,,,,
3259833,Jim Small,Production,,"Art, Location Scout",,,,,,,,,,
1237516,Jim Triplett,Production,,,,"Production, Assistant Location Manager",,,,,,,,
1025090,Jim Wilkey,Crew,,,,,,,,,,"Crew, Stunts",,
1258612,Joan Brown,Acting,,,,,,,,"Acting, Actor, Nana",,,,
2253937,Joanna Bush,Art,,,,,,,,,,"Art, Concept Artist | Art, Conceptual Illustrator",,
20747,Joanna Gleason,Acting,,"Acting, Actor, Dirk's Mother",,,,,,,,,,
1412012,Joanna Newsom,Acting,,,,,,,"Acting, Actor, Sortilège, who is also the narrator",,,,,
5708254,Joanna Scott Satterwhite,Acting,,,,,,,,,,"Acting, Actor, Sister",,
1684306,Joanna Venezky,Art,,,,,,,,,"Art, Set Decoration Buyer",,,
4188472,Joanne Gough,Acting,,,,,,,,,"Acting, Actor, Tail o' the Cock Patron","Production, Other",,
4770,JoAnne Sellar,Production,,"Production, Producer","Production, Producer","Production, Producer","Production, Producer","Production, Producer","Production, Producer","Production, Producer","Production, Executive Producer",,,
1730506,Joann Kozloff,Costume & Make-Up,,,"Costume & Make-Up, Makeup Artist",,,,,,,,,
59473,Joan Sobel,Editing,"Crew, Post Production Assistant","Editing, First Assistant Editor",,,,,,,,,,
73421,Joaquin Phoenix,Acting,,,,,,"Acting, Actor, Freddie Quell","Acting, Actor, Larry ""Doc"" Sportello",,,,,
4676297,Jobie James,Acting,,,,,,,,,,"Crew, Stunt Driver",,
3207277,Jodi Tripi,Crew,,,,"Crew, Clearances Consultant",,,,,,,,
2838141,Jody Bingenheimer,Crew,,,,"Crew, Driver",,,,,,,,
92180,Jody Hamilton,Production,,,,,,,,,"Crew, Thanks",,,
29210,Jody Levin,Production,,,"Production, Executive In Charge Of Post Production",,,,,,,,,
4174820,Joe Biggins,Production,,,,"Production, Production Secretary",,,,,,,,
51302,Joe Bucaro III,Crew,,,,,,"Crew, Stunt Double",,,,,,
1802585,Joe Chouchanian,Camera,,,,,,,"Camera, Best Boy Grip",,"Lighting, Key Rigging Grip",,,
3259289,Joe Colangelo,Lighting,,"Lighting, Electrician",,,,,,,,,,
1552019,Joe Cosentino,Crew,,,"Crew, Transportation Captain","Crew, Driver",,,,,,,,
1505842,Joe Dioletto,Acting,,,,,,,"Acting, Actor, Cop with Bigfoot",,,,,
2157762,Joe Downs,Production,,,,,,,,"Production, Production Accountant",,,,
12775,Joe Fineman,Production,,"Production, Executive In Charge Of Post Production",,,,,,,,,,
1748178,Joe G.M. Chan,Acting,,"Acting, Actor, Cosmo - Rahad's Boy",,,,,,,,,,
2715095,Joel Corry,Acting,,,,,"Crew, Intern",,,,,,,
1418395,Joe Letteri,Visual Effects,,,"Visual Effects, Visual Effects Supervisor",,,,,,,,,
75375,Joel Harlow,Costume & Make-Up,,,"Costume & Make-Up, Special Effects Makeup Artist",,,,,,,,,
1862932,Joel Jaspan,Crew,,"Crew, Propmaker",,,,,,,,,,
2832073,Joel Potter,Lighting,,,,,,,,,"Lighting, Lighting Technician",,,
74510,Joel Shock,Acting,,,,,,,"Acting, Actor, Police Officer (uncredited)",,,,,
3259825,Joel Sinderman,Production,,"Art, Location Scout",,,,,,,,,,
4261505,Joel Wachs,Acting,,,,,,,,,"Crew, Thanks",,,
5707926,Joe Silva,Acting,,,,,,,,,,"Acting, Actor, Sgt. Joe",,
1120542,Joey Anaya,Acting,,,,,,,,,,"Crew, Stunts",,
2351115,Johanna Garrad,Costume & Make-Up,,,,,,,,"Costume & Make-Up, Assistant Costume Designer",,,,
6044698,Johanna Wong,Crew,,,,,,,,,,"Crew, Stunts",,
4028854,John Aliano,Crew,,,"Crew, Driver",,,,,,,,,
3118586,John B. Austin,Crew,,,,,,,,,"Crew, Medical Consultant",,,
1003244,John Barba,Production,,,,"Production, Casting Associate",,"Production, Casting Associate","Production, Casting Assistant | Production, Casting Associate",,,,,
1349079,John Barrett,Crew,,,,,,,,"Sound, Scoring Mixer",,,,
1329417,John Blake,Costume & Make-Up,,,,,"Costume & Make-Up, Makeup Department Head",,,,,,,
1340319,John Brasher,Sound,"Sound, Sound Re-Recording Mixer",,,,,,,,,,,
212135,John Brian King,Art,,,"Art, Title Designer","Art, Title Designer",,,,,,,,
4087740,John Burton,Acting,,,,,"Acting, Actor, L.P. Clair",,,,,,,
1532749,John C. Carlucci,Crew,,"Crew, Special Effects","Crew, Special Effects","Visual Effects, Special Effects Supervisor",,,,,,,,
4764,John C. Reilly,Acting,"Acting, Actor, John","Acting, Actor, Reed Rothchild","Acting, Actor, Officer Jim Kurring",,,,,,"Acting, Actor, Fred Gwynne / Herman Munster (uncredited)",,,
4087736,John Chitwood,Acting,,,,,"Acting, Actor, Little Boston Doctor",,,,,,,
1779520,John Curran,Camera,,,,,,,,,,"Camera, Grip",,
4961944,John Davis,Lighting,,,,,,,,,"Lighting, Rigging Grip",,,
42746,John Doe,Acting,,"Acting, Actor, Amber's Husband",,,,,,,,,,
4173975,John E. Beck,Acting,,,,"Acting, Actor, Member of After Eden Band",,,,,,,,
2054307,John Glaeser,Sound,,,"Crew, Cableman",,,,,,,,,
999657,John Hateley,Crew,,,,"Crew, Stunts",,,,,,,,
2095082,John Heayn,Crew,,,,,,,,"Crew, Carpenter",,,,
2156072,John Helms,Visual Effects,,,"Visual Effects, Visual Effects",,,,,,,,,
4174020,John Hendrickson,Sound,,,,"Sound, Assistant Sound Engineer",,,,,,,,
1188193,John Hoogenakker,Acting,,,,,,,,,,"Acting, Actor, Tim Smith",,
2584008,John Horning,Art,,,,,,"Art, Set Dresser",,,,,,
3322090,John Kraft Seitz,Acting,,,"Acting, Actor, 1958 Policeman",,,,,,,,,
83087,John Kwiatkowski,Sound,,"Sound, Sound Effects Editor",,,,,,,,,,
2075766,John Mang,Camera,,,,,,,,,"Camera, Dolly Grip","Camera, Dolly Grip",,
4188207,John Mark Reyes,Acting,,,,,,"Acting, Actor, Filipino Worker",,,,,,
8265,John Michael Higgins,Acting,,,,,,,,,"Acting, Actor, Jerry Frick",,,
1395713,John Midgley,Sound,,,,,,,,"Sound, Sound Mixer",,,,
1535123,John Moio,Crew,,,"Crew, Stunts",,,,,,,,,
2306663,John Morris,Camera,,,,,,"Camera, Best Boy Grip",,,,,,
3220874,John O'Grady,Camera,,,"Camera, Grip",,,,,,,,,
1276817,John P. Goldsmith,Art,,,,,,"Art, Set Designer",,,,,,
1130235,John Patitucci,Acting,"Sound, Musician",,,,,,,,,,,
2838143,John Pellegrino,Crew,,,"Crew, Driver","Crew, Driver",,,,,,,,
2101114,John Priebe,Lighting,,,,"Lighting, Electrician",,,,,,,,
1546442,John Pritchett,Sound,,,"Acting, Actor, Police Captain | Sound, Sound Mixer",,"Sound, Sound Mixer",,"Sound, Sound Mixer",,,,,
1688677,John Reed,Crew,,,,"Crew, Transportation Co-Captain",,,,,,,,
1116937,John Roesch,Sound,,,,"Sound, Foley Artist",,,,,,,,
936924,John S. Davies,Acting,,,"Acting, Actor, Cameraman",,,,,,,,,
1227,John S. Lyons,Production,"Production, Producer","Production, Producer",,,,,,,,,,
1338134,John Sievert,Sound,"Sound, Foley Artist",,,,,,,,,,,
2025172,John Spaccarelli,Crew,,,"Crew, Driver","Crew, Driver",,,,,,,,
1930181,John Stradling,Camera,,"Camera, Second Assistant Camera",,,,,,,,,,
1367493,John T. Cucci,Sound,,,"Sound, Foley Artist",,,,,,,,,
1463377,John Tedlie,Art,,,,,,,,,,"Art, Set Dresser",,
12572,John W. Micheletos,Art,,,,,,"Art, Leadman","Art, Leadman",,,,,
4087730,John W. Watts,Acting,,,,,"Acting, Actor, Oil Worker",,,,,,,
2969828,John Whitley,Production,,,,,,,,,"Production, Production Accountant",,,
1492644,John Wildermuth,Directing,,"Directing, First Assistant Director",,,,,,,,,,
2134464,John Zdankiewicz,Visual Effects,,,"Visual Effects, Animation",,,,,,,,,
1331643,Joji Yoshida,Acting,,,,"Acting, Actor, Japanese Tourist (uncredited)",,,,,,,,
4174782,Jon 'Sudee' Dahl,Crew,,,,"Crew, Transportation Co-Captain",,,,,,,,
2276231,Jonathan Cohen,Crew,,,,,,,,"Crew, Stunts",,,,
16294,Jonathan Demme,Directing,,,,,,,,"Crew, In Memory Of",,,,
3851959,Jonathan Goetzman,Production,,,,,,,,,"Acting, Actor, Joel Wachs Volunteer",,,
5819847,Jonathan Juliani,Art,,,,,,,,,,"Art, Set Dresser",,
1008052,Jonathan Karp,Sound,,,,"Sound, Music Editor",,,,,,,,
1867195,Jonathan Leary,Camera,,,,,,"Lighting, Rigging Grip",,,,,,
58477,Jonathan Loughran,Acting,,,,"Acting, Actor, Wrong Number (voice) | Production, Production Assistant",,,,,,,,
1748164,Jonathan Quint,Acting,,"Acting, Actor, Johnny Doe",,,,,,,,,,
3070438,Jonathan Wayre,Acting,,,,,,,,"Acting, Actor, Pathe News Cameraman (uncredited)",,,,
1175676,Jon Beavers,Acting,,,,,,,,,"Acting, Actor, Number 12 Creep","Acting, Actor, 1776 James",,
312,Jon Brion,Sound,"Sound, Original Music Composer","Acting, Actor, Awards Ceremony Band Member","Sound, Original Music Composer","Sound, Original Music Composer",,,,,,"Crew, Additional Music",,
1806958,Jon Henry Gordon,Costume & Make-Up,,,,,,,,"Costume & Make-Up, Hair Designer",,,,
1852727,Jon Kazunaga,Art,,,,,,,,,"Crew, Propmaker",,,
3261441,Jon Krueger,Production,,"Production, Assistant Unit Manager",,,,,,,,,,
138617,Jon Null,Sound,,,,"Sound, Dialogue Editor",,,,,,,,
1171004,Jonny Franklin,Lighting,,,,,,,,"Lighting, Gaffer",,,,
74333,Jonny Greenwood,Sound,,,,,"Sound, Original Music Composer","Sound, Original Music Composer","Sound, Original Music Composer","Sound, Original Music Composer","Sound, Original Music Composer | Sound, Orchestrator","Sound, Original Music Composer | Sound, Orchestrator",,
2890712,Jon von Lingner,Costume & Make-Up,,"Costume & Make-Up, Hair Assistant",,,,,,,,,,
1505839,Jordan Christian Hearn,Acting,,,,,,,"Acting, Actor, Denis",,,,,
1674278,Jordon Stevens,Acting,,,,,,,,"Acting, Actor, Lady Baltimore's Daughter",,,,
1748187,Jorga Caye,Acting,,"Acting, Actor, Patron (uncredited)",,,,,,,,,,
554030,Jorge Barahona,Acting,,,,"Acting, Actor, Jorge",,,,,,,,
4028478,Jorge L. Baron,Directing,,,"Directing, Second Second Assistant Director",,,,,,,,,
4174788,Jose A. Jimenez,Crew,,,,"Crew, Driver",,,,,,,,
12533,José Antonio García,Sound,,,,,,,,,,"Sound, Sound Mixer",,
4005078,Jose Castillo,Art,,,,,,,,,,"Art, Set Dresser",,
1748176,Jose Chaidez,Acting,,"Acting, Actor, Puerto Rican Kid",,,,,,,,,,
1551162,Jose F. Barrios,Lighting,,,,,,"Lighting, Rigging Grip",,,,,,
5714269,Jose L Barreiro,Acting,,,,,,,,,,"Acting, Actor, Soldier",,
34854,Jose Ludlow,Production,,,,,"Crew, Thanks",,,,,,,
3261459,Joseph Bosco,Sound,,"Sound, ADR Recordist",,,,,,,,,,
33528,Joseph Cross,Acting,,,,,,,,,"Acting, Actor, Matthew",,,
1792877,Joseph Dianda,Camera,,"Camera, Key Grip",,,,,,,,,,
1537108,Joseph Grossberg,Visual Effects,,,"Visual Effects, Visual Effects Producer",,,,,,,,,
2040723,Joseph Hicks,Production,,,,,,"Production, Extras Casting",,,"Production, Extras Casting","Production, Extras Casting Assistant",,
1463692,Joseph J. Allen,Camera,,,,,,"Lighting, Rigging Grip",,,,,,
4087716,Joseph Mussey,Acting,,,,,"Acting, Actor, Silver Assay Worker",,,,,,,
16851,Josh Brolin,Acting,,,,,,,"Acting, Actor, Lt. Det. Christian F. ""Bigfoot"" Bjornsen",,,,,
1403414,Josh Friz,Camera,,,,,,,,,"Camera, First Assistant ""B"" Camera","Camera, Additional Camera",,
1191308,Josh Hakian,Crew,,"Crew, Special Effects",,,,,,,,,,
3179865,Josh Locy,Acting,,,,,,,,,,"Crew, Thanks",,
2233104,Josh Monkarsh,Editing,,,,,,,,,"Acting, Actor, Audience Dad",,,
5819875,Josh Spencer,Art,,,,,,,,,,"Art, Additional Set Dresser",,
1983914,Joshua Carl Allen,Writing,,,,,,,,,"Acting, Actor, Tiny Toes Photographer",,,
81096,Joshua Close,Acting,,,,,,"Acting, Actor, Wayne Gregory",,,,,,
4028679,Joshua Levine,Visual Effects,,,"Visual Effects, Visual Effects",,,,,,,,,
3070440,Joshua Tomkins,Acting,,,,,,,,"Acting, Actor, New Year's carnival Float Team Cowboy (uncredited)",,,,
3397449,Joshua Zev Nathan,Directing,,,,,,,,,"Acting, Actor, Jerry Best Crew / Tilt",,,
1634442,Josh Yadon,Crew,,,,,,,,,"Crew, Stunts",,,
4087727,Joy Rawls,Acting,,,,,"Acting, Actor, Eli Follower",,,,,,,
2099341,Juan Cisneros,Sound,,,,,,"Sound, Utility Sound",,,,,,
6271033,Juandi Aires,Acting,,,,,,,,,,"Acting, Actor, Young Immigrant",,
5819889,Juan Manuel Cruz,Crew,,,,,,,,,,"Crew, Special Effects Technician",,
2083746,Juan Medrano,Acting,,,"Acting, Actor, Nurse Juan",,,,,,,,,
8166,Juan Peralta,Sound,,,,,"Sound, Sound Re-Recording Assistant",,,,,,,
5272738,Juan Ruiz,Crew,,,"Crew, Assistant Craft Service",,,,,,,,,
4028510,Juan Torres,Art,,,"Art, Greensman",,,,,,,,,
5708272,Juan V. Ramirez,Acting,,,,,,,,,,"Acting, Actor, Fruit Stand Primo",,
1377237,Judith M. Brown,Crew,,,"Crew, Studio Teacher",,,,,,,,,
1836,Julia Davis,Acting,,,,,,,,"Acting, Actor, Lady Baltimore",,,,
4188535,Julia Greene,Acting,,,,,,,,,"Acting, Actor, Fat Bernie's Pinball Crowd",,,
5708231,Julian Corral,Acting,,,,,,,,,,"Acting, Actor, Julian",,
3026394,Julianna Castigliego,Art,,,,,,,,,"Art, Art Department Coordinator",,,
1231,Julianne Moore,Acting,,"Acting, Actor, Amber Waves","Acting, Actor, Linda Partridge",,,,,,,,,
2080037,Julia Saeri Lee,Costume & Make-Up,,,,,,,,,"Costume & Make-Up, Costumer",,,
1640909,Julie Adrianson-Neary,Visual Effects,,,"Visual Effects, Visual Effects",,,,,,,,,
3322107,Julie Brewer,Acting,,,"Acting, Actor, Richard's Mom",,,,,,,,,
2589962,Julie Duck,Acting,,,,,,,,"Acting, Actor, Irma",,,,
4188364,Julie Goldklang,Acting,,,,,,,,,"Acting, Actor, Grant High School Student",,,
2046843,Julie Hansen,Production,,"Production, Production Accountant",,,,,,,,,,
149800,Julie Hermelin,Acting,,,,"Acting, Actor, Kathleen",,,,,,,,
1766006,Julie Rea,Costume & Make-Up,,,,,,,,,"Costume & Make-Up, Hairstylist",,,
1399324,Julie Shack,Costume & Make-Up,,,,"Production, Production Assistant",,,,,,,,
4174721,Juliet Carlson,Production,,,,"Production, Extras Casting Assistant",,,,,,,,
2589970,Juliet Glaves,Acting,,,,,,,,"Acting, Actor, Florist",,,,
1502446,Julie Vollono,Acting,,,,,,,,"Acting, Actor, London Housekeeper",,,,
2441052,Julius Denem,Crew,,,,,,,,,,"Crew, Stunts",,
554032,Julius Steuer,Acting,,,,"Acting, Actor, Mechanic",,,,,,,,
3553647,June Schaffer,Acting,,,,,,,,,"Acting, Actor, Under One Roof Kid",,,
4173982,June Sepulveda,Acting,,,,"Acting, Actor, Phone Sex Girl #2 - Utah",,,,,,,,
1995965,Justin Dickson,Lighting,,,,,,,,,"Lighting, Gaffer","Lighting, Gaffer",,
1191111,Justin Doyle,Sound,,,,,,,,,,"Sound, Sound Effects Editor",,
2258649,Justin Geoffroy,Crew,,,,,,,,,"Crew, Video Assist Operator",,,
4028295,Justin Hay-Chapman,Production,"Production, Production Assistant",,,,,,,,,,,
2171402,Justin Healy,Production,,,"Production, Assistant Location Manager","Production, Assistant Location Manager",,,,,,,,
5708206,Justin Millmore,Acting,,,,,,,,,,"Acting, Actor, Military Man",,
1640491,Justin Stroh,Lighting,,,"Lighting, Electrician",,,,,,,,,
2024967,Justin Zaffiro,Camera,,,,,,,,,,"Camera, Additional First Assistant Camera",,
4173985,Kaila,Acting,,,,"Acting, Actor, Member of Ladies K Band",,,,,,,,
21633,Kai Lennox,Acting,,"Acting, Actor, High School / College Kid",,,,,,,,,,
1546563,Kamar Bitar,Crew,,"Crew, Special Effects Coordinator",,,,,,,,,,
2356114,Kamy D. Bruder,Acting,,,,,,,,,,"Crew, Stunts",,
554036,Karen Hermelin,Acting,,,,"Acting, Actor, Anna",,,,,,,,
162609,Karen Kilgariff,Acting,,,,"Acting, Actor, Anna (voice)",,,,,"Acting, Actor, Joel Wachs Mom",,,
928136,Karen Ramirez,Production,,,,,,"Production, Assistant Production Coordinator",,"Production, Production Supervisor",,,,
1535737,Karen Ruth Getchell,Production,,,,,,,"Production, Production Supervisor",,,,,
1673973,Karen Teneyck,Art,,,,,,"Art, Graphic Designer","Art, Graphic Designer",,,,,
4188334,Karissa Reynafarje,Acting,,,,,,,,,"Acting, Actor, Tiny Toes Girl",,,
1777221,Karla Stevens Flanigan,Costume & Make-Up,,,"Costume & Make-Up, Costume Supervisor",,,,,,,,,
2855494,Karl Linde,Camera,,,,"Camera, Additional First Assistant Camera",,,,,,,,
4028657,Karl Walser,Crew,,,"Crew, Special Effects",,,,,,,,,
2083999,Karrie Aubuchon,Costume & Make-Up,,"Crew, Makeup Effects",,,,,,,,,,
51709,Karri O'Reilly,Production,,"Production, Production Secretary",,,,,,,,,,
6940,Karyn Rachtman,Sound,,"Sound, Music Supervisor",,,,,,,,,,
2624298,Kasia Trojak,Directing,,,,,,,,,"Directing, Second Second Assistant Director","Directing, Additional Second Assistant Director",,
2816552,Kat Barnette,Production,,,,,,,,,"Acting, Actor, Ticket Taker",,,
229801,Kate Biscoe,Costume & Make-Up,,,,,,"Costume & Make-Up, Makeup Department Head",,,,,,
2908347,Kate Jeanne,Costume & Make-Up,,,,,,,,"Costume & Make-Up, Seamstress",,,,
1610492,Kate Lumpkin,Sound,,,,"Sound, Utility Sound",,,,,,,,
1962717,Katharina Hofmann,Directing,,,,,,,,"Directing, Second Assistant Director | Production, Extras Casting",,,,
77795,Katherine Waterston,Acting,,,,,,,"Acting, Actor, Shasta Fay Hepworth",,,,,
1336044,Kathleen Campbell,Acting,"Acting, Actor, Keno Girl",,,,,,,,,,,
4028270,Kathleen Huggans,Costume & Make-Up,"Costume & Make-Up, Wardrobe Supervisor",,,,,,,,,,,
2548343,Kathleen McCart,Sound,,,,"Sound, Sound Recordist",,,,,,,,
1522736,Kathleen Rosen,Art,,,,,,,,,"Art, Set Decoration Buyer",,,
5819874,Kathryn Krug,Art,,,,,,,,,,"Art, Additional Set Dresser",,
137176,Kathy Kiatta,Costume & Make-Up,,,,,"Costume & Make-Up, Key Costumer",,,,,,,
4188391,Kathy Trinh,Acting,,,,,,,,,"Acting, Actor, A Jill",,,
128150,Katie Boland,Acting,,,,,,"Acting, Actor, Young Woman",,,,,,
4188492,Katie Cronin,Acting,,,,,,,,,"Acting, Actor, Tennis Girl",,,
1505847,Katie Schwartz,Acting,,,,,,,"Acting, Actor, Kimberly",,,,,
3095737,Kat Jensen,Acting,,,,"Crew, Stand In",,,,,,,,
4188480,Katy Weber,Acting,,,,,,,,,"Acting, Actor, Tail o' the Cock Patron",,,
5708220,Kayla Harvey,Acting,,,,,,,,,,"Acting, Actor, Bathroom Girl",,
1362911,Keii Johnston,Crew,,,,,"Crew, Stunts",,,,,,,
15318,Keith Campbell,Crew,,,,,,,,,,"Crew, Stunts",,
3259291,Keith Davis,Lighting,,"Lighting, Electrician",,,,,,,,,,
4174184,Keith Hartley,Lighting,,,,"Lighting, Electrician",,,,,,,,
78890,Keith Jardine,Acting,,,,,,,"Acting, Actor, Puck Beaverton",,,,,
2637453,Keith Sale,Art,,,,"Art, Set Dresser",,"Art, Leadman",,,,,,
65115,Keith Samples,Directing,"Production, Executive Producer",,,,,,,,,,,
4087722,Kellie Hill,Acting,,,,,"Acting, Actor, Ruth Sunday",,,,,,,
1754418,Kelly A. Snyder,Production,,,"Production, Production Accountant","Production, Production Accountant",,,"Production, Production Accountant",,,,,
1622113,Kelly Clear,Lighting,"Lighting, Gaffer",,,,,,,,,,,
1763793,Kelly Doran,Sound,,,,,,,"Sound, Utility Sound",,,,,
2020731,Kelly Everett,Costume & Make-Up,,,"Costume & Make-Up, Set Costumer",,,,,,,,,
2582912,Kelly Hunt,Production,,,,,,,,,"Production, Extras Casting Assistant","Production, Extras Casting Assistant",,
1614174,Kelly Loo,Crew,,,,"Crew, Driver",,,,,,,,
1428582,Kelvin R. Trahan,Costume & Make-Up,,,"Costume & Make-Up, Key Hair Stylist","Costume & Make-Up, Hair Department Head",,,,,,,,
4028877,Ken Daniells,Production,,,"Production, Production Assistant",,,,,,,,,
1278371,Ken Edling,Acting,,,,,,,"Acting, Actor, Judge (uncredited)",,,,,
2303225,Kenneth C. Clark,Crew,,,,"Crew, Special Effects",,,,,,,,
1851733,Kenneth Carriveau,Art,,"Art, Swing",,,,,,,,,,
1439431,Kenny Becker,Editing,,,,,"Editing, Color Timer",,,,,,,
2193896,Kenny Davis,Camera,,"Camera, Dolly Grip",,,,,,,,,,
2027735,Kenny Richards,Crew,,,,,,,"Crew, Stunts",,,,,
1534468,Kenny Schneider,Lighting,,,"Lighting, Rigging Gaffer",,,,,,,,,
1567973,Ken Tarallo,Crew,,,"Crew, Special Effects",,,,,,,,,
1549227,Kent Baker,Lighting,,,,,,"Lighting, Key Rigging Grip",,,,,,
2142644,Keomanee Vilaythong,Production,,,,,,,,,"Production, Assistant Location Manager",,,
1671065,Kerri Smeltzer,Production,,,,,,,,,,"Production, Production Supervisor",,
4028880,Kerry A. Fitzmaurice,Crew,,,"Crew, Set Production Assistant",,,,,,,,,
554038,Kerry Gelbard,Acting,,,,"Acting, Actor, Richard - Brother-in-Law",,,,,,,,
3110735,Kerry Goodwin,Acting,,,,,,"Acting, Actor, Phoenix Follower (uncredited)",,,,,,
3118555,Kerry Hyatt,Art,,,,,,,,,"Art, Graphic Designer","Art, Graphic Designer",,
3107471,Kevin 'Rambo' Fitzgerald,Camera,,,,"Camera, Best Boy Grip",,,,,,,,
2001439,Kevin Bolen,Sound,,,,,,"Sound, Sound Recordist",,,,,,
54711,Kevin Breznahan,Acting,,,"Acting, Actor, Geoff, Seminar Guy",,"Acting, Actor, Signal Hill Man",,,,,,,
4961963,Kevin Danchisko,Production,,,,,,,,,"Production, Assistant Location Manager",,,
95698,Kevin Foster,Acting,,,,,,,,,"Crew, Stunts",,,
4173998,Kevin Goldblum,Production,,,,"Production, Art Department Production Assistant",,,,,,,,
3914731,Kevin Hudnell,Production,,,,,,"Acting, Actor, Portrait Customer",,,,,,
2311834,Kevin Hughes,Art,,"Art, Property Master",,,,,,,,,,
18916,Kevin J. O'Connor,Acting,,,,,"Acting, Actor, Henry","Acting, Actor, Bill White",,,,,,
1242110,Kevin J. Walsh,Production,,,,,,"Acting, Actor, Cliff Boyd",,,,,,
4510875,Kevin Jung,Sound,,,,,,,,,,"Sound, Foley Editor",,
9385,Kevin Kubota,Sound,"Sound, Boom Operator",,,,,,,,,,,
2758058,Kevin Larson,Crew,,,,,,"Crew, Stunts",,,,,,
1747978,Kevin Schultz,Sound,,,,,,,,,,"Sound, Foley Mixer",,
1865070,Kevin Sellers,Sound,,,,,,"Sound, Foley Editor",,,,,,
17770,Kevin Tighe,Acting,,,,,,,,,,"Acting, Actor, Roy More",,
3228917,Kevin Webb,Sound,,,"Sound, Sound Recordist",,,,,,,,,
2601402,Kevynn Brewer,Costume & Make-Up,,,,,,,,,"Costume & Make-Up, Costumer",,,
4039846,Kieron Arkins,Production,,,,,,,,,,"Visual Effects, Visual Effects Producer",,
1403388,Kim Ayers,Costume & Make-Up,,,,,"Costume & Make-Up, Makeup Artist",,,,,,,
145556,Kimberly Ables Jindra,Acting,,,,,,"Acting, Actor, Processing Patient",,,,,,
587803,Kimberly Adams,Costume & Make-Up,,"Costume & Make-Up, Assistant Costume Designer",,,"Costume & Make-Up, Assistant Costume Designer",,,,"Costume & Make-Up, Assistant Costume Designer",,,
143913,Kimberly Harris,Sound,,,"Sound, ADR Supervisor",,,,,,,,,
5708221,Kimberlyn Ramirez Moreno,Acting,,,,,,,,,,"Acting, Actor, Bathroom Girl",,
1756237,Kimberly Patrick,Sound,,,,,,,,"Sound, Foley Editor","Sound, Foley Artist",,,
2127760,Kimberly Shannon Murphy,Crew,,,,,,,,,,"Crew, Stunts",,
1352422,Kim Foscato,Sound,,,,,,"Sound, Dialogue Editor",,,,,,
2425245,Kimiko Kasai,Acting,,,,,,,,,"Acting, Actor, Tail o' the Cock Patron",,,
2822164,Kimo Han,Crew,,,,,,,,,"Crew, Driver",,,
1242704,Kim Richey,Art,,,,,,,"Art, Assistant Property Master",,,"Art, Assistant Property Master",,
1446659,Kini Kay,Sound,,"Sound, Sound Effects Editor",,,,,,,,,,
1286539,Kira Legg,Acting,,,,,,,"Acting, Actor, Groupie (uncredited)",,,,,
89429,Kirk Denson,Sound,,,,"Sound, Sound Recordist",,,,,,,,
4028697,Kirk Henderson,Art,,,"Art, Concept Artist",,,,,,,,,
1548682,Kirk Huston,Crew,,,,"Crew, Transportation Captain",,,,,,,,
2756453,Kirk Saduski,Production,,,,,,,,,"Acting, Actor, Tail o' the Cock Patron",,,
4188299,Kirstin Gallo,Costume & Make-Up,,,,,,"Costume & Make-Up, Costumer",,,,,,
1883557,Kirstin Masters,Acting,,,,,,,"Acting, Actor, Dental Assistant (uncredited)",,,,,
5819857,Kit Beckmann,Art,,,,,,,,,,"Art, Additional Set Dresser",,
1651247,Kit Conners,Directing,,,,,,,,,"Production, Production Assistant","Directing, Additional Second Assistant Director",,
554533,Knox White,Sound,,,,"Sound, Boom Operator",,,,,,,,
4188202,Kody Klein,Acting,,,,,,"Acting, Actor, Portrait Customer",,,,,,
4174006,Koji Egawa,Sound,,,,"Sound, Assistant Sound Engineer",,,,,,,,
2026576,Kris Giacomazzi,Crew,,,,,,,,,,"Crew, Stunts",,
4028297,Kris Hemenway,Crew,"Crew, Craft Service",,,,,,,,,,,
3259339,Kristen Gassner,Art,,"Art, Set Decoration Buyer",,,,,,,,,,
2373371,Kristen Kopp,Costume & Make-Up,,,,,,,"Costume & Make-Up, Assistant Costume Designer",,,,,
2908352,Kristen Zimmerman,Editing,,,,,,,,"Editing, Color Timer",,,,
4173986,Ku'Ulei,Acting,,,,"Acting, Actor, Member of Ladies K Band",,,,,,,,
4961913,Kurt Keitzman,Art,,,,,,,,,"Art, Set Dresser",,,
4174815,Kyle Alexander,Production,,,,"Production, Production Assistant",,,,,,,,
1711995,Ladd Lanford,Visual Effects,,,"Editing, First Assistant Editor","Editing, First Assistant Editor",,,,,,,,
1543672,Laird Fryer,Sound,,,,,,,,,"Sound, ADR Mixer",,,
1709422,Lakin Valdez,Acting,,,,,,,,,"Acting, Actor, Cop",,,
1743732,Lance Dickinson,Lighting,,,,"Lighting, Lighting Technician",,,,,,,,
1339220,Lance MacDonald,Acting,,"Acting, Actor, Hot Traxx Dancer",,,,,,,,,,
5717311,Landon Buck,Crew,,,,,,,,,,"Crew, Thanks",,
1789589,Lara Genovese,Art,,,,,,,,"Art, Assistant Art Director",,,,
3256785,LaRain Ring,Acting,,,,,,"Acting, Actor, Dancer",,,,,,
1594650,Lara Khachooni,Editing,,,,"Editing, Assistant Editor",,,,,,,,
3931057,Larry Ballard,Crew,,,"Acting, Actor, WDKK Medic | Crew, Set Medic",,,,,,,,,
4718,Larry M. Shorts,Crew,,,,,"Crew, Stunts",,,,,,,
554037,Larry Ring,Production,,"Production, Assistant Location Manager","Production, Assistant Location Manager","Acting, Actor, Steve - Brother-in-Law | Production, Location Manager",,,"Production, Location Manager",,,,,
2458180,Lars Petersen,Art,,,,,,,"Art, Construction Coordinator",,,,,
2982293,Laura Bernice Watson,Costume & Make-Up,,,,,,,,"Costume & Make-Up, Makeup Artist",,,,
1099032,Laura D. Smith,Production,,,,"Production, Production Assistant",,,,,,,,
4784,Laura Dern,Acting,,,,,,"Acting, Actor, Helen Sullivan",,,,,,
1397857,Laura Gary,Crew,,,,,,,,,"Acting, Actor, Grant High School Student | Crew, Studio Teacher",,,
1748158,Laura Gronewold,Acting,,"Acting, Actor, Floyd's Kid - Girl",,,,,,,,,,
4309088,Laura Hartney,Costume & Make-Up,,,,,,,,"Costume & Make-Up, Hairstylist",,,,
2195801,Laura J. Hill,Visual Effects,,,,,,,,,"Visual Effects, Visual Effects Supervisor","Visual Effects, Visual Effects Supervisor",,
3504112,Laura Louise Richardson,Acting,,,,,,,,,"Acting, Actor, Fairgoer",,,
1111163,Laura Lyon Rossi,Acting,,,,,,,"Acting, Actor, Groupie (uncredited)",,,,,
1341783,Laura Macias,Sound,,"Sound, Foley Artist",,,,,,,,,,
18657,Laurel Holloman,Acting,,"Acting, Actor, Sheryl Lynn",,,,,,,,,,
1883532,Lauren Goncher,Acting,,,,,,,"Acting, Actor, Dental Assistant (uncredited)",,,,,
1336715,Lauren Ritchie,Visual Effects,,,"Visual Effects, Visual Effects Production Manager",,,,,,,,,
1421657,Laurie Sparham,Camera,,,,,,,,"Camera, Still Photographer",,,,
1093,Lawrence Gordon,Production,,"Production, Executive Producer",,,,,,,,,,
3990153,Lawrence Haymes,Acting,,,,,,,,,"Acting, Actor, Fat Bernie's Pinball Crowd",,,
4188254,Lawrence Hornbeck,Costume & Make-Up,,,,,,"Costume & Make-Up, On Set Dresser",,,,,,
1748148,Lawrence Hudd,Acting,,"Acting, Actor, Dirk's Father",,,,,,,,,,
1720291,Lawrence L. Commans,Sound,,,,"Sound, Boom Operator",,,,,,,,
1335156,Lee Wimer,Editing,,,,"Editing, Color Timer",,,,,,,,
79196,Lena Endre,Acting,,,,,,"Acting, Actor, Mrs. Solstad",,,,,,
2642846,Lena Milan,Acting,,,,"Crew, Stand In",,,,,,,,
3235983,Len Burge,Acting,,,,"Costume & Make-Up, Special Effects Makeup Artist",,,,,,,,
4028273,Lenge Hong,Editing,"Editing, Assistant Editor",,,,,,,,,,,
6193,Leonardo DiCaprio,Acting,,,,,,,,,,"Acting, Actor, Bob",,
2098255,Leonardo Larosa,Camera,,,,"Camera, Grip",,,,,,,,
41899,Leon Dudevoir,Production,,"Production, Production Executive","Production, Production Executive",,,,,,,,,
4188209,Leonida A. Bautista,Acting,,,,,,"Acting, Actor, Nana",,,,,,
2589983,Leopoldine Hugo,Acting,,,,,,,,"Acting, Actor, Princess Mona's Mother",,,,
3361695,Leroy McLeod,Production,,,,,,,,,"Production, Production Assistant",,,
72305,Lesley Manville,Acting,,,,,,,,"Acting, Actor, Cyril Woodcock",,,,
53683,Leslie Jones,Editing,,,,"Editing, Editor",,"Editing, Editor","Editing, Editor",,,,,
1734741,Leslie Redden,Acting,,"Acting, Actor, KC Sunshine",,,,,,,,,,
2198708,Leslie Safley,Visual Effects,,,"Visual Effects, Visual Effects Production Assistant",,,,,,,,,
3387593,Levi Gilbert,Crew,,,,,,,,,,"Crew, Stunts",,
1791767,Lexi Leigh,Acting,,"Acting, Actor, Floyd's Kid - Girl",,,,,,,,,,
1883507,Liam Van Joosten,Acting,,,,,,,"Acting, Actor, Golden Fang Son",,,,,
lico,Licorice Pizza,Film,,,,,,,,,,,2021,https://ptannotated.com/licorice-pizza.html
5727566,Lidia Romero Munoz,Visual Effects,,,,,,,,,,"Visual Effects, Digital Compositor",,
4188371,Lila Kay,Acting,,,,,,,,,"Acting, Actor, Grant High School Student",,,
1401812,Lilia Mishel Acevedo,Costume & Make-Up,,,,,,,,,"Costume & Make-Up, Set Costumer",,,
101231,Lillian Adams,Acting,,,"Acting, Actor, Donnie's Old Neighbor",,,,,,,,,
2548368,Lin Coleman,Editing,"Editing, First Assistant Editor",,,,,,,,,,,
2083233,Lincoln Simonds,Crew,,,,"Crew, Stunts",,,,,,,,
2247973,Linda 'Sam' Glynn,Production,,,"Production, Assistant Location Manager",,,,,,,,,
17863,Linda Cohen,Sound,,,,,"Sound, Music Supervisor","Sound, Music Supervisor","Sound, Music Supervisor","Sound, Music Supervisor","Sound, Music Supervisor","Sound, Music Supervisor",,
1408293,Linda Flowers,Costume & Make-Up,,,,,"Costume & Make-Up, Hair Department Head",,,,,,,
1398947,Linda Lew,Sound,,,"Sound, Foley Recordist",,,,,,,,,
4028271,Linda McCarthy,Costume & Make-Up,"Costume & Make-Up, Assistant Costume Designer",,"Costume & Make-Up, Costumer",,,,,,,,,
1556518,Linda S. Cormany,Costume & Make-Up,,"Costume & Make-Up, Costumer",,"Costume & Make-Up, Key Costumer",,,,,,,,
1447602,Linda Yeaney,Sound,,,"Sound, First Assistant Sound Editor",,,,,,,,,
5094937,Lindsay T. Rogers,Costume & Make-Up,,,,,,,,,,"Costume & Make-Up, Key Hair Stylist",,
2102473,Lindy DeQuattro,Visual Effects,,,"Visual Effects, Visual Effects",,,,,,,,,
87714,Lionel Mark Smith,Acting,,,"Acting, Actor, Detective",,,,,,,,,
4028901,Lisa Barkin Oxley,Crew,,,"Crew, Legal Services",,,,,,,,,
1463663,Lisa Dempsey,Crew,,,,,,,,,,"Crew, Stunts",,
1399103,Lisa K. Fowle,Sound,,,,"Sound, Sound",,,,,,,,
4174860,Lisa Michele McTigue,Crew,,,,"Crew, Set Production Assistant",,,,,,,,
1547041,Lisa Pinero,Sound,,,,,,,,,"Sound, Sound Mixer",,,
1741701,Lisa Ratzin,Acting,,"Acting, Actor, Hot Traxx Dancer",,,,,,,,,,
554033,Lisa Spector,Acting,,,,"Acting, Actor, Susan",,,,,,,,
1748149,Little Cinderella,Acting,,"Acting, Actor, Colonel's Lady Friend",,,,,,,,,,
4174746,Lizabeth Maggini,Costume & Make-Up,,,,"Costume & Make-Up, Costumer",,,,,,,,
448309,Liz Cackowski,Acting,,,,,,,,,"Acting, Actor, Stage Mom",,,
2052845,Liz Clare,Acting,,,,,,"Acting, Actor, Dancer",,,,,,
1427790,Liz Wilson,Acting,,,,,,,,,"Art, Set Dresser",,,
2908327,Lloyd Baldwin,Crew,,,,,,,,"Crew, Carpenter",,,,
2047183,Lloyd Barachina,Crew,,,,,,"Crew, Stunts",,,,,,
4028221,Lloyd Brown,Art,"Art, Set Dresser",,,,,,,,,,,
4028700,Lloyd Hess,Visual Effects,,,"Visual Effects, Visual Effects",,,,,,,,,
1993,Lloyd Levin,Production,,"Production, Producer",,,,,,,,,,
1249773,Lois Burwell,Costume & Make-Up,,,"Costume & Make-Up, Makeup Artist",,,,,,,,,
4188353,Lola Brown,Acting,,,,,,,,,"Acting, Actor, Grant High School Student",,,
1320242,Lon Magdich,Camera,,,"Camera, Additional Director of Photography",,,,,,,,,
4188212,Lorelai Hoey,Acting,,,,,,"Acting, Actor, Baby",,,,,,
1401893,Lorelei David,Crew,,,"Crew, Visual Effects Editor",,,,,,,,,
5717375,Lorenzo Borjas,Crew,,,,,,,,,,"Crew, Thanks",,
2231483,Lori A. Noyes,Art,,,,"Art, Set Decoration",,,,,,,,
1525544,Lori Guidroz,Costume & Make-Up,,,,,,,,,"Costume & Make-Up, Hair Designer",,,
4188444,Lori Killam,Acting,,,,,,,,,"Acting, Actor, Janice | Crew, Thanks","Crew, Thanks",,
1401606,Lori McCoy-Bell,Costume & Make-Up,,,,,,,,,"Costume & Make-Up, Hairstylist",,,
930189,Lorin Flemming,Art,,,"Crew, Chef",,,,,,,,,
2908354,Lottie Mason,Production,,,,,,,,"Production, Location Manager",,,,
2950217,Lou Boggs,Crew,,,,,,,,,"Crew, Propmaker",,,
15434,Lou Carlucci,Crew,"Crew, Special Effects","Crew, Special Effects | Visual Effects, Special Effects Supervisor","Visual Effects, Special Effects Supervisor","Crew, Special Effects Coordinator",,,,,,,,
1688534,Louie Escobar,Lighting,,,"Lighting, Rigging Grip",,,,,,,,,
1738122,Louis Delavenne,Crew,,,,,,,,,"Acting, Actor, Rive Gauche Waiter",,,
2153854,Louise Di Tullio,Sound,,,,"Sound, Musician",,,,,,,,
4087728,Louise Gregg,Acting,,,,,"Acting, Actor, Eli Follower",,,,,,,
2772764,Louise Young,Costume & Make-Up,,,,,,,,"Costume & Make-Up, Makeup Artist",,,,
2353239,Louis Hannan,Directing,,,,,,,,"Acting, Actor, Chelsea Arts Club New Years Eve Party Guest (uncredited)",,,,
5708204,Louis Hoffman,Acting,,,,,,,,,,"Acting, Actor, Military Man",,
2945272,Louis Lindwall,Crew,,,"Crew, Special Effects",,,,,,,,,
4174868,Louis Rittenhouse,Crew,,,,"Crew, Stand In",,,,,,,,
12571,Louis Visco,Art,,,,,,"Art, Set Dresser",,,,,,
1699153,Lou Kleinman,Sound,,"Sound, Dialogue Editor",,,,,,,,,,
4028865,Lou Mosto,Crew,,,"Crew, Driver",,,,,,,,,
4188274,Lou Wiskes,Sound,,,,,,"Sound, Utility Sound",,,,,,
1308291,Luca Borghese,Production,,,,"Production, Accounting Clerk Assistant",,,,,,,,
4188351,Lucia Angarola,Acting,,,,,,,,,"Acting, Actor, Grant High School Student",,,
4188407,Lucille Anderson,Acting,,,,,,,"Crew, Thanks",,"Acting, Actor, Under One Roof Kid","Crew, Thanks",,
4188379,Lucy Lopez,Acting,,,,,,,,,"Acting, Actor, Grant High School Student",,,
4188514,Luigi Della Ripa,Acting,,,,,,,,,"Acting, Actor, Luigi the Tailor",,,
4091172,Luigi Sarracino,Writing,,,,,,,,,"Acting, Actor, Fat Bernie's Pinball Crowd",,,
3722664,Luis Felix,Art,,,,,,,,,,"Art, Additional Set Dresser",,
40481,Luis Guzmán,Acting,,"Acting, Actor, Maurice t.t. Rodriguez","Acting, Actor, Luis","Acting, Actor, Lance",,,,,,,,
5708230,Luis Trejo,Acting,,,,,,,,,,"Acting, Actor, Luis",,
1977048,Lujza Richter,Acting,,,,,,,,"Acting, Actor, Princess Mona Braganza",,,,
1411522,Luke Dunn Gielmuda,Sound,,,,,,,"Sound, Sound Effects Editor",,,,,
1957599,Luke Longin,Directing,,,"Visual Effects, Matchmove Supervisor",,,,,,,,,
4188534,Luna Gray,Acting,,,,,,,,,"Acting, Actor, Fat Bernie's Pinball Crowd",,,
1546823,Lydia Milars,Costume & Make-Up,"Costume & Make-Up, Key Makeup Artist | Costume & Make-Up, Key Hair Stylist",,,,,,,,,,,
5708265,Lynette M. Telles,Acting,,,,,,,,,,"Acting, Actor, Police Station Nurse",,
3322101,Lynne Lerner,Acting,,,"Acting, Actor, Librarian",,,,,,,,,
4768,Lynn Harris,Production,,"Production, Co-Executive Producer","Production, Executive Producer",,,,,,,,,
1886656,Lynn Rodgers,Costume & Make-Up,,"Costume & Make-Up, Makeup Artist","Costume & Make-Up, Makeup Artist",,,,,,,,,
4188302,Lynn Tully,Costume & Make-Up,,,,,,"Costume & Make-Up, Hairstylist",,,,,,
2258646,M. Marcos Gonzalez,Art,,,,,,,,,,"Art, Additional Set Dresser",,
1819106,M. Shane Cates,Camera,,,,,,,,,,"Camera, Grip",,
3832202,M. Zachary Sherman,Visual Effects,,,"Visual Effects, Visual Effects",,,,,,,,,
219666,Madisen Beaty,Acting,,,,,,"Acting, Actor, Doris Solstad",,,,,,
5708251,Madison Feinstein,Acting,,,,,,,,,,"Acting, Actor, Sister",,
1320470,Madison Leisle,Acting,,,,,,,"Acting, Actor, Golden Fang Daughter",,,,,
4188509,Madison Sonora,Acting,,,,,,,,,"Acting, Actor, Joel Wachs Volunteer",,,
magn,Magnolia,Film,,,,,,,,,,,1999,https://ptannotated.com/magnolia.html
4188409,Mahalia Flanagan,Acting,,,,,,,,,"Acting, Actor, Under One Roof Kid",,,
4174858,Makamae Masuda,Production,,,,"Production, Production Assistant",,,,,,,,
1415464,Malcolm Fife,Sound,,,,,,"Sound, Foley Editor",,,,,,
5717184,Malik Nofield,Camera,,,,,,,,,,"Camera, Assistant Camera",,
1825887,Mallory Thompson,Crew,,,,,,,,,,"Crew, Stunts",,
1864591,Mandy Artusato,Costume & Make-Up,,,,,,,,,"Costume & Make-Up, Makeup Artist","Costume & Make-Up, Makeup Department Head",,
3981300,Marc Davies,Acting,,,"Acting, Actor, Seminar Attendee #1 (uncredited)",,,,,,,,,
1552882,Marcie Romano,Sound,,,,"Sound, Assistant Sound Editor",,,,,,,,
107597,Marc Massicotte,Visual Effects,,,,,,,,"Visual Effects, Visual Effects Supervisor",,,,
2948894,Marco López,Art,,,,,,,"Art, Set Dresser",,,,,
4174793,Marco Lupi,Crew,,,,"Crew, Driver",,,,,,,,
1893964,Marco Morales,Crew,,,,,,,,,,"Crew, Catering Head Chef",,
1327792,Marco Scotti,Costume & Make-Up,,,,,,,,"Costume & Make-Up, Costume Supervisor",,,,
139293,Marc Wall,Camera,,,,,,"Lighting, Rigging Grip",,,,,,
1203910,Marcy Grace Froehlich,Costume & Make-Up,,,,,,"Costume & Make-Up, Assistant Costume Designer",,,,,,
1595485,Marek Bojsza,Lighting,,,,,,"Lighting, Electrician",,,,,,
1568470,Mare McIntosh,Visual Effects,,,,,,,,"Visual Effects, Visual Effects Producer",,,,
1533063,Margaret Doversola,Production,,,,"Production, Extras Casting",,,,,,,,
3118568,Margarita Kalend,Costume & Make-Up,,,,,,,,,"Costume & Make-Up, Costume Assistant",,,
557528,Margie O'Malley,Sound,,,,,,,,,"Sound, Foley Artist",,,
2084671,Maria Battle-Campbell,Directing,,"Directing, Second Second Assistant Director",,,,,,,,,,
5717379,Maria Dobrinska,Crew,,,,,,,,,,"Crew, Thanks",,
5708223,Maria Fernanda Jimenez Nava,Acting,,,,,,,,,,"Acting, Actor, Bathroom Girl",,
1379512,Marianne Bourg,Acting,,,,,,,"Acting, Actor, Beach Girl (uncredited)",,,,,
1537203,Maricella Ramirez,Camera,,,,"Camera, Camera Operator",,,,,,,,
3259265,Marie Gaerlan,Crew,,"Crew, Post Production Assistant",,"Editing, Assistant Editor",,,,,,,,
4173987,Marie Irwin,Acting,,,,"Acting, Actor, Lena's Nurse",,,,,,,,
2035008,Mari Kearney,Acting,,,,,,"Acting, Actor, Dancer",,,,,,
1378610,Marilyn Giacomazzi,Crew,,,,,,,,,"Crew, Stunts",,,
2047531,Mario Rene Hernandez,Production,,,,,,,,,"Production, Assistant Location Manager",,,
166543,Mario Roberts,Crew,,,,"Crew, Stunts",,,,,,,,
1331891,Mario Torres Jr.,Costume & Make-Up,,,"Art, Sculptor",,,,,,,,,
4028655,Mario Vanillo,Crew,,,"Crew, Special Effects",,,,,,,,,
5708225,Marisela Borjas Ramirez,Acting,,,,,,,,,,"Acting, Actor, Marisela",,
2332292,Marjolaine Tremblay,Visual Effects,,,"Visual Effects, Lead Animator",,,,,,,,,
3415177,Marjorie Noble,Acting,"Production, Location Casting",,,,,,,,,,,
1622657,Mark Aaron Wagner,Crew,,,,,,"Crew, Stunts","Crew, Stunts",,,,,
3262933,Mark B. Palma,Crew,,"Crew, Propmaker",,,,,,,,,,
2443347,Mark Balda,Art,,"Art, Construction Foreman",,,,,,,,,,
1733019,Mark Berrow,Sound,,,,"Sound, Musician",,,,,,,,
1681360,Mark Borg,Crew,,"Crew, Propmaker",,,,,,,,,,
1360761,Mark Boucher,Art,,,,,,,,,"Art, Set Dresser",,,
40471,Mark Bridges,Costume & Make-Up,"Costume & Make-Up, Costume Design","Costume & Make-Up, Costume Design","Costume & Make-Up, Costume Design | Art, Production Design","Costume & Make-Up, Costume Design","Costume & Make-Up, Costume Design","Costume & Make-Up, Costume Design","Costume & Make-Up, Costume Design","Art, Set Decoration | Costume & Make-Up, Costume Design","Costume & Make-Up, Costume Designer",,,
1838779,Mark Chadwick,Crew,,,,,,"Crew, Stunts",,,,,,
4028224,Mark Cocucci,Crew,"Crew, Carpenter",,,,,,,,,,,
16500,Mark De Alessandro,Crew,,"Crew, Stunts",,"Crew, Stunt Double",,,,,,,,
1336054,Mark Finizza,Acting,"Acting, Actor, Desk Clerk",,,,,,,,,,,
1403146,Mark Flanagan,Directing,,,"Acting, Actor, Joseph Green",,,,,,"Acting, Actor, Tail o' the Cock Patron",,,
4028858,Mark Forrest,Crew,,,"Crew, Driver",,,,,,,,,
149731,Mark Ginther,Crew,,,,,,"Crew, Stunts",,,,"Crew, Stunts",,
91133,Mark Graziano,Crew,,"Crew, Post Production Supervisor","Crew, Post Production Supervisor","Crew, Post Production Supervisor","Crew, Thanks",,,,,,,
1851797,Mark Hanks,Art,,,,,"Art, Set Dresser",,,,,,,
2443494,Mark Harrington,Art,"Art, Property Master",,,,,,,,,,,
3118541,Mark Kirksey,Acting,,,,,,,,,"Acting, Actor, Cop",,,
1531362,Mark Manthey,Lighting,,,,,"Lighting, Rigging Gaffer",,,,,,,
5586848,Mark Meloro Jr.,Crew,,,,,,,,,,"Crew, Stunts",,
1978738,Mark Moelter,Crew,"Crew, Chef",,,,,,,,,,,
83372,Mark Muñoz,Acting,,,,,"Crew, Stunts",,,,,,,
1462844,Mark Purcell,Sound,,,,,,,,,,"Crew, Mix Technician",,
1564997,Mark Scoon,Production,,,,,,,,,,"Production, Executive In Charge Of Production",,
1417844,Mark Somner,Production,,,,,,,,,,"Crew, Thanks",,
3259843,Mark Summers,Production,,"Production, Payroll Accountant",,,,,,,,,,
2071,Mark Tildesley,Art,,,,,,,,"Art, Production Design",,,,
1567673,Mark Tillie,Camera,"Camera, Still Photographer",,,,,,,,,,,
1547309,Mark Ulano,Sound,,,,,,"Sound, Sound mixer",,,,,,
2073598,Mark W. Jones,Crew,,,,,,"Crew, Driver",,,,,,
13240,Mark Wahlberg,Acting,,"Acting, Actor, Eddie Adams / Dirk Diggler",,,,,,,,,,
1555637,Mark Weingarten,Sound,"Sound, Production Sound Mixer",,,,,,,,,,,
1447582,Mark Weissenfluh,Art,,,"Art, Leadman",,,,,,,,,
3344999,Mark Wolfson,Sound,,,,,,,,,"Acting, Actor, Tail o' the Cock Patron",,,
2030440,Mark Yardas,Sound,,"Sound, Sound Effects Editor",,,,,,,,,,
2066594,Marla Newall,Visual Effects,,,"Visual Effects, Matchmove Supervisor",,,,,,,,,
2442276,Marlon Rhoden,Acting,,,,"Production, Production Assistant",,,,,,,,
1389570,Marnie Moore,Sound,,"Sound, Foley Artist",,"Sound, Foley Artist",,,,,,,,
1438573,Marsha Sorce,Sound,,,"Sound, Sound Recordist",,,,,,,,,
1940589,Martha Fay,Lighting,"Lighting, Best Boy Electric",,,,,,,,,,,
769,Martin Brest,Directing,,,,,,,,,,"Crew, Thanks",,
1355100,Martin Dew,Acting,,,,,,"Acting, Actor, Norman Conrad","Acting, Actor, Dr. Buddy Tubeside","Acting, Actor, John Evans, Daily Mail",,,,
42993,Martin Donovan,Acting,,,,,,,"Acting, Actor, Crocker Fenway",,,,,
1991205,Martin Gagen,Acting,,,,,,"Acting, Actor, Follower (uncredited)",,,,,,
1651081,Martin L. Mercer,Art,,,"Art, Storyboard Artist",,,,,,,,,
1851738,Martin Milligan,Art,"Art, Set Dresser","Costume & Make-Up, On Set Dresser","Art, Set Dresser","Art, Set Dresser",,,,,,,,
519,Martin Short,Acting,,,,,,,"Acting, Actor, Dr. Rudy Blatnoyd, D.D.S.",,,,,
4087712,Martin Stringer,Acting,,,,,"Acting, Actor, Silver Assay Worker",,,,,,,
1340321,Marty Hutcherson,Sound,"Sound, Sound Re-Recording Mixer",,,,,,,,,,,
1435661,Marty Osborne,Crew,,,,"Crew, Picture Car Coordinator",,,,,,,,
4174835,Maru Hernandez,Production,,,,"Production, Assistant Production Coordinator",,,,,,,,
4174139,Marvin Felton,Crew,,,,"Crew, Special Effects Technician",,,,,,,,
2589964,Maryanne Frost,Acting,,,,,,,,"Acting, Actor, Winn",,,,
1400347,Maryan Zurek,Camera,,,"Camera, Underwater Camera",,,,,,,,,
1739962,Mary Beth Smith,Editing,,,,"Editing, Negative Cutter",,,,,,,,
1351363,Mary Eileen O'Donnell,Acting,,,,,,,,,"Acting, Actor, Reporter",,,
1658095,Mary Elizabeth Barrett,Acting,,,,,"Acting, Actor, Fanny Clark (uncredited)",,,,,,,
139309,Mary Elizabeth Ellis,Acting,,,,,,,,,"Acting, Actor, Momma Anita",,,
2908348,Mary Judge,Costume & Make-Up,,,,,,,,"Costume & Make-Up, Seamstress",,,,
4173989,Mary Kilmartin,Acting,,,,"Acting, Actor, D&D Mattress Customer",,,,,,,,
25884,Mary Lynn Rajskub,Acting,,,"Acting, Actor, Janet (Frank's Assistant) (voice)","Acting, Actor, Elizabeth Egan",,,,,,,,
1983101,Mary Nitschke,Acting,,"Crew, Stunts",,,,,,,,,,
2247856,Matt Bauer,Production,,,"Crew, Production Office Assistant",,,,,,,,,
1346337,Matt Berberi,Crew,,,,,,,,,,"Crew, Stunts",,
1573432,Matt Bouchard,Crew,,,"Visual Effects, Visual Effects",,,,,,,,,
1883509,Matt Doyle,Acting,,,,,,,"Acting, Actor, Golden Fang Father",,,,,
98215,Matt Gerald,Acting,,,"Acting, Actor, Officer #2",,,,,,,,,
4188181,Matt Hering,Acting,,,,,,"Acting, Actor, V.A. Patient",,,,,,
4087714,Matthew Braden Stringer,Acting,,,,,"Acting, Actor, Silver Assay Worker",,,,,,,
1419803,Matthew Castellitto,Lighting,,,,,,,,,,"Lighting, Lighting Technician",,
1634415,Matthew Cavaliero,Art,,,,,,,"Art, Property Master",,,"Art, Property Master",,
5708190,Matthew Demildt,Acting,,,,,,,,,,"Acting, Actor, Soldier",,
2676379,Matthew Dion,Crew,,,,,,,,,,"Crew, Special Effects Technician",,
4961971,Matthew Guthrie,Crew,,,,,,,,,"Crew, Propmaker",,,
971292,Matthew Heineman,Directing,,,,,,,,,,"Crew, Thanks",,
5708193,Matthew McDonnell,Acting,,,,,,,,,,"Acting, Actor, Soldier",,
2254796,Matthew Mebane,Camera,,,,,,,"Camera, Camera Loader",,,,,
1833726,Matthew Skomo,Acting,,,,,,,"Acting, Actor, Detective (uncredited)",,,,,
591769,Matthew Taylor,Crew,,,,,,,,,,"Crew, Stunts",,
4961887,Matthew Williams,Camera,,,,,,,,,"Camera, Additional Second Assistant Camera | Camera, Camera Loader",,,
71536,Matthew Wood,Sound,,,,,"Sound, Supervising Sound Editor","Sound, Supervising Sound Editor","Sound, Supervising Sound Editor","Art, Set Dresser | Sound, Supervising Sound Editor","Sound, ADR Mixer",,,
1401722,Matt McDonald,Visual Effects,,,"Visual Effects, Digital Compositor",,,,,,,,,
4961939,Matt Michaels,Camera,,,,,,,,,"Camera, Grip",,,
5094943,Matt O'Dell,Crew,,,,,,,,,,"Crew, Special Effects Technician",,
2673943,Matt Paull,Directing,,,,"Production, Location Production Assistant",,,,,,,,
4028505,Matt Shepherd,Art,,,"Art, Set Dresser",,,,,,,,,
4174885,Matt Woodard,Crew,,,,"Crew, Stand In",,,,,,,,
4188421,Matty Schacter,Acting,,,,,,,,,"Acting, Actor, Under One Roof Kid",,,
3322109,Maurey Marston,Acting,,,"Acting, Actor, Julia's Dad",,,,,,,,,
4188519,Max Beristain,Acting,,,,,,,,,"Acting, Actor, Fat Bernie's Pinball Crowd",,,
2719963,Max Bostic,Art,,,,,,,,,"Art, Set Dresser","Art, Set Dresser",,
175600,Max Daniels,Crew,,"Crew, Stunts",,,,,,,,,,
1548678,Max E. Brehme,Art,,,,"Art, Leadman",,,,,,,,
1521075,Max Mitchell,Acting,,,,,,,,,"Acting, Actor, William",,,
4188550,Max Scott,Acting,,,,,,,,,"Acting, Actor, Fat Bernie's Pinball Crowd",,,
52792,Maya Rudolph,Acting,,,,,,,"Acting, Actor, Petunia Leeway",,"Acting, Actor, Gale","Crew, Thanks",,
2012914,May Mitchell,Art,,,,,,,,,,"Art, Art Direction",,
82988,Meagen Fay,Acting,,,"Acting, Actor, Dr. Diane",,,,,,,,,
1027025,Megan Ellison,Production,,,,,,"Production, Producer",,"Production, Producer",,,,
4188415,Megan Kelley,Acting,,,,,,,,,"Acting, Actor, Under One Roof Kid",,,
3256763,Megan Rose Fox,Acting,,,,,,"Acting, Actor, Dancer",,,,,,
3235986,Megumi Anjo,Acting,,,,,,,,,"Acting, Actor, Kimiko",,,
1748182,Melanie A. Gage,Acting,,"Acting, Actor, Hot Traxx Dancer",,,,,,,,,,
4778,Melinda Dillon,Acting,,,"Acting, Actor, Rose Gator",,,,,,,,,
1324652,Melinda Sue Gordon,Camera,,,,,"Camera, Still Photographer",,,,"Camera, Still Photographer",,,
2195853,Melisa Uchida,Production,,,,"Production, Production Assistant",,,,,,,,
5707918,Melissa Dueñas,Acting,,,,,,,,,,"Acting, Actor, Sylvia",,
1444909,Melissa Yonkey,Costume & Make-Up,,,,,,,,,"Costume & Make-Up, Hair Assistant",,,
1458085,Melody Levy,Costume & Make-Up,,,,,,"Costume & Make-Up, Makeup Artist",,,,,,
4766,Melora Walters,Acting,"Acting, Actor, Jimmy's Girl","Acting, Actor, Jessie St. Vincent","Acting, Actor, Claudia Wilson Gator",,,"Acting, Actor, Band (Voice)",,,,,,
1172443,Merrick Morton,Camera,,,,,,,,,,"Camera, Still Photographer",,
1819401,Mia Bruno,Production,,,,,,,,,"Acting, Actor, Jerry Best Crew",,,
554035,Mia Weinberg,Acting,,,,"Acting, Actor, Gilda",,,,,,,,
3468326,Micah Lopez,Acting,,,,,,,,,,"Lighting, Additional Lighting Technician",,
999672,Michael Adams,Crew,,,"Crew, Stunts","Crew, Stunts",,,,,,,,
4961942,Michael Apperson,Camera,,,,,,,,,"Camera, Grip",,,
2494667,Michael Arnold,Crew,,,,,,,,,"Crew, Choreographer",,,
3769,Michael Ballhaus,Camera,,"Acting, Actor, Cameraman (uncredited)",,,,,,,,,,
1435657,Michael Bauman,Camera,,,,,,"Lighting, Chief Lighting Technician","Lighting, Chief Lighting Technician","Lighting, Chief Lighting Technician | Crew, Lighting Camera","Camera, Director of Photography","Camera, Director of Photography",,
3262952,Michael Blair,Crew,,"Crew, Propmaker",,,,,,,,,,
2234,Michael Bowen,Acting,,,"Acting, Actor, Rick Spector",,,,,,,,,
1463405,Michael Clarke,Crew,,,"Crew, Special Effects",,,,,,,,,
1798968,Michael Cotter,Acting,,,,,,,"Acting, Actor, Rhus Frothingham",,,,,
4767,Michael De Luca,Production,,"Production, Co-Executive Producer","Production, Executive Producer",,,,,,"Crew, Thanks","Crew, Thanks",,
3251214,Michael G. Riba,Camera,"Camera, First Assistant Camera","Camera, First Assistant Camera","Camera, First Assistant Camera",,,,,,,,,
2142505,Michael Glaser,Production,,,,,,,,,"Production, Location Manager",,,
1401105,Michael Gleason,Crew,,,"Crew, Visual Effects Editor",,,,,,,,,
136008,Michael Haight,Sound,,,"Sound, Dialogue Editor",,,,,,,,,
1378226,Michael Herbick,Sound,,,"Sound, Sound Re-Recording Mixer",,,,,,,,,
1689926,Michael Immel,Acting,,,,"Acting, Actor, Man on Plane",,,,,,,,
3188112,Michael J. Pierce,Production,"Crew, Set Production Assistant",,,,,,,,,,,
1336045,Michael J. Rowe,Acting,"Acting, Actor, Pit Boss",,,,,,,,,,,
46921,Michael Jace,Acting,,"Acting, Actor, Jerome",,,,,,,,,,
1777235,Michael Jay,Sound,,,,"Sound, Music Editor",,,,,,,,
1717518,Michael Kenner,Camera,,,,,,"Camera, Key Grip",,,,,,
39390,Michael Kenneth Williams,Acting,,,,,,,"Acting, Actor, Tariq Khalil",,,,,
957804,Michael Krantz,Art,"Art, Art Direction",,,,,,,,,,,
93258,Michael Lantieri,Visual Effects,,,,,,"Crew, Special Effects Coordinator",,,,,,
1091366,Michael Laren,Acting,,,"Acting, Actor, Officer Tom 1958 (uncredited)",,,,,,,,,
1934824,Michael Lee Phillips Jr.,Directing,,"Crew, Set Production Assistant","Acting, Actor, Mackey Disciple in Middle | Crew, Set Production Assistant","Production, Key Set Production Assistant",,,,,,,,
2533396,Michael Lemass,Sound,,,,"Crew, Intern",,,,,,,,
2537763,Michael Leonard,Art,,,,,,"Art, Set Dresser",,,,,,
1524222,Michael Lyon,Lighting,,,,,,,,,"Lighting, Lighting Technician","Lighting, Lighting Technician",,
4028265,Michael Melvin,Lighting,"Lighting, Electrician",,,,,,,,,,,
4776,Michael Murphy,Acting,,,"Acting, Actor, Alan Kligman, Esq.",,,,,,,,,
3063800,Michael Murray Jr.,Art,,,,,,,"Art, Set Dresser",,,,,
92500,Michael Owen,Crew,,"Crew, Stunts",,,,,,,,,,
4174799,Michael P. Walsh,Crew,,,,"Crew, Driver",,,,,,,,
40468,Michael Penn,Sound,"Sound, Original Music Composer","Acting, Actor, Nick the Engineer | Sound, Original Music Composer",,,,,,,,,,
3290363,Michael R. Marquette,Camera,,,"Camera, First Assistant Camera",,,,,,,,,
1748174,Michael Raye Smith,Acting,,"Acting, Actor, Surfer Punk",,,,,,,,,,
4188277,Michael Ryan Burns,Lighting,,,,,,"Lighting, Electrician",,,,,,
1748175,Michael S. Stencil,Acting,"Crew, Scenic Artist","Acting, Actor, Surfer Punk",,,,,,,,,,
2821291,Michael Schultz,Crew,,"Crew, Catering",,,,,,,,,,
1378828,Michael Semanick,Sound,,,"Sound, Sound Re-Recording Mixer","Sound, Sound Re-Recording Mixer","Sound, Sound Re-Recording Mixer","Sound, Sound Re-Recording Mixer",,,,,,
9291,Michael Shamus Wiles,Acting,,,"Acting, Actor, Captain Muffy",,,,,,,,,
388569,Michael Stein,Acting,,"Acting, Actor, Stereo Customer",,,,,,,,,,
2589987,Michael Stevenson,Acting,,,,,,,,"Acting, Actor, MC, New Year's Eve Party",,,,
4028309,Michael T. Shultz,Crew,"Crew, Catering",,,,,,,,,,,
3261443,Michael Tappan,Production,,"Production, Assistant Unit Manager",,,,,,,,,,
1129481,Michael Tolochko,Lighting,,,,,,"Lighting, Electrician","Lighting, Assistant Chief Lighting Technician",,"Lighting, Lighting Technician",,,
2012416,Michael Van Eps,Visual Effects,,,"Visual Effects, Rotoscoping Artist",,,,,,,,,
2047529,Michael Wesley,Production,,,,,,,,,,"Production, Location Manager",,
1586940,Michele Short,Production,,,"Production, Casting Assistant",,,,,,,,,
1525955,Michelle Elaine Teague,Costume & Make-Up,,,,,"Costume & Make-Up, Costumer",,,,,,,
4174713,Michelle Morgan,Camera,,,,"Camera, Camera Loader",,,,,,,,
4028687,Michelle Motta,Visual Effects,,,"Visual Effects, Visual Effects",,,,,,,,,
1703013,Mick Cummings,Art,,,,"Art, Set Dressing Buyer",,,,,,,,
1122560,Mickey Giacomazzi,Crew,,,,"Crew, Utility Stunts",,,,,,"Acting, Actor, Deandra's Van Driver | Crew, Stunts",,
1945089,Mick Giacchino,Sound,,,,,,,,,"Acting, Actor, Fat Bernie's Pinball Crowd",,,
31465,Mick Strawn,Art,,"Crew, Special Effects",,,,,,,,,,
1432042,Micky Froehlich,Camera,,,,,,,,,,"Camera, Additional Camera",,
3421167,Miguel Lequericabeascoa,Art,,,,,,,,,,"Art, Additional Set Dresser",,
34840,Miguel Pérez,Acting,,,"Acting, Actor, Avi Solomon",,,,,,,,,
52981,Mihai Malaimare Jr.,Camera,,,,,,"Camera, Director of Photography",,,,,,
1414537,Miia Kovero,Costume & Make-Up,,,,,,"Costume & Make-Up, Hair Department Head","Costume & Make-Up, Hair Department Head",,,,,
2045382,Mike Bonnaud,Lighting,,,,,,"Lighting, Best Boy Electrician","Lighting, Rigging Gaffer",,,,,
2023126,Mike Booth,Lighting,"Lighting, Electrician",,,,,,,,,,,
2115859,Mike Clark,Crew,"Crew, Driver",,,,,,,,,,,
4173984,Mike D. Stevens,Acting,,,,"Acting, Actor, Mike D.",,,,,,,,
1795426,Mike Gerzevitz,Lighting,,,,,,,,,"Lighting, Additional Lighting Technician",,,
5718982,Mike Griffin,Editing,,,,,,,,,,"Editing, Dailies Operator",,
131413,Mike Gunther,Crew,,"Acting, Actor, Surfer Punk",,,,,,,,,,
13142,Mike Helbig,Art,,,,,,"Art, Set Dresser",,,,,,
1149894,Mike Howard,Acting,,,,,,"Acting, Actor, Rorschach Doctor",,,,,,
1393339,Mike Justus,Crew,,,,,"Crew, Stunts",,,,,,,
1530091,Mike Massa,Crew,,,"Acting, Actor, Paramedic #2 | Crew, Stunts",,,,,,,,,
2733868,Mike McKee,Acting,,,,,,,,,"Crew, Stunt Driver",,,
3029650,Mike Painter,Production,,,,,,,,,"Crew, Transportation Coordinator",,,
1688590,Mike Reiber,Art,,,"Art, Standby Painter","Art, Standby Painter",,,,,,,,
4961953,Mike Roe,Lighting,,,,,,,,,"Lighting, Rigging Grip",,,
1435655,Mike Smith,Crew,,"Crew, Stunts",,,,,,,,,,
1965874,Mike Sowa,Editing,"Editing, Digital Color Timer",,,,,,,,"Editing, Digital Intermediate Colorist",,,
3334749,Milo Herschlag,Acting,,,,,,,,,"Acting, Actor, Greg Valentine",,,
158664,Mimi Cozzens,Acting,,,,,,"Acting, Actor, Chi Chi Crawford",,,,,,
4028240,Min D. Siegel,Art,"Art, Art Department Coordinator",,,,,,,,,,,
2262170,Mindy Bee,Camera,,,"Camera, Assistant Camera",,,,,,,,,
2298988,Ming Qiu,Crew,,,,,,,,,,"Crew, Stunts",,
1759316,Minnie Duerr,Production,,"Production, First Assistant Accountant",,,,,,,,,,
4188400,Minnie Ida Anderson,Acting,,,,,,,"Crew, Thanks",,"Acting, Actor, Under One Roof Kid","Crew, Thanks",,
6199,Miriam Margolyes,Acting,,,"Acting, Actor, Faye Barringer (uncredited)",,,,,,,,,
1748153,Missy Spell Tanner,Acting,,"Acting, Actor, Becky's Girlfriend","Acting, Actor, Dentist Nurse #2",,,,,,,,,
1748191,Misty Tamburelli,Acting,,"Acting, Actor, Girl in Red Dress (uncredited)",,,,,,,,,,
1789590,Mitchell Holder,Art,,,,,,,,"Art, Set Dresser",,,,
1323092,Mitchell Ray Kenney,Costume & Make-Up,,,,,,,,,,"Costume & Make-Up, Costume Supervisor",,
1733132,Mo Henry,Editing,,,,,,,"Editing, Negative Cutter",,"Editing, Negative Cutter",,,
70472,Monica Anderson,Editing,,,"Editing, First Assistant Editor",,,,,,,,,
589961,Monty L. Simons,Crew,,,,,,,"Crew, Stunts",,,,,
122504,Morgan Benoit,Acting,,,,,,,,,,"Crew, Stunts",,
3808398,Morgan Lindsey Price,Art,,,,,,,,,"Art, Assistant Art Director",,,
3334740,Moti Haim,Acting,,,,,,,,,"Acting, Actor, Moti Kane",,,
4174824,Moumen ElHajji,Crew,,,,"Crew, Chef",,,,,,,,
1531865,Myke Schwartz,Crew,,,,,"Crew, Stunt Coordinator","Crew, Stunts | Crew, Stunt Coordinator","Crew, Stunt Coordinator",,,,,
5727579,Mykhailo Tymoshenko,Visual Effects,,,,,,,,,,"Visual Effects, Digital Compositor",,
4188211,Myrna De Dios,Acting,,,,,,"Acting, Actor, Angry Filipino Woman",,,,,,
1428841,Myron Baker,Costume & Make-Up,,,,,,"Costume & Make-Up, Costumer",,,,,,
4028287,Nan Baker,Production,"Production, Production Assistant",,,,,,,,,,,
4188357,Nancy Cornwell,Acting,,,,,,,,,"Acting, Actor, Grant High School Student",,,
958214,Nancy Deren,Art,"Art, Production Design",,,,,,,,,,,
3322108,Nancy Marston,Acting,,,"Acting, Actor, Julia's Mom",,,,,,,,,
1841940,Nancy Reid,Production,,,,"Production, Production Coordinator",,,,,,,,
1038621,Napoleon Ryan,Acting,,,,,,"Acting, Actor, Pub Customer",,,,,,
1894583,Nashon Petrushkin,Art,,,"Art, Set Dresser",,,,,,,,,
3118530,Natalia Becerril,Acting,,,,,,,,,"Acting, Actor, Latin Lady (uncredited)",,,
1887202,Natalie Elizabeth Marston,Acting,,,"Acting, Actor, Julia",,,,,,,,,
2908329,Natalie Hierons,Crew,,,,,,,,"Crew, Prop Maker",,,,
3029979,Nate Mann,Acting,,,,,,,,,"Acting, Actor, Brian",,,
1336042,Nathanael Cooper,Acting,"Acting, Actor, Restroom Attendant",,,,,,,,,,,
1897888,Nathan Hathaway,Lighting,,,,"Lighting, Assistant Chief Lighting Technician",,,,,,,,
5717387,Nathan Hickman,Crew,,,,,,,,,,"Crew, Transportation Captain",,
3118531,Nathan M. Hadden,Acting,,,,,,,,,"Acting, Actor, Tail o' the Cock Valet | Production, Production Assistant",,,
1748185,Nathan Prevost,Acting,,"Acting, Actor, Hot Traxx Dancer",,,,,,,,,,
237383,Nathan Stevens,Acting,,,,"Acting, Actor, Nate",,,,,,,,
2673334,Nathan Sweet,Lighting,"Camera, Grip",,,,,,,,,,,
4138419,Neil Fleischbein,Camera,,,,"Camera, Grip",,,,,,,,
43776,Neil Flynn,Acting,,,"Acting, Actor, Stanley Berry",,,,,,,,,
58538,Neil Pepe,Acting,,,"Acting, Actor, Officer #1",,,,,,,,,
1598765,Nellie Adami,Production,,,"Production, Assistant Production Coordinator",,,,,,,,,
5493562,Nelson Nguyen,Lighting,,,,,,,,,,"Production, Data Management Technician",,
2200035,Ngoli Vukani Nyirenda,Lighting,,"Lighting, Electrician",,,,,,,,,,
5707923,Nia Leon,Acting,,,,,,,,,,"Acting, Actor, Baby Charlene",,
3063843,Nicholas Kirsten,Camera,,,,,,"Camera, Grip","Camera, Grip",,,,,
1977050,Nicholas Mander,Acting,,,,,,,,"Acting, Actor, Lord Baltimore",,,,
1789912,Nicholas Rymond,Art,,,,,,,,,"Art, Set Dresser","Art, Set Dresser",,
3259320,Nick Arnds,Camera,,"Camera, Grip",,,,,,,,,,
2589976,Nick Ashley,Acting,,,,,,,,"Acting, Actor, Charles Gayford",,,,
1832416,Nick Beaird,Camera,,,"Camera, Grip",,,,,,"Camera, Additional Grip",,,
4188527,Nick Cohen,Acting,,,,,,,,,"Acting, Actor, Fat Bernie's Pinball Crowd",,,
1723635,Nick de Graffenreid,Acting,,,,,,,"Acting, Actor, Patient (uncredited)",,,,,
2910975,Nick Docter,Sound,,,,,,,,,"Sound, Foley Editor",,,
74615,Nicole Ari Parker,Acting,,"Acting, Actor, Becky Barnett",,,,,,,,,,
554034,Nicole Gelbard,Acting,,,,"Acting, Actor, Nicole",,,,,,,,
4677088,Nicole Gold,Art,,,,,,,,,,"Art, Set Dressing Buyer",,
5707929,Nicole J. Sunseri,Acting,,,,,,,,,,"Acting, Actor, Witness Protection Officer",,
3261436,Nicole Sarrocco,Production,,"Production, Accounting Clerk Assistant",,,,,,,,,,
1457917,Nico Woulard,Crew,,,,,,,,,,"Crew, Stunts",,
2589974,Niki Angus-Campbell,Acting,,,,,,,,"Acting, Actor, Young Fan",,,,
2076926,Nikola Ristić,Lighting,,,"Lighting, Electrician",,,,,,,,,
3261450,Nina Grossman,Production,,"Production, Producer's Assistant",,,,,,,,,,
74252,Nina Hartley,Acting,,"Acting, Actor, Little Bill's Wife",,,,,,,,,,
2482995,Noel Leonard,Costume & Make-Up,,,,,,"Costume & Make-Up, Costumer",,,,,,
1399864,Nordin Rahhali,Visual Effects,,,,,,"Crew, CG Supervisor",,,,,,
1463823,Norman Ludwin,Sound,,,"Sound, Musician",,,,,,,,,
4331395,Nuekellar Hardy,Directing,,,,,,,,,,"Directing, Additional Second Assistant Director",,
1391327,Oakley Lehman,Crew,,,,,,,,,,"Crew, Stunts",,
1547229,Olga Ishkhanova,Costume & Make-Up,,"Costume & Make-Up, Seamstress",,,,,,,,,,
4188417,Olive Monkarsh,Acting,,,,,,,,,"Acting, Actor, Under One Roof Kid",,,
2148802,Oliver Atherton,Visual Effects,,,,,,,,,,"Visual Effects, Visual Effects Supervisor",,
3081943,Oliver Coates,Sound,,,,,,,,"Sound, Musician",,,,
3054555,Olivia Ferguson,Art,,,,,,,,,,"Art, Assistant Art Director",,
4188225,Olivia Rosemarie Barham,Acting,,,,,,"Acting, Actor, Pub Customer",,,,,,
5717280,Olivia Somner,Crew,,,,,,,,,,"Crew, Thanks",,
5421118,Omar Khattab,Camera,,,,,,,,,,"Acting, Actor, Principal | Crew, Thanks",,
obaa,One Battle After Another,Film,,,,,,,,,,,2025,https://ptannotated.com/one-battle-after-another.html
18270,Orlando Jones,Acting,,,"Acting, Actor, Worm",,,,,,,,,
2012410,Orlando Orona,Camera,,,,,,"Camera, Grip",,,,,,
1883562,Osamu Saito,Acting,,,,,,,"Acting, Actor, Japanese Waiter (uncredited)",,,,,
5707921,Otillia Gupta,Acting,,,,,,,,,,"Acting, Actor, Newborn Baby Charlene",,
4607,Ousaun Elam,Crew,,,"Crew, Stunts",,,,,,,,,
887,Owen Wilson,Acting,,,,,,,"Acting, Actor, Coy Harlingen",,,,,
1745321,P.K. MacCarthy,Art,,,,"Art, Storyboard Artist",,,,,,,,
83072,P. Scott Bailey,Art,,,"Art, Props","Art, Leadman",,,,,,,,
3259771,Pablo Nantas,Costume & Make-Up,,"Costume & Make-Up, Tailor","Costume & Make-Up, Tailor",,,,,,,,,
2581752,Paige Locke,Acting,,,,,,,,,"Acting, Actor, Fair Goer (uncredited)",,,
5378,Pamela Abdy,Production,,,,,,,,,"Crew, Thanks","Crew, Thanks",,
5708267,Pamela Limbaugh-Brouhard,Acting,,,,,,,,,,"Acting, Actor, Hospital Nurse",,
4446125,Pat Carr,Camera,,,,,,,,,,"Camera, Grip",,
4174781,Pat Cosentino,Crew,,,,"Crew, Driver",,,,,,,,
60846,Pat Healy,Acting,,,"Acting, Actor, Sir Edmund William Godfrey / Young Pharmacy Kid",,,,,,,,,
1634733,Patricia Blau,Visual Effects,,,"Visual Effects, Visual Effects",,,,,,,,,
1417399,Patricia DeHaney,Costume & Make-Up,,,,,,,"Costume & Make-Up, Key Hair Stylist",,,,,
1652791,Patricia Forte,Acting,,"Acting, Actor, Teacher","Acting, Actor, Mim",,,,,,,,,
5511163,Patricia Peña,Acting,,,,,,,,,,"Crew, Thanks",,
5560618,Patricia Ridgely-Storm,Acting,,,,,,,,,,"Acting, Actor, Alice More",,
189160,Patricia Scanlon,Acting,,,"Acting, Actor, Cocktail Waitress",,,,,,,,,
4188387,Patrick Aranda,Acting,,,,,,,,,"Acting, Actor, Tail o' the Cock Pianist",,,
131933,Patrick Hoelck,Production,,,,,,,,,"Acting, Actor, Tiny Toes Photographer",,,
1341763,Patrick J. Statham,Crew,,,,,,"Crew, Stunts",,,,,,
3118535,Patrick Salway,Acting,,,,,,,,,"Acting, Actor, Pinball Kid (uncredited)",,,
2371881,Patrick Warren,Sound,"Sound, Musician",,"Acting, Actor, Todd Geronimo",,,,,,,,,
4188190,Patrick Wilder,Acting,,,,,,"Acting, Actor, V.A. Patient",,,,,,
10872,Patton Oswalt,Acting,,,"Acting, Actor, Delmer Darion",,,,,,,,,
125026,Patty McCormack,Acting,,,,,,"Acting, Actor, Mildred Drummond",,,,,,
85960,Paula Fairfield,Sound,"Sound, Sound Effects Editor",,,,,,,,,,,
1547313,Paula Suhy,Editing,,,,,,"Editing, First Assistant Editor",,"Editing, First Assistant Editor",,,,
1965915,Paul Avery,Lighting,,,"Lighting, Electrician",,,,,,,,,
4188297,Paul Black,Costume & Make-Up,,,,,,"Costume & Make-Up, Costumer",,,,,,
3034897,Paul Boucher,Art,,,,,,,,,"Art, Set Dresser","Art, Set Dresser",,
1340145,Paul Butch Kitchen,Art,,,,,,,,,,"Art, Assistant Property Master",,
1395276,Paul C. Babin,Camera,,,"Camera, Camera Operator",,,,,,,,,
17142,Paul Dano,Acting,,,,,"Acting, Actor, Paul Sunday / Eli Sunday",,,,,,,
1331794,Paul E. Short,Crew,,,,,,"Crew, Stunts",,,,,,
1594923,Paul E. Stroh,Crew,,,,,,,"Crew, Transportation Coordinator",,"Crew, Transportation Coordinator","Crew, Transportation Coordinator",,
1737945,Paul Eliopoulos,Crew,,,,,,,,,,"Crew, Stunts",,
8939,Paul Engelen,Costume & Make-Up,,,,,,,,"Costume & Make-Up, Makeup Designer",,,,
1219029,Paul F. Tompkins,Acting,,,"Acting, Actor, Chad (Seduce & Destroy) (voice)",,"Acting, Actor, Prescott",,,,,,,
4188473,Paul Gough,Acting,,,,,,,,,"Acting, Actor, Tail o' the Cock Patron","Production, Other",,
1373433,Paul Graff,Visual Effects,,,,,"Visual Effects, Visual Effects Supervisor",,"Visual Effects, Visual Effects Supervisor",,,,,
1415488,Paul Griffin,Visual Effects,,,"Visual Effects, Animation Supervisor",,,,,,,,,
239580,Paul Grimstad,Sound,,,,,,,,,,"Acting, Actor, Sommerville",,
1939955,Paul Huggett,Acting,,,"Crew, Driver",,,,,,,,,
1777378,Pauline Moriarty,Acting,,,,,,,,"Acting, Actor, Minetta",,,,
1644474,Paul M. Lane,Crew,,,,"Crew, Stunts",,,,,,,,
1842145,Paul Mugavero,Art,,,,,,,,,,"Art, Set Dresser",,
2908320,Paul Paintin,Costume & Make-Up,,,,,,,,"Costume & Make-Up, Makeup Artist",,,,
1463343,Paul Penley,Art,,,,,,,,,,"Art, Set Dresser",,
1647465,Paul Prokop,Crew,,"Crew, Production Controller","Crew, Production Controller",,,,,,,,,
67695,Paul Rabjohns,Sound,,,"Sound, Music Editor",,"Sound, Music Editor",,,,,,,
4028909,Paul Real,Production,,,"Production, Second Assistant Accountant",,,,,,,,,
2274724,Paul Sklar,Crew,,,,,"Crew, Stunts",,,,,,,
1789591,Paul Stewart,Art,,,,,,,,"Art, Property Master",,,,
5717384,Paul Stuart,Crew,,,,,,,,,,"Crew, Transportation Captain",,
4762,Paul Thomas Anderson,Directing,"Directing, Director | Writing, Writer","Directing, Director | Production, Producer | Writing, Writer","Acting, Actor, Man Confiscating Sign (uncredited) | Directing, Director | Production, Producer | Writing, Writer","Directing, Director | Production, Producer | Writing, Writer","Production, Producer | Directing, Director | Writing, Writer","Directing, Director | Writing, Writer | Production, Producer","Directing, Director | Production, Producer | Writing, Writer","Directing, Director | Writing, Writer | Production, Producer | Camera, Director of Photography","Camera, Director of Photography | Writing, Writer | Directing, Director | Production, Producer","Directing, Director | Writing, Writer | Production, Producer",,
1435638,Pavy Olivarez,Costume & Make-Up,,,,,,,,,"Costume & Make-Up, Hair Assistant",,,
3372842,Pearl Minnie Anderson,Acting,,,,,,,"Crew, Thanks",,"Acting, Actor, Sharon","Acting, Actor, Sister Coco | Crew, Thanks",,
2061749,Peggy Names,Sound,,,,"Sound, Utility Sound",,,,,,,,
4173990,Peggy Nichols,Costume & Make-Up,,,,"Costume & Make-Up, Key Makeup Artist",,,,,,,,
2510168,Peggy Teague,Costume & Make-Up,,,"Costume & Make-Up, Makeup Artist",,,,,,,,,
3259841,Penny Gillman,Production,,"Production, Payroll Accountant",,,,,,,,,,
1938922,Pernilla Nylander,Acting,,,,,,,,,"Costume & Make-Up, Costume Assistant",,,
4445622,Pete Chiappetta,Production,,,,,,,,,,"Production, Executive Producer",,
1883517,Peter Bonilla,Acting,,,,,,,"Acting, Actor, Police Officer (uncredited)",,,,,
1336046,Peter D'Allesandro,Acting,"Acting, Actor, Bartender",,,,,,,,,,,
1429530,Peter Halbert,Sound,,"Sound, Boom Operator",,,,,,,,,,
1384725,Peter Heslop,Production,,,,,,,,"Production, Executive Producer",,,,
1769211,Peter Kersey,Crew,,,,,,,,"Crew, Special Effects Technician",,,,
223239,Peter Kurland,Sound,,,,"Sound, Production Sound Mixer",,,,,,,,
1046115,Peter McNulty,Editing,,,,,,"Editing, Editor",,,,,,
19489,Peter McRobbie,Acting,,,,,,,"Acting, Actor, Adrian Prussia",,,,,
1713268,Peter N. Brown,Art,,,,,,,,"Art, Construction Manager",,,,
5707925,Peter N. Lyas III,Acting,,,,,,,,,,"Acting, Actor, Bank Security Guard",,
1411293,Peter Sorel,Camera,,,"Camera, Still Photographer",,,,,,,,,
5708207,Peter Sutherland,Acting,,,,,,,,,,"Acting, Actor, Military Man",,
5727574,Petko Petkov,Visual Effects,,,,,,,,,,"Visual Effects, Digital Compositor",,
phan,Phantom Thread,Film,,,,,,,,,,,2017,https://ptannotated.com/phantom-thread.html
404895,Phil Benson,Sound,,,,"Sound, Supervising Sound Editor",,,,,,,,
4188386,Phil Bray,Acting,,,,,,"Camera, Still Photographer",,,"Acting, Actor, Don the Bartender",,,
237920,Phil Culotta,Crew,,,"Crew, Stunts",,,,,,,,,
94561,Phil Hawn,Acting,,,"Acting, Actor, Bob (uncredited)",,,,,,,,,
1552188,Phil Hetos,Editing,"Editing, Color Timer","Editing, Color Timer","Editing, Color Timer","Editing, Color Timer",,,,,,,,
4492,Philip Baker Hall,Acting,"Acting, Actor, Sydney","Acting, Actor, Floyd Gondolli","Acting, Actor, Jimmy Gator",,,,,,,,,
3281496,Philip Cheyenne Ali,Art,,"Art, Painter",,,,,,,,,,
1220056,Philip Franks,Acting,,,,,,,,"Acting, Actor, Peter Martin",,,,
1777030,Philip Roosevelt,Acting,,,,,,,"Acting, Actor, Hippie in Commune (uncredited)",,,,,
1233,Philip Seymour Hoffman,Acting,"Acting, Actor, Young Craps Player","Acting, Actor, Scotty J.","Acting, Actor, Phil Parma","Acting, Actor, Dean Trumbell",,"Acting, Actor, Lancaster Dodd",,,,,,
4961973,Phillip Y. Laymon,Crew,,,,,,,,,"Crew, Propmaker",,,
4087755,Phil Shelly,Acting,,,,,"Acting, Actor, Plainview Servant",,,,,,,
1418542,Phyllis MacMahon,Acting,,,,,,,,"Acting, Actor, Tippy",,,,
5483715,Piers Larchet,Visual Effects,,,,,,,,,,"Visual Effects, Digital Compositor",,
4028507,Pilo Silva,Art,,,"Art, Greensman",,,,,,,,,
1924651,Prell Charusanti,Costume & Make-Up,,,,,,,,,,"Costume & Make-Up, Makeup Artist",,
36060,Price Carson,Acting,,,,,,"Acting, Actor, V.A. Doctor",,,,,,
punc,Punch-Drunk Love,Film,,,,,,,,,,,2002,https://ptannotated.com/punch-drunk-love.html
5708195,Quentin L. Carter,Acting,,,,,,,,,,"Acting, Actor, Soldier",,
2193904,Quinn Grove,Lighting,,,,,,,,,,"Camera, Best Boy Grip",,
2241233,Quinn Yarbrough,Art,,,"Art, Set Dresser",,,,,,,,,
2971714,Quint Gabriel,Acting,,,,,,"Acting, Actor, U.K Student",,,,,,
2150323,R. Michael Bisetti,Crew,,,"Crew, Special Effects",,,,,,,,,
1536631,R. Michael De Chellis,Lighting,,,"Lighting, Best Boy Electric",,,,,,,,,
2252504,R. Scott Goodrich,Camera,,,,"Camera, Second Assistant Camera",,,,,,,,
2695425,Rachel Berry,Visual Effects,,,,,,,"Visual Effects, Visual Effects Producer",,,,,
3704789,Rachel Schroeder,Sound,,,,,,,,,,"Sound, Utility Sound",,
2632949,Rafael Sanz,Directing,,,,,,,,,,"Directing, Second Second Assistant Director",,
17838,Rami Malek,Acting,,,,,,"Acting, Actor, Clark",,,,,,
164652,Randall Carver,Acting,,,,,"Acting, Actor, Mr. Bankside",,,,,,,
1274309,Randy K. Singer,Sound,,,,,"Sound, Foley Mixer",,,,,,,
4763101,Randy Krohmer,Crew,,,,,,,,,,"Visual Effects, Pyrotechnic Supervisor",,
2097572,Randy Syracuse,Art,,,,,,,,,"Art, Construction Coordinator","Art, Construction Coordinator",,
1656863,Ray Chase,Acting,,,,,,,,,"Acting, Actor, B. Mitch Reed",,,
2844138,Ray Gabriel,Crew,,,"Crew, Stunts",,,,,,,,,
4028382,Raymond 'Big Guy' Gonzales,Acting,,,"Acting, Actor, Reno Security Guard",,,,,,,,,
2005419,Raymond Gonzales,Lighting,,,"Lighting, Electrician",,,,,,,,,
1748155,Raymond Laboriel,Acting,,"Acting, Actor, Becky's Girlfriend's Friend",,,,,,,,,,
60960,Ray Nicholson,Acting,,,,,,,,,"Acting, Actor, Ray",,,
368,Reese Witherspoon,Acting,,,,,,,"Acting, Actor, Deputy D.A. Penny Kimball",,,,,
35705,Regina Hall,Acting,,,,,,,,,,"Acting, Actor, Deandra",,
4188477,Reina Reyes,Acting,,,,,,,,,"Acting, Actor, Tail o' the Cock Patron","Crew, Thanks",,
1336051,Renee Breen,Acting,"Acting, Actor, Bride",,,,,,,,,,,
4188455,Renee Flanagan,Acting,,,,,,,,,"Acting, Actor, Fat Bernie's Waterbed Customer",,,
90042,Rene Mousseux,Crew,,,,,,,,,,"Crew, Stunts",,
1531529,Rex Reddick,Crew,,,,"Crew, Stunts",,"Crew, Stunts",,,,"Crew, Stunts",,
173146,Richard 'Rick' Partlow,Sound,,"Sound, Foley Artist",,,,,,,,,,
4141193,Richard Akerson,Editing,,,,,,,,,,"Crew, Thanks",,
1542318,Richard B. Larimore,Sound,,,,,,,,,"Acting, Actor, Golfer (uncredited)",,,
1691971,Richard Burden,Crew,,,"Crew, Stunts",,,,,,,"Crew, Stunts",,
2110467,Richard Chaim,Sound,,"Sound, Sound Designer",,,,,,,,,,
1463307,Richard Crain,Acting,,,,"Art, Construction Foreman",,,,,,,,
1554369,Richard Crompton,Camera,,,,"Lighting, Rigging Grip",,,,,,,,
1771760,Richard Epper,Crew,,,,,,,,,,"Crew, Stunts",,
1858338,Richard F. Anderson,Art,,,"Art, Set Dresser",,,,,,,,,
26863,Richard Graham,Acting,,,,,,,,"Acting, Actor, George Riley, News of the World",,,,
158126,Richard Gross,Acting,"Acting, Actor, Floorman",,,,,,,,,,,
1550603,Richard Hartley,Lighting,,,,"Lighting, Rigging Gaffer",,,,,,,,
4174789,Richard Jones,Crew,,,,"Crew, Driver",,,,,,,,
1341403,Richard King,Sound,"Sound, Sound Designer",,"Sound, Supervising Sound Editor | Sound, Sound Designer",,,,,,,,,
1589185,Richard L. Hill,Crew,,,"Crew, Special Effects",,,,,,,,,
1549637,Richard L. Thompson,Crew,,,"Crew, Special Effects",,,,,,,,,
3108827,Richard McConnell,Art,,"Crew, Propmaker","Crew, Propmaker","Art, Construction Coordinator",,,,,,,,
1745942,Richard Oswald,Directing,,,,,"Directing, Second Assistant Director",,,,,,,
1363080,Richard Oxford,Directing,,,,,,,,"Directing, Third Assistant Director",,,,
1389534,Richard Quinn,Sound,,,,,,,"Sound, Supervising Dialogue Editor","Sound, Supervising Dialogue Editor",,"Sound, Dialogue Editor",,
1536514,Richard Rudolph,Sound,,,,,,,,,"Acting, Actor, Tail o' the Cock Patron",,,
1791946,Rich King,Production,,"Production, Extras Casting",,,,,,,,,,
81687,Rick Avery,Crew,,,,,,,,,,"Crew, Stunts",,
2000503,Rick Baptist,Sound,"Sound, Musician",,,,,,,,,,,
90148,Rick Canelli,Sound,,,"Sound, ADR Recordist","Sound, ADR Recordist","Sound, ADR Recordist",,,,,,,
1548672,Rick Crum,Camera,,,,"Lighting, Electrician",,,,,,,,
4174786,Rick Fese Jr.,Crew,,,,"Crew, Driver",,,,,,,,
1463735,Rick Harris,Lighting,,,,"Lighting, Key Rigging Grip",,,,,,,,
562671,Rick Lamb,Camera,,,"Camera, Assistant Camera",,,,,,,,,
1217851,Rick Miller,Acting,,,,,,,"Crew, Stunts",,"Crew, Stunts | Crew, Stunts",,,
1533061,Rick Romer,Art,,,,"Art, Set Dresser",,,,,,,,
9569,Rick Seaman,Crew,,,"Crew, Stunts",,,,,,,,,
1714916,Rick Shuster,Crew,,,"Crew, Pilot",,,,,,,,,
1708344,Rick Stribling,Camera,"Camera, Key Grip",,,,,,,,,,,
10743,Ricky Jay,Acting,,"Acting, Actor, Kurt Longjohn","Acting, Actor, Burt Ramsey / Narrator",,,,,,,,,
30714,Rick Yorn,Production,,,,,,,,,,"Crew, Thanks",,
54428,Rico Bueno,Acting,,"Acting, Actor, Hot Traxx Waiter",,"Acting, Actor, Rico",,,,,,,,
1753324,Ric San Nicholas,Acting,,,"Crew, Special Effects","Crew, Special Effects",,,,,,,,
4188517,Riley Parker,Acting,,,,,,,,,"Acting, Actor, Annoying Pinball Kid",,,
1789765,Rio Noel Zumwalt,Camera,,,,,,,,,,"Camera, Second Assistant Camera",,
1610255,Rip Murray,Directing,"Directing, First Assistant Director",,,,,,,,,,,
1533066,Rita Troy,Costume & Make-Up,,,"Costume & Make-Up, Key Hair Stylist",,,,,,,,,
4188330,River Cornwell,Acting,,,,,,,,,"Acting, Actor, Cherry Bomb Kid",,,
2201527,Robbie Duncan,Art,,,,,,,,,,"Art, Property Master",,
1395902,Robby Baumgartner,Camera,,,,,"Lighting, Lighting Technician",,,,,,,
12609,Robert 'Boomer' McCann,Camera,,,,,,"Camera, Grip",,,,,,
1943015,Robert A. Preston,Camera,,,,"Camera, Best Boy Grip",,,,,,,,
4087724,Robert Arber,Acting,,,,,"Acting, Actor, Charlie Wrightsman",,,,,,,
1651209,Robert B. Dechellis,Lighting,,,,,,,,,"Lighting, Rigging Gaffer",,,
4087743,Robert Barge,Acting,,,,,"Acting, Actor, Bartender",,,,,,,
222658,Robert Bella,Directing,,,"Acting, Actor, Detective #2 (uncredited)",,,,,,,,,
5714302,Robert Brown,Crew,,,,,,,,,,"Crew, Stunts",,
4087732,Robert Caroline,Acting,,,,,"Acting, Actor, Oil Worker",,,,,,,
59874,Robert Downey Sr.,Directing,,"Acting, Actor, Burt, Studio Manager","Acting, Actor, WDKK Show Director",,,,,,"Crew, In Memory Of",,,
2950,Robert Elswit,Camera,"Camera, Director of Photography","Camera, Director of Photography","Camera, Director of Photography","Camera, Director of Photography","Camera, Director of Photography",,"Camera, Director of Photography",,,,,
4961932,Robert Garcia,Camera,,,,,,,,,"Camera, Grip",,,
4028495,Robert Hale,Art,,,"Art, Painter",,,,,,,,,
4087750,Robert Hills,Acting,,,,,"Acting, Actor, H.W.'s Interpreter",,,,,,,
1780484,Robert J. Babin,Camera,,,"Lighting, Rigging Grip",,,,,,,,,
1398118,Robert J. Carlyle,Art,,,"Art, Construction Coordinator",,,,,,,,,
1399996,Robert J. Litt,Sound,,,"Sound, Sound Re-Recording Mixer",,,,,,,,,
75380,Robert Jackson,Sound,,,,"Sound, Boom Operator",,,,,,,,
4584,Robert Jones,Production,"Production, Producer",,,,,,,,,,,
11419,Robert Kurtzman,Costume & Make-Up,,"Costume & Make-Up, Special Effects Makeup Artist",,,,,,,,,,
1534522,Robert L. Blatman,Camera,,,"Camera, Additional Director of Photography",,,,,,,,,
4174803,Robert L. Young,Crew,,,,"Crew, Driver",,,,,,,,
5397103,Robert Morse,Crew,,,,,,,,,"Crew, Thanks",,,
1538232,Robert Nagle,Crew,,,,,,,,,"Crew, Stunts","Crew, Stunts",,
4028605,Robert Newton,Crew,,,"Crew, Animatronic and Prosthetic Effects",,,,,,,,,
2699868,Robert Paulsen,Production,,,,"Production, Assistant Location Manager",,,,,,,,
1298706,Robert Peoples,Acting,,,,,,,"Acting, Actor, Patient (uncredited)",,,,,
25626,Robert Ridgely,Acting,"Acting, Actor, Keno Bar Manager","Acting, Actor, The Colonel James",,,,,,,,,,
5708264,Robert Sherock,Acting,,,,,,,,,,"Acting, Actor, Paddy Wagon Cop",,
53684,Robert Smigel,Acting,,,,"Acting, Actor, Walter the Dentist",,,,,,,,
4174714,Robert Stillman,Camera,,,,"Camera, Grip",,,,,,,,
1547330,Robert T. Chestnut,Crew,,,,,,"Crew, Transportation Captain","Crew, Transportation Co-Captain",,,,,
1548530,Robert Wilson,Costume & Make-Up,,,,"Crew, Driver",,"Costume & Make-Up, Hairstylist",,,,,,
1016909,Robert Ziegler,Sound,,,,,,,"Sound, Conductor",,,,,
4961969,Robin Evans,Production,,,,,,,,,"Production, Second Assistant Accountant",,,
1227173,Robin Harlan,Sound,,,,,"Sound, Foley Artist",,,,,,,
1401728,Robin Saxen,Visual Effects,,,"Visual Effects, Visual Effects Production Manager",,,,,,,,,
1748156,Robin Sharp,Acting,,"Acting, Actor, Awards Ceremony Band Member",,,,,,,,,,
4028232,Rob Lorentzen,Crew,"Crew, Carpenter",,,,,,,,,,,
3260336,Rob Montalbano,Crew,,"Crew, Set Production Assistant",,,,,,,,,,
4188199,Rodion Salnikov,Acting,,,,,,"Acting, Actor, Portrait Customer",,,,,,
155560,Rod McLachlan,Acting,,,"Acting, Actor, Daniel Hill",,,,,,,,,
1883561,Rodney J. Richards,Acting,,,,,,,"Acting, Actor, Adrian Prussia's Friend (uncredited)",,,,,
4532078,Roeg Sutherland,Crew,,,,,,,,,"Crew, Thanks",,,
1759243,Rogelio Camarillo,Acting,,,,,,,,,"Acting, Actor, Armand",,,
4028484,Roger Dudley,Crew,,,"Crew, Propmaker",,,,,,,,,
1111427,Rogerlyn Kanealii Wakinekona,Acting,,,,"Acting, Actor, Lena's Apartment Receptionist",,,,,,,,
3063971,Roger Shaide,Art,,,,,,"Art, Set Dresser",,,,,,
123471,Rohan Harris,Crew,,,,,,,,"Crew, Scenic Artist",,,,
4087745,Ronald Krut,Acting,,,,,"Acting, Actor, Standard Oil Man",,,,,,,
3261963,Ronald L. Myers,Crew,,"Crew, Special Effects",,,,,,,,,,
3071589,Ronald Linxwiler,Crew,,,,"Crew, Driver",,,,,,,,
4961962,Ronald M. Haynes,Production,,,,,,,,,"Production, Assistant Location Manager",,,
548430,Ron Bedrosian,Sound,,"Sound, Foley Mixer",,,,,,,,,,
5708274,Ron Bermudez Perea,Acting,,,,,,,,,,"Acting, Actor, Fruit Stand Primo",,
1719415,Ron Finn,Sound,,"Sound, Music Editor",,,,,,,,,,
1095994,Ron Judkins,Sound,,,,"Sound, Production Sound Mixer",,,,,,,,
1572873,Ronni Brown,Sound,,,,,,,,"Sound, Foley Artist",,,,
1656429,Ron Petruccione,Crew,,,"Crew, Special Effects",,,,,,,,,
3118595,Rosalie Sangenitto,Production,,,,,,,,,"Production, Production Assistant",,,
4888299,Ross Lasi Tanoai,Acting,,,,"Acting, Actor, Cab Driver",,,,,,,,
2908330,Rowan Laidlaw,Crew,,,,,,,,"Crew, Clearances Coordinator",,,,
1452643,Roxane Griffin,Costume & Make-Up,,,,,,,"Costume & Make-Up, Key Hair Stylist",,,,,
1463404,Roy K. Cancino,Crew,,,,,,,,,"Crew, Special Effects Coordinator",,,
1562241,Rudy Reachi,Art,,,,,,"Art, Assistant Property Master",,,,,,
1355526,Russell Anderson,Art,,,,,,,,,,"Art, Set Dresser",,
221082,Russell Harvard,Acting,,,,,"Acting, Actor, Adult H.W. Plainview",,,,,,,
1299194,Ruth De Jong,Art,,,,,"Production, Production Assistant","Art, Assistant Art Director","Art, Art Direction",,,,,
4174829,Ryan Alan Garvey,Crew,,,,"Crew, Assistant Chef",,,,,,,,
4188487,Ryan B. Young,Acting,,,,,,,,,"Acting, Actor, Tail o' the Cock Patron",,,
4845043,Ryan Bush,Art,,,,,,,,,,"Art, Additional Set Dresser",,
2805457,Ryan Creasy,Camera,,,,,,,,,"Camera, Second Assistant ""B"" Camera",,,
4188192,Ryan Curtis,Acting,,,,,,"Acting, Actor, V.A. Patient",,,,,,
4028291,Ryan Dabney,Crew,"Crew, Security",,,,,,,,,,,
2047170,Ryan DeVita-Loayza,Crew,,,,,,,,,,"Crew, Stunts",,
1790647,Ryan Happy,Crew,,,,,"Crew, Stunts",,,,,,,
1705236,Ryan Heffington,Crew,,,,,,,,,"Acting, Actor, Steve",,,
2895113,Ryan Steffen,Art,,,,,,,,,,"Art, Additional Set Dresser",,
4062456,Ryan Thuotte,Crew,,,,,,,,,,"Crew, Special Effects Technician",,
2347816,Ryan Watson,Art,,,,,,,,,"Art, Set Decoration",,,
4321689,Ryan Wilson,Art,,,,,,,,,,"Art, Set Dresser",,
1001547,Ryan Zacarias,Production,,,,,,,,,,"Crew, Thanks",,
4188198,Ryder Craig,Acting,,,,,,"Acting, Actor, Portrait Customer",,,,,,
2623076,Ryder Davis,Acting,,,,"Acting, Actor, Customer (uncredited)",,,,,,,,
1452644,Sacha Quarles,Costume & Make-Up,,,,,,,,,,"Costume & Make-Up, Hairstylist",,
5707916,Sachi Diserafino,Acting,,,,,,,,,,"Acting, Actor, R.A. Rippey",,
2116382,Sally Potters,Production,,,,,,,"Production, Assistant Production Coordinator",,"Production, Production Coordinator",,,
554029,Salvador Curiel,Acting,,,,"Acting, Actor, Sal",,,,,,,,
1849421,Samantha Englender,Art,,,,,,,,,"Art, Art Direction",,,
952336,Samantha Lemole,Acting,,,,,,,"Acting, Actor, Golden Fang Mother",,,,,
1547760,Samantha Waite,Production,,,,,,,,"Production, Unit Production Manager",,,,
1636865,Samantha Ward,Costume & Make-Up,,,,,,,,,,"Costume & Make-Up, Special Effects Makeup Artist",,
82125,Sam Hunter,Acting,,,,,,,,,,"Acting, Actor, Military Man",,
65727,Sam Jaeger,Acting,,,,,,,"Acting, Actor, Agent Flatweed",,,,,
1748146,Samson Barkhordarian,Acting,,"Acting, Actor, Hot Traxx Chef",,,,,,,,,,
1669139,Samson Neslund,Sound,,,,,,,,,"Sound, Sound Effects Editor",,,
1502378,Samuel Baca,Acting,,,,,,,,,,"Crew, Stunt Driver",,
1422866,Samuel J. Tell,Art,,,,,,,,,,"Art, Set Dressing Buyer",,
2231,Samuel L. Jackson,Acting,"Acting, Actor, Jimmy",,,,,,,,,,,
1049324,Samuel Lehmer,Sound,,"Sound, Sound Re-Recording Mixer",,,,,,,,,,
1840623,Sam Wayman,Lighting,,,,,,,,,,"Production, Data Management Technician",,
5708224,Sandra Iturbe,Acting,,,,,,,,,,"Acting, Actor, Reina",,
2172167,Sandra Montiel,Editing,,,,"Editing, First Assistant Editor",,,,,,,,
2785933,Sandrine Mugglestone,Costume & Make-Up,,,,,,,,"Costume & Make-Up, Makeup Artist",,,,
21674,Sandy Struth,Art,,"Art, Set Decoration",,,,,,,,,,
1852630,Sara Gardner-Gail,Art,,,,,,,,,,"Art, Set Dressing Buyer",,
3118589,Sarah Husein,Production,,,,,,,,,"Production, Production Assistant",,,
1278381,Sarah Klaren,Acting,,,,,,"Acting, Actor, Dancer",,,,,,
1695139,Sarah Lamesch,Acting,,,,,,,,"Acting, Actor, Steff",,,,
1360101,Sarah Monat,Sound,,,,,"Sound, Foley Artist",,,,,,,
2273659,Sarah Regan,Production,,,,,,,,,"Art, Standby Painter",,,
4188180,Sarah Shoshana David,Acting,,,,,,"Acting, Actor, V.A. Nurse",,,,,,
32984,Sarah Trevis,Production,,,,,,,,"Production, Casting Associate",,,,
1236222,Sara Murphy,Production,,,,,,,,,"Production, Producer","Production, Producer",,
47942,Sarita Allison,Costume & Make-Up,,,,,,,,"Costume & Make-Up, Makeup Artist",,,,
62168,Sasha Pieterse,Acting,,,,,,,"Acting, Actor, Japonica Fenway",,,,,
8700,Sasha Spielberg,Acting,,,,,,,,,"Acting, Actor, Tiny Toes Girl",,,
4188335,Savannah Ioakimedes,Acting,,,,,,,,,"Acting, Actor, Tiny Toes Girl",,,
4188452,Sawyer Conklin,Acting,,,,,,,,,"Acting, Actor, Fat Bernie's Waterbed Customer",,,
1190639,Scott Alan Smith,Acting,,,"Acting, Actor, E.R. Doctor",,,,,,,,,
1883511,Scott Aschenbrenner,Acting,,,,,,,"Acting, Actor, Jesus Guard (uncredited)",,,,,
1789510,Scott Burkett,Acting,,,"Acting, Actor, WDKK Page #1",,,,,,,,,
4961877,Scott Carden,Camera,,,,,,,,,"Camera, Best Boy Grip",,,
170645,Scott Fowler,Acting,,"Acting, Actor, Hot Traxx Dancer",,,,,,,,,,
2219041,Scott Fox,Editing,,,,"Editing, Colorist",,,,,,,,
5714318,Scott Howell,Crew,,,,,,,,,,"Crew, Stunts",,
4028236,Scott James Sasz,Art,"Art, Construction Coordinator",,,,,,,,,,,
3349813,Scott Kradolfer,Acting,,,,,,,,,"Production, Assistant Location Manager",,,
2252484,Scott M. Anderson,Art,,,,,,"Art, Set Dresser",,,"Art, Set Dresser","Art, Set Dresser",,
2204132,Scott Medcalf,Lighting,"Lighting, Electrician",,,,,,,,,,,
1572882,Scott Moody,Lighting,,,"Lighting, Gaffer",,,,,,,,,
1792888,Scott Patten,Lighting,,"Camera, Best Boy Grip",,,,,,,,,,
1426388,Scott Rodgers,Acting,,,,,,"Acting, Actor, Band (Drum)",,,,,,
2997,Scott Rudin,Production,,,,,"Production, Executive Producer",,"Production, Executive Producer",,,,,
1407228,Scott Sproule,Crew,,,,,"Crew, Stunts",,,,,,,
5397104,Scott Zimbler,Crew,,,,,,,,,"Crew, Thanks",,,
4188411,Seamus Flanagan,Acting,,,,,,,,,"Acting, Actor, Under One Roof Kid",,,
4174830,Seamus Gibbons,Crew,,,,"Crew, Assistant Chef",,,,,,,,
4961960,Seana Chavez,Costume & Make-Up,,,,,,,,,"Costume & Make-Up, Key Makeup Artist",,,
1352421,Sean England,Sound,,,,,,"Sound, Foley Recordist",,,,,,
5727583,Sean Hickey,Visual Effects,,,,,,,,,,"Visual Effects, VFX Editor",,
1552009,Sean Hunter Moe,Camera,"Camera, Second Assistant Camera","Camera, Camera Loader",,,,,,,,,,
1548694,Sean Landeros,Sound,,,,"Sound, Sound Recordist",,,,,,,,
4028299,Sean M. McAllen,Crew,"Crew, Intern",,,,,,,,,,,
554027,Seann Conway,Acting,,,,"Acting, Actor, Customer #2",,,,,,,,
2228,Sean Penn,Acting,,,,,,,,,"Acting, Actor, Jack Holden","Acting, Actor, Col. Steven J. Lockjaw",,
1748193,Sean Welch,Acting,,"Acting, Actor, Party Man (uncredited)",,,,,,,,,,
1748183,Sebastian La Cause,Acting,,"Acting, Actor, Hot Traxx Dancer",,,,,,,,,,
548408,Selina Jayne,Costume & Make-Up,,,"Costume & Make-Up, Makeup Artist",,,,,,,,,
1748150,Selwyn Emerson Miller,Acting,,"Acting, Actor, Hot Traxx DJ",,,,,,,,,,
1517283,Sera Trimble,Crew,,,,,,,,,"Crew, Stunt Driver | Crew, Stunt Double | Crew, Stunts",,,
10780,Serena Scott Thomas,Acting,,,,,,,"Acting, Actor, Sloane Wolfmann",,,,,
1843396,Seth Cash,Acting,,,,,,,"Acting, Actor, Detective (uncredited)",,,,,
4188459,Shana Dishell Richling,Acting,,,,,,,,,"Acting, Actor, Fat Bernie's Waterbed Customer",,,
1505849,Shannon C. Sullivan,Acting,,,,,,,"Acting, Actor, Adrian Prussia's Secretary",,,,,
91657,Shannon Collis,Acting,,,,,,,"Acting, Actor, Bambi",,,,,
1568613,Shannon Freyer,Acting,,,,,,"Acting, Actor, Ellen (uncredited)",,,,,,
8159,Shannon Mills,Sound,,,,"Sound, Foley Editor",,,,,,,,
2542823,Shannon Summers,Camera,,,,"Camera, Grip",,,,,,,,
1748115,Sharon Ferrol-Young,Acting,,"Acting, Actor, Hot Traxx Dancer",,,,,,,,,,
1754887,Sharon Michaels,Sound,,"Sound, Foley Artist",,,,,,,,,,
2484932,Sharon Ray Ely,Costume & Make-Up,,,,,"Costume & Make-Up, Hairstylist",,,,,,,
4188454,Sharyn Dent-Bray,Acting,,,,,,,,,"Acting, Actor, Fat Bernie's Waterbed Customer",,,
1660435,Shauna Duggins,Crew,,,,,,,,,"Crew, Stunts","Crew, Stunts",,
1280500,Shaun Parker,Acting,,,,,,,"Acting, Actor, Commando (uncredited)",,,,,
2541798,Shaun Young,Art,,,,,,,,,"Art, Set Decorating Coordinator",,,
1929310,Shawn Crowder,Crew,,"Crew, Stunts",,,,,,,,,,
2071624,Shawn Ensign,Lighting,,"Camera, Grip",,,,,,,,,,
100255,Shawn Neary,Acting,,,"Camera, Best Boy Grip",,,,,,,,,
159936,Shawn Patrick Lane,Crew,,,,,"Crew, Stunts",,,,,,,
1810763,Shayna McHayle,Acting,,,,,,,,,,"Acting, Actor, Junglepussy",,
126487,Shelley Waggener,Acting,,,,"Acting, Actor, Co-Worker (uncredited)",,,,,,,,
7234,Shepherd Frankel,Art,,,"Art, Assistant Art Director",,,,,,,,,
2563009,Sheri Cosentino,Production,,,,"Crew, Driver",,,,,,,,
5708246,Sherron Gassoway,Acting,,,,,,,,,,"Acting, Actor, Sister Vox",,
1498978,Shye Ben Tzur,Sound,,,,,,,"Sound, Music",,,,,
3245756,Sierra Hoyle,Crew,,,,,,,,,"Crew, Stunts",,,
20806,Silas Carson,Acting,,,,,,,,"Acting, Actor, Rubio Gurrerro",,,,
5717275,Silvia Olivares,Crew,,,,,,,,,,"Crew, Thanks",,
1924452,Simon England,Camera,,,,,,,,,,"Camera, Additional First Assistant Camera",,
1393351,Simon Rhodes,Sound,,,,"Sound, Scoring Mixer",,,,,,,,
1111426,Sissy Lake,Acting,,,,"Acting, Actor, Hula Dancer",,,,,,,,
5714284,Sister Delphi,Acting,,,,,,,,,,"Acting, Actor, Sister",,
5714280,Sister Esme,Acting,,,,,,,,,,"Acting, Actor, Sister",,
5714278,Sister Halla,Acting,,,,,,,,,,"Acting, Actor, Sister",,
5714281,Sister Karina,Acting,,,,,,,,,,"Acting, Actor, Sister",,
2293826,Sister Kate,Acting,,,,,,,,,,"Acting, Actor, Sister | Crew, Thanks",,
5714282,Sister Laura,Acting,,,,,,,,,,"Acting, Actor, Sister",,
5714279,Sister Lilly,Acting,,,,,,,,,,"Acting, Actor, Sister",,
5714285,Sister Yuka,Acting,,,,,,,,,,"Acting, Actor, Sister",,
138182,Skye Blue,Directing,,"Acting, Actor, Skye - Jacuzzi Girl",,,,,,,,,,
61263,Skyler Gisondo,Acting,,,,,,,,,"Acting, Actor, Lance Brannigan",,,
4009467,Skyler Millicano,Crew,,,,,,,,,,"Crew, Stunts",,
2080053,Sofia Snyder,Production,,,,,,,,,"Production, Assistant Production Coordinator",,,
1300463,Sondra Thorpe,Art,,,,"Art, Set Buyer",,,,,,,,
1549747,Sonia Bhalla,Directing,,,,"Directing, Second Second Assistant Director",,,,,,,,
1764117,Sonia Marques,Visual Effects,,,,,,,,"Visual Effects, Visual Effects Producer",,,,
2753655,Sophia Tapia,Production,,,,,,,,,"Production, Payroll Accountant",,,
1829870,Sophie Bugeaud,Costume & Make-Up,,,,,,,,"Costume & Make-Up, Assistant Costume Designer",,,,
5163449,Sophie Luto,Visual Effects,,,,,,,,,,"Visual Effects, Digital Compositor",,
1594931,Sophie Shellenberger,Lighting,,,,,,"Lighting, Electrician",,,,,,
2666286,Spencer Kayden,Acting,,,"Acting, Actor, Seminar Patron (uncredited)",,,,,,,,,
2203789,Stan Bush,Sound,,"Sound, Songs",,,,,,,,,,
4171,Stanley DeSantis,Acting,,"Acting, Actor, Buck's Manager",,,,,,,,,,
1749934,Stan Mataele,Crew,,,,"Crew, Driver",,,,,,,,
44822,Starletta DuPois,Acting,,,,,,,,,,"Acting, Actor, Grandma Minnie",,
4188418,Stella Monkarsh,Acting,,,,,,,,,"Acting, Actor, Under One Roof Kid",,,
4028243,Stella Starlight,Crew,"Crew, Scenic Artist",,,,,,,,,,,
4790349,Stephanie Coker Aderonokun,Production,,,,,,,,,,"Acting, Actor, Bathroom Girl",,
1341398,Stephanie Higgins Frey,Art,,,,,,,,,,"Art, Art Department Coordinator",,
2155421,Stephanie Sweeney,Visual Effects,,,,,,,,,"Crew, Compositor",,,
9555,Stephen Barden,Sound,"Sound, Dialogue Editor",,,,,,,,,,,
3259284,Stephen Brock,Lighting,,"Lighting, Best Boy Electric",,,,,,,,,,
1519818,Stephen Fitzmaurice,Sound,"Sound, Musician",,,,,,,,,,,
3259333,Stephen Flynn,Art,,"Art, Assistant Property Master",,,,,,,,,,
42638,Stephen Halbert,Sound,,"Sound, Sound Mixer",,,,,,,,,,
3117647,Stephen Hart,Sound,,"Sound, Foley Mixer",,,,,,,,,,
1852736,Stephen Kearney,Sound,,,,"Sound, Sound Effects Editor",,,,,,,,
3063788,Stephen Lauritzen,Art,,,,,,,"Art, Set Dresser",,,"Art, Set Dresser",,
1550370,Stephen M. Rickert Jr.,Editing,"Editing, Assistant Editor",,,,,,,,,,,
1842266,Stephen McCumby,Art,,,,,,"Art, Set Dresser",,,,,,
2103725,Stephen Pizzo,Camera,"Lighting, Electrician",,,,,,,,,,,
1445837,Stephen Urata,Sound,,,,,,"Sound, Sound Recordist",,,,,,
1336047,Steve Blane,Acting,"Acting, Actor, Stickman",,,,,,,,,,,
1841285,Steve Brennan,Art,"Art, Set Dresser",,,,,,,,,,,
2153960,Steve Craft,Camera,,,"Camera, Second Assistant Camera",,,,,,,,,
1311507,Steve Cremin,Crew,,,,,"Crew, Special Effects Coordinator",,,,,,,
66668,Steve DeCastro,Acting,,,,,,,,,,"Crew, Stunts",,
4188298,Steve Ferry,Costume & Make-Up,,,,,,"Costume & Make-Up, Costumer",,,,,,
2862003,Steve Galvin,Lighting,,,"Lighting, Best Boy Electric",,,,,,,,,
1415142,Steve Hammond,Sound,,,,,,,,,,"Crew, Thanks | Sound, Foley Artist",,
1551349,Steve Irwin,Crew,,,,,,,,,"Crew, Playback Coordinator",,,
102595,Steve Kelso,Crew,,,,"Crew, Stunt Coordinator",,,,,,,,
4174133,Steve Mixdorf,Sound,,,,"Sound, Assistant Sound Engineer",,,,,,,,
2011326,Steve Molin,Crew,,,"Visual Effects, Visual Effects",,,,,,,,,
4087748,Steven Barr,Acting,,,,,"Acting, Actor, Standard Oil Man",,,,,,,
4060649,Steven Bush,Acting,,,"Acting, Actor, Paramedic #1",,,,,,,,,
63265,Steven Butensky,Production,,,"Production, First Assistant Accountant","Production, First Assistant Accountant",,,,,,,,
1085032,Steve Neal,Sound,,,,,,,,,"Sound, Sound Recordist",,,
2589973,Steven F. Thompson,Acting,,,,,,,,"Acting, Actor, Maitre'D",,,,
3118542,Steven Herrera,Acting,,,,,,,,,"Acting, Actor, Teen Fair Goer (uncredited)",,,
2025813,Steven Knoll,Acting,,,,,,,,,,"Acting, Actor, Military Man",,
4028267,Steven Mesner,Camera,"Camera, Camera Loader",,,,,,,,,,,
1451219,Steven Mnuchin,Production,,,,,,,"Production, Executive Producer",,,,,
5708205,Steven P. Jacobson,Acting,,,,,,,,,,"Acting, Actor, Military Man",,
1378228,Steve Pederson,Sound,,,"Sound, Sound Re-Recording Mixer",,,,,,,,,
1556632,Steve Slanec,Sound,,,,"Sound, Assistant Sound Editor",,"Sound, Dialogue Editor","Sound, Dialogue Editor",,,,,
1635189,Steve Sosner,Crew,,,"Crew, Special Effects",,,,,,,,,
1205743,Steve Upton,Crew,,,,,,,,,,"Crew, Stunts",,
2609208,Steve Wooten,Acting,,,,"Crew, Stunts",,,,,,,,
4087719,Stockton Taylor,Acting,,,,,"Acting, Actor, Baby H.W.",,,,,,,
1445834,Stuart McCowan,Sound,,,,"Sound, Assistant Sound Editor",,,,,,,,
4174770,Stuart R. Sprangler,Production,,,,"Production, Location Manager",,,,,,,,
1483053,Stu Brumbaugh,Acting,,,,,,,"Acting, Actor, Groupie (uncredited)",,,,,
33455,Sue Chan,Art,,,,"Art, Art Direction",,,,,,,,
2589959,Sue Clark,Acting,,,,,,,,"Acting, Actor, Biddy",,,,
4028303,Sue McGibben,Crew,"Crew, Security",,,,,,,,,,,
45297,Summer Cummings,Acting,,"Acting, Actor, Summer - Jacuzzi Girl",,,,,,,,,,
4188536,Sung Han,Acting,,,,,,,,,"Acting, Actor, Fat Bernie's Pinball Crowd",,,
2552281,Susan Demskey-Horiuchi,Editing,"Sound, Assistant Sound Editor",,,,,,,,,,,
1536554,Susan Greenhow,Visual Effects,,,,,"Visual Effects, Visual Effects Producer",,,,,,,
18689,Susan McNamara,Production,,,,,,,,,"Production, Unit Production Manager | Production, Executive Producer",,,
1425899,Susan Stepanian,Costume & Make-Up,,,,,,,"Costume & Make-Up, Key Makeup Artist",,,,,
4174719,Suzanne Anaya,Production,,,,"Production, Extras Casting",,,,,,,,
1548082,Suzanne Diaz,Costume & Make-Up,,"Costume & Make-Up, Assistant Makeup Artist",,,,,,,,,,
1987490,Suzanne Lapick,Art,,"Art, Assistant Property Master",,,,,,,,,,
1812746,Suzanne Lutz,Production,"Production, Location Manager",,,,,,,,,,,
5708222,Sydney Ann Taylor,Acting,,,,,,,,,,"Acting, Actor, Bathroom Girl",,
53670,Sydney McCallister,Acting,,,,,"Acting, Actor, Mary Sunday (young)",,,,,,,
3118596,Sydney Shore,Production,,,,,,,,,"Production, Second Assistant Accountant",,,
4188453,Sylvie Conklin,Acting,,,,,,,,,"Acting, Actor, Fat Bernie's Waterbed Customer",,,
3853076,T.C. Chappelow,Art,"Art, Set Dresser",,,,,,,,,,,
4188412,Tallulah Hoffman,Acting,,,,,,,,,"Acting, Actor, Under One Roof Kid",,,
13173,Tami Treadwell,Sound,,,,,,,,,,"Sound, ADR Mixer",,
2236476,Tammy Williamson,Costume & Make-Up,,,"Costume & Make-Up, Set Costumer",,,,,,"Costume & Make-Up, Costume Supervisor",,,
1819107,Tana Dubbe,Camera,,,,,,,,,,"Camera, Key Grip",,
2504686,Tanner Bartlett,Crew,,,,,,,,,,"Crew, Compositor",,
1240424,Tanner Foust,Crew,,,,,,,,,,"Crew, Stunts",,
77824,Tanoai Reed,Crew,,,,"Crew, Driver",,,,,,,,
1270556,Taylor Bonin,Camera,,,,,,,"Acting, Actor, Ensenada Slim",,,,,
3118578,Taylor Erickson,Production,,,,,,,,,"Production, Assistant Location Manager",,,
4173977,Taylor J. Thomas,Acting,,,,"Acting, Actor, Member of After Eden Band",,,,,,,,
15428,Ted Berner,Art,,"Art, Art Direction",,,,,,,,,,
1125573,Ted Kim,Production,,,,,,,,,"Art, Location Scout",,,
4188442,Ted McCarthy,Acting,,,,,,,,,"Acting, Actor, Waterbed Ted (voice) | Acting, Actor, Joel Wachs Chief of Staff","Acting, Actor, Christmas Ted",,
1037985,Ted Schipper,Production,,,,,,"Production, Executive Producer",,,,,,
3281508,Ted Shred,Crew,,"Crew, Stunts",,,,,,,,,,
186605,Terri Douglas,Production,,,,,,,,,"Production, ADR Voice Casting",,,
999690,Terry Jackson,Crew,,,"Crew, Stunts",,,,,,,,,
1774125,Terry Press,Acting,,,,,,,,,,"Crew, Thanks",,
2407665,Tess Rianne Sullivan,Acting,,,,,,,,,"Acting, Actor, Wachs Campaign Staffer (uncredited)",,,
964679,Teyana Taylor,Acting,,,,,,,,,,"Acting, Actor, Perfidia",,
4218340,The Growlers,Acting,,,,,,,"Acting, Actor, The Boards",,,,,
mast,The Master,Film,,,,,,,,,,,2012,https://ptannotated.com/the-master.html
1347586,Theo Crisell,Acting,,,,,,"Acting, Actor, Jail Bird",,,,,,
1521517,Theo Mayes,Costume & Make-Up,,"Acting, Actor, Dirk Diggler's Hairstylist (uncredited) | Costume & Make-Up, Hair Supervisor",,,,,,,,,,
4188464,Theo Stoller,Acting,,,,,,,,,"Acting, Actor, Fat Bernie's Waterbed Customer",,,
4188469,Theresa Anderson,Acting,,,,,,,,,"Acting, Actor, Tail o' the Cock Patron",,,
1899435,Theresa Repola Mohammed,Editing,"Editing, Negative Cutter",,,,,,,,,,,
twbb,There Will Be Blood,Film,,,,,,,,,,,2007,https://ptannotated.com/there-will-be-blood.html
1394570,Thomas 'Noe' Welch,Crew,,,,"Art, Set Dresser",,,,,,,,
2086204,Thomas Bornt,Writing,,,,"Acting, Actor, Dean's Employee",,,,,,,,
4028483,Thomas Culberhouse,Crew,,,"Crew, Propmaker",,,,,,,,,
4173999,Thomas G. Olson,Art,,,,"Art, Painter",,,,,,,,
4028712,Thomas Holmes,Lighting,,,"Lighting, Electrician",,,,,,,,,
1994224,Thomas J. O'Connell,Sound,,,"Sound, ADR Mixer","Sound, ADR Mixer","Sound, ADR Mixer",,,,,,,
11155,Thomas Jane,Acting,,"Acting, Actor, Todd Parker","Acting, Actor, Young Jimmy Gator",,,,,,,,,
2949654,Thomas John Rudolph,Acting,,,,,,,,,"Acting, Actor, Fat Bernie's Waterbed Customer",,,
4174855,Thomas Krueger,Crew,,,,"Crew, Set Medic",,,,,,,,
1648024,Thomas M. Dangcil,Lighting,,,,,,"Lighting, Electrician",,,"Lighting, Best Boy Electric","Lighting, Best Boy Electric",,
2091374,Thomas McCarty,Lighting,,,,,,,,,"Lighting, Lighting Technician","Lighting, Lighting Technician",,
1549209,Thomas Pasatieri,Sound,,,"Sound, Conductor","Sound, Orchestrator",,,,,,,,
1223649,Thomas Pynchon,Writing,,,,,,,"Writing, Novel",,,"Writing, Novel",,
1567976,Thomas Whelpley,Crew,,,,,,,,,,"Crew, Transportation Captain",,
2134292,Tia L. Marshall,Visual Effects,,,"Visual Effects, Visual Effects",,,,,,,,,
1186909,Tim Ahern,Acting,,,,,,,,"Acting, Actor, Barbara's Lawyer",,,,
11300,Tim Alexander,Visual Effects,,,,"Visual Effects, Visual Effects Supervisor",,,,,,,,
500199,Tim Cohn,Art,"Art, Set Dresser",,,,,,,,,,,
1089920,Tim Connolly,Crew,,,,,,,,,,"Crew, Stunts",,
1185053,Tim Conway Jr.,Acting,,,,,,,,,"Acting, Actor, Vic the Director",,,
2042610,Tim Hillman,Production,,,"Production, Location Manager",,,,,,,,,
4025305,Tim Meredith,Crew,,,,,,"Crew, Stunts",,,,,,
1394129,Tim Nielsen,Sound,,,,,"Sound, Sound Effects Editor",,,,,,,
1302193,Tim O'Connell,Sound,"Sound, Foley Recordist",,,,,,,,,,,
2274734,Timothy B. Graham,Crew,,,"Crew, Special Effects",,,,,,,,,
5708277,Timothy Cruz Kravitz,Acting,,,,,,,,,,"Acting, Actor, 1776 Relentless",,
4028494,Timothy Gunther,Crew,,,"Crew, Propmaker",,,,,,,,,
1883536,Timothy Lally,Acting,,,,,,,"Acting, Actor, Commando (uncredited)",,,,,
1905449,Timothy S. Wiles,Art,,,"Art, Property Master","Art, Property Master",,,,,,,,
1181329,Timothy Simons,Acting,,,,,,,"Acting, Actor, Agent Borderline",,,,,
1209419,Tim Rigby,Crew,,,,,,,,,,"Crew, Stunts",,
1717527,Tim Soronen,Camera,"Camera, Grip","Acting, Actor, Raphael","Acting, Actor, Infomercial Guy",,,,,,,,,
200402,Tim Trella,Crew,,,,,,,,,"Crew, Stunts",,,
4188195,Tina Bruna,Acting,,,,,,"Acting, Actor, Portrait Customer",,,,,,
1364400,Tina Roesler Kerwin,Costume & Make-Up,,"Costume & Make-Up, Makeup Supervisor","Costume & Make-Up, Key Makeup Artist","Costume & Make-Up, Makeup Department Head",,,,,,,,
3606169,Tina Stauffer,Directing,,,"Directing, Second Assistant Director",,,,,,,,,
5707930,Tisha Sloan,Acting,,,,,,,,,,"Acting, Actor, Willa's Teacher",,
179882,Toby Holguin,Crew,,,,"Crew, Stunts",,,,,,,,
1409220,Todd Beckett,Sound,"Sound, Foley Recordist",,,,,,,,,,,
1545551,Todd Schneider,Crew,,,,,,,,,,"Crew, Stunts",,
1777237,Tom Ajar,Crew,,,,"Crew, Projection",,,"Crew, Projection",,,,,
1738137,Tom Boyd,Sound,,,"Sound, Musician",,,,,,,,,
1303183,Tom Caton,Sound,,,"Sound, Boom Operator",,,,,,,,,
500,Tom Cruise,Acting,,,"Acting, Actor, Frank T.J. Mackey",,,,,,,,,
1411927,Tom Dorfmeister,Acting,,"Acting, Actor, Watcher #1",,,,,,,,,,
1077878,Tom Foligno,Editing,,,,,,,,,,"Editing, Assistant Editor",,
91086,Tom Hammond,Sound,,"Sound, Foley Editor",,,,,,,,,,
3996,Tom Johnson,Sound,,,,,"Sound, Sound Re-Recording Mixer",,,,,,,
55237,Tom Kessenich,Camera,,,,"Camera, Grip",,,,,,,,
1865065,Tom Knickerbocker,Acting,,,,,,"Acting, Actor, Judge",,,,,,
62849,Tom Lenk,Acting,,"Acting, Actor, Floyd's Kid - Boy",,,,,,,,,,
4187971,Tom Massimini,Camera,,,,,,"Camera, Grip",,,,,,
1551776,Tom McComas,Crew,,,,,,,"Crew, Stunts",,,,,
2301900,Tom Numbers,Costume & Make-Up,,,"Costume & Make-Up, Costume Assistant",,,,,,,,,
158097,Tom Ohmer,Acting,,,"Acting, Actor, Detective (uncredited)",,,,,,,,,
553735,Tom Tangen,Acting,,,"Acting, Actor, Drunken Dart Player (uncredited)",,,,,,,,,
2887,Tom Waits,Acting,,,,,,,,,"Acting, Actor, Rex Blau",,,
2630985,Toni Whiteman,Directing,"Directing, Second Assistant Director",,,,,,,,,,,
1931783,Tony Barattini,Crew,,,"Crew, Driver",,,,,,,,,
4028226,Tony Cocucci,Crew,"Crew, Carpenter",,,,,,,,,,,
8164,Tony Eckert,Sound,,,,"Sound, Foley Mixer",,,,,,,,
3417,Tony Goldwyn,Acting,,,,,,,,,,"Acting, Actor, Virgil Throckmorton",,
2589971,Tony Hansford,Acting,,,,,,,,"Acting, Actor, Petrol Station Owner",,,,
1893552,Tony Hibbard,Lighting,,,,"Lighting, Electrician",,,,,,,,
1769470,Tony Hudson,Visual Effects,,,"Visual Effects, Visual Effects",,,,,,,,,
1417977,Tony Hurd,Visual Effects,,,"Visual Effects, Visual Effects",,,,,,,,,
2074022,Tony Rasmussen,Production,,,"Production, Extras Casting",,,,,,,,,
132095,Tony Tedeschi,Acting,,"Acting, Actor, New Year's Eve Young Stud",,,,,,,,,,
1511736,Tony Vandenecker,Crew,,,"Crew, Special Effects",,,,,,,,,
1414179,Tony Villaflor,Sound,,,,,,,,,,"Sound, Sound Re-Recording Mixer",,
4009470,Tony Vittorioso,Crew,,,,,,,,,,"Crew, Stunts",,
1049137,Torrey Vogel,Crew,,,,,,,,,,"Crew, Stunts",,
1883518,Toyia Brown,Acting,,,,,,,"Acting, Actor, Harmony (uncredited)",,,,,
1883546,Tracy Ann Lisa,Acting,,,,,,,"Acting, Actor, District Attorney (uncredited)",,,,,
1778262,Tracy Dixon,Production,,,,,,"Production, Extras Casting",,,"Production, Extras Casting","Production, Extras Casting",,
3118567,Tracy M. Jarvis,Costume & Make-Up,,,,,,,,,"Costume & Make-Up, Costumer",,,
5708189,Travis Johnston,Acting,,,,,,,,,,"Acting, Actor, Soldier",,
1445533,Trenton Rostedt,Acting,,,,,,,,,,"Crew, Stunts",,
4961948,Trevor McFarlane,Lighting,,,,,,,,,"Lighting, Rigging Grip",,,
4174769,Trevor Sifton,Production,,,,"Production, Location Assistant",,,,,,,,
1860323,Trevor Tavares,Directing,,,,,,"Directing, Second Second Assistant Director","Directing, Second Second Assistant Director",,"Acting, Actor, A Jack | Directing, Second Assistant Director","Directing, Second Assistant Director",,
4978408,Trisha Golec,Sound,,,,,,,,,,"Sound, Sound Re-Recording Assistant",,
1452614,Trish Almeida,Costume & Make-Up,,,,"Costume & Make-Up, Key Hair Stylist",,,,,,,,
2216663,Tristan Daoussis,Production,,,,,,,,,"Production, Assistant Location Manager",,,
4028701,Tristan Tom,Visual Effects,,,"Visual Effects, Visual Effects",,,,,,,,,
83081,Troy Alan Peters,Costume & Make-Up,,,,"Art, Set Dresser",,,,,,,,
122294,Troy Brown,Crew,,,,,,,,,,"Crew, Stunts",,
3198665,Troy Castaneda,Acting,,,,,,,,,,"Crew, Stunts",,
1336057,Truman Robbins,Acting,"Acting, Actor, Pastor (voice)",,,,,,,,,,,
1986402,Tsuyoshi Abe,Crew,,,,,,"Crew, Stunts",,,,,,
3346845,Tuesday Hansen,Acting,,,,,,,,,,"Acting, Actor, Sister",,
1634525,Tyler John Young,Crew,,,,,,,,,"Production, Production Assistant","Directing, Additional Second Assistant Director",,
2156318,Tyler Kettenburg,Art,,,,,,,"Art, Set Dresser",,"Art, Set Dresser",,,
2760131,Tyler Scott,Acting,,,,"Crew, Driver",,,,,,,,
1665846,Tyler Young,Acting,,,,,,,,,"Acting, Actor, Audience Dad",,,
1748188,Tyrone D. Dixon,Acting,"Production, Assistant Accountant","Acting, Actor, Actor in 'Angels Live in My Town' (uncredited)",,,,,,,,,,
52563,Upton Sinclair,Writing,,,,,"Writing, Novel",,,,,,,
1443967,Vahe Giragol,Editing,,,,,,,,,,"Editing, Digital Intermediate Editor",,
1352983,Valeria Migliassi Collins,Directing,"Production, Production Coordinator",,"Directing, Script Supervisor","Directing, Script Supervisor",,,,,,,,
1677824,Valerie Davidson,Sound,,"Sound, Foley Supervisor",,,,,,,,,,
12621,Valerie White,Costume & Make-Up,,,,,,"Costume & Make-Up, Costumer",,,,,,
23550,Valli O'Reilly,Costume & Make-Up,,,,,,,"Costume & Make-Up, Makeup Artist",,,,,
4174182,Vance Gage,Camera,,,,"Camera, Best Boy Grip",,,,,,,,
5714268,Vanessa Ganter,Acting,,,,,,,,,,"Acting, Actor, Momma Sandrae",,
1425343,Vanessa Lapato,Sound,,,,,"Sound, Dialogue Editor",,,,,,,
4188423,Vanessa Schacter,Acting,,,,,,,,,"Acting, Actor, Stage Mom",,,
4188383,Van Rich-Takayama,Acting,,,,,,,,,"Acting, Actor, Grant High School Student",,,
2527069,Venice Smith,Crew,,,,,,,,"Crew, Stunt Driver",,,,
4174838,Vern Hoke,Crew,,,,"Crew, Set Medic",,,,,,,,
1748162,Vernon Guichard II,Acting,,"Acting, Actor, Mugsy, Jack's Bartender",,,,,,,,,,
98365,Veronica Hart,Acting,,"Acting, Actor, Judge","Acting, Actor, Dentist Nurse #1",,,,,,,,,
19773,Véronique Melery,Art,,,,,,,,"Art, Set Decoration",,,,
2999896,Vic Chouchanian,Lighting,,,,,,,,,"Camera, Grip | Lighting, Rigging Grip",,,
4028673,Vicki Dobbs Beck,Visual Effects,,,"Visual Effects, Visual Effects",,,,,,,,,
1080195,Vicky Krieps,Acting,,,,,,,,"Acting, Actor, Alma Elson",,,,
2519622,Victor Bazaz,Art,,"Art, Swing",,,,,,,,,,
4188512,Victoria Kunkel,Acting,,,,,,,,,"Acting, Actor, Joel Wachs Volunteer",,,
4087754,Vince Froio,Acting,,,,,"Acting, Actor, Plainview Servant",,,,,,,
4028610,Vincent Niebla,Crew,,,"Crew, Special Effects",,,,,,,,,
1149138,Virginia Pereira,Acting,,,"Acting, Actor, Pink Dot Girl (voice)",,,,,,,,,
1340335,Virginia Storey,Sound,"Sound, Foley Artist",,,,,,,,,,,
1505840,Vivienne Khaledi,Acting,,,,,,,"Acting, Actor, Amethyst Harlingen",,,,,
4092882,Vladimir Velasco,Acting,,,,,,"Acting, Actor, Filipino Worker",,,,,,
6951,W. Earl Brown,Acting,,,,,,"Acting, Actor, Fighting Businessman",,,,,,
1821933,Wade Culbreath,Sound,,,"Sound, Musician",,,,,,,,,
1463294,Wainani Young-Tomich,Directing,,,,,,"Directing, Second Second Assistant Director",,,,,,
1197372,Wally Lozano,Writing,,,,,,,,,,"Crew, Stunt Driver",,
5819832,Walter Martinez,Art,,,,,,,,,,"Art, Set Dressing Buyer",,
4188419,Waylon Richling,Acting,,,,,,,,,"Acting, Actor, Under One Roof Kid",,,
5320667,Wayne Acuff,Production,,,,,,,,,,"Production, Production Assistant",,
3347068,Wayne Gee,Directing,"Directing, Second Second Assistant Director",,,,,,,,,,,
3578999,Webster P. Whinery Jr.,Crew,,,,,,,,,,"Crew, Stunts",,
4064,Webster Whinery,Crew,,,"Crew, Stunt Coordinator",,,,,,,,,
166659,Wells Rosales,Acting,,,,"Acting, Actor, Leo (uncredited)",,,,,,,,
1327146,Wendy M. Craig,Costume & Make-Up,,,,,,"Costume & Make-Up, Costume Supervisor","Costume & Make-Up, Costume Supervisor",,,,,
41677,Wendy Weidman,Production,"Acting, Actor, Pants on Fire Person",,,,,,,,,,,
4961976,Wendy Wilson,Production,,,,,,,,,"Production, Extras Casting",,,
2133550,Wesley Hodge,Costume & Make-Up,,,,,,"Costume & Make-Up, Hairstylist",,,,,,
4028916,Wesley Staples,Crew,,,"Crew, Studio Teacher",,,,,,,,,
4028501,Wes Long,Art,,,"Art, Set Dresser",,,,,,,,,
1341810,Wes Mattox,Crew,,,"Crew, Special Effects",,,,,,,,,
1463661,Whitney Coleman,Crew,,,,,,,,,,"Crew, Stunts",,
3377115,Whitney Ortega,Acting,,,,,,,,,,"Crew, Stunts",,
4188413,Willa Hoffman,Acting,,,,,,,,,"Acting, Actor, Under One Roof Kid",,,
3334748,Will Angarola,Acting,,,,,,,,,"Acting, Actor, Kirk",,,
1899362,Will Grant,Art,,,,"Art, Set Dresser",,,,,,,,
4028488,William A. Fobert,Crew,,,"Crew, Propmaker",,,,,,,,,
4188449,William Angarola,Acting,,,,,,,,,"Acting, Actor, Fat Bernie's Waterbed Customer",,,
21747,William Arnold,Art,,,"Art, Production Design","Art, Production Design",,,,,,,,
2114265,William Clouter,Camera,,,,,,,,,,"Camera, Grip",,
1737232,William Coss,Camera,,,,"Camera, First Assistant Camera",,,,,,,,
1423000,William Dawson,Crew,,,"Crew, Special Effects",,,,,,,,,
933105,William Fletcher,Editing,,,,,,,,"Editing, Assistant Editor","Editing, First Assistant Editor",,,
3905,William H. Macy,Acting,,"Acting, Actor, Little Bill","Acting, Actor, Quiz Kid Donnie Smith",,,,,,,,,
5717310,William Helm,Crew,,,,,,,,,,"Crew, Thanks",,
15338,William Mapother,Acting,,,"Acting, Actor, WDKK Show Director's Assistant",,,,,,,,,
2263303,William McDevitt,Camera,,"Camera, Grip",,,,,,,,,,
4961895,William McMillin,Art,,,,,,,,,"Art, Assistant Property Master",,,
4188214,William O'Brien,Acting,,,,,,"Acting, Actor, Hiring Hall Voice (voice)",,,,,,
4188498,William Potter,Acting,,,,,,,,,"Acting, Actor, Joel Wachs Photographer",,,
4961894,William R. Potter,Art,,,,,,,,,"Art, Property Master",,,
5714333,William R. Powell,Crew,,,,,,,,,,"Crew, Stunts",,
5819871,William Sender,Art,,,,,,,,,,"Art, Additional Set Dresser",,
4188465,William Stoller,Acting,,,,,,,,,"Acting, Actor, Fat Bernie's Waterbed Customer",,,
3259296,Willie J. Gray,Lighting,,"Lighting, Electrician",,,,,,,,,,
1125158,Will Weiske,Production,,,,"Production, Production Supervisor","Production, Production Supervisor","Production, Unit Production Manager | Production, Co-Producer",,,,"Production, Unit Production Manager | Production, Executive Producer",,
85779,Wilson Bethel,Acting,,,,,,,"Acting, Actor, LAPD Officer #1",,,,,
1452675,Wilson Webb,Camera,,,,,,,"Camera, Still Photographer",,,,,
65829,Wood Harris,Acting,,,,,,,,,,"Acting, Actor, Laredo",,
1336043,Wynn White,Acting,"Acting, Actor, Waitress",,,,,,,,,,,
3498749,Xaleese,Acting,"Acting, Actor, Cocktail Waitress",,,,,,,,,,,
4188553,Yanari Warren,Acting,,,,,,,,,"Acting, Actor, Fat Bernie's Pinball Crowd",,,
1636651,Yen Do,Costume & Make-Up,,,,,,,,,,"Costume & Make-Up, Set Costumer",,
1412767,"Yeşim ""Shimmy"" Osman",Costume & Make-Up,,,,,"Costume & Make-Up, Key Hair Stylist",,,,,,,
1502452,Yumi Mizui,Acting,,,,,,,,,"Acting, Actor, Mioko",,,
573817,Yvette Yates Redick,Acting,,,,,,,"Acting, Actor, Luz",,,,,
1397854,Yvonne Wilburn,Costume & Make-Up,,,,,"Costume & Make-Up, Costumer",,,,,,,
2573644,Zachary Chicos,Acting,,,,,,,,,"Acting, Actor, Upscale Restaurant Patron (uncredited)",,,
3118583,Zachary Quemore,Production,,,,,,,,,"Production, Assistant Location Manager",,,
579282,Zach Hudson,Crew,,,,,,"Crew, Stunts",,,,,,
1883559,Zach McMahon,Acting,,,,,,,"Acting, Actor, Police Officer (uncredited)",,,,,
186573,Zack Duhame,Crew,,,,,,,,,,"Crew, Stunts",,
1820374,Zan Overall,Acting,,,,,,"Acting, Actor, Bartender",,,,,,
2500622,Zarene Dallas,Crew,,,,,,,,"Acting, Actor, House Model",,,,
4188466,Zoe Herschlag,Acting,,,,,,,,,"Acting, Actor, Wendi Jo","Acting, Actor, Sister",,
1508651,Zoe McLane,Acting,,,,,,,,,"Acting, Actor, Pinball Teen (uncredited)",,,
4188381,Zoe Novak,Acting,,,,,,,,,"Acting, Actor, Grant High School Student",,,